# z rho_DE(z)/rho_DE(0) S1_stars
0.000000000000000000e+00 1.000000000000000000e+00
5.000000000000000104e-03 9.986563022467839223e-01
1.000000000000000021e-02 9.973044557731204351e-01
1.499999999999999944e-02 9.959444871093156015e-01
2.000000000000000042e-02 9.945764231826285107e-01
2.500000000000000139e-02 9.932002913110808962e-01
2.999999999999999889e-02 9.918161191972945101e-01
3.500000000000000333e-02 9.904239349223572519e-01
4.000000000000000083e-02 9.890237669397214937e-01
4.499999999999999833e-02 9.876156440691366001e-01
5.000000000000000278e-02 9.861995954906187523e-01
5.500000000000000028e-02 9.847756507384589630e-01
5.999999999999999778e-02 9.833438396952723926e-01
6.500000000000000222e-02 9.819041925860907405e-01
7.000000000000000666e-02 9.804567399725010457e-01
7.499999999999999722e-02 9.790015127468294498e-01
8.000000000000000167e-02 9.775385421263774743e-01
8.500000000000000611e-02 9.760678596477065927e-01
8.999999999999999667e-02 9.745894971609774249e-01
9.500000000000000111e-02 9.731034868243430003e-01
1.000000000000000056e-01 9.716098610983991968e-01
1.049999999999999961e-01 9.701086527406923565e-01
1.100000000000000006e-01 9.685998948002867426e-01
1.150000000000000050e-01 9.670836206123941681e-01
1.199999999999999956e-01 9.655598637930646877e-01
1.250000000000000000e-01 9.640286582339416821e-01
1.300000000000000044e-01 9.624900380970832225e-01
1.350000000000000089e-01 9.609440378098481617e-01
1.400000000000000133e-01 9.593906920598513910e-01
1.449999999999999900e-01 9.578300357899864892e-01
1.499999999999999944e-01 9.562621041935195354e-01
1.549999999999999989e-01 9.546869327092523116e-01
1.600000000000000033e-01 9.531045570167581138e-01
1.650000000000000078e-01 9.515150130316897270e-01
1.700000000000000122e-01 9.499183369011604539e-01
1.750000000000000167e-01 9.483145649991997495e-01
1.799999999999999933e-01 9.467037339222826864e-01
1.849999999999999978e-01 9.450858804849356920e-01
1.900000000000000022e-01 9.434610417154172257e-01
1.950000000000000067e-01 9.418292548514752838e-01
2.000000000000000111e-01 9.401905573361815094e-01
2.050000000000000155e-01 9.385449868138424634e-01
2.099999999999999922e-01 9.368925811259875003e-01
2.149999999999999967e-01 9.352333783074359141e-01
2.200000000000000011e-01 9.335674165824408011e-01
2.250000000000000056e-01 9.318947343609103040e-01
2.300000000000000100e-01 9.302153702347092379e-01
2.350000000000000144e-01 9.285293629740363208e-01
2.399999999999999911e-01 9.268367515238808974e-01
2.449999999999999956e-01 9.251375750005574883e-01
2.500000000000000000e-01 9.234318726883185002e-01
2.550000000000000044e-01 9.217196840360443177e-01
2.600000000000000089e-01 9.200010486540110000e-01
2.650000000000000133e-01 9.182760063107356929e-01
2.700000000000000178e-01 9.165445969298987583e-01
2.750000000000000222e-01 9.148068605873428405e-01
2.800000000000000266e-01 9.130628375081482062e-01
2.850000000000000311e-01 9.113125680637834680e-01
2.899999999999999800e-01 9.095560927693329134e-01
2.949999999999999845e-01 9.077934522807969975e-01
2.999999999999999889e-01 9.060246873924694411e-01
3.049999999999999933e-01 9.042498390343857162e-01
3.099999999999999978e-01 9.024689482698468046e-01
3.150000000000000022e-01 9.006820562930141216e-01
3.200000000000000067e-01 8.988892044265768266e-01
3.250000000000000111e-01 8.970904341194896325e-01
3.300000000000000155e-01 8.952857869447824468e-01
3.350000000000000200e-01 8.934753045974376251e-01
3.400000000000000244e-01 8.916590288923376129e-01
3.450000000000000289e-01 8.898370017622788675e-01
3.500000000000000333e-01 8.880092652560548361e-01
3.549999999999999822e-01 8.861758615366028824e-01
3.599999999999999867e-01 8.843368328792181599e-01
3.649999999999999911e-01 8.824922216698304345e-01
3.699999999999999956e-01 8.806420704033451896e-01
3.750000000000000000e-01 8.787864216820461261e-01
3.800000000000000044e-01 8.769253182140592795e-01
3.850000000000000089e-01 8.750588028118775341e-01
3.900000000000000133e-01 8.731869183909433119e-01
3.950000000000000178e-01 8.713097079682909918e-01
4.000000000000000222e-01 8.694272146612437302e-01
4.050000000000000266e-01 8.675394816861686786e-01
4.100000000000000311e-01 8.656465523572851595e-01
4.150000000000000355e-01 8.637484700855265762e-01
4.199999999999999845e-01 8.618452783774551706e-01
4.249999999999999889e-01 8.599370208342270727e-01
4.299999999999999933e-01 8.580237411506079770e-01
4.349999999999999978e-01 8.561054831140373356e-01
4.400000000000000022e-01 8.541822906037394025e-01
4.450000000000000067e-01 8.522542075898809077e-01
4.500000000000000111e-01 8.503212781327740277e-01
4.550000000000000155e-01 8.483835463821222111e-01
4.600000000000000200e-01 8.464410565763093031e-01
4.650000000000000244e-01 8.444938530417287481e-01
4.700000000000000289e-01 8.425419801921537610e-01
4.750000000000000333e-01 8.405854825281444676e-01
4.799999999999999822e-01 8.386244046364944582e-01
4.849999999999999867e-01 8.366587911897104268e-01
4.899999999999999911e-01 8.346886869455291125e-01
4.949999999999999956e-01 8.327141367464657717e-01
5.000000000000000000e-01 8.307351855193948476e-01
5.050000000000000044e-01 8.287518782751616131e-01
5.100000000000000089e-01 8.267642601082225706e-01
5.150000000000000133e-01 8.247723761963144939e-01
5.200000000000000178e-01 8.227762718001484510e-01
5.250000000000000222e-01 8.207759922631311378e-01
5.300000000000000266e-01 8.187715830111083060e-01
5.350000000000000311e-01 8.167630895521313938e-01
5.400000000000000355e-01 8.147505574762452518e-01
5.450000000000000400e-01 8.127340324552958517e-01
5.500000000000000444e-01 8.107135602427557597e-01
5.550000000000000488e-01 8.086891866735678169e-01
5.600000000000000533e-01 8.066609576640031420e-01
5.650000000000000577e-01 8.046289192115346767e-01
5.700000000000000622e-01 8.025931173947238317e-01
5.750000000000000666e-01 8.005535983731175698e-01
5.799999999999999600e-01 7.985104083871573666e-01
5.849999999999999645e-01 7.964635937580959446e-01
5.899999999999999689e-01 7.944132008879234430e-01
5.949999999999999734e-01 7.923592762592978067e-01
5.999999999999999778e-01 7.903018664354818368e-01
6.049999999999999822e-01 7.882410180602836824e-01
6.099999999999999867e-01 7.861767778579992205e-01
6.149999999999999911e-01 7.841091926333563222e-01
6.199999999999999956e-01 7.820383092714585649e-01
6.250000000000000000e-01 7.799641747377273893e-01
6.300000000000000044e-01 7.778868360778422586e-01
6.350000000000000089e-01 7.758063404176758215e-01
6.400000000000000133e-01 7.737227349632245232e-01
6.450000000000000178e-01 7.716360670005328881e-01
6.500000000000000222e-01 7.695463838956093650e-01
6.550000000000000266e-01 7.674537330943334013e-01
6.600000000000000311e-01 7.653581621223531917e-01
6.650000000000000355e-01 7.632597185849701038e-01
6.700000000000000400e-01 7.611584501670126679e-01
6.750000000000000444e-01 7.590544046326952454e-01
6.800000000000000488e-01 7.569476298254617097e-01
6.850000000000000533e-01 7.548381736678141385e-01
6.900000000000000577e-01 7.527260841611228548e-01
6.950000000000000622e-01 7.506114093854181490e-01
7.000000000000000666e-01 7.484941974991635716e-01
7.049999999999999600e-01 7.463744967390064655e-01
7.099999999999999645e-01 7.442523554195087376e-01
7.149999999999999689e-01 7.421278219328523162e-01
7.199999999999999734e-01 7.400009447485234038e-01
7.249999999999999778e-01 7.378717724129687516e-01
7.299999999999999822e-01 7.357403535492273994e-01
7.349999999999999867e-01 7.336067368565349911e-01
7.399999999999999911e-01 7.314709711098995593e-01
7.449999999999999956e-01 7.293331051596482206e-01
7.500000000000000000e-01 7.271931879309435631e-01
7.550000000000000044e-01 7.250512684232683913e-01
7.600000000000000089e-01 7.229073957098792746e-01
7.650000000000000133e-01 7.207616189372262339e-01
7.700000000000000178e-01 7.186139873243381215e-01
7.750000000000000222e-01 7.164645501621742518e-01
7.800000000000000266e-01 7.143133568129386157e-01
7.850000000000000311e-01 7.121604567093586802e-01
7.900000000000000355e-01 7.100058993539262175e-01
7.950000000000000400e-01 7.078497343180990553e-01
8.000000000000000444e-01 7.056920112414648560e-01
8.050000000000000488e-01 7.035327798308640412e-01
8.100000000000000533e-01 7.013720898594721920e-01
8.150000000000000577e-01 6.992099911658409273e-01
8.200000000000000622e-01 6.970465336528969269e-01
8.250000000000000666e-01 6.948817672868969897e-01
8.300000000000000711e-01 6.927157420963409029e-01
8.349999999999999645e-01 6.905485081708390149e-01
8.399999999999999689e-01 6.883801156599347326e-01
8.449999999999999734e-01 6.862106147718826099e-01
8.499999999999999778e-01 6.840400557723793629e-01
8.549999999999999822e-01 6.818684889832481444e-01
8.599999999999999867e-01 6.796959647810763006e-01
8.649999999999999911e-01 6.775225335958046102e-01
8.699999999999999956e-01 6.753482459092687851e-01
8.750000000000000000e-01 6.731731522536921197e-01
8.800000000000000044e-01 6.709973032101287371e-01
8.850000000000000089e-01 6.688207494068576509e-01
8.900000000000000133e-01 6.666435415177263124e-01
8.950000000000000178e-01 6.644657302604446425e-01
9.000000000000000222e-01 6.622873663948272149e-01
9.050000000000000266e-01 6.601085007209854805e-01
9.100000000000000311e-01 6.579291840774682543e-01
9.150000000000000355e-01 6.557494673393508000e-01
9.200000000000000400e-01 6.535694014162720666e-01
9.250000000000000444e-01 6.513890372504196336e-01
9.300000000000000488e-01 6.492084258144631415e-01
9.350000000000000533e-01 6.470276181094349877e-01
9.400000000000000577e-01 6.448466651625588408e-01
9.450000000000000622e-01 6.426656180250251982e-01
9.500000000000000666e-01 6.404845277697153172e-01
9.550000000000000711e-01 6.383034454888713016e-01
9.599999999999999645e-01 6.361224222917151172e-01
9.649999999999999689e-01 6.339415093020129843e-01
9.699999999999999734e-01 6.317607576555896998e-01
9.749999999999999778e-01 6.295802184977890015e-01
9.799999999999999822e-01 6.273999429808816419e-01
9.849999999999999867e-01 6.252199822614219471e-01
9.899999999999999911e-01 6.230403874975523060e-01
9.949999999999999956e-01 6.208612098462558126e-01
1.000000000000000000e+00 6.186825004605571721e-01
1.005000000000000115e+00 6.165043104866726464e-01
1.010000000000000009e+00 6.143266910611094866e-01
1.015000000000000124e+00 6.121496933077138491e-01
1.020000000000000018e+00 6.099733683346694191e-01
1.024999999999999911e+00 6.077977672314455182e-01
1.030000000000000027e+00 6.056229410656965850e-01
1.034999999999999920e+00 6.034489408801122501e-01
1.040000000000000036e+00 6.012758176892184503e-01
1.044999999999999929e+00 5.991036224761323581e-01
1.050000000000000044e+00 5.969324061892680167e-01
1.054999999999999938e+00 5.947622197389965670e-01
1.060000000000000053e+00 5.925931139942592907e-01
1.064999999999999947e+00 5.904251397791365763e-01
1.070000000000000062e+00 5.882583478693704793e-01
1.074999999999999956e+00 5.860927889888444264e-01
1.080000000000000071e+00 5.839285138060185121e-01
1.084999999999999964e+00 5.817655729303233825e-01
1.090000000000000080e+00 5.796040169085111549e-01
1.094999999999999973e+00 5.774438962209661463e-01
1.100000000000000089e+00 5.752852612779749686e-01
1.104999999999999982e+00 5.731281624159579868e-01
1.110000000000000098e+00 5.709726498936616990e-01
1.114999999999999991e+00 5.688187738883144773e-01
1.120000000000000107e+00 5.666665844917452288e-01
1.125000000000000000e+00 5.645161317064675277e-01
1.130000000000000115e+00 5.623674654417281094e-01
1.135000000000000009e+00 5.602206355095235013e-01
1.140000000000000124e+00 5.580756916205829032e-01
1.145000000000000018e+00 5.559326833803216461e-01
1.150000000000000133e+00 5.537916602847625658e-01
1.155000000000000027e+00 5.516526717164306204e-01
1.159999999999999920e+00 5.495157669402180867e-01
1.165000000000000036e+00 5.473809950992243323e-01
1.169999999999999929e+00 5.452484052105703860e-01
1.175000000000000044e+00 5.431180461611883059e-01
1.179999999999999938e+00 5.409899667035898974e-01
1.185000000000000053e+00 5.388642154516114502e-01
1.189999999999999947e+00 5.367408408761406013e-01
1.195000000000000062e+00 5.346198913008234355e-01
1.199999999999999956e+00 5.325014148977538220e-01
1.205000000000000071e+00 5.303854596831475421e-01
1.209999999999999964e+00 5.282720735130012057e-01
1.215000000000000080e+00 5.261613040787380680e-01
1.219999999999999973e+00 5.240531989028421878e-01
1.225000000000000089e+00 5.219478053344815960e-01
1.229999999999999982e+00 5.198451705451239135e-01
1.235000000000000098e+00 5.177453415241421997e-01
1.239999999999999991e+00 5.156483650744180247e-01
1.245000000000000107e+00 5.135542878079369933e-01
1.250000000000000000e+00 5.114631561413832683e-01
1.255000000000000115e+00 5.093750162917318747e-01
1.260000000000000009e+00 5.072899142718417798e-01
1.265000000000000124e+00 5.052078958860493074e-01
1.270000000000000018e+00 5.031290067257667697e-01
1.275000000000000133e+00 5.010532921650836524e-01
1.280000000000000027e+00 4.989807973563761267e-01
1.284999999999999920e+00 4.969115672259231120e-01
1.290000000000000036e+00 4.948456464695321633e-01
1.294999999999999929e+00 4.927830795481771831e-01
1.300000000000000044e+00 4.907239106836472908e-01
1.304999999999999938e+00 4.886681838542117351e-01
1.310000000000000053e+00 4.866159427902989054e-01
1.314999999999999947e+00 4.845672309701942737e-01
1.320000000000000062e+00 4.825220916157557105e-01
1.324999999999999956e+00 4.804805676881513943e-01
1.330000000000000071e+00 4.784427018836179268e-01
1.334999999999999964e+00 4.764085366292435952e-01
1.340000000000000080e+00 4.743781140787759476e-01
1.344999999999999973e+00 4.723514761084574021e-01
1.350000000000000089e+00 4.703286643128880562e-01
1.354999999999999982e+00 4.683097200009194716e-01
1.360000000000000098e+00 4.662946841915794338e-01
1.364999999999999991e+00 4.642835976100302964e-01
1.370000000000000107e+00 4.622765006835612978e-01
1.375000000000000000e+00 4.602734335376177932e-01
1.380000000000000115e+00 4.582744359918672905e-01
1.385000000000000009e+00 4.562795475563055092e-01
1.390000000000000124e+00 4.542888074274020194e-01
1.395000000000000018e+00 4.523022544842891235e-01
1.400000000000000133e+00 4.503199272849928714e-01
1.405000000000000027e+00 4.483418640627103713e-01
1.409999999999999920e+00 4.463681027221323427e-01
1.415000000000000036e+00 4.443986808358141305e-01
1.419999999999999929e+00 4.424336356405955684e-01
1.425000000000000044e+00 4.404730040340707475e-01
1.429999999999999938e+00 4.385168225711108536e-01
1.435000000000000053e+00 4.365651274604384624e-01
1.439999999999999947e+00 4.346179545612577910e-01
1.445000000000000062e+00 4.326753393799391834e-01
1.449999999999999956e+00 4.307373170667616602e-01
1.455000000000000071e+00 4.288039224127121463e-01
1.459999999999999964e+00 4.268751898463457040e-01
1.465000000000000080e+00 4.249511534307042759e-01
1.469999999999999973e+00 4.230318468602988213e-01
1.475000000000000089e+00 4.211173034581522923e-01
1.479999999999999982e+00 4.192075561729077804e-01
1.485000000000000098e+00 4.173026375760004458e-01
1.489999999999999991e+00 4.154025798588960039e-01
1.495000000000000107e+00 4.135074148303949926e-01
1.500000000000000000e+00 4.116171739140057073e-01
1.505000000000000115e+00 4.097318881453849149e-01
1.510000000000000009e+00 4.078515881698489554e-01
1.515000000000000124e+00 4.059763042399540112e-01
1.520000000000000018e+00 4.041060662131490400e-01
1.525000000000000133e+00 4.022409035494989848e-01
1.530000000000000027e+00 4.003808453094824249e-01
1.535000000000000142e+00 3.985259201518610572e-01
1.540000000000000036e+00 3.966761563316245076e-01
1.544999999999999929e+00 3.948315816980093595e-01
1.550000000000000044e+00 3.929922236925932344e-01
1.554999999999999938e+00 3.911581093474660875e-01
1.560000000000000053e+00 3.893292652834760004e-01
1.564999999999999947e+00 3.875057177085541871e-01
1.570000000000000062e+00 3.856874924161156626e-01
1.574999999999999956e+00 3.838746147835389588e-01
1.580000000000000071e+00 3.820671097707234454e-01
1.584999999999999964e+00 3.802650019187259200e-01
1.590000000000000080e+00 3.784683153484755258e-01
1.594999999999999973e+00 3.766770737595686591e-01
1.600000000000000089e+00 3.748913004291424822e-01
1.604999999999999982e+00 3.731110182108294815e-01
1.610000000000000098e+00 3.713362495337902969e-01
1.614999999999999991e+00 3.695670164018282633e-01
1.620000000000000107e+00 3.678033403925825007e-01
1.625000000000000000e+00 3.660452426568028828e-01
1.630000000000000115e+00 3.642927439177036097e-01
1.635000000000000009e+00 3.625458644703984934e-01
1.640000000000000124e+00 3.608046241814150124e-01
1.645000000000000018e+00 3.590690424882900800e-01
1.650000000000000133e+00 3.573391383992442494e-01
1.655000000000000027e+00 3.556149304929370203e-01
1.660000000000000142e+00 3.538964369183008607e-01
1.665000000000000036e+00 3.521836753944556642e-01
1.669999999999999929e+00 3.504766632107013669e-01
1.675000000000000044e+00 3.487754172265902231e-01
1.679999999999999938e+00 3.470799538720777400e-01
1.685000000000000053e+00 3.453902891477510506e-01
1.689999999999999947e+00 3.437064386251362236e-01
1.695000000000000062e+00 3.420284174470819560e-01
1.699999999999999956e+00 3.403562403282214821e-01
1.705000000000000071e+00 3.386899215555093101e-01
1.709999999999999964e+00 3.370294749888362862e-01
1.715000000000000080e+00 3.353749140617176550e-01
1.719999999999999973e+00 3.337262517820577812e-01
1.725000000000000089e+00 3.320835007329884236e-01
1.729999999999999982e+00 3.304466730737810054e-01
1.735000000000000098e+00 3.288157805408312151e-01
1.739999999999999991e+00 3.271908344487173270e-01
1.745000000000000107e+00 3.255718456913282988e-01
1.750000000000000000e+00 3.239588247430644774e-01
1.755000000000000115e+00 3.223517816601073060e-01
1.760000000000000009e+00 3.207507260817590300e-01
1.765000000000000124e+00 3.191556672318504040e-01
1.770000000000000018e+00 3.175666139202166782e-01
1.775000000000000133e+00 3.159835745442398092e-01
1.780000000000000027e+00 3.144065570904574503e-01
1.785000000000000142e+00 3.128355691362359470e-01
1.790000000000000036e+00 3.112706178515087796e-01
1.794999999999999929e+00 3.097117100005769563e-01
1.800000000000000044e+00 3.081588519439724672e-01
1.804999999999999938e+00 3.066120496403832996e-01
1.810000000000000053e+00 3.050713086486374626e-01
1.814999999999999947e+00 3.035366341297479620e-01
1.820000000000000062e+00 3.020080308490145082e-01
1.824999999999999956e+00 3.004855031781838437e-01
1.830000000000000071e+00 2.989690550976648598e-01
1.834999999999999964e+00 2.974586901988003906e-01
1.840000000000000080e+00 2.959544116861914098e-01
1.844999999999999973e+00 2.944562223800755718e-01
1.850000000000000089e+00 2.929641247187563247e-01
1.854999999999999982e+00 2.914781207610842029e-01
1.860000000000000098e+00 2.899982121889860265e-01
1.864999999999999991e+00 2.885244003100441712e-01
1.870000000000000107e+00 2.870566860601216908e-01
1.875000000000000000e+00 2.855950700060352898e-01
1.880000000000000115e+00 2.841395523482713181e-01
1.885000000000000009e+00 2.826901329237475613e-01
1.890000000000000124e+00 2.812468112086161098e-01
1.895000000000000018e+00 2.798095863211089718e-01
1.900000000000000133e+00 2.783784570244230983e-01
1.905000000000000027e+00 2.769534217296452661e-01
1.910000000000000142e+00 2.755344784987142637e-01
1.915000000000000036e+00 2.741216250474206584e-01
1.919999999999999929e+00 2.727148587484412579e-01
1.925000000000000044e+00 2.713141766344086547e-01
1.929999999999999938e+00 2.699195754010139670e-01
1.935000000000000053e+00 2.685310514101409973e-01
1.939999999999999947e+00 2.671486006930320345e-01
1.945000000000000062e+00 2.657722189534827417e-01
1.949999999999999956e+00 2.644019015710659115e-01
1.955000000000000071e+00 2.630376436043820876e-01
1.959999999999999964e+00 2.616794397943369987e-01
1.965000000000000080e+00 2.603272845674431402e-01
1.969999999999999973e+00 2.589811720391460015e-01
1.975000000000000089e+00 2.576410960171719999e-01
1.979999999999999982e+00 2.563070500048988398e-01
1.985000000000000098e+00 2.549790272047454676e-01
1.989999999999999991e+00 2.536570205215817886e-01
1.995000000000000107e+00 2.523410225661558148e-01
2.000000000000000000e+00 2.510310256585386313e-01
2.004999999999999893e+00 2.497270218315841561e-01
2.010000000000000231e+00 2.484290028344043055e-01
2.015000000000000124e+00 2.471369601358580081e-01
2.020000000000000018e+00 2.458508849280516828e-01
2.024999999999999911e+00 2.445707681298520952e-01
2.030000000000000249e+00 2.432966003904093732e-01
2.035000000000000142e+00 2.420283720926895143e-01
2.040000000000000036e+00 2.407660733570143319e-01
2.044999999999999929e+00 2.395096940446097000e-01
2.049999999999999822e+00 2.382592237611595165e-01
2.055000000000000160e+00 2.370146518603646335e-01
2.060000000000000053e+00 2.357759674475069234e-01
2.064999999999999947e+00 2.345431593830152039e-01
2.069999999999999840e+00 2.333162162860345501e-01
2.075000000000000178e+00 2.320951265379962158e-01
2.080000000000000071e+00 2.308798782861888887e-01
2.084999999999999964e+00 2.296704594473276684e-01
2.089999999999999858e+00 2.284668577111232113e-01
2.095000000000000195e+00 2.272690605438475175e-01
2.100000000000000089e+00 2.260770551918970805e-01
2.104999999999999982e+00 2.248908286853510685e-01
2.109999999999999876e+00 2.237103678415251207e-01
2.115000000000000213e+00 2.225356592685191204e-01
2.120000000000000107e+00 2.213666893687585013e-01
2.125000000000000000e+00 2.202034443425273658e-01
2.129999999999999893e+00 2.190459101914940532e-01
2.135000000000000231e+00 2.178940727222271057e-01
2.140000000000000124e+00 2.167479175497022403e-01
2.145000000000000018e+00 2.156074301007973038e-01
2.149999999999999911e+00 2.144725956177772341e-01
2.155000000000000249e+00 2.133433991617662562e-01
2.160000000000000142e+00 2.122198256162078911e-01
2.165000000000000036e+00 2.111018596903107281e-01
2.169999999999999929e+00 2.099894859224808175e-01
2.175000000000000266e+00 2.088826886837389651e-01
2.180000000000000160e+00 2.077814521811231219e-01
2.185000000000000053e+00 2.066857604610737864e-01
2.189999999999999947e+00 2.055955974128037267e-01
2.194999999999999840e+00 2.045109467716502427e-01
2.200000000000000178e+00 2.034317921224092218e-01
2.205000000000000071e+00 2.023581169026517912e-01
2.209999999999999964e+00 2.012899044060209308e-01
2.214999999999999858e+00 2.002271377855096013e-01
2.220000000000000195e+00 1.991698000567184712e-01
2.225000000000000089e+00 1.981178741010938549e-01
2.229999999999999982e+00 1.970713426691436398e-01
2.234999999999999876e+00 1.960301883836331194e-01
2.240000000000000213e+00 1.949943937427581209e-01
2.245000000000000107e+00 1.939639411232967625e-01
2.250000000000000000e+00 1.929388127837374789e-01
2.254999999999999893e+00 1.919189908673850364e-01
2.260000000000000231e+00 1.909044574054424570e-01
2.265000000000000124e+00 1.898951943200698211e-01
2.270000000000000018e+00 1.888911834274178692e-01
2.274999999999999911e+00 1.878924064406382322e-01
2.280000000000000249e+00 1.868988449728680445e-01
2.285000000000000142e+00 1.859104805401900762e-01
2.290000000000000036e+00 1.849272945645666633e-01
2.294999999999999929e+00 1.839492683767485481e-01
2.300000000000000266e+00 1.829763832191574346e-01
2.305000000000000160e+00 1.820086202487426752e-01
2.310000000000000053e+00 1.810459605398106187e-01
2.314999999999999947e+00 1.800883850868282843e-01
2.319999999999999840e+00 1.791358748071992524e-01
2.325000000000000178e+00 1.781884105440129096e-01
2.330000000000000071e+00 1.772459730687664103e-01
2.334999999999999964e+00 1.763085430840584389e-01
2.339999999999999858e+00 1.753761012262560204e-01
2.345000000000000195e+00 1.744486280681331880e-01
2.350000000000000089e+00 1.735261041214819777e-01
2.354999999999999982e+00 1.726085098396945017e-01
2.359999999999999876e+00 1.716958256203177380e-01
2.365000000000000213e+00 1.707880318075793435e-01
2.370000000000000107e+00 1.698851086948856559e-01
2.375000000000000000e+00 1.689870365272901076e-01
2.379999999999999893e+00 1.680937955039342735e-01
2.385000000000000231e+00 1.672053657804592197e-01
2.390000000000000124e+00 1.663217274713892635e-01
2.395000000000000018e+00 1.654428606524854517e-01
2.399999999999999911e+00 1.645687453630716446e-01
2.405000000000000249e+00 1.636993616083310121e-01
2.410000000000000142e+00 1.628346893615741919e-01
2.415000000000000036e+00 1.619747085664777209e-01
2.419999999999999929e+00 1.611193991392947111e-01
2.425000000000000266e+00 1.602687409710359390e-01
2.430000000000000160e+00 1.594227139296226781e-01
2.435000000000000053e+00 1.585812978620100289e-01
2.439999999999999947e+00 1.577444725962821870e-01
2.444999999999999840e+00 1.569122179437187625e-01
2.450000000000000178e+00 1.560845137008323169e-01
2.455000000000000071e+00 1.552613396513777277e-01
2.459999999999999964e+00 1.544426755683324104e-01
2.464999999999999858e+00 1.536285012158486174e-01
2.470000000000000195e+00 1.528187963511772052e-01
2.475000000000000089e+00 1.520135407265634231e-01
2.479999999999999982e+00 1.512127140911136702e-01
2.484999999999999876e+00 1.504162961926352460e-01
2.490000000000000213e+00 1.496242667794475401e-01
2.495000000000000107e+00 1.488366056021656059e-01
2.500000000000000000e+00 1.480532924154556729e-01
2.504999999999999893e+00 1.472743069797636251e-01
2.510000000000000231e+00 1.464996290630153630e-01
2.515000000000000124e+00 1.457292384422906317e-01
2.520000000000000018e+00 1.449631149054688428e-01
2.524999999999999911e+00 1.442012382528483627e-01
2.530000000000000249e+00 1.434435882987387667e-01
2.535000000000000142e+00 1.426901448730266975e-01
2.540000000000000036e+00 1.419408878227144122e-01
2.544999999999999929e+00 1.411957970134327112e-01
2.550000000000000266e+00 1.404548523309271379e-01
2.555000000000000160e+00 1.397180336825186719e-01
2.560000000000000053e+00 1.389853209985377203e-01
2.564999999999999947e+00 1.382566942337331573e-01
2.569999999999999840e+00 1.375321333686556347e-01
2.575000000000000178e+00 1.368116184110153011e-01
2.580000000000000071e+00 1.360951293970151244e-01
2.584999999999999964e+00 1.353826463926581791e-01
2.589999999999999858e+00 1.346741494950312312e-01
2.595000000000000195e+00 1.339696188335631477e-01
2.600000000000000089e+00 1.332690345712595759e-01
2.604999999999999982e+00 1.325723769059126145e-01
2.609999999999999876e+00 1.318796260712874757e-01
2.615000000000000213e+00 1.311907623382848054e-01
2.620000000000000107e+00 1.305057660160800770e-01
2.625000000000000000e+00 1.298246174532390051e-01
2.629999999999999893e+00 1.291472970388105601e-01
2.635000000000000231e+00 1.284737852033966121e-01
2.640000000000000124e+00 1.278040624201995379e-01
2.645000000000000018e+00 1.271381092060467066e-01
2.649999999999999911e+00 1.264759061223933168e-01
2.655000000000000249e+00 1.258174337763030837e-01
2.660000000000000142e+00 1.251626728214073059e-01
2.665000000000000036e+00 1.245116039588421014e-01
2.669999999999999929e+00 1.238642079381647582e-01
2.675000000000000266e+00 1.232204655582486985e-01
2.680000000000000160e+00 1.225803576681580020e-01
2.685000000000000053e+00 1.219438651680007646e-01
2.689999999999999947e+00 1.213109690097626120e-01
2.694999999999999840e+00 1.206816501981197304e-01
2.700000000000000178e+00 1.200558897912321760e-01
2.705000000000000071e+00 1.194336689015174646e-01
2.709999999999999964e+00 1.188149686964045243e-01
2.714999999999999858e+00 1.181997703990685794e-01
2.720000000000000195e+00 1.175880552891470227e-01
2.725000000000000089e+00 1.169798047034367322e-01
2.729999999999999982e+00 1.163750000365722098e-01
2.734999999999999876e+00 1.157736227416860941e-01
2.740000000000000213e+00 1.151756543310512165e-01
2.745000000000000107e+00 1.145810763767050738e-01
2.750000000000000000e+00 1.139898705110562321e-01
2.754999999999999893e+00 1.134020184274737719e-01
2.760000000000000231e+00 1.128175018808593444e-01
2.765000000000000124e+00 1.122363026882024911e-01
2.770000000000000018e+00 1.116584027291188108e-01
2.774999999999999911e+00 1.110837839463720556e-01
2.780000000000000249e+00 1.105124283463797957e-01
2.785000000000000142e+00 1.099443179997031395e-01
2.790000000000000036e+00 1.093794350415202982e-01
2.794999999999999929e+00 1.088177616720849561e-01
2.800000000000000266e+00 1.082592801571689994e-01
2.805000000000000160e+00 1.077039728284902853e-01
2.810000000000000053e+00 1.071518220841250757e-01
2.814999999999999947e+00 1.066028103889062328e-01
2.819999999999999840e+00 1.060569202748065237e-01
2.825000000000000178e+00 1.055141343413077137e-01
2.830000000000000071e+00 1.049744352557558658e-01
2.834999999999999964e+00 1.044378057537021787e-01
2.839999999999999858e+00 1.039042286392305725e-01
2.845000000000000195e+00 1.033736867852718261e-01
2.850000000000000089e+00 1.028461631339043086e-01
2.854999999999999982e+00 1.023216406966416109e-01
2.859999999999999876e+00 1.018001025547075195e-01
2.865000000000000213e+00 1.012815318592981684e-01
2.870000000000000107e+00 1.007659118318320890e-01
2.875000000000000000e+00 1.002532257641873814e-01
2.879999999999999893e+00 9.974345701892754767e-02
2.885000000000000231e+00 9.923658902951497385e-02
2.890000000000000124e+00 9.873260530051315709e-02
2.895000000000000018e+00 9.823148940777705340e-02
2.899999999999999911e+00 9.773322499863246193e-02
2.905000000000000249e+00 9.723779579204426537e-02
2.910000000000000142e+00 9.674518557877384572e-02
2.915000000000000036e+00 9.625537822152548106e-02
2.919999999999999929e+00 9.576835765508266707e-02
2.925000000000000266e+00 9.528410788643378038e-02
2.930000000000000160e+00 9.480261299488790261e-02
2.935000000000000053e+00 9.432385713218015277e-02
2.939999999999999947e+00 9.384782452256781871e-02
2.944999999999999840e+00 9.337449946291646874e-02
2.950000000000000178e+00 9.290386632277675139e-02
2.955000000000000071e+00 9.243590954445204955e-02
2.959999999999999964e+00 9.197061364305665621e-02
2.964999999999999858e+00 9.150796320656545690e-02
2.970000000000000195e+00 9.104794289585449452e-02
2.975000000000000089e+00 9.059053744473329062e-02
2.979999999999999982e+00 9.013573165996834058e-02
2.984999999999999876e+00 8.968351042129849016e-02
2.990000000000000213e+00 8.923385868144231847e-02
2.995000000000000107e+00 8.878676146609754127e-02
3.000000000000000000e+00 8.834220387393225404e-02
3.016278283661995019e+00 8.691225246728738474e-02
3.032644894830316851e+00 8.550101068455438769e-02
3.049100312778366018e+00 8.410835767500260407e-02
3.065645019380127234e+00 8.273416972085499699e-02
3.082279499124278122e+00 8.137832035575037759e-02
3.099004239128376970e+00 8.004068048236147315e-02
3.115819729153128659e+00 7.872111848906371279e-02
3.132726461616726965e+00 7.741950036555488024e-02
3.149724931609271916e+00 7.613568981733048746e-02
3.166815636907269749e+00 7.486954837892451087e-02
3.183999077988208803e+00 7.362093552583066913e-02
3.201275758045216691e+00 7.238970878502420936e-02
3.218646183001792505e+00 7.117572384400913665e-02
3.236110861526626081e+00 6.997883465832020755e-02
3.253670305048490530e+00 6.879889355741487800e-02
3.271325027771220029e+00 6.763575134889401874e-02
3.289075546688768004e+00 6.648925742099542902e-02
3.306922381600344796e+00 6.535925984330906435e-02
3.324866055125641484e+00 6.424560546566633612e-02
3.342907092720132756e+00 6.314814001516144693e-02
3.361046022690463708e+00 6.206670819126609145e-02
3.379283376209922363e+00 6.100115375900324460e-02
3.397619687333991667e+00 5.995131964015019271e-02
3.416055493015992095e+00 5.891704800244402379e-02
3.434591333122802403e+00 5.789818034676768449e-02
3.453227750450669653e+00 5.689455759229729986e-02
3.471965290741105381e+00 5.590602015959557358e-02
3.490804502696867484e+00 5.493240805163943780e-02
3.509745937998022924e+00 5.397356093277363986e-02
3.528790151318112578e+00 5.302931820558361153e-02
3.547937700340381806e+00 5.209951908568705159e-02
3.567189145774124270e+00 5.118400267444225826e-02
3.586545051371091031e+00 5.028260802957854742e-02
3.606005983942005333e+00 4.939517423375277411e-02
3.625572513373158223e+00 4.852154046104107527e-02
3.645245212643098309e+00 4.766154604137595729e-02
3.665024657839409450e+00 4.681503052294163497e-02
3.684911428175581705e+00 4.598183373254228351e-02
3.704906106007971101e+00 4.516179583396016245e-02
3.725009276852856210e+00 4.435475738432202025e-02
3.745221529403580440e+00 4.356055938849440895e-02
3.765543455547794682e+00 4.277904335152957205e-02
3.785975650384786562e+00 4.201005132918561591e-02
3.806518712242909608e+00 4.125342597654561155e-02
3.827173242697103461e+00 4.050901059476182814e-02
3.847939846586510448e+00 3.977664917595238186e-02
3.868819132032186747e+00 3.905618644627874975e-02
3.889811710454910809e+00 3.834746790723325693e-02
3.910918196593089036e+00 3.765033987516692993e-02
3.932139208520756046e+00 3.696464951908878804e-02
3.953475367665673534e+00 3.629024489676812432e-02
3.974927298827530819e+00 3.562697498917206940e-02
3.996495630196238213e+00 3.497468973327164804e-02
4.018180993370322973e+00 3.433324005324925321e-02
4.039984023375430056e+00 3.370247789014134410e-02
4.061905358682906808e+00 3.308225622995094456e-02
4.083945641228513779e+00 3.247242913026311684e-02
4.106105516431208358e+00 3.187285174539929156e-02
4.128385633212058536e+00 3.128338035014362889e-02
4.150786644013234827e+00 3.070387236207741677e-02
4.173309204817123863e+00 3.013418636255507654e-02
4.195953975165532590e+00 2.957418211635730321e-02
4.218721618179006150e+00 2.902372059005524710e-02
4.241612800576242570e+00 2.848266396912070911e-02
4.264628192693618480e+00 2.795087567381625629e-02
4.287768468504821406e+00 2.742822037389938683e-02
4.311034305640580655e+00 2.691456400217485945e-02
4.334426385408517213e+00 2.640977376692816778e-02
4.357945392813088681e+00 2.591371816327398339e-02
4.381592016575654114e+00 2.542626698345187841e-02
4.405366949154637446e+00 2.494729132610229438e-02
4.429270886765809934e+00 2.447666360455448206e-02
4.453304529402672962e+00 2.401425755415840385e-02
4.477468580856960756e+00 2.355994823869153598e-02
4.501763748739247006e+00 2.311361205587164971e-02
4.526190744499668739e+00 2.267512674200559963e-02
4.550750283448755873e+00 2.224437137580419221e-02
4.575443084778383351e+00 2.182122638139209758e-02
4.600269871582828962e+00 2.140557353054193743e-02
4.625231370879946624e+00 2.099729594416061343e-02
4.650328313632460464e+00 2.059627809305552421e-02
4.675561434769365476e+00 2.020240579800805861e-02
4.700931473207450750e+00 1.981556622918076438e-02
4.726439171872942602e+00 1.943564790488426161e-02
4.752085277723245405e+00 1.906254068972982121e-02
4.777870541768836077e+00 1.869613579219157190e-02
4.803795719095235839e+00 1.833632576160401303e-02
4.829861568885140066e+00 1.798300448461730497e-02
4.856068854440632521e+00 1.763606718113474095e-02
4.882418343205554123e+00 1.729541039975404648e-02
4.908910806787963210e+00 1.696093201273548082e-02
4.935547020982738786e+00 1.663253121051763705e-02
4.962327765794295686e+00 1.631010849580228836e-02
4.989253825459426750e+00 1.599356567722856615e-02
5.016325988470267561e+00 1.568280586265641610e-02
5.043545047597385533e+00 1.537773345207863428e-02
5.070911799912999562e+00 1.507825413018023045e-02
5.098427046814313357e+00 1.478427485856359004e-02
5.126091594046989997e+00 1.449570386765686690e-02
5.153906251728744614e+00 1.421245064832310848e-02
5.181871834373067642e+00 1.393442594318666274e-02
5.209989160913076844e+00 1.366154173769314542e-02
5.238259054725498132e+00 1.339371125091864956e-02
5.266682343654776055e+00 1.313084892614342809e-02
5.295259860037320188e+00 1.287287042120474970e-02
5.323992440725874964e+00 1.261969259864329819e-02
5.352880927114025411e+00 1.237123351565684246e-02
5.381926165160838771e+00 1.212741241387451686e-02
5.411129005415641124e+00 1.188814970896464457e-02
5.440490303042907705e+00 1.165336698008874808e-02
5.470010917847330845e+00 1.142298695921329862e-02
5.499691714298972300e+00 1.119693352029154342e-02
5.529533561558600319e+00 1.097513166832589371e-02
5.559537333503123513e+00 1.075750752832233328e-02
5.589703908751196160e+00 1.054398833414673525e-02
5.620034170688932740e+00 1.033450241729358746e-02
5.650529007495793898e+00 1.012897919557637950e-02
5.681189312170575434e+00 9.927349161749405779e-03
5.712015982557578475e+00 9.729543872069441185e-03
5.743009921372884463e+00 9.535495934806409099e-03
5.774172036230804217e+00 9.345138998710833880e-03
5.805503239670445126e+00 9.158407741446447994e-03
5.837004449182440879e+00 8.975237857995230911e-03
5.868676587235813535e+00 8.795566049042448376e-03
5.900520581304991019e+00 8.619330009348518187e-03
5.932537363896964955e+00 8.446468416114552916e-03
5.964727872578597712e+00 8.276920917347951184e-03
5.997093050004078663e+00 8.110628120234178451e-03
6.029633843942526994e+00 7.947531579520685646e-03
6.062351207305747280e+00 7.787573785918515054e-03
6.095246098176134275e+00 7.630698154527014443e-03
6.128319479834726913e+00 7.476849013286784688e-03
6.161572320789420409e+00 7.325971591465695563e-03
6.195005594803322246e+00 7.178012008182711561e-03
6.228620280923274244e+00 7.032917260973842004e-03
6.262417363508514967e+00 6.890635214404568741e-03
6.296397832259511773e+00 6.751114588732605969e-03
6.330562682246942963e+00 6.614304948624903993e-03
6.364912913940826478e+00 6.480156691932492143e-03
6.399449533239836008e+00 6.348621038526432517e-03
6.434173551500734334e+00 6.219650019198381778e-03
6.469085985568014507e+00 6.093196464628465418e-03
6.504187857803650274e+00 5.969213994423720575e-03
6.539480196117061439e+00 5.847657006229432797e-03
6.574964033995191137e+00 5.728480664916287164e-03
6.610640410532788280e+00 5.611640891845417166e-03
6.646510370462820561e+00 5.497094354213845867e-03
6.682574964187083744e+00 5.384798454482207612e-03
6.718835247806942412e+00 5.274711319886936887e-03
6.755292283154280319e+00 5.166791792038505533e-03
6.791947137822570646e+00 5.060999416607685035e-03
6.828800885198154091e+00 4.957294433101155744e-03
6.865854604491666180e+00 4.855637764728091936e-03
6.903109380769643089e+00 4.755991008358987325e-03
6.940566304986291790e+00 4.658316424577994309e-03
6.978226474015442271e+00 4.562576927829856827e-03
7.016090990682664064e+00 4.468736076662502797e-03
7.054160963797563966e+00 4.376758064066198217e-03
7.092437508186253403e+00 4.286607707910103371e-03
7.130921744723996092e+00 4.198250441476958014e-03
7.169614800368031560e+00 4.111652304096568601e-03
7.208517808190573639e+00 4.026779931878657001e-03
7.247631907411996366e+00 3.943600548545538216e-03
7.286958243434187743e+00 3.862081956365096772e-03
7.326497967874100681e+00 3.782192527184324599e-03
7.366252238597460256e+00 3.703901193563785554e-03
7.406222219752693903e+00 3.627177440013075113e-03
7.446409081804993058e+00 3.551991294327594417e-03
7.486814001570620825e+00 3.478313319026495130e-03
7.527438162251339548e+00 3.406114602892052270e-03
7.568282753469092405e+00 3.335366752610183574e-03
7.609348971300808451e+00 3.266041884512258919e-03
7.650638018313459021e+00 3.198112616417831625e-03
7.692151103599239370e+00 3.131552059578321130e-03
7.733889442811014092e+00 3.066333810721177770e-03
7.775854258197873570e+00 3.002431944194499346e-03
7.818046778640967531e+00 2.939821004211511362e-03
7.860468239689453185e+00 2.878475997194805160e-03
7.903119883596708917e+00 2.818372384219699871e-03
7.946002959356689210e+00 2.759486073556483617e-03
7.989118722740508716e+00 2.701793413310928961e-03
8.032468436333216388e+00 2.645271184162647626e-03
8.076053369570768581e+00 2.589896592200726776e-03
8.119874798777196645e+00 2.535647261856106491e-03
8.163934007201989473e+00 2.482501228930070886e-03
8.208232285057668776e+00 2.430436933718278271e-03
8.252770929557573965e+00 2.379433214229668102e-03
8.297551244953842442e+00 2.329469299499601579e-03
8.342574542575608376e+00 2.280524802996529432e-03
8.387842140867402208e+00 2.232579716121506005e-03
8.433355365427759764e+00 2.185614401799825402e-03
8.479115549048040990e+00 2.139609588164032451e-03
8.525124031751451170e+00 2.094546362327580347e-03
8.571382160832300201e+00 2.050406164248312711e-03
8.617891290895427048e+00 2.007170780681078338e-03
8.664652783895906651e+00 1.964822339218561843e-03
8.711668009178888283e+00 1.923343302419672956e-03
8.758938343519737657e+00 1.882716462024511522e-03
8.806465171164315819e+00 1.842924933255246644e-03
8.854249883869547588e+00 1.803952149201927882e-03
8.902293880944149862e+00 1.765781855292505127e-03
8.950598569289637041e+00 1.728398103846107842e-03
8.999165363441480991e+00 1.691785248708826440e-03
9.047995685610583649e+00 1.655927939971009412e-03
9.097090965724873968e+00 1.620811118765358005e-03
9.146452641471222833e+00 1.586420012144798032e-03
9.196082158337510748e+00 1.552740128039378949e-03
9.245980969654986836e+00 1.519757250291223563e-03
9.296150536640803708e+00 1.487457433766730622e-03
9.346592328440818775e+00 1.455826999545086582e-03
9.397307822172614067e+00 1.424852530182238062e-03
9.448298502968750512e+00 1.394520865049432047e-03
9.499565864020260264e+00 1.364819095745438676e-03
9.551111406620366395e+00 1.335734561581582332e-03
9.602936640208463714e+00 1.307254845138679407e-03
9.655043082414286104e+00 1.279367767895047249e-03
9.707432259102397154e+00 1.252061385924626517e-03
9.760105704416817574e+00 1.225323985664449099e-03
9.813064960826002547e+00 1.199144079750457835e-03
9.866311579167970081e+00 1.173510402920918639e-03
9.919847118695747312e+00 1.148411907986465969e-03
9.973673147122994465e+00 1.123837761865994480e-03
1.002779124066996097e+01 1.099777341687457758e-03
1.008220298410958904e+01 1.076220230952809088e-03
1.013690997081397427e+01 1.053156215766134531e-03
1.019191380280097725e+01 1.030575281124227567e-03
1.024721609078117801e+01 1.008467607268675971e-03
1.030281845420500808e+01 9.868235660987010726e-04
1.035872252131020588e+01 9.656337176438517089e-04
1.041492992916946392e+01 9.448888065957865377e-04
1.047144232373840644e+01 9.245797588982676042e-04
1.052826135990374823e+01 9.046976783946104406e-04
1.058538870153179623e+01 8.852338435317232308e-04
1.064282602151713064e+01 8.661797041199927960e-04
1.070057500183163945e+01 8.475268781481620729e-04
1.075863733357372531e+01 8.292671486524732117e-04
1.081701471701787476e+01 8.113924606392332187e-04
1.087570886166440332e+01 7.938949180600847260e-04
1.093472148628955409e+01 7.767667808391629913e-04
1.099405431899579533e+01 7.600004619514223606e-04
1.105370909726246254e+01 7.435885245513380176e-04
1.111368756799659785e+01 7.275236791512786115e-04
1.117399148758413929e+01 7.117987808487675127e-04
1.123462262194134631e+01 6.964068266019341445e-04
1.129558274656648642e+01 6.813409525524219282e-04
1.135687364659187004e+01 6.665944313950167765e-04
1.141849711683608604e+01 6.521606697933219786e-04
1.148045496185659964e+01 6.380332058407385326e-04
1.154274899600254933e+01 6.242057065660973694e-04
1.160538104346793098e+01 6.106719654832111965e-04
1.166835293834496490e+01 5.974259001837151735e-04
1.173166652467785198e+01 5.844615499724786778e-04
1.179532365651672876e+01 5.717730735449658283e-04
1.185932619797200438e+01 5.593547467058512020e-04
1.192367602326890541e+01 5.472009601282767617e-04
1.198837501680240969e+01 5.353062171530745348e-04
1.205342507319236667e+01 5.236651316273615523e-04
1.211882809733904587e+01 5.122724257818346257e-04
1.218458600447885587e+01 5.011229281461962969e-04
1.225070072024048606e+01 4.902115715020573207e-04
1.231717418070124204e+01 4.795333908727503224e-04
1.238400833244379839e+01 4.690835215494252512e-04
1.245120513261313810e+01 4.588571971528755287e-04
1.251876654897392882e+01 4.488497477304753268e-04
1.258669455996808928e+01 4.390565978876943831e-04
1.265499115477277492e+01 4.294732649535910624e-04
1.272365833335858198e+01 4.200953571797552233e-04
1.279269810654815664e+01 4.109185719721248535e-04
1.286211249607504037e+01 4.019386941551567082e-04
1.293190353464290965e+01 3.931515942677948623e-04
1.300207326598506441e+01 3.845532268907275492e-04
1.307262374492430901e+01 3.761396290043936535e-04
1.314355703743311565e+01 3.679069183772380107e-04
1.321487522069409337e+01 3.598512919837071312e-04
1.328658038316087264e+01 3.519690244514715456e-04
1.335867462461919963e+01 3.442564665374069381e-04
1.343116005624848519e+01 3.367100436318204806e-04
1.350403880068357054e+01 3.293262542904694975e-04
1.357731299207694597e+01 3.221016687938756790e-04
1.365098477616118089e+01 3.150329277334946564e-04
1.372505631031182638e+01 3.081167406242563025e-04
1.379952976361052563e+01 3.013498845430495014e-04
1.387440731690859508e+01 2.947292027926817662e-04
1.394969116289082223e+01 2.882516035908983475e-04
1.402538350613974671e+01 2.819140587840043280e-04
1.410148656320014560e+01 2.757136025846894704e-04
1.417800256264401071e+01 2.696473303336099957e-04
1.425493374513574274e+01 2.637123972843392005e-04
1.433228236349783558e+01 2.579060174112565934e-04
1.441005068277677381e+01 2.522254622399965149e-04
1.448824098030943119e+01 2.466680597000405015e-04
1.456685554578969999e+01 2.412311929990840350e-04
1.464589668133559286e+01 2.359122995187776868e-04
1.472536670155660588e+01 2.307088697314812662e-04
1.480526793362155580e+01 2.256184461376446434e-04
1.488560271732666074e+01 2.206386222234660809e-04
1.496637340516413417e+01 2.157670414384506893e-04
1.504758236239099567e+01 2.110013961925341782e-04
1.512923196709840390e+01 2.063394268724044126e-04
1.521132461028125604e+01 2.017789208766939421e-04
1.529386269590820113e+01 1.973177116696965571e-04
1.537684864099207083e+01 1.929536778532767855e-04
1.546028487566061038e+01 1.886847422566511332e-04
1.554417384322769813e+01 1.845088710437100903e-04
1.562851800026483495e+01 1.804240728375756443e-04
1.571331981667314004e+01 1.764283978620716155e-04
1.579858177575562017e+01 1.725199370998112074e-04
1.588430637428994885e+01 1.686968214665903875e-04
1.597049612260152074e+01 1.649572210018008438e-04
1.605715354463702482e+01 1.612993440745603220e-04
1.614428117803829110e+01 1.577214366052849016e-04
1.623188157421666489e+01 1.542217813024095825e-04
1.631995729842766352e+01 1.507986969139910364e-04
1.640851092984615178e+01 1.474505374939092772e-04
1.649754506164180512e+01 1.441756916824101539e-04
1.658706230105512702e+01 1.409725820007139575e-04
1.667706526947370804e+01 1.378396641594431061e-04
1.676755660250907809e+01 1.347754263806005956e-04
1.685853895007380743e+01 1.317783887328615583e-04
1.695001497645917610e+01 1.288471024799195917e-04
1.704198736041312756e+01 1.259801494416558647e-04
1.713445879521877657e+01 1.231761413678833430e-04
1.722743198877321902e+01 1.204337193244408091e-04
1.732090966366688178e+01 1.177515530913985319e-04
1.741489455726319591e+01 1.151283405731562241e-04
1.750938942177882041e+01 1.125628072202042106e-04
1.760439702436416809e+01 1.100537054623365628e-04
1.769992014718448914e+01 1.075998141530941013e-04
1.779596158750133483e+01 1.051999380252313085e-04
1.789252415775443694e+01 1.028529071569986595e-04
1.798961068564411647e+01 1.005575764490336413e-04
1.808722401421403347e+01 9.831282511166519376e-05
1.818536700193451239e+01 9.611755616242877512e-05
1.828404252278616582e+01 9.397069593360560746e-05
1.838325346634413293e+01 9.187119358958865663e-05
1.848300273786263048e+01 8.981802065389569403e-05
1.858329325836008650e+01 8.781017054564015209e-05
1.868412796470462212e+01 8.584665812528470183e-05
1.878550980970011963e+01 8.392651924949575911e-05
1.888744176217261028e+01 8.204881033493047497e-05
1.898992680705730152e+01 8.021260793077934976e-05
1.909296794548589560e+01 7.841700829990333140e-05
1.919656819487456545e+01 7.666112700839408038e-05
1.930073058901222893e+01 7.494409852340218423e-05
1.940545817814945906e+01 7.326507581906842813e-05
1.951075402908775303e+01 7.162322999040697004e-05
1.961662122526939456e+01 7.001774987498345516e-05
1.972306286686767152e+01 6.844784168224126873e-05
1.983008207087775077e+01 6.691272863032381353e-05
1.993768197120787633e+01 6.541165059025244859e-05
2.004586571877120349e+01 6.394386373731357281e-05
2.015463648157800236e+01 6.250864020951839295e-05
2.026399744482851517e+01 6.110526777299440276e-05
2.037395181100612973e+01 5.973304949417839431e-05
2.048450279997125989e+01 5.839130341867332152e-05
2.059565364905554219e+01 5.707936225664434610e-05
2.070740761315671108e+01 5.579657307462190167e-05
2.081976796483388981e+01 5.454229699358989150e-05
2.093273799440337868e+01 5.331590889323504118e-05
2.104632101003508993e+01 5.211679712223516939e-05
2.116052033784933784e+01 5.094436321447127499e-05
2.127533932201431810e+01 4.979802161104351427e-05
2.139078132484396022e+01 4.867719938798040506e-05
2.150684972689646912e+01 4.758133598952604774e-05
2.162354792707323625e+01 4.650988296689880641e-05
2.174087934271845768e+01 4.546230372241012979e-05
2.185884740971911100e+01 4.443807325884122398e-05
2.197745558260567122e+01 4.343667793397014648e-05
2.209670733465318193e+01 4.245761522015082821e-05
2.221660615798304406e+01 4.150039346884097028e-05
2.233715556366519550e+01 4.056453167998338533e-05
2.245835908182101903e+01 3.964955927614179575e-05
2.258022026172661967e+01 3.875501588129954162e-05
2.270274267191686590e+01 3.788045110422526648e-05
2.282592990028977198e+01 3.702542432631814045e-05
2.294978555421168664e+01 3.618950449383966355e-05
2.307431326062281940e+01 3.537226991444818636e-05
2.319951666614354124e+01 3.457330805794699949e-05
2.332539943718109043e+01 3.379221536116439208e-05
2.345196526003702076e+01 3.302859703688077267e-05
2.357921784101505835e+01 3.228206688672394974e-05
2.370716090652973662e+01 3.155224711795074851e-05
2.383579820321541121e+01 3.083876816403937471e-05
2.396513349803607795e+01 3.014126850901348366e-05
2.409517057839561716e+01 2.945939451542518096e-05
2.422591325224870573e+01 2.879280025592184674e-05
2.435736534821237242e+01 2.814114734832487359e-05
2.448953071567805040e+01 2.750410479415016713e-05
2.462241322492437234e+01 2.688134882049980713e-05
2.475601676723042388e+01 2.627256272525806217e-05
2.489034525498978923e+01 2.567743672552349021e-05
2.502540262182501962e+01 2.509566780921321146e-05
2.516119282270292601e+01 2.452695958977346117e-05
2.529771983405029090e+01 2.397102216393501569e-05
2.543498765387041161e+01 2.342757197245017803e-05
2.557300030186008755e+01 2.289633166375215916e-05
2.571176181952741402e+01 2.237702996047619394e-05
2.585127627031004849e+01 2.186940152878528491e-05
2.599154773969429044e+01 2.137318685044231481e-05
2.613258033533462310e+01 2.088813209757377231e-05
2.627437818717411488e+01 2.041398901006878021e-05
2.641694544756522589e+01 1.995051477556124546e-05
2.656028629139153452e+01 1.949747191194049070e-05
2.670440491618988332e+01 1.905462815234047687e-05
2.684930554227339528e+01 1.862175633255528065e-05
2.699499241285495543e+01 1.819863428083250503e-05
2.714146979417158079e+01 1.778504470999448556e-05
2.728874197560923776e+01 1.738077511184094249e-05
2.743681326982856206e+01 1.698561765378480147e-05
2.758568801289104044e+01 1.659936907767662538e-05
2.773537056438609127e+01 1.622183060077137881e-05
2.788586530755862469e+01 1.585280781879455699e-05
2.803717664943749455e+01 1.549211061106337239e-05
2.818930902096450097e+01 1.513955304762149634e-05
2.834226687712412485e+01 1.479495329834530358e-05
2.849605469707406513e+01 1.445813354398082850e-05
2.865067698427628784e+01 1.412891988907212739e-05
2.880613826662904131e+01 1.380714227674095642e-05
2.896244309659931204e+01 1.349263440528056735e-05
2.911959605135626461e+01 1.318523364652489431e-05
2.927760173290515056e+01 1.288478096595741252e-05
2.943646476822220848e+01 1.259112084452249931e-05
2.959618980939001531e+01 1.230410120210502487e-05
2.975678153373385371e+01 1.202357332264245158e-05
2.991824464395855543e+01 1.174939178083646022e-05
3.008058386828633601e+01 1.148141437042995744e-05
3.024380396059512677e+01 1.121950203401764992e-05
3.040790970055789799e+01 1.096351879435749484e-05
3.057290589378257550e+01 1.071333168715229128e-05
3.073879737195272455e+01 1.046881069527051774e-05
3.090558899296914319e+01 1.022982868437613107e-05
3.107328564109199220e+01 9.996261339938424366e-06
3.124189222708396585e+01 9.767987105592375489e-06
3.141141368835393877e+01 9.544887122822018750e-06
3.158185498910171418e+01 9.326845171938282815e-06
3.175322112046323397e+01 9.113747614325001261e-06
3.192551710065689363e+01 8.905483335925712900e-06
3.209874797513033684e+01 8.701943691945956074e-06
3.227291881670836915e+01 8.503022452744807370e-06
3.244803472574132996e+01 8.308615750891414208e-06
3.262410083025463337e+01 8.118622029361237367e-06
3.280112228609876013e+01 7.932941990848833694e-06
3.297910427710039727e+01 7.751478548172886126e-06
3.315805201521411050e+01 7.574136775751170132e-06
3.333797074067506117e+01 7.400823862122326691e-06
3.351886572215238402e+01 7.231449063492781443e-06
3.370074225690356684e+01 7.065923658286832070e-06
3.388360567092944109e+01 6.904160902679074520e-06
3.406746131913030950e+01 6.746075987087951576e-06
3.425231458546258523e+01 6.591585993610632863e-06
3.443817088309661045e+01 6.440609854378742490e-06
3.462503565457502930e+01 6.293068310815962475e-06
3.481291437197232597e+01 6.148883873777914166e-06
3.500181253705488871e+01 6.007980784556101351e-06
3.519173568144228170e+01 5.870284976727087224e-06
3.538268936676909249e+01 5.735724038829420745e-06
3.557467918484792335e+01 5.604227177850334119e-06
3.576771075783307197e+01 5.475725183505316478e-06
3.596178973838512860e+01 5.350150393293556186e-06
3.615692180983662496e+01 5.227436658312652476e-06
3.635311268635830828e+01 5.107519309816706064e-06
3.655036811312665890e+01 4.990335126501586698e-06
3.674869386649191938e+01 4.875822302502298777e-06
3.694809575414745240e+01 4.763920416086798621e-06
3.714857961529962438e+01 4.654570399031857928e-06
3.735015132083898948e+01 4.547714506665983457e-06
3.755281677351199221e+01 4.443296288565561746e-06
3.775658190809405568e+01 4.341260559889825072e-06
3.796145269156314583e+01 4.241553373341433396e-06
3.816743512327471421e+01 4.144121991738835179e-06
3.837453523513718778e+01 4.048914861187732056e-06
3.858275909178878749e+01 3.955881584838425192e-06
3.879211279077496499e+01 3.864972897216824863e-06
3.900260246272708997e+01 3.776140639116541436e-06
3.921423427154184083e+01 3.689337733040254350e-06
3.942701441456188149e+01 3.604518159178324448e-06
3.964094912275713511e+01 3.521636931913395555e-06
3.985604466090746456e+01 3.440650076839360628e-06
4.007230732778591431e+01 3.361514608283959718e-06
4.028974345634337340e+01 3.284188507323855172e-06
4.050835941389381389e+01 3.208630700281894739e-06
4.072816160230096472e+01 3.134801037695874295e-06
4.094915645816556093e+01 3.062660273748939876e-06
4.117135045301402840e+01 2.992170046151388392e-06
4.139475009348789314e+01 2.923292856464371788e-06
4.161936192153427783e+01 2.855992050855844649e-06
4.184519251459761335e+01 2.790231801279393434e-06
4.207224848581206800e+01 2.725977087066962854e-06
4.230053648419541190e+01 2.663193676926322968e-06
4.253006319484349973e+01 2.601848111334763460e-06
4.276083533912625256e+01 2.541907685320197508e-06
4.299285967488429350e+01 2.483340431621527183e-06
4.322614299662701143e+01 2.426115104219846233e-06
4.346069213573134959e+01 2.370201162232636714e-06
4.369651396064205073e+01 2.315568754162907155e-06
4.393361537707259146e+01 2.262188702495762891e-06
4.417200332820758746e+01 2.210032488634691234e-06
4.441168479490595900e+01 2.159072238170349008e-06
4.465266679590550325e+01 2.109280706474493847e-06
4.489495638802825539e+01 2.060631264612122894e-06
4.513856066638734177e+01 2.013097885564767792e-06
4.538348676459453657e+01 1.966655130758334012e-06
4.562974185496936741e+01 1.921278136888693440e-06
4.587733314874895285e+01 1.876942603038712625e-06
4.612626789629936042e+01 1.833624778080222701e-06
4.637655338732772492e+01 1.791301448354862618e-06
4.662819695109592999e+01 1.749949925627577420e-06
4.688120595663501433e+01 1.709548035306973817e-06
4.713558781296119804e+01 1.670074104926563819e-06
4.739134996929260524e+01 1.631506952881352165e-06
4.764849991526762807e+01 1.593825877414047967e-06
4.790704518116403676e+01 1.557010645845584575e-06
4.816699333811968842e+01 1.521041484044485803e-06
4.842835199835414528e+01 1.485899066129958397e-06
4.869112881539151516e+01 1.451564504403553167e-06
4.895533148428475556e+01 1.418019339504366588e-06
4.922096774184080203e+01 1.385245530782974682e-06
4.948804536684734501e+01 1.353225446889202482e-06
4.975657218030040241e+01 1.321941856569157224e-06
5.002655604563356917e+01 1.291377919666828682e-06
5.029800486894805545e+01 1.261517178325881491e-06
5.057092659924445144e+01 1.232343548387140050e-06
5.084532922865524540e+01 1.203841310977582905e-06
5.112122079267911801e+01 1.175995104286531840e-06
5.139860937041600408e+01 1.148789915525035769e-06
5.167750308480392363e+01 1.122211073064319092e-06
5.195791010285659439e+01 1.096244238749461471e-06
5.223983863590284926e+01 1.070875400384358677e-06
5.252329693982686365e+01 1.046090864384290513e-06
5.280829331531010240e+01 1.021877248592327346e-06
5.309483610807424014e+01 9.982214752560355124e-07
5.338293370912570879e+01 9.751107641608975809e-07
5.367259455500123977e+01 9.525326259170478038e-07
5.396382712801510451e+01 9.304748553958888817e-07
5.425663995650731408e+01 9.089255253133469677e-07
5.455104161509358107e+01 8.878729799564670916e-07
5.484704072491616245e+01 8.673058290502571242e-07
5.514464595389657120e+01 8.472129417616117410e-07
5.544386601698915484e+01 8.275834408373623599e-07
5.574470967643657104e+01 8.084066968734230029e-07
5.604718574202608750e+01 7.896723227122044748e-07
5.635130307134780736e+01 7.713701679653955594e-07
5.665707057005397473e+01 7.534903136593905621e-07
5.696449719211963014e+01 7.360230670006364963e-07
5.727359194010505661e+01 7.189589562582206395e-07
5.758436386541916363e+01 7.022887257611543989e-07
5.789682206858478963e+01 6.860033310077592336e-07
5.821097569950492812e+01 6.700939338847265090e-07
5.852683395773095754e+01 6.545518979933671473e-07
5.884440609273175227e+01 6.393687840807302039e-07
5.916370140416480439e+01 6.245363455732128535e-07
5.948472924214831181e+01 6.100465242104388543e-07
5.980749900753520620e+01 5.958914457771348074e-07
6.013202015218823959e+01 5.820634159308729687e-07
6.045830217925696104e+01 5.685549161235132700e-07
6.078635464345579464e+01 5.553585996142992809e-07
6.111618715134407864e+01 5.424672875725381747e-07
6.144780936160711349e+01 5.298739652679097476e-07
6.178123098533927049e+01 5.175717783464204209e-07
6.211646178632811655e+01 5.055540291901331427e-07
6.245351158134057101e+01 4.938141733587764711e-07
6.279239024041014261e+01 4.823458161114439042e-07
6.313310768712618426e+01 4.711427090065689544e-07
6.347567389892427059e+01 4.601987465784640076e-07
6.382009890737861468e+01 4.495079630886881899e-07
6.416639279849555066e+01 4.390645293506083575e-07
6.451456571300920473e+01 4.288627496254879425e-07
6.486462784667811832e+01 4.188970585885471262e-07
6.521658945058408108e+01 4.091620183633965703e-07
6.557046083143225701e+01 3.996523156233473636e-07
6.592625235185283827e+01 3.903627587580980432e-07
6.628397443070475958e+01 3.812882751043253797e-07
6.664363754338056367e+01 3.724239082387775131e-07
6.700525222211335574e+01 3.637648153324483276e-07
6.736882905628502272e+01 3.553062645644913138e-07
6.773437869273659828e+01 3.470436325945153352e-07
6.810191183607969378e+01 3.389724020919837036e-07
6.847143924901034495e+01 3.310881593214098556e-07
6.884297175262379653e+01 3.233865917821333965e-07
6.921652022673178806e+01 3.158634859014236988e-07
6.959209561018076329e+01 3.085147247797494524e-07
6.996970890117250974e+01 3.013362859870173120e-07
7.034937115758599191e+01 2.943242394086623504e-07
7.073109349730138717e+01 2.874747451404549766e-07
7.111488709852542911e+01 2.807840514309497514e-07
7.150076320011895348e+01 2.742484926704925336e-07
7.188873310192582267e+01 2.678644874257569175e-07
7.227880816510403861e+01 2.616285365187758411e-07
7.267099981245819151e+01 2.555372211494842172e-07
7.306531952877419656e+01 2.495872010607819309e-07
7.346177886115540900e+01 2.437752127451768901e-07
7.386038941936097046e+01 2.380980676920627081e-07
7.426116287614553357e+01 2.325526506747307018e-07
7.466411096760138832e+01 2.271359180762100657e-07
7.506924549350179632e+01 2.218448962530804005e-07
7.547657831764686875e+01 2.166766799363853168e-07
7.588612136821066656e+01 2.116284306688312100e-07
7.629788663809074478e+01 2.066973752774396051e-07
7.671188618525928860e+01 2.018808043808669453e-07
7.712813213311605409e+01 1.971760709306090602e-07
7.754663667084362544e+01 1.925805887853226896e-07
7.796741205376416417e+01 1.880918313175278068e-07
7.839047060369846065e+01 1.837073300519533725e-07
7.881582470932652029e+01 1.794246733348223156e-07
7.924348682655070775e+01 1.752415050333680750e-07
7.967346947886007058e+01 1.711555232649163215e-07
8.010578525769749092e+01 1.671644791548489959e-07
8.054044682282801659e+01 1.632661756228160739e-07
8.097746690270997760e+01 1.594584661965429779e-07
8.141685829486732473e+01 1.557392538526259922e-07
8.185863386626478189e+01 1.521064898836928767e-07
8.230280655368424902e+01 1.485581727913474010e-07
8.274938936410399037e+01 1.450923472043031305e-07
8.319839537507921534e+01 1.417071028211495914e-07
8.364983773512535947e+01 1.384005733771844158e-07
8.410372966410274387e+01 1.351709356347778353e-07
8.456008445360409098e+01 1.320164083967277134e-07
8.501891546734341887e+01 1.289352515420961563e-07
8.548023614154763550e+01 1.259257650840101637e-07
8.594405998534975311e+01 1.229862882489379798e-07
8.641040058118478839e+01 1.201151985769481979e-07
8.687927158518714066e+01 1.173109110424850076e-07
8.735068672759088315e+01 1.145718771951868501e-07
8.782465981313146131e+01 1.118965843203040126e-07
8.830120472145026156e+01 1.092835546182632692e-07
8.878033540750080022e+01 1.067313444029533940e-07
8.926206590195755552e+01 1.042385433183020588e-07
8.974641031162683191e+01 1.018037735727333975e-07
9.023338281985962794e+01 9.942568919110135633e-08
9.072299768696733224e+01 9.710297528369885732e-08
9.121526925063896840e+01 9.483434733196233885e-08
9.171021192636136732e+01 9.261855049048656372e-08
9.220784020784100221e+01 9.045435890498610654e-08
9.270816866742875106e+01 8.834057504583609300e-08
9.321121195654620806e+01 8.627602905684522523e-08
9.371698480611523507e+01 8.425957811890818508e-08
9.422550202698882060e+01 8.229010582820811785e-08
9.473677851038523556e+01 8.036652158863089941e-08
9.525082922832376653e+01 7.848776001807541579e-08
9.576766923406341903e+01 7.665278036833933221e-08
9.628731366254345403e+01 7.486056595827602895e-08
9.680977773082693716e+01 7.311012361991734834e-08
9.733507673854593634e+01 7.140048315727246782e-08
9.786322606835000215e+01 6.973069681750911084e-08
9.839424118635615457e+01 6.809983877424192915e-08
9.892813764260226606e+01 6.650700462264664283e-08
9.946493107150195101e+01 6.495131088613706694e-08
1.000046371923028801e+02 6.343189453433646206e-08
1.005472718095466291e+02 6.194791251209166677e-08
1.010928508135318253e+02 6.049854127927408878e-08
1.016413901807792257e+02 5.908297636112582603e-08
1.021929059744999932e+02 5.770043190890756148e-08
1.027474143450655077e+02 5.635014027061827504e-08
1.033049315304807152e+02 5.503135157155217131e-08
1.038654738568593388e+02 5.374333330447325603e-08
1.044290577389025287e+02 5.248536992918469251e-08
1.049956996803787916e+02 5.125676248128402523e-08
1.055654162746076565e+02 5.005682818988928964e-08
1.061382242049458995e+02 4.888490010413453350e-08
1.067141402452754306e+02 4.774032672823657047e-08
1.072931812604949613e+02 4.662247166493329126e-08
1.078753642070136038e+02 4.553071326710643714e-08
1.084607061332478963e+02 4.446444429739930577e-08
1.090492241801203477e+02 4.342307159565073144e-08
1.096409355815618625e+02 4.240601575396249977e-08
1.102358576650161694e+02 4.141271079922973813e-08
1.108340078519476748e+02 4.044260388296126857e-08
1.114354036583509640e+02 3.949515497822673063e-08
1.120400626952641829e+02 3.856983658356397893e-08
1.126480026692844945e+02 3.766613343369085535e-08
1.132592413830871152e+02 3.678354221686368153e-08
1.138737967359459020e+02 3.592157129873357290e-08
1.144916867242579599e+02 3.507974045254869032e-08
1.151129294420704383e+02 3.425758059555995595e-08
1.157375430816108803e+02 3.345463353148672739e-08
1.163655459338191918e+02 3.267045169890642830e-08
1.169969563888837598e+02 3.190459792542944714e-08
1.176317929367797603e+02 3.115664518752958231e-08
1.182700741678111171e+02 3.042617637589892877e-08
1.189118187731540814e+02 2.971278406620325482e-08
1.195570455454051597e+02 2.901607029511113176e-08
1.202057733791311165e+02 2.833564634147888033e-08
1.208580212714227997e+02 2.767113251257136288e-08
1.215138083224507142e+02 2.702215793520560203e-08
1.221731537360246733e+02 2.638836035170211205e-08
1.228360768201565350e+02 2.576938592053497668e-08
1.235025969876249405e+02 2.516488902157411284e-08
1.241727337565441758e+02 2.457453206581247781e-08
1.248465067509355464e+02 2.399798530947711532e-08
1.255239357013025483e+02 2.343492667242241963e-08
1.262050404452078567e+02 2.288504156070921817e-08
1.268898409278547632e+02 2.234802269327154246e-08
1.275783572026710146e+02 2.182356993257914795e-08
1.282706094318965029e+02 2.131139011920295986e-08
1.289666178871729869e+02 2.081119691019550242e-08
1.296664029501382061e+02 2.032271062119688019e-08
1.303699851130224090e+02 1.984565807218254436e-08
1.310773849792490466e+02 1.937977243676793246e-08
1.317886232640373123e+02 1.892479309499005583e-08
1.325037207950092863e+02 1.848046548948438229e-08
1.332226985127994965e+02 1.804654098498057258e-08
1.339455774716687984e+02 1.762277673103969937e-08
1.346723788401200181e+02 1.720893552796010072e-08
1.354031239015184269e+02 1.680478569577730595e-08
1.361378340547146877e+02 1.641010094628839853e-08
1.368765308146721509e+02 1.602466025803026405e-08
1.376192358130958553e+02 1.564824775414538681e-08
1.383659707990667300e+02 1.528065258306695914e-08
1.391167576396781271e+02 1.492166880196005063e-08
1.398716183206767312e+02 1.457109526285452734e-08
1.406305749471055435e+02 1.422873550140890823e-08
1.413936497439515563e+02 1.389439762824350586e-08
1.421608650567972063e+02 1.356789422278424213e-08
1.429322433524736198e+02 1.324904222956026230e-08
1.437078072197192569e+02 1.293766285689737011e-08
1.444875793698411144e+02 1.263358147795342953e-08
1.452715826373802486e+02 1.233662753404111291e-08
1.460598399807796852e+02 1.204663444018619228e-08
1.468523744830573037e+02 1.176343949286888288e-08
1.476492093524814209e+02 1.148688377989893531e-08
1.484503679232511217e+02 1.121681209237460917e-08
1.492558736561785508e+02 1.095307283867853755e-08
1.500657501393766609e+02 1.069551796046241827e-08
1.508800210889494622e+02 1.044400285057572184e-08
1.516987103496874170e+02 1.019838627289283352e-08
1.525218418957644531e+02 9.958530283995998228e-09
1.533494398314408897e+02 9.724300156670009395e-09
1.541815283917688646e+02 9.495564305167951043e-09
1.550181319433026204e+02 9.272194212206533182e-09
1.558592749848112078e+02 9.054064357651802204e-09
1.567049821479964464e+02 8.841052148855554730e-09
1.575552781982139834e+02 8.633037852604967046e-09
1.584101880351990417e+02 8.429904528647861343e-09
1.592697366937947265e+02 8.231537964757814982e-09
1.601339493446857034e+02 8.037826613302930262e-09
1.610028512951350308e+02 7.848661529284125283e-09
1.618764679897257963e+02 7.663936309808700637e-09
1.627548250111053676e+02 7.483547034966528134e-09
1.636379480807351285e+02 7.307392210075928204e-09
1.645258630596433136e+02 7.135372709268121571e-09
1.654185959491831852e+02 6.967391720378936482e-09
1.663161728917931157e+02 6.803354691118268458e-09
1.672186201717630070e+02 6.643169276486961480e-09
1.681259642160041494e+02 6.486745287412878141e-09
1.690382315948223777e+02 6.333994640578029628e-09
1.699554490226965981e+02 6.184831309408900329e-09
1.708776433590608406e+02 6.039171276203448462e-09
1.718048416090915680e+02 5.896932485368234371e-09
1.727370709244972318e+02 5.758034797740539301e-09
1.736743586043143068e+02 5.622399945969731135e-09
1.746167320957061975e+02 5.489951490933983143e-09
1.755642189947677423e+02 5.360614779168024173e-09
1.765168470473322770e+02 5.234316901278985028e-09
1.774746441497848082e+02 5.110986651327018678e-09
1.784376383498785970e+02 4.990554487148772372e-09
1.794058578475572290e+02 4.872952491601653213e-09
1.803793309957793269e+02 4.758114334707952923e-09
1.813580863013494024e+02 4.645975236677594752e-09
1.823421524257526016e+02 4.536471931789483107e-09
1.833315581859943393e+02 4.429542633111469569e-09
1.843263325554434289e+02 4.325126998039702519e-09
1.853265046646810674e+02 4.223166094638147445e-09
1.863321038023534868e+02 4.123602368760018748e-09
1.873431594160305167e+02 4.026379611932796037e-09
1.883597011130667340e+02 3.931442929989486374e-09
1.893817586614691493e+02 3.838738712428486229e-09
1.904093619907686161e+02 3.748214602485460650e-09
1.914425411928970675e+02 3.659819467900550465e-09
1.924813265230675086e+02 3.573503372365109998e-09
1.935257484006605466e+02 3.489217547631889148e-09
1.945758374101158665e+02 3.406914366273469865e-09
1.956316243018266050e+02 3.326547315074090968e-09
1.966931399930406315e+02 3.248070969039885582e-09
1.977604155687655521e+02 3.171440966013455087e-09
1.988334822826797392e+02 3.096613981878619886e-09
1.999123715580463454e+02 3.023547706341883388e-09
2.009971149886343937e+02 2.952200819276970663e-09
2.020877443396434501e+02 2.882532967619637414e-09
2.031842915486346612e+02 2.814504742799811336e-09
2.042867887264647493e+02 2.748077658698838491e-09
2.053952681582272817e+02 2.683214130119390571e-09
2.065097623041974941e+02 2.619877451756382650e-09
2.076303038007838495e+02 2.558031777657102912e-09
2.087569254614823535e+02 2.497642101159435405e-09
2.098896602778383738e+02 2.438674235296830208e-09
2.110285414204123526e+02 2.381094793659398362e-09
2.121736022397519150e+02 2.324871171700421224e-09
2.133248762673673014e+02 2.269971528478102404e-09
2.144823972167140766e+02 2.216364768822268036e-09
2.156461989841800175e+02 2.164020525916312529e-09
2.168163156500785931e+02 2.112909144284646878e-09
2.179927814796455152e+02 2.063001663176398328e-09
2.191756309240432188e+02 2.014269800335948500e-09
2.203648986213691501e+02 1.966685936151523658e-09
2.215606193976709903e+02 1.920223098172921363e-09
2.227628282679652614e+02 1.874854945989960656e-09
2.239715604372631503e+02 1.830555756463120734e-09
2.251868513016023599e+02 1.787300409298251802e-09
2.264087364490820562e+02 1.745064372957469092e-09
2.276372516609061165e+02 1.703823690898241335e-09
2.288724329124303267e+02 1.663554968133205891e-09
2.301143163742168838e+02 1.624235358103149514e-09
2.313629384130921096e+02 1.585842549856016767e-09
2.326183355932124925e+02 1.548354755524668999e-09
2.338805446771347931e+02 1.511750698096596708e-09
2.351496026268936248e+02 1.476009599468695927e-09
2.364255466050823600e+02 1.441111168780605331e-09
2.377084139759423067e+02 1.407035591019993656e-09
2.389982423064565751e+02 1.373763515893578259e-09
2.402950693674508784e+02 1.341276046957638523e-09
2.415989331346983136e+02 1.309554731002070448e-09
2.429098717900323550e+02 1.278581547681980832e-09
2.442279237224644817e+02 1.248338899391157343e-09
2.455531275293093358e+02 1.218809601371722842e-09
2.468855220173134342e+02 1.189976872054574754e-09
2.482251462037926615e+02 1.161824323625122382e-09
2.495720393177743119e+02 1.134335952809181032e-09
2.509262408011468040e+02 1.107496131873835897e-09
2.522877903098132606e+02 1.081289599838353577e-09
2.536567277148536732e+02 1.055701453890158488e-09
2.550330931036920674e+02 1.030717141001180755e-09
2.564169267812713997e+02 1.006322449739857747e-09
2.578082692712323478e+02 9.825035022743094655e-10
2.592071613171007698e+02 9.592467465621540041e-10
2.606136438834806199e+02 9.365389487226753810e-10
2.620277581572545387e+02 9.143671855870672337e-10
2.634495455487880804e+02 8.927188374226684729e-10
2.648790476931434341e+02 8.715815808270495150e-10
2.663163064512995675e+02 8.509433817880472834e-10
2.677613639113759518e+02 8.307924889059239897e-10
2.692142623898666898e+02 8.111174267737763200e-10
2.706750444328788490e+02 7.919069895126013398e-10
2.721437528173793794e+02 7.731502344573553272e-10
2.736204305524465212e+02 7.548364759905460582e-10
2.751051208805299098e+02 7.369552795198642248e-10
2.765978672787165920e+02 7.194964555965406073e-10
2.780987134600052286e+02 7.024500541711182139e-10
2.796077033745845597e+02 6.858063589834885506e-10
2.811248812111214761e+02 6.695558820839997262e-10
2.826502913980543212e+02 6.536893584826331053e-10
2.841839786048954011e+02 6.381977409232238212e-10
2.857259877435370754e+02 6.230721947798663080e-10
2.872763639695681945e+02 6.083040930725914187e-10
2.888351526835956520e+02 5.938850115995860540e-10
2.904023995325754868e+02 5.798067241831982055e-10
2.919781504111472827e+02 5.660611980271322363e-10
2.935624514629797659e+02 5.526405891821698456e-10
2.951553490821212336e+02 5.395372381179455128e-10
2.967568899143592489e+02 5.267436653982642757e-10
2.983671208585851105e+02 5.142525674575853515e-10
2.999860890681681553e+02 5.020568124762714334e-10
3.016138419523362586e+02 4.901494363523292255e-10
3.032504271775641200e+02 4.785236387673800156e-10
3.048958926689700206e+02 4.671727793446561589e-10
3.065502866117176382e+02 4.560903738969018577e-10
3.082136574524278672e+02 4.452700907620458175e-10
3.098860539005984833e+02 4.347057472246153098e-10
3.115675249300286396e+02 4.243913060209087335e-10
3.132581197802542761e+02 4.143208719259338955e-10
3.149578879579894419e+02 4.044886884202365305e-10
3.166668792385771667e+02 3.948891344347318507e-10
3.183851436674453339e+02 3.855167211717456407e-10
3.201127315615732982e+02 3.763660890004533201e-10
3.218496935109648120e+02 3.674320044250056941e-10
3.235960803801307861e+02 3.587093571236252494e-10
3.253519433095767113e+02 3.501931570570440178e-10
3.271173337173016762e+02 3.418785316446273038e-10
3.288923033003032970e+02 3.337607230066333456e-10
3.306769040360931058e+02 3.258350852710415563e-10
3.324711881842164871e+02 3.180970819434694182e-10
3.342752082877842668e+02 3.105422833386724038e-10
3.360890171750110085e+02 3.031663640722107411e-10
3.379126679607630876e+02 2.959651006108654397e-10
3.397462140481121082e+02 2.889343688804480896e-10
3.415897091299002000e+02 2.820701419296387047e-10
3.434432071903115684e+02 2.753684876485644660e-10
3.453067625064547315e+02 2.688255665408237417e-10
3.471804296499498719e+02 2.624376295477272798e-10
3.490642634885283542e+02 2.562010159235104243e-10
3.509583191876386081e+02 2.501121511603472917e-10
3.528626522120631535e+02 2.441675449619849697e-10
3.547773183275405131e+02 2.383637892648836801e-10
3.567023736023994616e+02 2.326975563057272142e-10
3.586378744092017996e+02 2.271655967342335258e-10
3.605838774263911546e+02 2.217647377702123020e-10
3.625404396399542293e+02 2.164918814038174392e-10
3.645076183450884173e+02 2.113440026380016540e-10
3.664854711478816967e+02 2.063181477721701433e-10
3.684740559669968434e+02 2.014114327260916762e-10
3.704734310353691171e+02 1.966210414031009988e-10
3.724836549019109384e+02 1.919442240916912589e-10
3.745047864332276504e+02 1.873782959045882596e-10
3.765368848153394197e+02 1.829206352544412846e-10
3.785800095554155291e+02 1.785686823652599384e-10
3.806342204835165148e+02 1.743199378187709076e-10
3.826995777543476152e+02 1.701719611348708748e-10
3.847761418490180176e+02 1.661223693853885734e-10
3.868639735768135210e+02 1.621688358403616066e-10
3.889631340769765302e+02 1.583090886460794316e-10
3.910736848204978173e+02 1.545409095341407572e-10
3.931956876119144795e+02 1.508621325608096105e-10
3.953292045911212540e+02 1.472706428759483329e-10
3.974742982351892806e+02 1.437643755208454931e-10
3.996310313601976532e+02 1.403413142542538130e-10
4.017994671230700874e+02 1.369994904059900108e-10
4.039796690234260836e+02 1.337369817574363401e-10
4.061717009054398204e+02 1.305519114483248632e-10
4.083756269597111555e+02 1.274424469091824951e-10
4.105915117251429933e+02 1.244067988188444800e-10
4.128194200908328639e+02 1.214432200864377055e-10
4.150594172979721179e+02 1.185500048572706735e-10
4.173115689417584804e+02 1.157254875420623992e-10
4.195759409733139478e+02 1.129680418689737954e-10
4.218525997016176348e+02 1.102760799578955423e-10
4.241416117954487390e+02 1.076480514164773901e-10
4.264430442853362138e+02 1.050824424573932823e-10
4.287569645655234467e+02 1.025777750363353797e-10
4.310834403959409542e+02 1.001326060102593009e-10
4.334225399041923197e+02 9.774552631540055619e-11
4.357743315875467260e+02 9.541516016460581688e-11
4.381388843149462673e+02 9.314016426351798313e-11
4.405162673290221278e+02 9.091922704517929401e-11
4.429065502481239491e+02 8.875106792261682703e-11
4.453098030683555635e+02 8.663443655899527189e-11
4.477260961656269274e+02 8.456811215491594331e-11
4.501555002977138429e+02 8.255090275246820471e-11
4.525980866063317762e+02 8.058164455563492452e-11
4.550539266192165542e+02 7.865920126667459014e-11
4.575230922522207493e+02 7.678246343809847762e-11
4.600056558114186487e+02 7.495034783988276926e-11
4.625016899952255471e+02 7.316179684155436086e-11
4.650112678965237478e+02 7.141577780880691080e-11
4.675344630048050476e+02 6.971128251429943049e-11
4.700713492083215783e+02 6.804732656231077056e-11
4.726220007962516547e+02 6.642294882692035830e-11
4.751864924608721026e+02 6.483721090340357182e-11
4.777648992997476967e+02 6.328919657252516063e-11
4.803572968179292388e+02 6.177801127743317313e-11
4.829637609301664725e+02 6.030278161285452017e-11
4.855843679631283294e+02 5.886265482630756027e-11
4.882191946576394344e+02 5.745679833104499102e-11
4.908683181709287737e+02 5.608439923045392244e-11
4.935318160788864930e+02 5.474466385364674095e-11
4.962097663783371786e+02 5.343681730197546215e-11
4.989022474893230878e+02 5.216010300621688145e-11
5.016093382574025554e+02 5.091378229417546354e-11
5.043311179559558468e+02 4.969713396846304787e-11
5.070676662885086898e+02 4.850945389421190755e-11
5.098190633910650149e+02 4.735005459649178081e-11
5.125853898344558957e+02 4.621826486720011070e-11
5.153667266266959359e+02 4.511342938120676225e-11
5.181631552153570510e+02 4.403490832153183613e-11
5.209747574899532765e+02 4.298207701334716022e-11
5.238016157843402425e+02 4.195432556659289298e-11
5.266438128791232884e+02 4.095105852700909342e-11
5.295014320040837674e+02 3.997169453538129146e-11
5.323745568406150142e+02 3.901566599481016262e-11
5.352632715241753658e+02 3.808241874581437693e-11
5.381676606467481179e+02 3.717141174908597354e-11
5.410878092593216024e+02 3.628211677571429091e-11
5.440238028743780205e+02 3.541401810470654127e-11
5.469757274684002368e+02 3.456661222763102398e-11
5.499436694843859641e+02 3.373940756021855643e-11
5.529277158343811607e+02 3.293192416075536792e-11
5.559279539020244556e+02 3.214369345511022115e-11
5.589444715451078309e+02 3.137425796823840968e-11
5.619773570981462854e+02 3.062317106201245263e-11
5.650266993749664834e+02 2.988999667922810640e-11
5.680925876713088201e+02 2.917430909364213209e-11
5.711751117674390343e+02 2.847569266590098472e-11
5.742743619307798326e+02 2.779374160521935779e-11
5.773904289185528569e+02 2.712805973667585273e-11
5.805234039804387294e+02 2.647826027399194155e-11
5.836733788612457374e+02 2.584396559766738266e-11
5.868404458035986409e+02 2.522480703834368640e-11
5.900246975506390754e+02 2.462042466527463568e-11
5.932262273487432367e+02 2.403046707978252790e-11
5.964451289502493410e+02 2.345459121358441038e-11
5.996814966162053224e+02 2.289246213187183524e-11
6.029354251191275580e+02 2.234375284103404759e-11
6.062070097457792599e+02 2.180814410091391013e-11
6.094963462999565991e+02 2.128532424149194864e-11
6.128035311052968837e+02 2.077498898389206065e-11
6.161286610080977653e+02 2.027684126560897629e-11
6.194718333801562267e+02 1.979059106985684601e-11
6.228331461216158687e+02 1.931595525894374548e-11
6.262126976638361384e+02 1.885265741157533676e-11
6.296105869722739499e+02 1.840042766399668966e-11
6.330269135493840622e+02 1.795900255488104373e-11
6.364617774375288946e+02 1.752812487387863776e-11
6.399152792219109642e+02 1.710754351373768316e-11
6.433875200335168074e+02 1.669701332591496037e-11
6.468786015520812498e+02 1.629629497959273846e-11
6.503886260090612268e+02 1.590515482402320985e-11
6.539176961906316592e+02 1.552336475412060398e-11
6.574659154406941752e+02 1.515070207922563241e-11
6.610333876639066375e+02 1.478694939496674953e-11
6.646202173287209689e+02 1.443189445814660979e-11
6.682265094704450803e+02 1.408533006458086831e-11
6.718523696943201458e+02 1.374705392982077702e-11
6.754979041786094740e+02 1.341686857269198348e-11
6.791632196777104582e+02 1.309458120158213642e-11
6.828484235252791450e+02 1.278000360341358751e-11
6.865536236373761767e+02 1.247295203523715216e-11
6.902789285156229653e+02 1.217324711838617201e-11
6.940244472503815132e+02 1.188071373512944971e-11
6.977902895239479903e+02 1.159518092776502407e-11
7.015765656137670021e+02 1.131648180009677942e-11
7.053833863956568848e+02 1.104445342123844081e-11
7.092108633470594441e+02 1.077893673168918327e-11
7.130591085503027671e+02 1.051977645162813035e-11
7.169282346958866583e+02 1.026682099137486400e-11
7.208183550857778528e+02 1.001992236396570723e-11
7.247295836367309221e+02 9.778936099794930801e-12
7.286620348836231642e+02 9.543721163272973539e-12
7.326158239828106389e+02 9.314139871453693407e-12
7.365910667154969360e+02 9.090057814584771502e-12
7.405878794911259320e+02 8.871343778535265127e-12
7.446063793507893251e+02 8.657869669056614764e-12
7.486466839706572500e+02 8.449510437833435637e-12
7.527089116654194640e+02 8.246144010282566808e-12
7.567931813917534782e+02 8.047651215058301450e-12
7.608996127518057619e+02 7.853915715224331131e-12
7.650283259966979585e+02 7.664823941052466788e-12
7.691794420300432193e+02 7.480265024410535211e-12
7.733530824114893676e+02 7.300130734701185866e-12
7.775493693602803660e+02 7.124315416315440709e-12
7.817684257588311993e+02 6.952715927565464273e-12
7.860103751563291326e+02 6.785231581061136311e-12
7.902753417723505436e+02 6.621764085496817140e-12
7.945634505005008350e+02 6.462217488814754780e-12
7.988748269120678742e+02 6.306498122713026517e-12
8.032095972597020364e+02 6.154514548465808970e-12
8.075678884811114813e+02 6.006177504025437223e-12
8.119498282027828964e+02 5.861399852375672372e-12
8.163555447437141765e+02 5.720096531107096924e-12
8.207851671191745027e+02 5.582184503185296563e-12
8.252388250444818141e+02 5.447582708884024834e-12
8.297166489388039281e+02 5.316212018855650692e-12
8.342187699289727334e+02 5.187995188312387646e-12
8.387453198533277146e+02 5.062856812291587518e-12
8.432964312655747108e+02 4.940723281979950591e-12
8.478722374386712772e+02 4.821522742071327022e-12
8.524728723687238698e+02 4.705185049134117228e-12
8.570984707789152708e+02 4.591641730963948586e-12
8.617491681234483849e+02 4.480825946898740432e-12
8.664251005915158430e+02 4.372672449073198233e-12
8.711264051112831339e+02 4.267117544590853824e-12
8.758532193539018635e+02 4.164099058591588430e-12
8.806056817375392711e+02 4.063556298193836985e-12
8.853839314314355988e+02 3.965430017290544628e-12
8.901881083599735121e+02 3.869662382179061005e-12
8.950183532067788974e+02 3.776196938004868812e-12
8.998748074188430337e+02 3.684978576000140828e-12
9.047576132106588602e+02 3.595953501498492449e-12
9.096669135683899867e+02 3.509069202707228913e-12
9.146028522540551648e+02 3.424274420219531832e-12
9.195655738097424319e+02 3.341519117248843468e-12
9.245552235618361010e+02 3.260754450568679763e-12
9.295719476252759250e+02 3.181932742140873318e-12
9.346158929078343363e+02 3.105007451416228181e-12
9.396872071144219944e+02 3.029933148291524276e-12
9.447860387514077729e+02 2.956665486707579131e-12
9.499125371309705770e+02 2.885161178872955017e-12
9.550668523754709440e+02 2.815377970098703756e-12
9.602491354218500419e+02 2.747274614229606088e-12
9.654595380260443562e+02 2.680810849657957030e-12
9.706982127674334606e+02 2.615947375905898556e-12
9.759653130533059766e+02 2.552645830763062694e-12
9.812609931233561156e+02 2.490868767966228360e-12
9.865854080541939766e+02 2.430579635408394377e-12
9.919387137638913146e+02 2.371742753864485759e-12
9.973210670165448164e+02 2.314323296221688231e-12
1.002732625426871437e+03 2.258287267202323164e-12
1.008173547464816806e+03 2.203601483567808814e-12
1.013643992460201048e+03 2.150233554792081296e-12
1.019144120607381751e+03 2.098151864193581790e-12
1.024674092969949015e+03 2.047325550514812674e-12
1.030234071485436743e+03 1.997724489939030751e-12
1.035824218970067705e+03 1.949319278533568966e-12
1.041444699123519968e+03 1.902081215109811179e-12
1.047095676533724827e+03 1.855982284489876868e-12
1.052777316681679849e+03 1.810995141170524180e-12
1.058489785946298525e+03 1.767093093374701396e-12
1.064233251609284707e+03 1.724250087481668436e-12
1.070007881860026146e+03 1.682440692826774797e-12
1.075813845800522358e+03 1.641640086862026563e-12
1.081651313450335692e+03 1.601824040668989756e-12
1.087520455751573991e+03 1.562968904815633404e-12
1.093421444573889630e+03 1.525051595549068517e-12
1.099354452719517212e+03 1.488049581316089092e-12
1.105319653928331491e+03 1.451940869603872402e-12
1.111317222882939632e+03 1.416703994093173017e-12
1.117347335213789620e+03 1.382318002116718804e-12
1.123410167504317997e+03 1.348762442415447477e-12
1.129505897296118519e+03 1.316017353185634871e-12
1.135634703094146289e+03 1.284063250409952753e-12
1.141796764371937343e+03 1.252881116465830453e-12
1.147992261576869168e+03 1.222452389004423300e-12
1.154221376135442597e+03 1.192758950093879606e-12
1.160484290458599844e+03 1.163783115620572076e-12
1.166781187947058243e+03 1.135507624942280643e-12
1.173112252996685811e+03 1.107915630787233737e-12
1.179477671003898877e+03 1.080990689393276284e-12
1.185877628371096080e+03 1.054716750881411748e-12
1.192312312512109202e+03 1.029078149858248421e-12
1.198781911857696514e+03 1.004059596241814985e-12
1.205286615861058408e+03 9.796461663055384929e-13
1.211826615003389406e+03 9.558232939351593552e-13
1.218402100799449727e+03 9.325767620935972387e-13
1.225013265803176864e+03 9.098926944887631773e-13
1.231660303613327642e+03 8.877575474395472777e-13
1.238343408879140043e+03 8.661581019353138781e-13
1.245062777306039152e+03 8.450814558842386483e-13
1.251818605661364472e+03 8.245150165460835401e-13
1.258611091780137713e+03 8.044464931449785377e-13
1.265440434570848083e+03 7.848638896580071577e-13
1.272306834021282612e+03 7.657554977753493282e-13
1.279210491204379423e+03 7.471098900279743874e-13
1.286151608284121266e+03 7.289159130788635081e-13
1.293130388521448140e+03 7.111626811739396762e-13
1.300147036280214479e+03 6.938395697488483106e-13
1.307201757033170679e+03 6.769362091879448723e-13
1.314294757367985767e+03 6.604424787318375271e-13
1.321426244993288947e+03 6.443485005300115532e-13
1.328596428744757986e+03 6.286446338350292640e-13
1.335805518591230339e+03 6.133214693349997548e-13
1.343053725640859511e+03 5.983698236209900593e-13
1.350341262147286898e+03 5.837807337862362078e-13
1.357668341515863858e+03 5.695454521539536070e-13
1.365035178309897901e+03 5.556554411307507378e-13
1.372441988256941841e+03 5.421023681826234050e-13
1.379888988255101594e+03 5.288781009306692456e-13
1.387376396379395374e+03 5.159747023636169608e-13
1.394904431888134241e+03 5.033844261644524522e-13
1.402473315229350874e+03 4.910997121483861741e-13
1.410083268047245156e+03 4.791131818095700986e-13
1.417734513188679557e+03 4.674176339739262421e-13
1.425427274709708399e+03 4.560060405555960217e-13
1.433161777882131673e+03 4.448715424145595467e-13
1.440938249200096834e+03 4.340074453129887908e-13
1.448756916386728335e+03 4.234072159680185506e-13
1.456618008400802182e+03 4.130644781986201035e-13
1.464521755443441862e+03 4.029730091643740565e-13
1.472468388964866108e+03 3.931267356939182772e-13
1.480458141671161911e+03 3.835197307009749354e-13
1.488491247531106637e+03 3.741462096858452846e-13
1.496567941783009701e+03 3.650005273203773375e-13
1.504688460941607218e+03 3.560771741143816503e-13
1.512853042804985535e+03 3.473707731615888734e-13
1.521061926461549774e+03 3.388760769632396465e-13
1.529315352297017398e+03 3.305879643274822343e-13
1.537613562001462697e+03 3.225014373427493112e-13
1.545956798576391520e+03 3.146116184233751182e-13
1.554345306341863989e+03 3.069137474257197710e-13
1.562779330943638797e+03 2.994031788331468117e-13
1.571259119360373688e+03 2.920753790081856586e-13
1.579784919910853887e+03 2.849259235103069876e-13
1.588356982261271241e+03 2.779504944777297380e-13
1.596975557432524738e+03 2.711448780717619940e-13
1.605640897807578312e+03 2.645049619821581995e-13
1.614353257138847766e+03 2.580267329920633155e-13
1.623112890555638614e+03 2.517062746011108957e-13
1.631920054571607352e+03 2.455397647053100582e-13
1.640775007092279566e+03 2.395234733323463903e-13
1.649678007422598284e+03 2.336537604309971455e-13
1.658629316274525081e+03 2.279270737133572582e-13
1.667629195774664822e+03 2.223399465486384080e-13
1.676677909471944986e+03 2.168889959072928662e-13
1.685775722345340455e+03 2.115709203542715126e-13
1.694922900811621503e+03 2.063824980902582005e-13
1.704119712733162942e+03 2.013205850397161894e-13
1.713366427425784195e+03 1.963821129846496849e-13
1.722663315666643257e+03 1.915640877429790850e-13
1.732010649702154979e+03 1.868635873904828060e-13
1.741408703255971432e+03 1.822777605252486638e-13
1.750857751536992510e+03 1.778038245736385243e-13
1.760358071247433600e+03 1.734390641367640533e-13
1.769909940590916904e+03 1.691808293765243834e-13
1.779513639280625057e+03 1.650265344402450051e-13
1.789169448547489992e+03 1.609736559230105511e-13
1.798877651148434325e+03 1.570197313667859903e-13
1.808638531374640479e+03 1.531623577954594419e-13
1.818452375059884389e+03 1.493991902849356315e-13
1.828319469588900802e+03 1.457279405674575308e-13
1.838240103905806563e+03 1.421463756693305882e-13
1.848214568522551644e+03 1.386523165812642764e-13
1.858243155527432691e+03 1.352436369605400239e-13
1.868326158593643413e+03 1.319182618642570611e-13
1.878463872987881359e+03 1.286741665129074305e-13
1.888656595578984025e+03 1.255093750835664263e-13
1.898904624846628622e+03 1.224219595319804349e-13
1.909208260890069596e+03 1.194100384428718121e-13
1.919567805436934350e+03 1.164717759077812422e-13
1.929983561852046705e+03 1.136053804297993722e-13
1.940455835146316986e+03 1.108091038545352675e-13
1.950984931985679168e+03 1.080812403267013128e-13
1.961571160700059863e+03 1.054201252717072006e-13
1.972214831292415056e+03 1.028241344016567068e-13
1.982916255447804133e+03 1.002916827451727986e-13
1.993675746542524621e+03 9.782122370047663344e-14
2.004493619653278074e+03 9.541124811117216996e-14
2.015370191566403719e+03 9.306028336418600774e-14
2.026305780787150979e+03 9.076689250934001408e-14
2.037300707549016124e+03 8.852967340003482791e-14
2.048355293823105058e+03 8.634725785454799060e-14
2.059469863327572966e+03 8.421831083744400336e-14
2.070644741537096706e+03 8.214152966062490078e-14
2.081880255692416995e+03 8.011564320354504522e-14
2.093176734809906520e+03 7.813941115214056693e-14
2.104534509691215135e+03 7.621162325601685736e-14
2.115953912932950516e+03 7.433109860346556839e-14
2.127435278936427949e+03 7.249668491387920062e-14
2.138978943917449669e+03 7.070725784715413290e-14
2.150585245916157419e+03 6.896172032966891969e-14
2.162254524806930931e+03 6.725900189644616447e-14
2.173987122308344169e+03 6.559805804910934486e-14
2.185783381993164767e+03 6.397786962925901594e-14
2.197643649298418495e+03 6.239744220689670569e-14
2.209568271535503754e+03 6.085580548353872584e-14
2.221557597900370638e+03 5.935201270966696790e-14
2.233611979483731830e+03 5.788514011617772682e-14
2.245731769281354900e+03 5.645428635948767587e-14
2.257917322204391439e+03 5.505857197997581279e-14
2.270168995089783948e+03 5.369713887343753408e-14
2.282487146710696834e+03 5.236914977524566177e-14
2.294872137787033353e+03 5.107378775690742858e-14
2.307324330996002573e+03 4.981025573472489907e-14
2.319844090982728176e+03 4.857777599026992711e-14
2.332431784370935475e+03 4.737558970238713532e-14
2.345087779773681177e+03 4.620295649045265856e-14
2.357812447804160001e+03 4.505915396861586328e-14
2.370606161086539942e+03 4.394347731076560566e-14
2.383469294266887118e+03 4.285523882595874801e-14
2.396402224024129282e+03 4.179376754406488464e-14
2.409405329081096625e+03 4.075840881137948008e-14
2.422478990215598515e+03 3.974852389596992908e-14
2.435623590271583453e+03 3.876348960251764640e-14
2.448839514170344046e+03 3.780269789643184714e-14
2.462127148921800199e+03 3.686555553701026160e-14
2.475486883635816866e+03 3.595148371943328105e-14
2.488919109533608207e+03 3.505991772537615646e-14
2.502424219959189031e+03 3.419030658203546529e-14
2.516002610390903556e+03 3.334211272936622565e-14
2.529654678452991902e+03 3.251481169533536448e-14
2.543380823927242545e+03 3.170789177899631242e-14
2.557181448764696142e+03 3.092085374119947567e-14
2.571056957097424402e+03 3.015321050275396613e-14
2.585007755250350783e+03 2.940448684986397322e-14
2.599034251753158969e+03 2.867421914666261833e-14
2.613136857352249535e+03 2.796195505467528650e-14
2.627315985022781661e+03 2.726725325904436688e-14
2.641572049980747124e+03 2.658968320135577778e-14
2.655905469695139800e+03 2.592882481890577722e-14
2.670316663900187450e+03 2.528426829025525691e-14
2.684806054607628084e+03 2.465561378692132992e-14
2.699374066119076815e+03 2.404247123105693413e-14
2.714021125038447735e+03 2.344446005897622966e-14
2.728747660284456288e+03 2.286120899038451128e-14
2.743554103103162106e+03 2.229235580317718855e-14
2.758440887080610537e+03 2.173754711367189716e-14
2.773408448155522819e+03 2.119643816214519490e-14
2.788457224632073121e+03 2.066869260354507516e-14
2.803587657192706956e+03 2.015398230325659506e-14
2.818800188911057830e+03 1.965198713779720906e-14
2.834095265264915724e+03 1.916239480032507862e-14
2.849473334149282437e+03 1.868490061084352133e-14
2.864934845889474218e+03 1.821920733099002613e-14
2.880480253254315812e+03 1.776502498329828659e-14
2.896110011469396341e+03 1.732207067482667399e-14
2.911824578230411589e+03 1.689006842504750583e-14
2.927624413716546769e+03 1.646874899789599064e-14
2.943509980603967051e+03 1.605784973787689334e-14
2.959481744079359942e+03 1.565711441013302415e-14
2.975540171853567244e+03 1.526629304437919650e-14
2.991685734175265679e+03 1.488514178260978301e-14
3.007918903844749366e+03 1.451342273048774340e-14
3.024240156227767329e+03 1.415090381232775947e-14
3.040649969269458779e+03 1.379735862958600982e-14
3.057148823508327951e+03 1.345256632277349519e-14
3.073737202090326264e+03 1.311631143670906959e-14
3.090415590783011339e+03 1.278838378903250219e-14
3.107184477989751485e+03 1.246857834189969368e-14
3.124044354764040690e+03 1.215669507678218490e-14
3.140995714823872277e+03 1.185253887229721829e-14
3.158039054566211234e+03 1.155591938499468184e-14
3.175174873081507485e+03 1.126665093303073339e-14
3.192403672168328285e+03 1.098455238265723393e-14
3.209725956348042473e+03 1.070944703746033277e-14
3.227142232879610674e+03 1.044116253028108986e-14
3.244653011774417337e+03 1.017953071775456092e-14
3.262258805811221464e+03 9.924387577403010706e-15
3.279960130551164639e+03 9.675573107222729781e-15
3.297757504352880460e+03 9.432931227703643063e-15
3.315651448387657638e+03 9.196309686223799953e-15
3.333642486654711320e+03 8.965559963760714203e-15
3.351731145996523537e+03 8.740537183864254417e-15
3.369917956114282333e+03 8.521100023836175711e-15
3.388203449583376369e+03 8.307110628063604524e-15
3.406588161868999578e+03 8.098434523453886375e-15
3.425072631341829492e+03 7.894940536920542969e-15
3.443657399293803337e+03 7.696500714870589931e-15
3.462343009953948240e+03 7.502990244645410200e-15
3.481130010504334223e+03 7.314287377867316569e-15
3.500018951096089040e+03 7.130273355646439153e-15
3.519010384865523520e+03 6.950832335602601140e-15
3.538104867950306925e+03 6.775851320658891739e-15
3.557302959505767831e+03 6.605220089563516613e-15
3.576605221721261387e+03 6.438831129098711763e-15
3.596012219836646182e+03 6.276579567935619643e-15
3.615524522158813852e+03 6.118363112095870620e-15
3.635142700078344660e+03 5.964081981980422791e-15
3.654867328086247198e+03 5.813638850928196369e-15
3.674698983790763123e+03 5.666938785267660468e-15
3.694638247934294668e+03 5.523889185824860634e-15
3.714685704410401740e+03 5.384399730853114156e-15
3.734841940280919516e+03 5.248382320349630919e-15
3.755107545793123336e+03 5.115751021726061745e-15
3.775483114397030022e+03 4.986422016799622773e-15
3.795969242762769682e+03 4.860313550073326631e-15
3.816566530798070744e+03 4.737345878273877191e-15
3.837275581665807294e+03 4.617441221117113938e-15
3.858097001801676015e+03 4.500523713270925101e-15
3.879031400931946337e+03 4.386519357486997058e-15
3.900079392091332465e+03 4.275355978872847190e-15
3.921241591640921342e+03 4.166963180276910284e-15
3.942518619286237026e+03 4.061272298759316056e-15
3.963911098095379657e+03 3.958216363122409794e-15
3.985419654517289473e+03 3.857730052475117812e-15
4.007044918400064944e+03 3.759749655806461644e-15
4.028787523009423239e+03 3.664213032543382106e-15
4.050648105047237550e+03 3.571059574069339935e-15
4.072627304670199010e+03 3.480230166180219259e-15
4.094725765508535915e+03 3.391667152455116840e-15
4.116944134684879828e+03 3.305314298519477761e-15
4.139283062833205804e+03 3.221116757179262922e-15
4.161743204117902678e+03 3.139021034404825043e-15
4.184325216252907921e+03 3.058974956144149245e-15
4.207029760520972559e+03 2.980927635945105986e-15
4.229857501793045230e+03 2.904829443367169167e-15
4.252809108547714459e+03 2.830631973163652555e-15
4.275885252890800984e+03 2.758288015215483728e-15
4.299086610575030136e+03 2.687751525198513753e-15
4.322413861019838805e+03 2.618977595966410074e-15
4.345867687331246998e+03 2.551922429631986346e-15
4.369448776321873083e+03 2.486543310329782283e-15
4.393157818531044541e+03 2.422798577643519145e-15
4.416995508245032397e+03 2.360647600682209523e-15
4.440962543517356607e+03 2.300050752789329168e-15
4.465059626189247865e+03 2.240969386869448410e-15
4.489287461910187631e+03 2.183365811317547381e-15
4.513646760158592770e+03 2.127203266536215241e-15
4.538138234262562946e+03 2.072445902026652227e-15
4.562762601420787178e+03 2.019058754039310539e-15
4.587520582723540429e+03 1.967007723770751187e-15
4.612412903173812992e+03 1.916259556093343251e-15
4.637440291708517179e+03 1.866781818804983410e-15
4.662603481219850437e+03 1.818542882386032118e-15
4.687903208576747602e+03 1.771511900251278151e-15
4.713340214646477762e+03 1.725658789484796069e-15
4.738915244316313874e+03 1.680954212046085945e-15
4.764629046515358823e+03 1.637369556435884917e-15
4.790482374236475152e+03 1.594876919810574337e-15
4.816475984558345772e+03 1.553449090534220347e-15
4.842610638667621970e+03 1.513059531157677304e-15
4.868887101881226954e+03 1.473682361814254146e-15
4.895306143668778532e+03 1.435292344021870922e-15
4.921868537675095467e+03 1.397864864881862075e-15
4.948575061742871185e+03 1.361375921664652893e-15
4.975426497935442967e+03 1.325802106772997606e-15
5.002423632559710313e+03 1.291120593073510808e-15
5.029567256189136060e+03 1.257309119587616724e-15
5.056858163686913940e+03 1.224345977533052286e-15
5.084297154229233456e+03 1.192209996707476316e-15
5.111885031328706646e+03 1.160880532205776521e-15
5.139622602857866696e+03 1.130337451463045109e-15
5.167510681072841180e+03 1.100561121615173451e-15
5.195550082637135347e+03 1.071532397169398099e-15
5.223741628645559103e+03 1.043232607977211462e-15
5.252086144648248592e+03 1.015643547502310204e-15
5.280584460674856018e+03 9.887474613763208953e-16
5.309237411258847715e+03 9.625270362353433829e-16
5.338045835461964998e+03 9.369653888304113137e-16
5.367010576898759609e+03 9.120460554052727736e-16
5.396132483761322874e+03 8.877529813348600698e-16
5.425412408844109450e+03 8.640705110181769167e-16
5.454851209568934792e+03 8.409833780193315824e-16
5.484449748010049007e+03 8.184766954507348505e-16
5.514208890919405349e+03 7.965359465924600617e-16
5.544129509752027843e+03 7.751469757420760655e-16
5.574212480691556266e+03 7.542959792892656936e-16
5.604458684675867516e+03 7.339694970098155051e-16
5.634869007422897084e+03 7.141544035735291277e-16
5.665444339456564194e+03 6.948379002609095810e-16
5.696185576132871574e+03 6.760075068834615874e-16
5.727093617666091632e+03 6.576510539026940417e-16
5.758169369155143613e+03 6.397566747429035982e-16
5.789413740610117202e+03 6.223127982930306644e-16
5.820827646978887060e+03 6.053081415929985046e-16
5.852412008173922914e+03 5.887317026999641036e-16
5.884167749099225148e+03 5.725727537301229243e-16
5.916095799677426839e+03 5.568208340717516043e-16
5.948197094876990377e+03 5.414657437653378994e-16
5.980472574739612355e+03 5.264975370466517211e-16
6.012923184407738518e+03 5.119065160488211477e-16
6.045549874152265147e+03 4.976832246594859660e-16
6.078353599400329585e+03 4.838184425292775126e-16
6.111335320763313575e+03 4.703031792278650062e-16
6.144496004064960289e+03 4.571286685440000561e-16
6.177836620369683260e+03 4.442863629260020776e-16
6.211358146010963537e+03 4.317679280592844268e-16
6.245061562619968754e+03 4.195652375775140657e-16
6.278947857154280427e+03 4.076703679041748656e-16
6.313018021926825895e+03 3.960755932213042118e-16
6.347273054634898472e+03 3.847733805623279803e-16
6.381713958389394065e+03 3.737563850259072701e-16
6.416341741744181491e+03 3.630174451078607017e-16
6.451157418725652860e+03 3.525495781482515831e-16
6.486162008862387665e+03 3.423459758908369706e-16
6.521356537215028766e+03 3.324000001520936028e-16
6.556742034406287530e+03 3.227051785971573143e-16
6.592319536651152703e+03 3.132552006200338370e-16
6.628090085787193857e+03 3.040439133255506700e-16
6.664054729305088586e+03 2.950653176105202365e-16
6.700214520379319765e+03 2.863135643416936134e-16
6.736570517898971957e+03 2.777829506281469740e-16
6.773123786498771551e+03 2.694679161857463415e-16
6.809875396590243327e+03 2.613630397914613320e-16
6.846826424393090747e+03 2.534630358252964445e-16
6.883977951966663568e+03 2.457627508977183081e-16
6.921331067241675555e+03 2.382571605604431425e-16
6.958886864052049532e+03 2.309413660985632715e-16
6.996646442166975248e+03 2.238105914019959188e-16
7.034610907323070933e+03 2.168601799143268261e-16
7.072781371256794955e+03 2.100855916571178090e-16
7.111158951736987547e+03 2.034824003278460976e-16
7.149744772597625342e+03 1.970462904696501341e-16
7.188539963770696886e+03 1.907730547111316191e-16
7.227545661319314604e+03 1.846585910744713579e-16
7.266763007470967750e+03 1.786989003501944863e-16
7.306193150651004544e+03 1.728900835369314993e-16
7.345837245516213443e+03 1.672283393445951668e-16
7.385696452988669080e+03 1.617099617593881456e-16
7.425771940289709164e+03 1.563313376691390740e-16
7.466064880974150583e+03 1.510889445474667847e-16
7.506576454964604636e+03 1.459793481953431722e-16
7.547307848586062391e+03 1.409992005386179012e-16
7.588260254600618282e+03 1.361452374801449855e-16
7.629434872242430174e+03 1.314142768051530412e-16
7.670832907252791301e+03 1.268032161385627695e-16
7.712455571915461405e+03 1.223090309529537964e-16
7.754304085092187961e+03 1.179287726259418402e-16
7.796379672258354731e+03 1.136595665457537512e-16
7.838683565538901348e+03 1.094986102637975353e-16
7.881217003744382055e+03 1.054431716930823046e-16
7.923981232407280004e+03 1.014905873513458220e-16
7.966977503818432524e+03 9.763826064780079194e-17
8.010207077063731049e+03 9.388366021240829614e-17
8.053671218060979299e+03 9.022431826664035892e-17
8.097371199596994302e+03 8.665782903469990906e-17
8.141308301364832914e+03 8.318184719420991817e-17
8.185483810001292113e+03 7.979408636538480097e-17
8.229899019124575716e+03 7.649231763774300348e-17
8.274555229372204849e+03 7.327436813342785253e-17
8.319453748439062110e+03 7.013811960624063144e-17
8.364595891115710401e+03 6.708150707549344604e-17
8.409982979326883651e+03 6.410251749382927030e-17
8.455616342170229473e+03 6.119918844816428930e-17
8.501497315955180966e+03 5.836960689294229286e-17
8.547627244242119559e+03 5.561190791489169959e-17
8.594007477881701561e+03 5.292427352851485756e-17
8.640639375054459379e+03 5.030493150154311396e-17
8.687524301310508235e+03 4.775215420962628724e-17
8.734663629609578493e+03 4.526425751952111373e-17
8.782058740361204400e+03 4.283959970008320169e-17
8.829711021465172962e+03 4.047658036036915794e-17
8.877621868352125603e+03 3.817363941418342128e-17
8.925792684024450864e+03 3.592925607040852771e-17
8.974224879097346275e+03 3.374194784848658475e-17
9.022919871840174892e+03 3.161026961842355325e-17
9.071879088217932804e+03 2.953281266471744321e-17
9.121103961933036771e+03 2.750820377360850130e-17
9.170595934467335610e+03 2.553510434307843974e-17
9.220356455124270724e+03 2.361220951503792505e-17
9.270386981071345872e+03 2.173824732914614273e-17
9.320688977382787925e+03 1.991197789773125104e-17
9.371263917082478656e+03 1.813219260128567989e-17
9.422113281187042958e+03 1.639771330403049191e-17
9.473238558749249933e+03 1.470739158904557083e-17
9.524641246901597697e+03 1.306010801248521323e-17
9.576322850900201956e+03 1.145477137640173496e-17
9.628284884168802819e+03 9.890318019721535858e-18
9.680528868343139038e+03 8.365711126915425404e-18
9.733056333315471420e+03 6.879940053931053180e-18
9.785868817279435461e+03 5.432019670953672156e-18
9.838967866775019502e+03 4.020989721583451807e-18
9.892355036733893940e+03 2.645914198015450214e-18
9.946031890524925984e+03 1.305880731829610252e-18
1.000000000000000000e+04 0.000000000000000000e+00
