# z rho_DE(z)/rho_DE(0) S2_coupled_bh
0.000000000000000000e+00 1.000000000000000000e+00
5.000000000000000104e-03 9.999580897451840755e-01
1.000000000000000021e-02 9.999152913106736928e-01
1.499999999999999944e-02 9.998715915430739232e-01
2.000000000000000042e-02 9.998269771938802508e-01
2.500000000000000139e-02 9.997814349200372375e-01
2.999999999999999889e-02 9.997349512845061792e-01
3.500000000000000333e-02 9.996875127568444208e-01
4.000000000000000083e-02 9.996391057137951064e-01
4.499999999999999833e-02 9.995897164398872548e-01
5.000000000000000278e-02 9.995393311280467152e-01
5.500000000000000028e-02 9.994879358802170044e-01
5.999999999999999778e-02 9.994355167079909119e-01
6.500000000000000222e-02 9.993820595332520984e-01
7.000000000000000666e-02 9.993275501888272405e-01
7.499999999999999722e-02 9.992719744191477238e-01
8.000000000000000167e-02 9.992153178809216607e-01
8.500000000000000611e-02 9.991575661438163447e-01
8.999999999999999667e-02 9.990987046911503633e-01
9.500000000000000111e-02 9.990387189205955920e-01
1.000000000000000056e-01 9.989775941448890695e-01
1.049999999999999961e-01 9.989153155925550864e-01
1.100000000000000006e-01 9.988518684086372668e-01
1.150000000000000050e-01 9.987872376554399745e-01
1.199999999999999956e-01 9.987214083132798237e-01
1.250000000000000000e-01 9.986543652812471805e-01
1.300000000000000044e-01 9.985860933779779902e-01
1.350000000000000089e-01 9.985165773424338198e-01
1.400000000000000133e-01 9.984458018346942243e-01
1.449999999999999900e-01 9.983737514367563293e-01
1.499999999999999944e-01 9.983004106533467370e-01
1.549999999999999989e-01 9.982257639127418702e-01
1.600000000000000033e-01 9.981497955675985301e-01
1.650000000000000078e-01 9.980724898957952229e-01
1.700000000000000122e-01 9.979938311012824803e-01
1.750000000000000167e-01 9.979138033149439480e-01
1.799999999999999933e-01 9.978323905954675777e-01
1.849999999999999978e-01 9.977495769302265893e-01
1.900000000000000022e-01 9.976653462361713132e-01
1.950000000000000067e-01 9.975796823607308017e-01
2.000000000000000111e-01 9.974925690827252112e-01
2.050000000000000155e-01 9.974039901132886188e-01
2.099999999999999922e-01 9.973139290968020543e-01
2.149999999999999967e-01 9.972223696118374114e-01
2.200000000000000011e-01 9.971292951721121289e-01
2.250000000000000056e-01 9.970346892274546402e-01
2.300000000000000100e-01 9.969385351647804816e-01
2.350000000000000144e-01 9.968408163090797247e-01
2.399999999999999911e-01 9.967415159244156220e-01
2.449999999999999956e-01 9.966406172149334664e-01
2.500000000000000000e-01 9.965381033258817745e-01
2.550000000000000044e-01 9.964339573446450160e-01
2.600000000000000089e-01 9.963281623017868904e-01
2.650000000000000133e-01 9.962207011721057048e-01
2.700000000000000178e-01 9.961115568757020755e-01
2.750000000000000222e-01 9.960007122790573986e-01
2.800000000000000266e-01 9.958881501961254212e-01
2.850000000000000311e-01 9.957738533894349153e-01
2.899999999999999800e-01 9.956578045712058955e-01
2.949999999999999845e-01 9.955399864044766067e-01
2.999999999999999889e-01 9.954203815042443892e-01
3.049999999999999933e-01 9.952989724386185344e-01
3.099999999999999978e-01 9.951757417299860187e-01
3.150000000000000022e-01 9.950506718561902275e-01
3.200000000000000067e-01 9.949237452517230018e-01
3.250000000000000111e-01 9.947949443089287858e-01
3.300000000000000155e-01 9.946642513792237628e-01
3.350000000000000200e-01 9.945316487743275369e-01
3.400000000000000244e-01 9.943971187675075818e-01
3.450000000000000289e-01 9.942606435948394550e-01
3.500000000000000333e-01 9.941222054564794464e-01
3.549999999999999822e-01 9.939817865179512157e-01
3.599999999999999867e-01 9.938393689114473073e-01
3.649999999999999911e-01 9.936949347371452079e-01
3.699999999999999956e-01 9.935484660645360622e-01
3.750000000000000000e-01 9.933999449337708176e-01
3.800000000000000044e-01 9.932493533570180277e-01
3.850000000000000089e-01 9.930966733198391960e-01
3.900000000000000133e-01 9.929418867825771100e-01
3.950000000000000178e-01 9.927849756817607174e-01
4.000000000000000222e-01 9.926259219315242133e-01
4.050000000000000266e-01 9.924647074250426693e-01
4.100000000000000311e-01 9.923013140359816520e-01
4.150000000000000355e-01 9.921357236199640495e-01
4.199999999999999845e-01 9.919679180160516641e-01
4.249999999999999889e-01 9.917978790482431251e-01
4.299999999999999933e-01 9.916255885269876780e-01
4.349999999999999978e-01 9.914510282507147387e-01
4.400000000000000022e-01 9.912741800073811005e-01
4.450000000000000067e-01 9.910950255760320182e-01
4.500000000000000111e-01 9.909135467283813892e-01
4.550000000000000155e-01 9.907297252304068103e-01
4.600000000000000200e-01 9.905435428439615109e-01
4.650000000000000244e-01 9.903549813284034942e-01
4.700000000000000289e-01 9.901640224422413317e-01
4.750000000000000333e-01 9.899706479447966112e-01
4.799999999999999822e-01 9.897748395978840374e-01
4.849999999999999867e-01 9.895765791675070755e-01
4.899999999999999911e-01 9.893758484255730234e-01
4.949999999999999956e-01 9.891726291516231839e-01
5.000000000000000000e-01 9.889669031345814654e-01
5.050000000000000044e-01 9.887586521745198587e-01
5.100000000000000089e-01 9.885478580844416774e-01
5.150000000000000133e-01 9.883345026920812293e-01
5.200000000000000178e-01 9.881185678417223617e-01
5.250000000000000222e-01 9.879000353960328829e-01
5.300000000000000266e-01 9.876788872379180795e-01
5.350000000000000311e-01 9.874551052723902211e-01
5.400000000000000355e-01 9.872286714284561615e-01
5.450000000000000400e-01 9.869995676610232582e-01
5.500000000000000444e-01 9.867677759528212800e-01
5.550000000000000488e-01 9.865332783163427433e-01
5.600000000000000533e-01 9.862960567958006797e-01
5.650000000000000577e-01 9.860560934691032786e-01
5.700000000000000622e-01 9.858133704498464045e-01
5.750000000000000666e-01 9.855678698893234335e-01
5.799999999999999600e-01 9.853195739785521878e-01
5.849999999999999645e-01 9.850684649503185231e-01
5.899999999999999689e-01 9.848145250812387896e-01
5.949999999999999734e-01 9.845577366938368380e-01
5.999999999999999778e-01 9.842980821586404527e-01
6.049999999999999822e-01 9.840355438962927748e-01
6.099999999999999867e-01 9.837701043796819311e-01
6.149999999999999911e-01 9.835017461360860969e-01
6.199999999999999956e-01 9.832304517493353213e-01
6.250000000000000000e-01 9.829562038619905628e-01
6.300000000000000044e-01 9.826789851775380447e-01
6.350000000000000089e-01 9.823987784625998199e-01
6.400000000000000133e-01 9.821155665491604347e-01
6.450000000000000178e-01 9.818293323368088021e-01
6.500000000000000222e-01 9.815400587949968392e-01
6.550000000000000266e-01 9.812477289653113166e-01
6.600000000000000311e-01 9.809523259637629167e-01
6.650000000000000355e-01 9.806538329830888356e-01
6.700000000000000400e-01 9.803522332950702634e-01
6.750000000000000444e-01 9.800475102528647398e-01
6.800000000000000488e-01 9.797396472933516121e-01
6.850000000000000533e-01 9.794286279394927019e-01
6.900000000000000577e-01 9.791144358027054073e-01
6.950000000000000622e-01 9.787970545852495707e-01
7.000000000000000666e-01 9.784764680826268934e-01
7.049999999999999600e-01 9.781526601859940051e-01
7.099999999999999645e-01 9.778256148845861917e-01
7.149999999999999689e-01 9.774953162681550012e-01
7.199999999999999734e-01 9.771617485294158412e-01
7.249999999999999778e-01 9.768248959665079001e-01
7.299999999999999822e-01 9.764847429854643934e-01
7.349999999999999867e-01 9.761412741026933571e-01
7.399999999999999911e-01 9.757944739474688767e-01
7.449999999999999956e-01 9.754443272644311991e-01
7.500000000000000000e-01 9.750908189160971684e-01
7.550000000000000044e-01 9.747339338853786561e-01
7.600000000000000089e-01 9.743736572781094285e-01
7.650000000000000133e-01 9.740099743255801190e-01
7.700000000000000178e-01 9.736428703870803059e-01
7.750000000000000222e-01 9.732723309524482502e-01
7.800000000000000266e-01 9.728983416446257415e-01
7.850000000000000311e-01 9.725208882222200479e-01
7.900000000000000355e-01 9.721399565820704192e-01
7.950000000000000400e-01 9.717555327618201400e-01
8.000000000000000444e-01 9.713676029424920255e-01
8.050000000000000488e-01 9.709761534510682468e-01
8.100000000000000533e-01 9.705811707630730423e-01
8.150000000000000577e-01 9.701826415051578723e-01
8.200000000000000622e-01 9.697805524576892378e-01
8.250000000000000666e-01 9.693748905573362773e-01
8.300000000000000711e-01 9.689656428996606952e-01
8.349999999999999645e-01 9.685527967417059125e-01
8.399999999999999689e-01 9.681363395045856635e-01
8.449999999999999734e-01 9.677162587760717027e-01
8.499999999999999778e-01 9.672925423131794043e-01
8.549999999999999822e-01 9.668651780447504729e-01
8.599999999999999867e-01 9.664341540740327696e-01
8.649999999999999911e-01 9.659994586812563622e-01
8.699999999999999956e-01 9.655610803262038022e-01
8.750000000000000000e-01 9.651190076507769611e-01
8.800000000000000044e-01 9.646732294815548725e-01
8.850000000000000089e-01 9.642237348323475787e-01
8.900000000000000133e-01 9.637705129067403176e-01
8.950000000000000178e-01 9.633135531006304930e-01
9.000000000000000222e-01 9.628528450047543208e-01
9.050000000000000266e-01 9.623883784072049252e-01
9.100000000000000311e-01 9.619201432959378906e-01
9.150000000000000355e-01 9.614481298612672644e-01
9.200000000000000400e-01 9.609723284983475722e-01
9.250000000000000444e-01 9.604927298096435084e-01
9.300000000000000488e-01 9.600093246073849729e-01
9.350000000000000533e-01 9.595221039160085619e-01
9.400000000000000577e-01 9.590310589745817405e-01
9.450000000000000622e-01 9.585361812392115821e-01
9.500000000000000666e-01 9.580374623854359672e-01
9.550000000000000711e-01 9.575348943105962407e-01
9.599999999999999645e-01 9.570284691361914398e-01
9.649999999999999689e-01 9.565181792102118719e-01
9.699999999999999734e-01 9.560040171094524863e-01
9.749999999999999778e-01 9.554859756418043748e-01
9.799999999999999822e-01 9.549640478485231787e-01
9.849999999999999867e-01 9.544382270064754037e-01
9.899999999999999911e-01 9.539085066303594207e-01
9.949999999999999956e-01 9.533748804749008210e-01
1.000000000000000000e+00 9.528373425370234573e-01
1.005000000000000115e+00 9.522958870579915081e-01
1.010000000000000009e+00 9.517505085255252295e-01
1.015000000000000124e+00 9.512012016758873978e-01
1.020000000000000018e+00 9.506479614959397750e-01
1.024999999999999911e+00 9.500907832251697105e-01
1.030000000000000027e+00 9.495296623576849893e-01
1.034999999999999920e+00 9.489645946441764846e-01
1.040000000000000036e+00 9.483955760938477253e-01
1.044999999999999929e+00 9.478226029763102689e-01
1.050000000000000044e+00 9.472456718234441020e-01
1.054999999999999938e+00 9.466647794312226250e-01
1.060000000000000053e+00 9.460799228615006662e-01
1.064999999999999947e+00 9.454910994437649707e-01
1.070000000000000062e+00 9.448983067768461641e-01
1.074999999999999956e+00 9.443015427305921916e-01
1.080000000000000071e+00 9.437008054475006791e-01
1.084999999999999964e+00 9.430960933443109928e-01
1.090000000000000080e+00 9.424874051135545550e-01
1.094999999999999973e+00 9.418747397250623044e-01
1.100000000000000089e+00 9.412580964274287476e-01
1.104999999999999982e+00 9.406374747494320454e-01
1.110000000000000098e+00 9.400128745014093568e-01
1.114999999999999991e+00 9.393842957765851098e-01
1.120000000000000107e+00 9.387517389523545308e-01
1.125000000000000000e+00 9.381152046915185450e-01
1.130000000000000115e+00 9.374746939434709381e-01
1.135000000000000009e+00 9.368302079453371123e-01
1.140000000000000124e+00 9.361817482230624377e-01
1.145000000000000018e+00 9.355293165924515320e-01
1.150000000000000133e+00 9.348729151601554710e-01
1.155000000000000027e+00 9.342125463246078176e-01
1.159999999999999920e+00 9.335482127769085814e-01
1.165000000000000036e+00 9.328799175016548872e-01
1.169999999999999929e+00 9.322076637777184649e-01
1.175000000000000044e+00 9.315314551789679598e-01
1.179999999999999938e+00 9.308512955749382867e-01
1.185000000000000053e+00 9.301671891314424734e-01
1.189999999999999947e+00 9.294791403111289929e-01
1.195000000000000062e+00 9.287871538739820299e-01
1.199999999999999956e+00 9.280912348777650145e-01
1.205000000000000071e+00 9.273913886784065363e-01
1.209999999999999964e+00 9.266876209303283041e-01
1.215000000000000080e+00 9.259799375867141524e-01
1.219999999999999973e+00 9.252683448997210958e-01
1.225000000000000089e+00 9.245528494206303183e-01
1.229999999999999982e+00 9.238334579999387675e-01
1.235000000000000098e+00 9.231101777873904624e-01
1.239999999999999991e+00 9.223830162319477388e-01
1.245000000000000107e+00 9.216519810817009883e-01
1.250000000000000000e+00 9.209170803837185559e-01
1.255000000000000115e+00 9.201783224838337993e-01
1.260000000000000009e+00 9.194357160263717521e-01
1.265000000000000124e+00 9.186892699538135032e-01
1.270000000000000018e+00 9.179389935063984041e-01
1.275000000000000133e+00 9.171848962216643253e-01
1.280000000000000027e+00 9.164269879339254077e-01
1.284999999999999920e+00 9.156652787736873078e-01
1.290000000000000036e+00 9.148997791670003821e-01
1.294999999999999929e+00 9.141304998347488109e-01
1.300000000000000044e+00 9.133574517918791047e-01
1.304999999999999938e+00 9.125806463465637730e-01
1.310000000000000053e+00 9.118000950993041531e-01
1.314999999999999947e+00 9.110158099419685129e-01
1.320000000000000062e+00 9.102278030567698686e-01
1.324999999999999956e+00 9.094360869151794091e-01
1.330000000000000071e+00 9.086406742767781930e-01
1.334999999999999964e+00 9.078415781880471158e-01
1.340000000000000080e+00 9.070388119810934846e-01
1.344999999999999973e+00 9.062323892723170848e-01
1.350000000000000089e+00 9.054223239610137419e-01
1.354999999999999982e+00 9.046086302279174873e-01
1.360000000000000098e+00 9.037913225336822176e-01
1.364999999999999991e+00 9.029704156173019580e-01
1.370000000000000107e+00 9.021459244944709521e-01
1.375000000000000000e+00 9.013178644558832442e-01
1.380000000000000115e+00 9.004862510654733088e-01
1.385000000000000009e+00 8.996511001585967282e-01
1.390000000000000124e+00 8.988124278401519174e-01
1.395000000000000018e+00 8.979702504826446718e-01
1.400000000000000133e+00 8.971245847241928750e-01
1.405000000000000027e+00 8.962754474664759163e-01
1.409999999999999920e+00 8.954228558726261555e-01
1.415000000000000036e+00 8.945668273650638769e-01
1.419999999999999929e+00 8.937073796232782863e-01
1.425000000000000044e+00 8.928445305815513322e-01
1.429999999999999938e+00 8.919782984266295678e-01
1.435000000000000053e+00 8.911087015953398360e-01
1.439999999999999947e+00 8.902357587721544396e-01
1.445000000000000062e+00 8.893594888867027981e-01
1.449999999999999956e+00 8.884799111112315906e-01
1.455000000000000071e+00 8.875970448580149386e-01
1.459999999999999964e+00 8.867109097767145176e-01
1.465000000000000080e+00 8.858215257516900420e-01
1.469999999999999973e+00 8.849289128992621212e-01
1.475000000000000089e+00 8.840330915649279309e-01
1.479999999999999982e+00 8.831340823205297008e-01
1.485000000000000098e+00 8.822319059613785708e-01
1.489999999999999991e+00 8.813265835033328166e-01
1.495000000000000107e+00 8.804181361798334438e-01
1.500000000000000000e+00 8.795065854388960380e-01
1.505000000000000115e+00 8.785919529400619821e-01
1.510000000000000009e+00 8.776742605513077056e-01
1.515000000000000124e+00 8.767535303459149665e-01
1.520000000000000018e+00 8.758297845993027186e-01
1.525000000000000133e+00 8.749030457858202325e-01
1.530000000000000027e+00 8.739733365755045780e-01
1.535000000000000142e+00 8.730406798308024685e-01
1.540000000000000036e+00 8.721050986032570229e-01
1.544999999999999929e+00 8.711666161301617750e-01
1.550000000000000044e+00 8.702252558311825981e-01
1.554999999999999938e+00 8.692810413049478768e-01
1.560000000000000053e+00 8.683339963256092586e-01
1.564999999999999947e+00 8.673841448393733167e-01
1.570000000000000062e+00 8.664315109610057908e-01
1.574999999999999956e+00 8.654761189703089608e-01
1.580000000000000071e+00 8.645179933085738178e-01
1.584999999999999964e+00 8.635571585750086987e-01
1.590000000000000080e+00 8.625936395231438292e-01
1.594999999999999973e+00 8.616274610572147719e-01
1.600000000000000089e+00 8.606586482285256690e-01
1.604999999999999982e+00 8.596872262317919455e-01
1.610000000000000098e+00 8.587132204014655823e-01
1.614999999999999991e+00 8.577366562080444012e-01
1.620000000000000107e+00 8.567575592543629215e-01
1.625000000000000000e+00 8.557759552718713358e-01
1.630000000000000115e+00 8.547918701169001654e-01
1.635000000000000009e+00 8.538053297669122577e-01
1.640000000000000124e+00 8.528163603167443485e-01
1.645000000000000018e+00 8.518249879748391873e-01
1.650000000000000133e+00 8.508312390594690022e-01
1.655000000000000027e+00 8.498351399949509721e-01
1.660000000000000142e+00 8.488367173078580352e-01
1.665000000000000036e+00 8.478359976232231476e-01
1.669999999999999929e+00 8.468330076607414325e-01
1.675000000000000044e+00 8.458277742309685543e-01
1.679999999999999938e+00 8.448203242315186490e-01
1.685000000000000053e+00 8.438106846432615882e-01
1.689999999999999947e+00 8.427988825265215755e-01
1.695000000000000062e+00 8.417849450172771864e-01
1.699999999999999956e+00 8.407688993233666253e-01
1.705000000000000071e+00 8.397507727206948713e-01
1.709999999999999964e+00 8.387305925494488168e-01
1.715000000000000080e+00 8.377083862103169576e-01
1.719999999999999973e+00 8.366841811607194090e-01
1.725000000000000089e+00 8.356580049110443609e-01
1.729999999999999982e+00 8.346298850208967446e-01
1.735000000000000098e+00 8.335998490953560047e-01
1.739999999999999991e+00 8.325679247812480810e-01
1.745000000000000107e+00 8.315341397634288256e-01
1.750000000000000000e+00 8.304985217610832970e-01
1.755000000000000115e+00 8.294610985240388201e-01
1.760000000000000009e+00 8.284218978290954771e-01
1.765000000000000124e+00 8.273809474763734739e-01
1.770000000000000018e+00 8.263382752856790470e-01
1.775000000000000133e+00 8.252939090928886889e-01
1.780000000000000027e+00 8.242478767463551348e-01
1.785000000000000142e+00 8.232002061033331097e-01
1.790000000000000036e+00 8.221509250264277258e-01
1.794999999999999929e+00 8.211000613800656378e-01
1.800000000000000044e+00 8.200476430269899586e-01
1.804999999999999938e+00 8.189936978247797095e-01
1.810000000000000053e+00 8.179382536223954725e-01
1.814999999999999947e+00 8.168813382567504666e-01
1.820000000000000062e+00 8.158229795493091574e-01
1.824999999999999956e+00 8.147632053027136223e-01
1.830000000000000071e+00 8.137020432974386708e-01
1.834999999999999964e+00 8.126395212884768293e-01
1.840000000000000080e+00 8.115756670020523034e-01
1.844999999999999973e+00 8.105105081323668026e-01
1.850000000000000089e+00 8.094440723383765635e-01
1.854999999999999982e+00 8.083763872406016793e-01
1.860000000000000098e+00 8.073074804179678488e-01
1.864999999999999991e+00 8.062373794046820974e-01
1.870000000000000107e+00 8.051661116871421386e-01
1.875000000000000000e+00 8.040937047008807070e-01
1.880000000000000115e+00 8.030201858275448634e-01
1.885000000000000009e+00 8.019455823919111603e-01
1.890000000000000124e+00 8.008699216589368897e-01
1.895000000000000018e+00 7.997932308308485227e-01
1.900000000000000133e+00 7.987155370442666769e-01
1.905000000000000027e+00 7.976368673673694953e-01
1.910000000000000142e+00 7.965572487970939974e-01
1.915000000000000036e+00 7.954767082563753977e-01
1.919999999999999929e+00 7.943952725914262825e-01
1.925000000000000044e+00 7.933129685690540889e-01
1.929999999999999938e+00 7.922298228740195514e-01
1.935000000000000053e+00 7.911458621064338947e-01
1.939999999999999947e+00 7.900611127791973276e-01
1.945000000000000062e+00 7.889756013154768377e-01
1.949999999999999956e+00 7.878893540462271750e-01
1.955000000000000071e+00 7.868023972077501371e-01
1.959999999999999964e+00 7.857147569392979314e-01
1.965000000000000080e+00 7.846264592807157268e-01
1.969999999999999973e+00 7.835375301701283934e-01
1.975000000000000089e+00 7.824479954416669880e-01
1.979999999999999982e+00 7.813578808232387596e-01
1.985000000000000098e+00 7.802672119343393442e-01
1.989999999999999991e+00 7.791760142839064818e-01
1.995000000000000107e+00 7.780843132682169205e-01
2.000000000000000000e+00 7.769921341688266203e-01
2.004999999999999893e+00 7.758995021505512568e-01
2.010000000000000231e+00 7.748064422594921341e-01
2.015000000000000124e+00 7.737129794211035083e-01
2.020000000000000018e+00 7.726191384383017668e-01
2.024999999999999911e+00 7.715249439896196826e-01
2.030000000000000249e+00 7.704304206274008582e-01
2.035000000000000142e+00 7.693355927760390234e-01
2.040000000000000036e+00 7.682404847302579665e-01
2.044999999999999929e+00 7.671451206534359857e-01
2.049999999999999822e+00 7.660495245759710858e-01
2.055000000000000160e+00 7.649537203936898067e-01
2.060000000000000053e+00 7.638577318662982396e-01
2.064999999999999947e+00 7.627615826158734569e-01
2.069999999999999840e+00 7.616652961253997933e-01
2.075000000000000178e+00 7.605688957373444303e-01
2.080000000000000071e+00 7.594724046522765004e-01
2.084999999999999964e+00 7.583758459275266040e-01
2.089999999999999858e+00 7.572792424758872931e-01
2.095000000000000195e+00 7.561826170643564105e-01
2.100000000000000089e+00 7.550859923129198403e-01
2.104999999999999982e+00 7.539893906933745615e-01
2.109999999999999876e+00 7.528928345281938883e-01
2.115000000000000213e+00 7.517963459894310141e-01
2.120000000000000107e+00 7.506999470976638555e-01
2.125000000000000000e+00 7.496036597209781993e-01
2.129999999999999893e+00 7.485075055739914829e-01
2.135000000000000231e+00 7.474115062169145451e-01
2.140000000000000124e+00 7.463156830546530118e-01
2.145000000000000018e+00 7.452200573359463176e-01
2.149999999999999911e+00 7.441246501525452528e-01
2.155000000000000249e+00 7.430294824384270358e-01
2.160000000000000142e+00 7.419345749690482439e-01
2.165000000000000036e+00 7.408399483606342706e-01
2.169999999999999929e+00 7.397456230695060864e-01
2.175000000000000266e+00 7.386516193914424155e-01
2.180000000000000160e+00 7.375579574610793276e-01
2.185000000000000053e+00 7.364646572513438016e-01
2.189999999999999947e+00 7.353717385729241496e-01
2.194999999999999840e+00 7.342792210737735248e-01
2.200000000000000178e+00 7.331871242386498455e-01
2.205000000000000071e+00 7.320954673886881370e-01
2.209999999999999964e+00 7.310042696810074014e-01
2.214999999999999858e+00 7.299135501083499067e-01
2.220000000000000195e+00 7.288233274987545585e-01
2.225000000000000089e+00 7.277336205152616921e-01
2.229999999999999982e+00 7.266444476556500609e-01
2.234999999999999876e+00 7.255558272522050212e-01
2.240000000000000213e+00 7.244677774715188034e-01
2.245000000000000107e+00 7.233803163143207593e-01
2.250000000000000000e+00 7.222934616153376952e-01
2.254999999999999893e+00 7.212072310431848488e-01
2.260000000000000231e+00 7.201216421002849533e-01
2.265000000000000124e+00 7.190367121228177227e-01
2.270000000000000018e+00 7.179524582806967592e-01
2.274999999999999911e+00 7.168688975775744376e-01
2.280000000000000249e+00 7.157860468508755458e-01
2.285000000000000142e+00 7.147039227718567922e-01
2.290000000000000036e+00 7.136225418456936254e-01
2.294999999999999929e+00 7.125419204115928107e-01
2.300000000000000266e+00 7.114620746429316522e-01
2.305000000000000160e+00 7.103830205474219728e-01
2.310000000000000053e+00 7.093047739672985186e-01
2.314999999999999947e+00 7.082273505795330104e-01
2.319999999999999840e+00 7.071507658960710652e-01
2.325000000000000178e+00 7.060750352640932093e-01
2.330000000000000071e+00 7.050001738662989847e-01
2.334999999999999964e+00 7.039261967212132598e-01
2.339999999999999858e+00 7.028531186835151878e-01
2.345000000000000195e+00 7.017809544443885938e-01
2.350000000000000089e+00 7.007097185318943433e-01
2.354999999999999982e+00 6.996394253113620287e-01
2.359999999999999876e+00 6.985700889858039719e-01
2.365000000000000213e+00 6.975017235963473228e-01
2.370000000000000107e+00 6.964343430226879184e-01
2.375000000000000000e+00 6.953679609835607955e-01
2.379999999999999893e+00 6.943025910372310205e-01
2.385000000000000231e+00 6.932382465820020601e-01
2.390000000000000124e+00 6.921749408567425821e-01
2.395000000000000018e+00 6.911126869414297991e-01
2.399999999999999911e+00 6.900514977577099085e-01
2.405000000000000249e+00 6.889913860694759640e-01
2.410000000000000142e+00 6.879323644834608453e-01
2.415000000000000036e+00 6.868744454498465490e-01
2.419999999999999929e+00 6.858176412628880225e-01
2.425000000000000266e+00 6.847619640615530967e-01
2.430000000000000160e+00 6.837074258301758523e-01
2.435000000000000053e+00 6.826540383991241967e-01
2.439999999999999947e+00 6.816018134454817634e-01
2.444999999999999840e+00 6.805507624937424671e-01
2.450000000000000178e+00 6.795008969165182711e-01
2.455000000000000071e+00 6.784522279352596108e-01
2.459999999999999964e+00 6.774047666209873642e-01
2.464999999999999858e+00 6.763585238950371448e-01
2.470000000000000195e+00 6.753135105298150309e-01
2.475000000000000089e+00 6.742697371495639524e-01
2.479999999999999982e+00 6.732272142311408469e-01
2.484999999999999876e+00 6.721859521048039188e-01
2.490000000000000213e+00 6.711459609550107785e-01
2.495000000000000107e+00 6.701072508212251311e-01
2.500000000000000000e+00 6.690698315987327893e-01
2.504999999999999893e+00 6.680337130394674583e-01
2.510000000000000231e+00 6.669989047528438464e-01
2.515000000000000124e+00 6.659654162066004357e-01
2.520000000000000018e+00 6.649332567276483585e-01
2.524999999999999911e+00 6.639024355029300439e-01
2.530000000000000249e+00 6.628729615802829711e-01
2.535000000000000142e+00 6.618448438693123048e-01
2.540000000000000036e+00 6.608180911422680825e-01
2.544999999999999929e+00 6.597927120349307284e-01
2.550000000000000266e+00 6.587687150475013409e-01
2.555000000000000160e+00 6.577461085454986423e-01
2.560000000000000053e+00 6.567249007606595912e-01
2.564999999999999947e+00 6.557050997918476565e-01
2.569999999999999840e+00 6.546867136059639769e-01
2.575000000000000178e+00 6.536697500388637394e-01
2.580000000000000071e+00 6.526542167962772201e-01
2.584999999999999964e+00 6.516401214547344889e-01
2.589999999999999858e+00 6.506274714624935562e-01
2.595000000000000195e+00 6.496162741404730712e-01
2.600000000000000089e+00 6.486065366831872403e-01
2.604999999999999982e+00 6.475982661596840773e-01
2.609999999999999876e+00 6.465914695144866498e-01
2.615000000000000213e+00 6.455861535685366581e-01
2.620000000000000107e+00 6.445823250201405674e-01
2.625000000000000000e+00 6.435799904459171827e-01
2.629999999999999893e+00 6.425791563017471120e-01
2.635000000000000231e+00 6.415798289237250041e-01
2.640000000000000124e+00 6.405820145291116763e-01
2.645000000000000018e+00 6.395857192172881289e-01
2.649999999999999911e+00 6.385909489707103370e-01
2.655000000000000249e+00 6.375977096558644863e-01
2.660000000000000142e+00 6.366060070242240965e-01
2.665000000000000036e+00 6.356158467132054790e-01
2.669999999999999929e+00 6.346272342471245276e-01
2.675000000000000266e+00 6.336401750381535081e-01
2.680000000000000160e+00 6.326546743872775158e-01
2.685000000000000053e+00 6.316707374852499335e-01
2.689999999999999947e+00 6.306883694135480001e-01
2.694999999999999840e+00 6.297075751453274917e-01
2.700000000000000178e+00 6.287283595463759589e-01
2.705000000000000071e+00 6.277507273760658535e-01
2.709999999999999964e+00 6.267746832883052122e-01
2.714999999999999858e+00 6.258002318324878965e-01
2.720000000000000195e+00 6.248273774544418346e-01
2.725000000000000089e+00 6.238561244973753750e-01
2.729999999999999982e+00 6.228864772028220864e-01
2.734999999999999876e+00 6.219184397115836704e-01
2.740000000000000213e+00 6.209520160646699871e-01
2.745000000000000107e+00 6.199872102042380817e-01
2.750000000000000000e+00 6.190240259745274365e-01
2.754999999999999893e+00 6.180624671227931133e-01
2.760000000000000231e+00 6.171025373002370085e-01
2.765000000000000124e+00 6.161442400629354443e-01
2.770000000000000018e+00 6.151875788727637628e-01
2.774999999999999911e+00 6.142325570983184768e-01
2.780000000000000249e+00 6.132791780158359796e-01
2.785000000000000142e+00 6.123274448101087009e-01
2.790000000000000036e+00 6.113773605753961560e-01
2.794999999999999929e+00 6.104289283163344404e-01
2.800000000000000266e+00 6.094821509488410616e-01
2.805000000000000160e+00 6.085370313010172172e-01
2.810000000000000053e+00 6.075935721140445223e-01
2.814999999999999947e+00 6.066517760430796269e-01
2.819999999999999840e+00 6.057116456581442820e-01
2.825000000000000178e+00 6.047731834450111865e-01
2.830000000000000071e+00 6.038363918060863922e-01
2.834999999999999964e+00 6.029012730612866022e-01
2.839999999999999858e+00 6.019678294489132497e-01
2.845000000000000195e+00 6.010360631265215803e-01
2.850000000000000089e+00 6.001059761717858487e-01
2.854999999999999982e+00 5.991775705833596311e-01
2.859999999999999876e+00 5.982508482817319173e-01
2.865000000000000213e+00 5.973258111100780976e-01
2.870000000000000107e+00 5.964024608351080614e-01
2.875000000000000000e+00 5.954807991479067475e-01
2.879999999999999893e+00 5.945608276647728063e-01
2.885000000000000231e+00 5.936425479280504902e-01
2.890000000000000124e+00 5.927259614069579907e-01
2.895000000000000018e+00 5.918110694984098918e-01
2.899999999999999911e+00 5.908978735278350714e-01
2.905000000000000249e+00 5.899863747499901612e-01
2.910000000000000142e+00 5.890765743497674567e-01
2.915000000000000036e+00 5.881684734429974970e-01
2.919999999999999929e+00 5.872620730772469821e-01
2.925000000000000266e+00 5.863573742326116944e-01
2.930000000000000160e+00 5.854543778225040906e-01
2.935000000000000053e+00 5.845530846944352321e-01
2.939999999999999947e+00 5.836534956307924960e-01
2.944999999999999840e+00 5.827556113496108470e-01
2.950000000000000178e+00 5.818594325053398908e-01
2.955000000000000071e+00 5.809649596896052648e-01
2.959999999999999964e+00 5.800721934319641448e-01
2.964999999999999858e+00 5.791811342006563113e-01
2.970000000000000195e+00 5.782917824033492193e-01
2.975000000000000089e+00 5.774041383878785183e-01
2.979999999999999982e+00 5.765182024429814645e-01
2.984999999999999876e+00 5.756339747990270039e-01
2.990000000000000213e+00 5.747514556287390830e-01
2.995000000000000107e+00 5.738706450479151844e-01
3.000000000000000000e+00 5.729915431161386463e-01
3.016278283661995019e+00 5.701413250082176809e-01
3.032644894830316851e+00 5.672938947475181237e-01
3.049100312778366018e+00 5.644494560930380933e-01
3.065645019380127234e+00 5.616082098590952087e-01
3.082279499124278122e+00 5.587703538850296026e-01
3.099004239128376970e+00 5.559360830077092475e-01
3.115819729153128659e+00 5.531055890367847505e-01
3.132726461616726965e+00 5.502790607326384364e-01
3.149724931609271916e+00 5.474566837869719871e-01
3.166815636907269749e+00 5.446386408059711304e-01
3.183999077988208803e+00 5.418251112959889815e-01
3.201275758045216691e+00 5.390162716516826436e-01
3.218646183001792505e+00 5.362122951465442267e-01
3.236110861526626081e+00 5.334133519257547862e-01
3.253670305048490530e+00 5.306196090013021172e-01
3.271325027771220029e+00 5.278312302492904617e-01
3.289075546688768004e+00 5.250483764093776262e-01
3.306922381600344796e+00 5.222712050862705624e-01
3.324866055125641484e+00 5.194998707532112459e-01
3.342907092720132756e+00 5.167345247573852385e-01
3.361046022690463708e+00 5.139753153271831021e-01
3.379283376209922363e+00 5.112223875812468288e-01
3.397619687333991667e+00 5.084758835392337861e-01
3.416055493015992095e+00 5.057359421342282335e-01
3.434591333122802403e+00 5.030026992267354613e-01
3.453227750450669653e+00 5.002762876201890530e-01
3.471965290741105381e+00 4.975568370779059335e-01
3.490804502696867484e+00 4.948444743414243119e-01
3.509745937998022924e+00 4.921393231501579590e-01
3.528790151318112578e+00 4.894415042623026513e-01
3.547937700340381806e+00 4.867511354769354370e-01
3.567189145774124270e+00 4.840683316572373385e-01
3.586545051371091031e+00 4.813932047547869741e-01
3.606005983942005333e+00 4.787258638348583784e-01
3.625572513373158223e+00 4.760664151026677282e-01
3.645245212643098309e+00 4.734149619305110801e-01
3.665024657839409450e+00 4.707716048857358837e-01
3.684911428175581705e+00 4.681364417594923166e-01
3.704906106007971101e+00 4.655095675962105939e-01
3.725009276852856210e+00 4.628910747237512946e-01
3.745221529403580440e+00 4.602810527841796340e-01
3.765543455547794682e+00 4.576795887651116668e-01
3.785975650384786562e+00 4.550867670315872915e-01
3.806518712242909608e+00 4.525026693584206505e-01
3.827173242697103461e+00 4.499273749629847385e-01
3.847939846586510448e+00 4.473609605383856991e-01
3.868819132032186747e+00 4.448035002869842325e-01
3.889811710454910809e+00 4.422550659542239804e-01
3.910918196593089036e+00 4.397157268627262527e-01
3.932139208520756046e+00 4.371855499466145156e-01
3.953475367665673534e+00 4.346645997860308919e-01
3.974927298827530819e+00 4.321529386418093144e-01
3.996495630196238213e+00 4.296506264902724137e-01
4.018180993370322973e+00 4.271577210581191109e-01
4.039984023375430056e+00 4.246742778573706079e-01
4.061905358682906808e+00 4.222003502203479641e-01
4.083945641228513779e+00 4.197359893346479520e-01
4.106105516431208358e+00 4.172812442780958198e-01
4.128385633212058536e+00 4.148361620536423766e-01
4.150786644013234827e+00 4.124007876241871928e-01
4.173309204817123863e+00 4.099751639472982156e-01
4.195953975165532590e+00 4.075593320098103156e-01
4.218721618179006150e+00 4.051533308622781160e-01
4.241612800576242570e+00 4.027571976532647868e-01
4.264628192693618480e+00 4.003709676634469306e-01
4.287768468504821406e+00 3.979946743395174069e-01
4.311034305640580655e+00 3.956283493278700547e-01
4.334426385408517213e+00 3.932720225080491572e-01
4.357945392813088681e+00 3.909257220259495513e-01
4.381592016575654114e+00 3.885894743267526152e-01
4.405366949154637446e+00 3.862633041875855877e-01
4.429270886765809934e+00 3.839472347498912863e-01
4.453304529402672962e+00 3.816412875514981762e-01
4.477468580856960756e+00 3.793454825583776335e-01
4.501763748739247006e+00 3.770598381960819090e-01
4.526190744499668739e+00 3.747843713808508559e-01
4.550750283448755873e+00 3.725190975503812063e-01
4.575443084778383351e+00 3.702640306942495685e-01
4.600269871582828962e+00 3.680191833839827065e-01
4.625231370879946624e+00 3.657845668027694952e-01
4.650328313632460464e+00 3.635601907748074457e-01
4.675561434769365476e+00 3.613460637942809139e-01
4.700931473207450750e+00 3.591421930539644980e-01
4.726439171872942602e+00 3.569485844734491264e-01
4.752085277723245405e+00 3.547652427269880615e-01
4.777870541768836077e+00 3.525921712709569888e-01
4.803795719095235839e+00 3.504293723709309138e-01
4.829861568885140066e+00 3.482768471283702039e-01
4.856068854440632521e+00 3.461345955069203839e-01
4.882418343205554123e+00 3.440026163583188024e-01
4.908910806787963210e+00 3.418809074479126076e-01
4.935547020982738786e+00 3.397694654797845937e-01
4.962327765794295686e+00 3.376682861214884146e-01
4.989253825459426750e+00 3.355773640283935544e-01
5.016325988470267561e+00 3.334966928676404985e-01
5.043545047597385533e+00 3.314262653417078819e-01
5.070911799912999562e+00 3.293660732115916701e-01
5.098427046814313357e+00 3.273161073196005910e-01
5.126091594046989997e+00 3.252763576117662647e-01
5.153906251728744614e+00 3.232468131598734695e-01
5.181871834373067642e+00 3.212274621831108234e-01
5.209989160913076844e+00 3.192182920693455994e-01
5.238259054725498132e+00 3.172192893960247284e-01
5.266682343654776055e+00 3.152304399507057098e-01
5.295259860037320188e+00 3.132517287512194271e-01
5.323992440725874964e+00 3.112831400654696989e-01
5.352880927114025411e+00 3.093246574308720631e-01
5.381926165160838771e+00 3.073762636734347908e-01
5.411129005415641124e+00 3.054379409264870726e-01
5.440490303042907705e+00 3.035096706490587604e-01
5.470010917847330845e+00 3.015914336439115551e-01
5.499691714298972300e+00 2.996832100752320205e-01
5.529533561558600319e+00 2.977849794859840360e-01
5.559537333503123513e+00 2.958967208149301253e-01
5.589703908751196160e+00 2.940184124133220500e-01
5.620034170688932740e+00 2.921500320612675505e-01
5.650529007495793898e+00 2.902915569837752341e-01
5.681189312170575434e+00 2.884429638664851581e-01
5.712015982557578475e+00 2.866042288710854979e-01
5.743009921372884463e+00 2.847753276504236819e-01
5.774172036230804217e+00 2.829562353633130467e-01
5.805503239670445126e+00 2.811469266890423979e-01
5.837004449182440879e+00 2.793473758415909169e-01
5.868676587235813535e+00 2.775575565835538550e-01
5.900520581304991019e+00 2.757774422397832881e-01
5.932537363896964955e+00 2.740070057107481527e-01
5.964727872578597712e+00 2.722462194856191675e-01
5.997093050004078663e+00 2.704950556550813623e-01
6.029633843942526994e+00 2.687534859238802643e-01
6.062351207305747280e+00 2.670214816231052946e-01
6.095246098176134275e+00 2.652990137222151490e-01
6.128319479834726913e+00 2.635860528408098258e-01
6.161572320789420409e+00 2.618825692601525201e-01
6.195005594803322246e+00 2.601885329344475473e-01
6.228620280923274244e+00 2.585039135018769585e-01
6.262417363508514967e+00 2.568286802954012904e-01
6.296397832259511773e+00 2.551628023533276668e-01
6.330562682246942963e+00 2.535062484296504159e-01
6.364912913940826478e+00 2.518589870041683110e-01
6.399449533239836008e+00 2.502209862923809869e-01
6.434173551500734334e+00 2.485922142551714731e-01
6.469085985568014507e+00 2.469726386082754521e-01
6.504187857803650274e+00 2.453622268315452382e-01
6.539480196117061439e+00 2.437609461780074482e-01
6.574964033995191137e+00 2.421687636827237478e-01
6.610640410532788280e+00 2.405856461714536709e-01
6.646510370462820561e+00 2.390115602691268715e-01
6.682574964187083744e+00 2.374464724081259137e-01
6.718835247806942412e+00 2.358903488363856271e-01
6.755292283154280319e+00 2.343431556253099957e-01
6.791947137822570646e+00 2.328048586775134654e-01
6.828800885198154091e+00 2.312754237343869756e-01
6.865854604491666180e+00 2.297548163834940982e-01
6.903109380769643089e+00 2.282430020658002545e-01
6.940566304986291790e+00 2.267399460827384250e-01
6.978226474015442271e+00 2.252456136031142642e-01
7.016090990682664064e+00 2.237599696698545360e-01
7.054160963797563966e+00 2.222829792066015053e-01
7.092437508186253403e+00 2.208146070241567283e-01
7.130921744723996092e+00 2.193548178267774040e-01
7.169614800368031560e+00 2.179035762183279823e-01
7.208517808190573639e+00 2.164608467082906051e-01
7.247631907411996366e+00 2.150265937176364106e-01
7.286958243434187743e+00 2.136007815845618607e-01
7.326497967874100681e+00 2.121833745700914264e-01
7.366252238597460256e+00 2.107743368635512093e-01
7.406222219752693903e+00 2.093736325879138049e-01
7.446409081804993058e+00 2.079812258050202645e-01
7.486814001570620825e+00 2.065970805206780725e-01
7.527438162251339548e+00 2.052211606896418017e-01
7.568282753469092405e+00 2.038534302204746684e-01
7.609348971300808451e+00 2.024938529802977616e-01
7.650638018313459021e+00 2.011423927994253069e-01
7.692151103599239370e+00 1.997990134758924063e-01
7.733889442811014092e+00 1.984636787798730040e-01
7.775854258197873570e+00 1.971363524579958226e-01
7.818046778640967531e+00 1.958169982375545515e-01
7.860468239689453185e+00 1.945055798306203620e-01
7.903119883596708917e+00 1.932020609380535603e-01
7.946002959356689210e+00 1.919064052534209530e-01
7.989118722740508716e+00 1.906185764668179849e-01
8.032468436333216388e+00 1.893385382685987828e-01
8.076053369570768581e+00 1.880662543530165765e-01
8.119874798777196645e+00 1.868016884217755247e-01
8.163934007201989473e+00 1.855448041874962761e-01
8.208232285057668776e+00 1.842955653770970703e-01
8.252770929557573965e+00 1.830539357350924323e-01
8.297551244953842442e+00 1.818198790268109322e-01
8.342574542575608376e+00 1.805933590415338408e-01
8.387842140867402208e+00 1.793743395955564313e-01
8.433355365427759764e+00 1.781627845351736183e-01
8.479115549048040990e+00 1.769586577395916571e-01
8.525124031751451170e+00 1.757619231237674273e-01
8.571382160832300201e+00 1.745725446411763027e-01
8.617891290895427048e+00 1.733904862865120466e-01
8.664652783895906651e+00 1.722157120983167644e-01
8.711668009178888283e+00 1.710481861615471000e-01
8.758938343519737657e+00 1.698878726100729597e-01
8.806465171164315819e+00 1.687347356291148404e-01
8.854249883869547588e+00 1.675887394576175138e-01
8.902293880944149862e+00 1.664498483905639814e-01
8.950598569289637041e+00 1.653180267812290605e-01
8.999165363441480991e+00 1.641932390433759603e-01
9.047995685610583649e+00 1.630754496533942666e-01
9.097090965724873968e+00 1.619646231523843294e-01
9.146452641471222833e+00 1.608607241481849470e-01
9.196082158337510748e+00 1.597637173173498959e-01
9.245980969654986836e+00 1.586735674070703095e-01
9.296150536640803708e+00 1.575902392370476524e-01
9.346592328440818775e+00 1.565136977013158737e-01
9.397307822172614067e+00 1.554439077700148497e-01
9.448298502968750512e+00 1.543808344911162256e-01
9.499565864020260264e+00 1.533244429921022944e-01
9.551111406620366395e+00 1.522746984815992466e-01
9.602936640208463714e+00 1.512315662509653713e-01
9.655043082414286104e+00 1.501950116758362097e-01
9.707432259102397154e+00 1.491650002176253265e-01
9.760105704416817574e+00 1.481414974249850858e-01
9.813064960826002547e+00 1.471244689352244062e-01
9.866311579167970081e+00 1.461138804756879350e-01
9.919847118695747312e+00 1.451096978650946445e-01
9.973673147122994465e+00 1.441118870148391518e-01
1.002779124066996097e+01 1.431204139302538481e-01
1.008220298410958904e+01 1.421352447118361118e-01
1.013690997081397427e+01 1.411563455564372183e-01
1.019191380280097725e+01 1.401836827584180822e-01
1.024721609078117801e+01 1.392172227107685567e-01
1.030281845420500808e+01 1.382569319061945357e-01
1.035872252131020588e+01 1.373027769381705010e-01
1.041492992916946392e+01 1.363547245019609000e-01
1.047144232373840644e+01 1.354127413956086601e-01
1.052826135990374823e+01 1.344767945208936721e-01
1.058538870153179623e+01 1.335468508842599655e-01
1.064282602151713064e+01 1.326228775977140451e-01
1.070057500183163945e+01 1.317048418796928910e-01
1.075863733357372531e+01 1.307927110559048978e-01
1.081701471701787476e+01 1.298864525601412800e-01
1.087570886166440332e+01 1.289860339350616947e-01
1.093472148628955409e+01 1.280914228329518290e-01
1.099405431899579533e+01 1.272025870164556205e-01
1.105370909726246254e+01 1.263194943592811925e-01
1.111368756799659785e+01 1.254421128468823088e-01
1.117399148758413929e+01 1.245704105771145154e-01
1.123462262194134631e+01 1.237043557608676209e-01
1.129558274656648642e+01 1.228439167226748618e-01
1.135687364659187004e+01 1.219890619012980598e-01
1.141849711683608604e+01 1.211397598502912121e-01
1.148045496185659964e+01 1.202959792385408927e-01
1.154274899600254933e+01 1.194576888507861978e-01
1.160538104346793098e+01 1.186248575881159173e-01
1.166835293834496490e+01 1.177974544684464997e-01
1.173166652467785198e+01 1.169754486269782429e-01
1.179532365651672876e+01 1.161588093166327218e-01
1.185932619797200438e+01 1.153475059084695664e-01
1.192367602326890541e+01 1.145415078920851981e-01
1.198837501680240969e+01 1.137407848759916379e-01
1.205342507319236667e+01 1.129453065879783558e-01
1.211882809733904587e+01 1.121550428754545664e-01
1.218458600447885587e+01 1.113699637057755237e-01
1.225070072024048606e+01 1.105900391665500249e-01
1.231717418070124204e+01 1.098152394659324543e-01
1.238400833244379839e+01 1.090455349328969259e-01
1.245120513261313810e+01 1.082808960174965890e-01
1.251876654897392882e+01 1.075212932911056851e-01
1.258669455996808928e+01 1.067666974466473656e-01
1.265499115477277492e+01 1.060170792988050920e-01
1.272365833335858198e+01 1.052724097842201445e-01
1.279269810654815664e+01 1.045326599616737129e-01
1.286211249607504037e+01 1.037978010122553724e-01
1.293190353464290965e+01 1.030678042395168220e-01
1.300207326598506441e+01 1.023426410696126609e-01
1.307262374492430901e+01 1.016222830514270092e-01
1.314355703743311565e+01 1.009067018566874030e-01
1.321487522069409337e+01 1.001958692800659495e-01
1.328658038316087264e+01 9.948975723926700709e-02
1.335867462461919963e+01 9.878833777510372116e-02
1.343116005624848519e+01 9.809158305156119584e-02
1.350403880068357054e+01 9.739946535584889653e-02
1.357731299207694597e+01 9.671195709844045141e-02
1.365098477616118089e+01 9.602903081310304456e-02
1.372505631031182638e+01 9.535065915691463834e-02
1.379952976361052563e+01 9.467681491027131468e-02
1.387440731690859508e+01 9.400747097688290366e-02
1.394969116289082223e+01 9.334260038375923052e-02
1.402538350613974671e+01 9.268217628118484430e-02
1.410148656320014560e+01 9.202617194268515599e-02
1.417800256264401071e+01 9.137456076498126634e-02
1.425493374513574274e+01 9.072731626793653636e-02
1.433228236349783558e+01 9.008441209449248588e-02
1.441005068277677381e+01 8.944582201059669835e-02
1.448824098030943119e+01 8.881151990512047012e-02
1.456685554578969999e+01 8.818147978976871582e-02
1.464589668133559286e+01 8.755567579898028419e-02
1.472536670155660588e+01 8.693408218982069668e-02
1.480526793362155580e+01 8.631667334186562957e-02
1.488560271732666074e+01 8.570342375707730442e-02
1.496637340516413417e+01 8.509430805967187206e-02
1.504758236239099567e+01 8.448930099598009336e-02
1.512923196709840390e+01 8.388837743429941596e-02
1.521132461028125604e+01 8.329151236473930631e-02
1.529386269590820113e+01 8.269868089905914321e-02
1.537684864099207083e+01 8.210985827049858965e-02
1.546028487566061038e+01 8.152501983360170568e-02
1.554417384322769813e+01 8.094414106403337306e-02
1.562851800026483495e+01 8.036719755838997448e-02
1.571331981667314004e+01 7.979416503400264815e-02
1.579858177575562017e+01 7.922501932873503294e-02
1.588430637428994885e+01 7.865973640077385254e-02
1.597049612260152074e+01 7.809829232841439262e-02
1.605715354463702482e+01 7.754066330983898359e-02
1.614428117803829110e+01 7.698682566289064000e-02
1.623188157421666489e+01 7.643675582484008024e-02
1.631995729842766352e+01 7.589043035214800004e-02
1.640851092984615178e+01 7.534782592022118419e-02
1.649754506164180512e+01 7.480891932316399706e-02
1.658706230105512702e+01 7.427368747352379452e-02
1.667706526947370804e+01 7.374210740203236691e-02
1.676755660250907809e+01 7.321415625734123411e-02
1.685853895007380743e+01 7.268981130575320748e-02
1.695001497645917610e+01 7.216904993094824805e-02
1.704198736041312756e+01 7.165184963370550830e-02
1.713445879521877657e+01 7.113818803162019755e-02
1.722743198877321902e+01 7.062804285881665867e-02
1.732090966366688178e+01 7.012139196565657373e-02
1.741489455726319591e+01 6.961821331844350591e-02
1.750938942177882041e+01 6.911848499912283394e-02
1.760439702436416809e+01 6.862218520497827268e-02
1.769992014718448914e+01 6.812929224832395270e-02
1.779596158750133483e+01 6.763978455619301666e-02
1.789252415775443694e+01 6.715364067002263515e-02
1.798961068564411647e+01 6.667083924533499795e-02
1.808722401421403347e+01 6.619135905141534937e-02
1.818536700193451239e+01 6.571517897098592964e-02
1.828404252278616582e+01 6.524227799987743215e-02
1.838325346634413293e+01 6.477263524669633898e-02
1.848300273786263048e+01 6.430622993248988339e-02
1.858329325836008650e+01 6.384304139040732073e-02
1.868412796470462212e+01 6.338304906535874306e-02
1.878550980970011963e+01 6.292623251367045201e-02
1.888744176217261028e+01 6.247257140273818760e-02
1.898992680705730152e+01 6.202204551067679039e-02
1.909296794548589560e+01 6.157463472596809428e-02
1.919656819487456545e+01 6.113031904710537062e-02
1.930073058901222893e+01 6.068907858223607926e-02
1.940545817814945906e+01 6.025089354880145548e-02
1.951075402908775303e+01 5.981574427317432052e-02
1.961662122526939456e+01 5.938361119029412355e-02
1.972306286686767152e+01 5.895447484330030435e-02
1.983008207087775077e+01 5.852831588316283890e-02
1.993768197120787633e+01 5.810511506831140399e-02
2.004586571877120349e+01 5.768485326426189830e-02
2.015463648157800236e+01 5.726751144324162407e-02
2.026399744482851517e+01 5.685307068381192930e-02
2.037395181100612973e+01 5.644151217048976044e-02
2.048450279997125989e+01 5.603281719336671712e-02
2.059565364905554219e+01 5.562696714772710077e-02
2.070740761315671108e+01 5.522394353366377739e-02
2.081976796483388981e+01 5.482372795569277757e-02
2.093273799440337868e+01 5.442630212236647391e-02
2.104632101003508993e+01 5.403164784588485731e-02
2.116052033784933784e+01 5.363974704170599433e-02
2.127533932201431810e+01 5.325058172815459040e-02
2.139078132484396022e+01 5.286413402602981731e-02
2.150684972689646912e+01 5.248038615821131597e-02
2.162354792707323625e+01 5.209932044926462308e-02
2.174087934271845768e+01 5.172091932504491868e-02
2.185884740971911100e+01 5.134516531230024633e-02
2.197745558260567122e+01 5.097204103827313038e-02
2.209670733465318193e+01 5.060152923030177691e-02
2.221660615798304406e+01 5.023361271541987305e-02
2.233715556366519550e+01 4.986827441995593524e-02
2.245835908182101903e+01 4.950549736913141541e-02
2.258022026172661967e+01 4.914526468665848108e-02
2.270274267191686590e+01 4.878755959433649092e-02
2.282592990028977198e+01 4.843236541164848419e-02
2.294978555421168664e+01 4.807966555535625464e-02
2.307431326062281940e+01 4.772944353909555626e-02
2.319951666614354124e+01 4.738168297297010861e-02
2.332539943718109043e+01 4.703636756314562989e-02
2.345196526003702076e+01 4.669348111144291935e-02
2.357921784101505835e+01 4.635300751493093285e-02
2.370716090652973662e+01 4.601493076551904648e-02
2.383579820321541121e+01 4.567923494954942432e-02
2.396513349803607795e+01 4.534590424738855347e-02
2.409517057839561716e+01 4.501492293301892489e-02
2.422591325224870573e+01 4.468627537363035335e-02
2.435736534821237242e+01 4.435994602921086022e-02
2.448953071567805040e+01 4.403591945213782000e-02
2.462241322492437234e+01 4.371418028676849615e-02
2.475601676723042388e+01 4.339471326903093784e-02
2.489034525498978923e+01 4.307750322601434922e-02
2.502540262182501962e+01 4.276253507555989597e-02
2.516119282270292601e+01 4.244979382585108152e-02
2.529771983405029090e+01 4.213926457500454664e-02
2.543498765387041161e+01 4.183093251066054286e-02
2.557300030186008755e+01 4.152478290957393320e-02
2.571176181952741402e+01 4.122080113720484607e-02
2.585127627031004849e+01 4.091897264731000211e-02
2.599154773969429044e+01 4.061928298153368033e-02
2.613258033533462310e+01 4.032171776899948212e-02
2.627437818717411488e+01 4.002626272590172063e-02
2.641694544756522589e+01 3.973290365509771910e-02
2.656028629139153452e+01 3.944162644569984555e-02
2.670440491618988332e+01 3.915241707266831073e-02
2.684930554227339528e+01 3.886526159640395217e-02
2.699499241285495543e+01 3.858014616234180932e-02
2.714146979417158079e+01 3.829705700054463618e-02
2.728874197560923776e+01 3.801598042529730215e-02
2.743681326982856206e+01 3.773690283470124834e-02
2.758568801289104044e+01 3.745981071026979747e-02
2.773537056438609127e+01 3.718469061652357466e-02
2.788586530755862469e+01 3.691152920058687198e-02
2.803717664943749455e+01 3.664031319178416568e-02
2.818930902096450097e+01 3.637102940123749378e-02
2.834226687712412485e+01 3.610366472146434719e-02
2.849605469707406513e+01 3.583820612597603955e-02
2.865067698427628784e+01 3.557464066887700005e-02
2.880613826662904131e+01 3.531295548446434368e-02
2.896244309659931204e+01 3.505313778682853793e-02
2.911959605135626461e+01 3.479517486945437471e-02
2.927760173290515056e+01 3.453905410482300403e-02
2.943646476822220848e+01 3.428476294401436308e-02
2.959618980939001531e+01 3.403228891631075032e-02
2.975678153373385371e+01 3.378161962880073949e-02
2.991824464395855543e+01 3.353274276598430109e-02
3.008058386828633601e+01 3.328564608937836095e-02
3.024380396059512677e+01 3.304031743712352448e-02
3.040790970055789799e+01 3.279674472359134230e-02
3.057290589378257550e+01 3.255491593899260960e-02
3.073879737195272455e+01 3.231481914898658853e-02
3.090558899296914319e+01 3.207644249429087574e-02
3.107328564109199220e+01 3.183977419029249828e-02
3.124189222708396585e+01 3.160480252665959222e-02
3.141141368835393877e+01 3.137151586695439281e-02
3.158185498910171418e+01 3.113990264824673115e-02
3.175322112046323397e+01 3.090995138072900189e-02
3.192551710065689363e+01 3.068165064733158198e-02
3.209874797513033684e+01 3.045498910333974477e-02
3.227291881670836915e+01 3.022995547601109445e-02
3.244803472574132996e+01 3.000653856419450982e-02
3.262410083025463337e+01 2.978472723794961877e-02
3.280112228609876013e+01 2.956451043816778895e-02
3.297910427710039727e+01 2.934587717619374994e-02
3.315805201521411050e+01 2.912881653344863084e-02
3.333797074067506117e+01 2.891331766105382714e-02
3.351886572215238402e+01 2.869936977945611312e-02
3.370074225690356684e+01 2.848696217805369788e-02
3.388360567092944109e+01 2.827608421482363105e-02
3.406746131913030950e+01 2.806672531594999950e-02
3.425231458546258523e+01 2.785887497545361247e-02
3.443817088309661045e+01 2.765252275482249500e-02
3.462503565457502930e+01 2.744765828264381438e-02
3.481291437197232597e+01 2.724427125423668772e-02
3.500181253705488871e+01 2.704235143128647448e-02
3.519173568144228170e+01 2.684188864147990169e-02
3.538268936676909249e+01 2.664287277814170185e-02
3.557467918484792335e+01 2.644529379987213893e-02
3.576771075783307197e+01 2.624914173018596045e-02
3.596178973838512860e+01 2.605440665715251514e-02
3.615692180983662496e+01 2.586107873303693586e-02
3.635311268635830828e+01 2.566914817394280041e-02
3.655036811312665890e+01 2.547860525945570831e-02
3.674869386649191938e+01 2.528944033228847088e-02
3.694809575414745240e+01 2.510164379792714437e-02
3.714857961529962438e+01 2.491520612427867987e-02
3.735015132083898948e+01 2.473011784131948915e-02
3.755281677351199221e+01 2.454636954074564462e-02
3.775658190809405568e+01 2.436395187562392581e-02
3.796145269156314583e+01 2.418285556004456938e-02
3.816743512327471421e+01 2.400307136877489686e-02
3.837453523513718778e+01 2.382459013691460084e-02
3.858275909178878749e+01 2.364740275955196439e-02
3.879211279077496499e+01 2.347150019142169725e-02
3.900260246272708997e+01 2.329687344656380249e-02
3.921423427154184083e+01 2.312351359798397663e-02
3.942701441456188149e+01 2.295141177731507831e-02
3.964094912275713511e+01 2.278055917448018261e-02
3.985604466090746456e+01 2.261094703735664138e-02
4.007230732778591431e+01 2.244256667144180900e-02
4.028974345634337340e+01 2.227540943951971178e-02
4.050835941389381389e+01 2.210946676132942781e-02
4.072816160230096472e+01 2.194473011323444869e-02
4.094915645816556093e+01 2.178119102789366837e-02
4.117135045301402840e+01 2.161884109393345799e-02
4.139475009348789314e+01 2.145767195562124294e-02
4.161936192153427783e+01 2.129767531254042959e-02
4.184519251459761335e+01 2.113884291926648035e-02
4.207224848581206800e+01 2.098116658504463328e-02
4.230053648419541190e+01 2.082463817346863477e-02
4.253006319484349973e+01 2.066924960216117227e-02
4.276083533912625256e+01 2.051499284245531657e-02
4.299285967488429350e+01 2.036185991907762255e-02
4.322614299662701143e+01 2.020984290983231582e-02
4.346069213573134959e+01 2.005893394528709267e-02
4.369651396064205073e+01 1.990912520846002329e-02
4.393361537707259146e+01 1.976040893450805094e-02
4.417200332820758746e+01 1.961277741041664649e-02
4.441168479490595900e+01 1.946622297469099983e-02
4.465266679590550325e+01 1.932073801704840832e-02
4.489495638802825539e+01 1.917631497811221261e-02
4.513856066638734177e+01 1.903294634910685998e-02
4.538348676459453657e+01 1.889062467155460875e-02
4.562974185496936741e+01 1.874934253697332215e-02
4.587733314874895285e+01 1.860909258657585802e-02
4.612626789629936042e+01 1.846986751097062784e-02
4.637655338732772492e+01 1.833166004986372041e-02
4.662819695109592999e+01 1.819446299176214962e-02
4.688120595663501433e+01 1.805826917367874332e-02
4.713558781296119804e+01 1.792307148083809726e-02
4.739134996929260524e+01 1.778886284638418747e-02
4.764849991526762807e+01 1.765563625108908588e-02
4.790704518116403676e+01 1.752338472306324765e-02
4.816699333811968842e+01 1.739210133746697806e-02
4.842835199835414528e+01 1.726177921622339823e-02
4.869112881539151516e+01 1.713241152773273962e-02
4.895533148428475556e+01 1.700399148658789800e-02
4.922096774184080203e+01 1.687651235329151386e-02
4.948804536684734501e+01 1.674996743397422563e-02
4.975657218030040241e+01 1.662435008011446322e-02
5.002655604563356917e+01 1.649965368825939346e-02
5.029800486894805545e+01 1.637587169974744419e-02
5.057092659924445144e+01 1.625299760043192460e-02
5.084532922865524540e+01 1.613102492040626237e-02
5.112122079267911801e+01 1.600994723373032683e-02
5.139860937041600408e+01 1.588975815815833748e-02
5.167750308480392363e+01 1.577045135486788638e-02
5.195791010285659439e+01 1.565202052819053904e-02
5.223983863590284926e+01 1.553445942534351955e-02
5.252329693982686365e+01 1.541776183616298465e-02
5.280829331531010240e+01 1.530192159283841856e-02
5.309483610807424014e+01 1.518693256964852821e-02
5.338293370912570879e+01 1.507278868269832511e-02
5.367259455500123977e+01 1.495948388965767303e-02
5.396382712801510451e+01 1.484701218950102916e-02
5.425663995650731408e+01 1.473536762224863031e-02
5.455104161509358107e+01 1.462454426870887086e-02
5.484704072491616245e+01 1.451453625022215872e-02
5.514464595389657120e+01 1.440533772840589880e-02
5.544386601698915484e+01 1.429694290490097879e-02
5.574470967643657104e+01 1.418934602111937213e-02
5.604718574202608750e+01 1.408254135799325707e-02
5.635130307134780736e+01 1.397652323572523732e-02
5.665707057005397473e+01 1.387128601353997993e-02
5.696449719211963014e+01 1.376682408943718031e-02
5.727359194010505661e+01 1.366313189994568071e-02
5.758436386541916363e+01 1.356020391987904430e-02
5.789682206858478963e+01 1.345803466209227056e-02
5.821097569950492812e+01 1.335661867723994707e-02
5.852683395773095754e+01 1.325595055353550288e-02
5.884440609273175227e+01 1.315602491651193980e-02
5.916370140416480439e+01 1.305683642878365663e-02
5.948472924214831181e+01 1.295837978980968197e-02
5.980749900753520620e+01 1.286064973565807443e-02
6.013202015218823959e+01 1.276364103877167949e-02
6.045830217925696104e+01 1.266734850773504860e-02
6.078635464345579464e+01 1.257176698704272517e-02
6.111618715134407864e+01 1.247689135686866520e-02
6.144780936160711349e+01 1.238271653283703165e-02
6.178123098533927049e+01 1.228923746579411655e-02
6.211646178632811655e+01 1.219644914158161605e-02
6.245351158134057101e+01 1.210434658081103836e-02
6.279239024041014261e+01 1.201292483863945423e-02
6.313310768712618426e+01 1.192217900454636999e-02
6.347567389892427059e+01 1.183210420211194304e-02
6.382009890737861468e+01 1.174269558879629388e-02
6.416639279849555066e+01 1.165394835572017632e-02
6.451456571300920473e+01 1.156585772744670934e-02
6.486462784667811832e+01 1.147841896176450029e-02
6.521658945058408108e+01 1.139162734947179491e-02
6.557046083143225701e+01 1.130547821416193893e-02
6.592625235185283827e+01 1.121996691201005737e-02
6.628397443070475958e+01 1.113508883156082326e-02
6.664363754338056367e+01 1.105083939351753086e-02
6.700525222211335574e+01 1.096721405053227225e-02
6.736882905628502272e+01 1.088420828699737143e-02
6.773437869273659828e+01 1.080181761883789414e-02
6.810191183607969378e+01 1.072003759330547937e-02
6.847143924901034495e+01 1.063886378877317018e-02
6.884297175262379653e+01 1.055829181453158544e-02
6.921652022673178806e+01 1.047831731058607337e-02
6.959209561018076329e+01 1.039893594745520261e-02
6.996970890117250974e+01 1.032014342597025423e-02
7.034937115758599191e+01 1.024193547707597657e-02
7.073109349730138717e+01 1.016430786163238266e-02
7.111488709852542911e+01 1.008725637021779670e-02
7.150076320011895348e+01 1.001077682293293435e-02
7.188873310192582267e+01 9.934865069206199120e-03
7.227880816510403861e+01 9.859516987600024790e-03
7.267099981245819151e+01 9.784728485618432101e-03
7.306531952877419656e+01 9.710495499515603771e-03
7.346177886115540900e+01 9.636813994105666858e-03
7.386038941936097046e+01 9.563679962573507290e-03
7.426116287614553357e+01 9.491089426286751854e-03
7.466411096760138832e+01 9.419038434608789298e-03
7.506924549350179632e+01 9.347523064712958893e-03
7.547657831764686875e+01 9.276539421397741667e-03
7.588612136821066656e+01 9.206083636903143394e-03
7.629788663809074478e+01 9.136151870728059440e-03
7.671188618525928860e+01 9.066740309448763704e-03
7.712813213311605409e+01 8.997845166538509520e-03
7.754663667084362544e+01 8.929462682188103739e-03
7.796741205376416417e+01 8.861589123127646545e-03
7.839047060369846065e+01 8.794220782449237508e-03
7.881582470932652029e+01 8.727353979430835240e-03
7.924348682655070775e+01 8.660985059361050314e-03
7.967346947886007058e+01 8.595110393365116078e-03
8.010578525769749092e+01 8.529726378231770184e-03
8.054044682282801659e+01 8.464829436241289723e-03
8.097746690270997760e+01 8.400416014994450953e-03
8.141685829486732473e+01 8.336482587242620076e-03
8.185863386626478189e+01 8.273025650718763419e-03
8.230280655368424902e+01 8.210041727969583439e-03
8.274938936410399037e+01 8.147527366188558537e-03
8.319839537507921534e+01 8.085479137050094814e-03
8.364983773512535947e+01 8.023893636544585095e-03
8.410372966410274387e+01 7.962767484814567767e-03
8.456008445360409098e+01 7.902097325991777263e-03
8.501891546734341887e+01 7.841879828035285688e-03
8.548023614154763550e+01 7.782111682570536960e-03
8.594405998534975311e+01 7.722789604729449545e-03
8.641040058118478839e+01 7.663910332991409960e-03
8.687927158518714066e+01 7.605470629025327944e-03
8.735068672759088315e+01 7.547467277532565917e-03
8.782465981313146131e+01 7.489897086090923153e-03
8.830120472145026156e+01 7.432756884999497729e-03
8.878033540750080022e+01 7.376043527124567616e-03
8.926206590195755552e+01 7.319753887746370362e-03
8.974641031162683191e+01 7.263884864406852486e-03
9.023338281985962794e+01 7.208433376758377302e-03
9.072299768696733224e+01 7.153396366413308782e-03
9.121526925063896840e+01 7.098770796794605896e-03
9.171021192636136732e+01 7.044553652987262625e-03
9.220784020784100221e+01 6.990741941590742844e-03
9.270816866742875106e+01 6.937332690572263483e-03
9.321121195654620806e+01 6.884322949121071678e-03
9.371698480611523507e+01 6.831709787503525977e-03
9.422550202698882060e+01 6.779490296919198425e-03
9.473677851038523556e+01 6.727661589357768548e-03
9.525082922832376653e+01 6.676220797456893126e-03
9.576766923406341903e+01 6.625165074360909491e-03
9.628731366254345403e+01 6.574491593580472984e-03
9.680977773082693716e+01 6.524197548853019266e-03
9.733507673854593634e+01 6.474280154004171187e-03
9.786322606835000215e+01 6.424736642809944498e-03
9.839424118635615457e+01 6.375564268859898118e-03
9.892813764260226606e+01 6.326760305421061555e-03
9.946493107150195101e+01 6.278322045302819898e-03
1.000046371923028801e+02 6.230246800722546476e-03
1.005472718095466291e+02 6.182531903172188738e-03
1.010928508135318253e+02 6.135174703285619160e-03
1.016413901807792257e+02 6.088172570706880393e-03
1.021929059744999932e+02 6.041522893959211035e-03
1.027474143450655077e+02 5.995223080314985610e-03
1.033049315304807152e+02 5.949270555666400472e-03
1.038654738568593388e+02 5.903662764397047021e-03
1.044290577389025287e+02 5.858397169254225649e-03
1.049956996803787916e+02 5.813471251222184291e-03
1.055654162746076565e+02 5.768882509396082089e-03
1.061382242049458995e+02 5.724628460856757972e-03
1.067141402452754306e+02 5.680706640546376134e-03
1.072931812604949613e+02 5.637114601144791425e-03
1.078753642070136038e+02 5.593849912946752614e-03
1.084607061332478963e+02 5.550910163739846380e-03
1.090492241801203477e+02 5.508292958683308656e-03
1.096409355815618625e+02 5.465995920187535079e-03
1.102358576650161694e+02 5.424016687794417160e-03
1.108340078519476748e+02 5.382352918058396635e-03
1.114354036583509640e+02 5.341002284428380230e-03
1.120400626952641829e+02 5.299962477130319705e-03
1.126480026692844945e+02 5.259231203050621084e-03
1.132592413830871152e+02 5.218806185620237376e-03
1.138737967359459020e+02 5.178685164699613902e-03
1.144916867242579599e+02 5.138865896464290227e-03
1.151129294420704383e+02 5.099346153291287910e-03
1.157375430816108803e+02 5.060123723646200826e-03
1.163655459338191918e+02 5.021196411971093863e-03
1.169969563888837598e+02 4.982562038573047809e-03
1.176317929367797603e+02 4.944218439513487461e-03
1.182700741678111171e+02 4.906163466498175869e-03
1.189118187731540814e+02 4.868394986768016970e-03
1.195570455454051597e+02 4.830910882990476635e-03
1.202057733791311165e+02 4.793709053151777415e-03
1.208580212714227997e+02 4.756787410449746407e-03
1.215138083224507142e+02 4.720143883187435073e-03
1.221731537360246733e+02 4.683776414667385236e-03
1.228360768201565350e+02 4.647682963086573367e-03
1.235025969876249405e+02 4.611861501432115533e-03
1.241727337565441758e+02 4.576310017377595123e-03
1.248465067509355464e+02 4.541026513180103537e-03
1.255239357013025483e+02 4.506009005577920994e-03
1.262050404452078567e+02 4.471255525688947602e-03
1.268898409278547632e+02 4.436764118909728577e-03
1.275783572026710146e+02 4.402532844815184622e-03
1.282706094318965029e+02 4.368559777058981554e-03
1.289666178871729869e+02 4.334843003274599892e-03
1.296664029501382061e+02 4.301380624977017668e-03
1.303699851130224090e+02 4.268170757465068917e-03
1.310773849792490466e+02 4.235211529724418854e-03
1.317886232640373123e+02 4.202501084331239888e-03
1.325037207950092863e+02 4.170037577356469627e-03
1.332226985127994965e+02 4.137819178270743699e-03
1.339455774716687984e+02 4.105844069849917503e-03
1.346723788401200181e+02 4.074110448081284461e-03
1.354031239015184269e+02 4.042616522070356308e-03
1.361378340547146877e+02 4.011360513948302592e-03
1.368765308146721509e+02 3.980340658779960884e-03
1.376192358130958553e+02 3.949555204472546092e-03
1.383659707990667300e+02 3.919002411684880186e-03
1.391167576396781271e+02 3.888680553737286754e-03
1.398716183206767312e+02 3.858587916522043717e-03
1.406305749471055435e+02 3.828722798414495223e-03
1.413936497439515563e+02 3.799083510184710424e-03
1.421608650567972063e+02 3.769668374909727285e-03
1.429322433524736198e+02 3.740475727886448647e-03
1.437078072197192569e+02 3.711503916545055241e-03
1.444875793698411144e+02 3.682751300363037560e-03
1.452715826373802486e+02 3.654216250779780684e-03
1.460598399807796852e+02 3.625897151111769252e-03
1.468523744830573037e+02 3.597792396468308534e-03
1.476492093524814209e+02 3.569900393667858277e-03
1.484503679232511217e+02 3.542219561154881340e-03
1.492558736561785508e+02 3.514748328917324631e-03
1.500657501393766609e+02 3.487485138404587941e-03
1.508800210889494622e+02 3.460428442446094720e-03
1.516987103496874170e+02 3.433576705170362890e-03
1.525218418957644531e+02 3.406928401924701026e-03
1.533494398314408897e+02 3.380482019195368577e-03
1.541815283917688646e+02 3.354236054528329791e-03
1.550181319433026204e+02 3.328189016450505515e-03
1.558592749848112078e+02 3.302339424391607849e-03
1.567049821479964464e+02 3.276685808606459235e-03
1.575552781982139834e+02 3.251226710097868382e-03
1.584101880351990417e+02 3.225960680540002328e-03
1.592697366937947265e+02 3.200886282202324452e-03
1.601339493446857034e+02 3.176002087874006067e-03
1.610028512951350308e+02 3.151306680788878382e-03
1.618764679897257963e+02 3.126798654550871047e-03
1.627548250111053676e+02 3.102476613060002348e-03
1.636379480807351285e+02 3.078339170438829965e-03
1.645258630596433136e+02 3.054384950959434294e-03
1.654185959491831852e+02 3.030612588970861901e-03
1.663161728917931157e+02 3.007020728827132765e-03
1.672186201717630070e+02 2.983608024815669491e-03
1.681259642160041494e+02 2.960373141086243467e-03
1.690382315948223777e+02 2.937314751580431035e-03
1.699554490226965981e+02 2.914431539961515483e-03
1.708776433590608406e+02 2.891722199544896014e-03
1.718048416090915680e+02 2.869185433228942095e-03
1.727370709244972318e+02 2.846819953426376476e-03
1.736743586043143068e+02 2.824624481996074101e-03
1.746167320957061975e+02 2.802597750175365825e-03
1.755642189947677423e+02 2.780738498512774944e-03
1.765168470473322770e+02 2.759045476801261568e-03
1.774746441497848082e+02 2.737517444011885927e-03
1.784376383498785970e+02 2.716153168227950030e-03
1.794058578475572290e+02 2.694951426579570396e-03
1.803793309957793269e+02 2.673911005178742587e-03
1.813580863013494024e+02 2.653030699054816435e-03
1.823421524257526016e+02 2.632309312090429232e-03
1.833315581859943393e+02 2.611745656957875205e-03
1.843263325554434289e+02 2.591338555055937732e-03
1.853265046646810674e+02 2.571086836447127478e-03
1.863321038023534868e+02 2.550989339795377633e-03
1.873431594160305167e+02 2.531044912304144211e-03
1.883597011130667340e+02 2.511252409654974281e-03
1.893817586614691493e+02 2.491610695946463658e-03
1.904093619907686161e+02 2.472118643633657801e-03
1.914425411928970675e+02 2.452775133467850841e-03
1.924813265230675086e+02 2.433579054436840836e-03
1.935257484006605466e+02 2.414529303705564931e-03
1.945758374101158665e+02 2.395624786557149118e-03
1.956316243018266050e+02 2.376864416334394277e-03
1.966931399930406315e+02 2.358247114381642126e-03
1.977604155687655521e+02 2.339771809987058800e-03
1.988334822826797392e+02 2.321437440325302241e-03
1.999123715580463454e+02 2.303242950400626737e-03
2.009971149886343937e+02 2.285187292990340045e-03
2.020877443396434501e+02 2.267269428588684650e-03
2.031842915486346612e+02 2.249488325351083323e-03
2.042867887264647493e+02 2.231842959038815317e-03
2.053952681582272817e+02 2.214332312964030405e-03
2.065097623041974941e+02 2.196955377935184452e-03
2.076303038007838495e+02 2.179711152202823236e-03
2.087569254614823535e+02 2.162598641405783038e-03
2.098896602778383738e+02 2.145616858517735131e-03
2.110285414204123526e+02 2.128764823794120162e-03
2.121736022397519150e+02 2.112041564719439879e-03
2.133248762673673014e+02 2.095446115954943938e-03
2.144823972167140766e+02 2.078977519286654991e-03
2.156461989841800175e+02 2.062634823573775839e-03
2.168163156500785931e+02 2.046417084697439194e-03
2.179927814796455152e+02 2.030323365509849060e-03
2.191756309240432188e+02 2.014352735783744765e-03
2.203648986213691501e+02 1.998504272162241868e-03
2.215606193976709903e+02 1.982777058109006993e-03
2.227628282679652614e+02 1.967170183858806942e-03
2.239715604372631503e+02 1.951682746368386739e-03
2.251868513016023599e+02 1.936313849267686611e-03
2.264087364490820562e+02 1.921062602811431921e-03
2.276372516609061165e+02 1.905928123831032326e-03
2.288724329124303267e+02 1.890909535686838934e-03
2.301143163742168838e+02 1.876005968220718478e-03
2.313629384130921096e+02 1.861216557708992659e-03
2.326183355932124925e+02 1.846540446815676719e-03
2.338805446771347931e+02 1.831976784546068436e-03
2.351496026268936248e+02 1.817524726200646758e-03
2.364255466050823600e+02 1.803183433329321296e-03
2.377084139759423067e+02 1.788952073685981048e-03
2.389982423064565751e+02 1.774829821183374892e-03
2.402950693674508784e+02 1.760815855848301293e-03
2.415989331346983136e+02 1.746909363777136501e-03
2.429098717900323550e+02 1.733109537091651791e-03
2.442279237224644817e+02 1.719415573895159222e-03
2.455531275293093358e+02 1.705826678228953598e-03
2.468855220173134342e+02 1.692342060029085543e-03
2.482251462037926615e+02 1.678960935083416471e-03
2.495720393177743119e+02 1.665682524988993394e-03
2.509262408011468040e+02 1.652506057109711041e-03
2.522877903098132606e+02 1.639430764534295561e-03
2.536567277148536732e+02 1.626455886034567288e-03
2.550330931036920674e+02 1.613580666024008172e-03
2.564169267812713997e+02 1.600804354516612840e-03
2.578082692712323478e+02 1.588126207086053635e-03
2.592071613171007698e+02 1.575545484825114110e-03
2.606136438834806199e+02 1.563061454305421328e-03
2.620277581572545387e+02 1.550673387537451807e-03
2.634495455487880804e+02 1.538380561930848206e-03
2.648790476931434341e+02 1.526182260254992313e-03
2.663163064512995675e+02 1.514077770599859271e-03
2.677613639113759518e+02 1.502066386337176261e-03
2.692142623898666898e+02 1.490147406081827929e-03
2.706750444328788490e+02 1.478320133653553484e-03
2.721437528173793794e+02 1.466583878038905508e-03
2.736204305524465212e+02 1.454937953353495220e-03
2.751051208805299098e+02 1.443381678804493175e-03
2.765978672787165920e+02 1.431914378653404048e-03
2.780987134600052286e+02 1.420535382179095992e-03
2.796077033745845597e+02 1.409244023641116443e-03
2.811248812111214761e+02 1.398039642243247092e-03
2.826502913980543212e+02 1.386921582097332519e-03
2.841839786048954011e+02 1.375889192187353420e-03
2.857259877435370754e+02 1.364941826333777820e-03
2.872763639695681945e+02 1.354078843158147130e-03
2.888351526835956520e+02 1.343299606047928261e-03
2.904023995325754868e+02 1.332603483121600147e-03
2.919781504111472827e+02 1.321989847194018257e-03
2.935624514629797659e+02 1.311458075741998549e-03
2.951553490821212336e+02 1.301007550870165964e-03
2.967568899143592489e+02 1.290637659277032133e-03
2.983671208585851105e+02 1.280347792221336965e-03
2.999860890681681553e+02 1.270137345488610769e-03
3.016138419523362586e+02 1.260005719357988998e-03
3.032504271775641200e+02 1.249952318569258133e-03
3.048958926689700206e+02 1.239976552290136856e-03
3.065502866117176382e+02 1.230077834083803320e-03
3.082136574524278672e+02 1.220255581876643607e-03
3.098860539005984833e+02 1.210509217926229166e-03
3.115675249300286396e+02 1.200838168789541451e-03
3.132581197802542761e+02 1.191241865291406020e-03
3.149578879579894419e+02 1.181719742493164520e-03
3.166668792385771667e+02 1.172271239661562417e-03
3.183851436674453339e+02 1.162895800237873957e-03
3.201127315615732982e+02 1.153592871807237455e-03
3.218496935109648120e+02 1.144361906068216321e-03
3.235960803801307861e+02 1.135202358802570857e-03
3.253519433095767113e+02 1.126113689845266181e-03
3.271173337173016762e+02 1.117095363054675322e-03
3.288923033003032970e+02 1.108146846283011074e-03
3.306769040360931058e+02 1.099267611346956474e-03
3.324711881842164871e+02 1.090457133998527740e-03
3.342752082877842668e+02 1.081714893896128021e-03
3.360890171750110085e+02 1.073040374575819512e-03
3.379126679607630876e+02 1.064433063422793755e-03
3.397462140481121082e+02 1.055892451643065076e-03
3.415897091299002000e+02 1.047418034235348761e-03
3.434432071903115684e+02 1.039009309963154996e-03
3.453067625064547315e+02 1.030665781327072539e-03
3.471804296499498719e+02 1.022386954537269884e-03
3.490642634885283542e+02 1.014172339486178135e-03
3.509583191876386081e+02 1.006021449721380100e-03
3.528626522120631535e+02 9.979338024186880287e-04
3.547773183275405131e+02 9.899089183554295266e-04
3.567023736023994616e+02 9.819463218839125703e-04
3.586378744092017996e+02 9.740455409050841670e-04
3.605838774263911546e+02 9.662061068423912153e-04
3.625404396399542293e+02 9.584275546158158151e-04
3.645076183450884173e+02 9.507094226161095282e-04
3.664854711478816967e+02 9.430512526792012191e-04
3.684740559669968434e+02 9.354525900608085106e-04
3.704734310353691171e+02 9.279129834112170719e-04
3.724836549019109384e+02 9.204319847502502941e-04
3.745047864332276504e+02 9.130091494424137383e-04
3.765368848153394197e+02 9.056440361722317050e-04
3.785800095554155291e+02 8.983362069197506610e-04
3.806342204835165148e+02 8.910852269362266572e-04
3.826995777543476152e+02 8.838906647199820969e-04
3.847761418490180176e+02 8.767520919924503978e-04
3.868639735768135210e+02 8.696690836743815487e-04
3.889631340769765302e+02 8.626412178622277528e-04
3.910736848204978173e+02 8.556680758046935438e-04
3.931956876119144795e+02 8.487492418794680485e-04
3.953292045911212540e+02 8.418843035701135914e-04
3.974742982351892806e+02 8.350728514431309153e-04
3.996310313601976532e+02 8.283144791251807445e-04
4.017994671230700874e+02 8.216087832804869510e-04
4.039796690234260836e+02 8.149553635883889082e-04
4.061717009054398204e+02 8.083538227210649305e-04
4.083756269597111555e+02 8.018037663214110794e-04
4.105915117251429933e+02 7.953048029810924667e-04
4.128194200908328639e+02 7.888565442187422255e-04
4.150594172979721179e+02 7.824586044583263641e-04
4.173115689417584804e+02 7.761106010076580233e-04
4.195759409733139478e+02 7.698121540370823869e-04
4.218525997016176348e+02 7.635628865583030805e-04
4.241416117954487390e+02 7.573624244033650213e-04
4.264430442853362138e+02 7.512103962038000054e-04
4.287569645655234467e+02 7.451064333699122669e-04
4.310834403959409542e+02 7.390501700702226551e-04
4.334225399041923197e+02 7.330412432110556013e-04
4.357743315875467260e+02 7.270792924162854630e-04
4.381388843149462673e+02 7.211639600072203456e-04
4.405162673290221278e+02 7.152948909826386875e-04
4.429065502481239491e+02 7.094717329989647320e-04
4.453098030683555635e+02 7.036941363506004493e-04
4.477260961656269274e+02 6.979617539503889722e-04
4.501555002977138429e+02 6.922742413102274351e-04
4.525980866063317762e+02 6.866312565218158801e-04
4.550539266192165542e+02 6.810324602375556749e-04
4.575230922522207493e+02 6.754775156515784680e-04
4.600056558114186487e+02 6.699660884809185849e-04
4.625016899952255471e+02 6.644978469468182380e-04
4.650112678965237478e+02 6.590724617561784541e-04
4.675344630048050476e+02 6.536896060831352264e-04
4.700713492083215783e+02 6.483489555507778064e-04
4.726220007962516547e+02 6.430501882129934128e-04
4.751864924608721026e+02 6.377929845364550560e-04
4.777648992997476967e+02 6.325770273827311177e-04
4.803572968179292388e+02 6.274020019905314320e-04
4.829637609301664725e+02 6.222675959580787003e-04
4.855843679631283294e+02 6.171734992256164070e-04
4.882191946576394344e+02 6.121194040580385997e-04
4.908683181709287737e+02 6.071050050276450031e-04
4.935318160788864930e+02 6.021299989970308993e-04
4.962097663783371786e+02 5.971940851020947523e-04
4.989022474893230878e+02 5.922969647351736602e-04
5.016093382574025554e+02 5.874383415282987200e-04
5.043311179559558468e+02 5.826179213365807134e-04
5.070676662885086898e+02 5.778354122217090917e-04
5.098190633910650149e+02 5.730905244355778130e-04
5.125853898344558957e+02 5.683829704040253448e-04
5.153667266266959359e+02 5.637124647107022782e-04
5.181631552153570510e+02 5.590787240810499636e-04
5.209747574899532765e+02 5.544814673663997105e-04
5.238016157843402425e+02 5.499204155281858276e-04
5.266438128791232884e+02 5.453952916222812872e-04
5.295014320040837674e+02 5.409058207834407245e-04
5.323745568406150142e+02 5.364517302098625916e-04
5.352632715241753658e+02 5.320327491478590810e-04
5.381676606467481179e+02 5.276486088766481298e-04
5.410878092593216024e+02 5.232990426932470143e-04
5.440238028743780205e+02 5.189837858974839053e-04
5.469757274684002368e+02 5.147025757771130734e-04
5.499436694843859641e+02 5.104551515930479469e-04
5.529277158343811607e+02 5.062412545646955428e-04
5.559279539020244556e+02 5.020606278554021369e-04
5.589444715451078309e+02 4.979130165580020412e-04
5.619773570981462854e+02 4.937981676804805483e-04
5.650266993749664834e+02 4.897158301317338031e-04
5.680925876713088201e+02 4.856657547074360649e-04
5.711751117674390343e+02 4.816476940760158233e-04
5.742743619307798326e+02 4.776614027647277036e-04
5.773904289185528569e+02 4.737066371458317619e-04
5.805234039804387294e+02 4.697831554228704132e-04
5.836733788612457374e+02 4.658907176170529662e-04
5.868404458035986409e+02 4.620290855537334540e-04
5.900246975506390754e+02 4.581980228489922224e-04
5.932262273487432367e+02 4.543972948963123323e-04
5.964451289502493410e+02 4.506266688533610751e-04
5.996814966162053224e+02 4.468859136288610978e-04
6.029354251191275580e+02 4.431747998695642014e-04
6.062070097457792599e+02 4.394930999473145865e-04
6.094963462999565991e+02 4.358405879462166161e-04
6.128035311052968837e+02 4.322170396498887178e-04
6.161286610080977653e+02 4.286222325288161113e-04
6.194718333801562267e+02 4.250559457277922775e-04
6.228331461216158687e+02 4.215179600534602294e-04
6.262126976638361384e+02 4.180080579619388373e-04
6.296105869722739499e+02 4.145260235465438601e-04
6.330269135493840622e+02 4.110716425255961999e-04
6.364617774375288946e+02 4.076447022303269227e-04
6.399152792219109642e+02 4.042449915928639725e-04
6.433875200335168074e+02 4.008723011343126694e-04
6.468786015520812498e+02 3.975264229529192040e-04
6.503886260090612268e+02 3.942071507123285647e-04
6.539176961906316592e+02 3.909142796299228595e-04
6.574659154406941752e+02 3.876476064652491379e-04
6.610333876639066375e+02 3.844069295085290709e-04
6.646202173287209689e+02 3.811920485692599204e-04
6.682265094704450803e+02 3.780027649648938959e-04
6.718523696943201458e+02 3.748388815096014839e-04
6.754979041786094740e+02 3.717002025031226507e-04
6.791632196777104582e+02 3.685865337196949699e-04
6.828484235252791450e+02 3.654976823970671309e-04
6.865536236373761767e+02 3.624334572255899674e-04
6.902789285156229653e+02 3.593936683373938974e-04
6.940244472503815132e+02 3.563781272956408476e-04
6.977902895239479903e+02 3.533866470838586309e-04
7.015765656137670021e+02 3.504190420953516528e-04
7.053833863956568848e+02 3.474751281226946668e-04
7.092108633470594441e+02 3.445547223472991173e-04
7.130591085503027671e+02 3.416576433290599850e-04
7.169282346958866583e+02 3.387837109960758152e-04
7.208183550857778528e+02 3.359327466344506582e-04
7.247295836367309221e+02 3.331045728781652899e-04
7.286620348836231642e+02 3.302990136990274707e-04
7.326158239828106389e+02 3.275158943966930574e-04
7.365910667154969360e+02 3.247550415887659903e-04
7.405878794911259320e+02 3.220162832009670732e-04
7.446063793507893251e+02 3.192994484573778886e-04
7.486466839706572500e+02 3.166043678707545356e-04
7.527089116654194640e+02 3.139308732329175867e-04
7.567931813917534782e+02 3.112787976052089410e-04
7.608996127518057619e+02 3.086479753090217511e-04
7.650283259966979585e+02 3.060382419163978429e-04
7.691794420300432193e+02 3.034494342406996738e-04
7.733530824114893676e+02 3.008813903273469090e-04
7.775493693602803660e+02 2.983339494446221162e-04
7.817684257588311993e+02 2.958069520745484514e-04
7.860103751563291326e+02 2.933002399038303360e-04
7.902753417723505436e+02 2.908136558148642289e-04
7.945634505005008350e+02 2.883470438768134738e-04
7.988748269120678742e+02 2.859002493367534571e-04
8.032095972597020364e+02 2.834731186108781871e-04
8.075678884811114813e+02 2.810654992757749050e-04
8.119498282027828964e+02 2.786772400597607681e-04
8.163555447437141765e+02 2.763081908342874572e-04
8.207851671191745027e+02 2.739582026054068796e-04
8.252388250444818141e+02 2.716271275053006766e-04
8.297166489388039281e+02 2.693148187838717480e-04
8.342187699289727334e+02 2.670211308004019667e-04
8.387453198533277146e+02 2.647459190152668686e-04
8.432964312655747108e+02 2.624890399817155027e-04
8.478722374386712772e+02 2.602503513377077979e-04
8.524728723687238698e+02 2.580297117978176875e-04
8.570984707789152708e+02 2.558269811451914185e-04
8.617491681234483849e+02 2.536420202235683120e-04
8.664251005915158430e+02 2.514746909293586060e-04
8.711264051112831339e+02 2.493248562037840197e-04
8.758532193539018635e+02 2.471923800250723654e-04
8.806056817375392711e+02 2.450771274007132548e-04
8.853839314314355988e+02 2.429789643597682054e-04
8.901881083599735121e+02 2.408977579452425738e-04
8.950183532067788974e+02 2.388333762065100176e-04
8.998748074188430337e+02 2.367856881917936355e-04
9.047576132106588602e+02 2.347545639407066283e-04
9.096669135683899867e+02 2.327398744768438110e-04
9.146028522540551648e+02 2.307414918004316426e-04
9.195655738097424319e+02 2.287592888810296217e-04
9.245552235618361010e+02 2.267931396502902012e-04
9.295719476252759250e+02 2.248429189947689824e-04
9.346158929078343363e+02 2.229085027487899605e-04
9.396872071144219944e+02 2.209897676873624046e-04
9.447860387514077729e+02 2.190865915191533841e-04
9.499125371309705770e+02 2.171988528795097901e-04
9.550668523754709440e+02 2.153264313235332369e-04
9.602491354218500419e+02 2.134692073192056790e-04
9.654595380260443562e+02 2.116270622405687222e-04
9.706982127674334606e+02 2.097998783609506662e-04
9.759653130533059766e+02 2.079875388462459700e-04
9.812609931233561156e+02 2.061899277482424745e-04
9.865854080541939766e+02 2.044069299980021592e-04
9.919387137638913146e+02 2.026384313992871632e-04
9.973210670165448164e+02 2.008843186220373876e-04
1.002732625426871437e+03 1.991444791958940413e-04
1.008173547464816806e+03 1.974188015037755531e-04
1.013643992460201048e+03 1.957071747754970145e-04
1.019144120607381751e+03 1.940094890814399306e-04
1.024674092969949015e+03 1.923256353262668553e-04
1.030234071485436743e+03 1.906555052426857930e-04
1.035824218970067705e+03 1.889989913852584819e-04
1.041444699123519968e+03 1.873559871242562209e-04
1.047095676533724827e+03 1.857263866395594972e-04
1.052777316681679849e+03 1.841100849146067020e-04
1.058489785946298525e+03 1.825069777303846416e-04
1.064233251609284707e+03 1.809169616594641784e-04
1.070007881860026146e+03 1.793399340600826018e-04
1.075813845800522358e+03 1.777757930702678481e-04
1.081651313450335692e+03 1.762244376020073635e-04
1.087520455751573991e+03 1.746857673354593589e-04
1.093421444573889630e+03 1.731596827132099263e-04
1.099354452719517212e+03 1.716460849345700273e-04
1.105319653928331491e+03 1.701448759499165264e-04
1.111317222882939632e+03 1.686559584550741272e-04
1.117347335213789620e+03 1.671792358857417864e-04
1.123410167504317997e+03 1.657146124119577809e-04
1.129505897296118519e+03 1.642619929326078713e-04
1.135634703094146289e+03 1.628212830699725779e-04
1.141796764371937343e+03 1.613923891643182049e-04
1.147992261576869168e+03 1.599752182685251875e-04
1.154221376135442597e+03 1.585696781427581271e-04
1.160484290458599844e+03 1.571756772491739087e-04
1.166781187947058243e+03 1.557931247466722924e-04
1.173112252996685811e+03 1.544219304856827440e-04
1.179477671003898877e+03 1.530620050029916793e-04
1.185877628371096080e+03 1.517132595166068693e-04
1.192312312512109202e+03 1.503756059206626933e-04
1.198781911857696514e+03 1.490489567803607903e-04
1.205286615861058408e+03 1.477332253269500407e-04
1.211826615003389406e+03 1.464283254527425429e-04
1.218402100799449727e+03 1.451341717061690822e-04
1.225013265803176864e+03 1.438506792868693754e-04
1.231660303613327642e+03 1.425777640408190433e-04
1.238343408879140043e+03 1.413153424554950170e-04
1.245062777306039152e+03 1.400633316550744742e-04
1.251818605661364472e+03 1.388216493956713428e-04
1.258611091780137713e+03 1.375902140606067670e-04
1.265440434570848083e+03 1.363689446557171951e-04
1.272306834021282612e+03 1.351577608046951025e-04
1.279210491204379423e+03 1.339565827444660613e-04
1.286151608284121266e+03 1.327653313205988254e-04
1.293130388521448140e+03 1.315839279827518162e-04
1.300147036280214479e+03 1.304122947801515664e-04
1.307201757033170679e+03 1.292503543571061557e-04
1.314294757367985767e+03 1.280980299485508201e-04
1.321426244993288947e+03 1.269552453756289071e-04
1.328596428744757986e+03 1.258219250413036480e-04
1.335805518591230339e+03 1.246979939260043821e-04
1.343053725640859511e+03 1.235833775833031646e-04
1.350341262147286898e+03 1.224780021356267469e-04
1.357668341515863858e+03 1.213817942699976413e-04
1.365035178309897901e+03 1.202946812338087271e-04
1.372441988256941841e+03 1.192165908306279306e-04
1.379888988255101594e+03 1.181474514160364605e-04
1.387376396379395374e+03 1.170871918934956806e-04
1.394904431888134241e+03 1.160357417102467111e-04
1.402473315229350874e+03 1.149930308532386939e-04
1.410083268047245156e+03 1.139589898450900173e-04
1.417734513188679557e+03 1.129335497400775680e-04
1.425427274709708399e+03 1.119166421201562314e-04
1.433161777882131673e+03 1.109081990910094418e-04
1.440938249200096834e+03 1.099081532781276768e-04
1.448756916386728335e+03 1.089164378229171611e-04
1.456618008400802182e+03 1.079329863788366104e-04
1.464521755443441862e+03 1.069577331075646033e-04
1.472468388964866108e+03 1.059906126751935580e-04
1.480458141671161911e+03 1.050315602484537401e-04
1.488491247531106637e+03 1.040805114909636989e-04
1.496567941783009701e+03 1.031374025595109794e-04
1.504688460941607218e+03 1.022021701003586117e-04
1.512853042804985535e+03 1.012747512455802631e-04
1.521061926461549774e+03 1.003550836094217784e-04
1.529315352297017398e+03 9.944310528469147716e-05
1.537613562001462697e+03 9.853875483917575449e-05
1.545956798576391520e+03 9.764197131208250495e-05
1.554345306341863989e+03 9.675269421050993021e-05
1.562779330943638797e+03 9.587086350594359026e-05
1.571259119360373688e+03 9.499641963077774072e-05
1.579784919910853887e+03 9.412930347486378880e-05
1.588356982261271241e+03 9.326945638208336065e-05
1.596975557432524738e+03 9.241682014694873118e-05
1.605640897807578312e+03 9.157133701122690313e-05
1.614353257138847766e+03 9.073294966058995093e-05
1.623112890555638614e+03 8.990160122128924402e-05
1.631920054571607352e+03 8.907723525685623327e-05
1.640775007092279566e+03 8.825979576482618171e-05
1.649678007422598284e+03 8.744922717348741468e-05
1.658629316274525081e+03 8.664547433865369070e-05
1.667629195774664822e+03 8.584848254046233552e-05
1.676677909471944986e+03 8.505819748019492776e-05
1.685775722345340455e+03 8.427456527712160644e-05
1.694922900811621503e+03 8.349753246537031527e-05
1.704119712733162942e+03 8.272704599081789358e-05
1.713366427425784195e+03 8.196305320800535850e-05
1.722663315666643257e+03 8.120550187707510159e-05
1.732010649702154979e+03 8.045434016073262909e-05
1.741408703255971432e+03 7.970951662122936277e-05
1.750857751536992510e+03 7.897098021736887320e-05
1.760358071247433600e+03 7.823868030153453943e-05
1.769909940590916904e+03 7.751256661674088501e-05
1.779513639280625057e+03 7.679258929370544611e-05
1.789169448547489992e+03 7.607869884794317742e-05
1.798877651148434325e+03 7.537084617688198651e-05
1.808638531374640479e+03 7.466898255700095508e-05
1.818452375059884389e+03 7.397305964098849598e-05
1.828319469588900802e+03 7.328302945492265507e-05
1.838240103905806563e+03 7.259884439547161991e-05
1.848214568522551644e+03 7.192045722711622418e-05
1.858243155527432691e+03 7.124782107939211682e-05
1.868326158593643413e+03 7.058088944415310021e-05
1.878463872987881359e+03 6.991961617285418732e-05
1.888656595578984025e+03 6.926395547385601756e-05
1.898904624846628622e+03 6.861386190974836828e-05
1.909208260890069596e+03 6.796929039469410327e-05
1.919567805436934350e+03 6.733019619179232544e-05
1.929983561852046705e+03 6.669653491046240016e-05
1.940455835146316986e+03 6.606826250384626115e-05
1.950984931985679168e+03 6.544533526623020475e-05
1.961571160700059863e+03 6.482770983048689113e-05
1.972214831292415056e+03 6.421534316553522120e-05
1.982916255447804133e+03 6.360819257381982404e-05
1.993675746542524621e+03 6.300621568880875902e-05
2.004493619653278074e+03 6.240937047251077403e-05
2.015370191566403719e+03 6.181761521301006024e-05
2.026305780787150979e+03 6.123090852202008863e-05
2.037300707549016124e+03 6.064920933245478033e-05
2.048355293823105058e+03 6.007247689601913831e-05
2.059469863327572966e+03 5.950067078081647422e-05
2.070644741537096706e+03 5.893375086897429695e-05
2.081880255692416995e+03 5.837167735428701998e-05
2.093176734809906520e+03 5.781441073987756091e-05
2.104534509691215135e+03 5.726191183587491938e-05
2.115953912932950516e+03 5.671414175711003746e-05
2.127435278936427949e+03 5.617106192082792291e-05
2.138978943917449669e+03 5.563263404441792624e-05
2.150585245916157419e+03 5.509882014315992148e-05
2.162254524806930931e+03 5.456958252798765815e-05
2.173987122308344169e+03 5.404488380326851165e-05
2.185783381993164767e+03 5.352468686460027612e-05
2.197643649298418495e+03 5.300895489662382711e-05
2.209568271535503754e+03 5.249765137085227109e-05
2.221557597900370638e+03 5.199074004351580898e-05
2.233611979483731830e+03 5.148818495342361495e-05
2.245731769281354900e+03 5.098995041984052810e-05
2.257917322204391439e+03 5.049600104038031210e-05
2.270168995089783948e+03 5.000630168891366002e-05
2.282487146710696834e+03 4.952081751349309913e-05
2.294872137787033353e+03 4.903951393429206485e-05
2.307324330996002573e+03 4.856235664155967533e-05
2.319844090982728176e+03 4.808931159359119988e-05
2.332431784370935475e+03 4.762034501471284559e-05
2.345087779773681177e+03 4.715542339328213615e-05
2.357812447804160001e+03 4.669451347970235823e-05
2.370606161086539942e+03 4.623758228445293880e-05
2.383469294266887118e+03 4.578459707613323270e-05
2.396402224024129282e+03 4.533552537952169239e-05
2.409405329081096625e+03 4.489033497364870528e-05
2.422478990215598515e+03 4.444899388988463035e-05
2.435623590271583453e+03 4.401147041004121785e-05
2.448839514170344046e+03 4.357773306448763182e-05
2.462127148921800199e+03 4.314775063027987610e-05
2.475486883635816866e+03 4.272149212930498579e-05
2.488919109533608207e+03 4.229892682643818171e-05
2.502424219959189031e+03 4.188002422771408561e-05
2.516002610390903556e+03 4.146475407851112879e-05
2.529654678452991902e+03 4.105308636175013660e-05
2.543380823927242545e+03 4.064499129610553717e-05
2.557181448764696142e+03 4.024043933423023786e-05
2.571056957097424402e+03 3.983940116099330206e-05
2.585007755250350783e+03 3.944184769173130726e-05
2.599034251753158969e+03 3.904775007051201560e-05
2.613136857352249535e+03 3.865707966841133947e-05
2.627315985022781661e+03 3.826980808180257886e-05
2.641572049980747124e+03 3.788590713065912325e-05
2.655905469695139800e+03 3.750534885686905925e-05
2.670316663900187450e+03 3.712810552256223318e-05
2.684806054607628084e+03 3.675414960845034426e-05
2.699374066119076815e+03 3.638345381217869307e-05
2.714021125038447735e+03 3.601599104669043892e-05
2.728747660284456288e+03 3.565173443860262766e-05
2.743554103103162106e+03 3.529065732659497238e-05
2.758440887080610537e+03 3.493273325980970651e-05
2.773408448155522819e+03 3.457793599626385106e-05
2.788457224632073121e+03 3.422623950127275078e-05
2.803587657192706956e+03 3.387761794588598380e-05
2.818800188911057830e+03 3.353204570533407935e-05
2.834095265264915724e+03 3.318949735748724986e-05
2.849473334149282437e+03 3.284994768132508023e-05
2.864934845889474218e+03 3.251337165541806206e-05
2.880480253254315812e+03 3.217974445641995628e-05
2.896110011469396341e+03 3.184904145757143834e-05
2.911824578230411589e+03 3.152123822721457179e-05
2.927624413716546769e+03 3.119631052731886256e-05
2.943509980603967051e+03 3.087423431201751823e-05
2.959481744079359942e+03 3.055498572615496954e-05
2.975540171853567244e+03 3.023854110384473237e-05
2.991685734175265679e+03 2.992487696703852176e-05
3.007918903844749366e+03 2.961397002410530677e-05
3.024240156227767329e+03 2.930579716842129191e-05
3.040649969269458779e+03 2.900033547696985307e-05
3.057148823508327951e+03 2.869756220895250170e-05
3.073737202090326264e+03 2.839745480440952557e-05
3.090415590783011339e+03 2.809999088285077012e-05
3.107184477989751485e+03 2.780514824189714336e-05
3.124044354764040690e+03 2.751290485593149227e-05
3.140995714823872277e+03 2.722323887475981975e-05
3.158039054566211234e+03 2.693612862228198846e-05
3.175174873081507485e+03 2.665155259517289384e-05
3.192403672168328285e+03 2.636948946157266659e-05
3.209725956348042473e+03 2.608991805978699889e-05
3.227142232879610674e+03 2.581281739699663888e-05
3.244653011774417337e+03 2.553816664797700883e-05
3.262258805811221464e+03 2.526594515382664613e-05
3.279960130551164639e+03 2.499613242070541891e-05
3.297757504352880460e+03 2.472870811858170675e-05
3.315651448387657638e+03 2.446365207998926799e-05
3.333642486654711320e+03 2.420094429879285862e-05
3.351731145996523537e+03 2.394056492896316858e-05
3.369917956114282333e+03 2.368249428336056028e-05
3.388203449583376369e+03 2.342671283252815179e-05
3.406588161868999578e+03 2.317320120349344469e-05
3.425072631341829492e+03 2.292194017857894419e-05
3.443657399293803337e+03 2.267291069422131049e-05
3.462343009953948240e+03 2.242609383979970888e-05
3.481130010504334223e+03 2.218147085647223049e-05
3.500018951096089040e+03 2.193902313602123723e-05
3.519010384865523520e+03 2.169873221970689936e-05
3.538104867950306925e+03 2.146057979712965731e-05
3.557302959505767831e+03 2.122454770510055083e-05
3.576605221721261387e+03 2.099061792652018099e-05
3.596012219836646182e+03 2.075877258926563776e-05
3.615524522158813852e+03 2.052899396508606395e-05
3.635142700078344660e+03 2.030126446850593383e-05
3.654867328086247198e+03 2.007556665573645318e-05
3.674698983790763123e+03 1.985188322359527724e-05
3.694638247934294668e+03 1.963019700843381455e-05
3.714685704410401740e+03 1.941049098507266582e-05
3.734841940280919516e+03 1.919274826574460477e-05
3.755107545793123336e+03 1.897695209904578864e-05
3.775483114397030022e+03 1.876308586889424991e-05
3.795969242762769682e+03 1.855113309349628911e-05
3.816566530798070744e+03 1.834107742432027405e-05
3.837275581665807294e+03 1.813290264507828937e-05
3.858097001801676015e+03 1.792659267071496898e-05
3.879031400931946337e+03 1.772213154640396525e-05
3.900079392091332465e+03 1.751950344655154692e-05
3.921241591640921342e+03 1.731869267380792193e-05
3.942518619286237026e+03 1.711968365808545163e-05
3.963911098095379657e+03 1.692246095558431562e-05
3.985419654517289473e+03 1.672700924782506460e-05
4.007044918400064944e+03 1.653331334068872870e-05
4.028787523009423239e+03 1.634135816346357002e-05
4.050648105047237550e+03 1.615112876789904511e-05
4.072627304670199010e+03 1.596261032726653686e-05
4.094725765508535915e+03 1.577578813542733708e-05
4.116944134684879828e+03 1.559064760590711730e-05
4.139283062833205804e+03 1.540717427097741980e-05
4.161743204117902678e+03 1.522535378074368942e-05
4.184325216252907921e+03 1.504517190224030526e-05
4.207029760520972559e+03 1.486661451853206675e-05
4.229857501793045230e+03 1.468966762782216123e-05
4.252809108547714459e+03 1.451431734256704505e-05
4.275885252890800984e+03 1.434054988859750285e-05
4.299086610575030136e+03 1.416835160424634592e-05
4.322413861019838805e+03 1.399770893948231937e-05
4.345867687331246998e+03 1.382860845505069398e-05
4.369448776321873083e+03 1.366103682161991271e-05
4.393157818531044541e+03 1.349498081893457978e-05
4.416995508245032397e+03 1.333042733497460091e-05
4.440962543517356607e+03 1.316736336512075927e-05
4.465059626189247865e+03 1.300577601132609537e-05
4.489287461910187631e+03 1.284565248129361592e-05
4.513646760158592770e+03 1.268698008765980829e-05
4.538138234262562946e+03 1.252974624718449756e-05
4.562762601420787178e+03 1.237393847994633628e-05
4.587520582723540429e+03 1.221954440854436924e-05
4.612412903173812992e+03 1.206655175730533762e-05
4.637440291708517179e+03 1.191494835149705482e-05
4.662603481219850437e+03 1.176472211654729971e-05
4.687903208576747602e+03 1.161586107726860704e-05
4.713340214646477762e+03 1.146835335708860755e-05
4.738915244316313874e+03 1.132218717728627189e-05
4.764629046515358823e+03 1.117735085623355022e-05
4.790482374236475152e+03 1.103383280864265801e-05
4.816475984558345772e+03 1.089162154481885751e-05
4.842610638667621970e+03 1.075070566991888375e-05
4.868887101881226954e+03 1.061107388321464255e-05
4.895306143668778532e+03 1.047271497736233965e-05
4.921868537675095467e+03 1.033561783767717997e-05
4.948575061742871185e+03 1.019977144141315070e-05
4.975426497935442967e+03 1.006516485704828310e-05
5.002423632559710313e+03 9.931787243574994686e-06
5.029567256189136060e+03 9.799627849795899967e-06
5.056858163686913940e+03 9.668676013624576243e-06
5.084297154229233456e+03 9.538921161391609858e-06
5.111885031328706646e+03 9.410352807155604346e-06
5.139622602857866696e+03 9.282960552019491016e-06
5.167510681072841180e+03 9.156734083451665925e-06
5.195550082637135347e+03 9.031663174612214129e-06
5.223741628645559103e+03 8.907737683684024708e-06
5.252086144648248592e+03 8.784947553208976128e-06
5.280584460674856018e+03 8.663282809428873456e-06
5.309237411258847715e+03 8.542733561631308531e-06
5.338045835461964998e+03 8.423290001500227946e-06
5.367010576898759609e+03 8.304942402471517159e-06
5.396132483761322874e+03 8.187681119093100980e-06
5.425412408844109450e+03 8.071496586389897561e-06
5.454851209568934792e+03 7.956379319233317565e-06
5.484449748010049007e+03 7.842319911715638851e-06
5.514208890919405349e+03 7.729309036528758632e-06
5.544129509752027843e+03 7.617337444347695790e-06
5.574212480691556266e+03 7.506395963218460494e-06
5.604458684675867516e+03 7.396475497950698542e-06
5.634869007422897084e+03 7.287567029514580189e-06
5.665444339456564194e+03 7.179661614442272259e-06
5.696185576132871574e+03 7.072750384233714049e-06
5.727093617666091632e+03 6.966824544766973124e-06
5.758169369155143613e+03 6.861875375712781226e-06
5.789413740610117202e+03 6.757894229953389210e-06
5.820827646978887060e+03 6.654872533005895995e-06
5.852412008173922914e+03 6.552801782449662765e-06
5.884167749099225148e+03 6.451673547358029249e-06
5.916095799677426839e+03 6.351479467734166059e-06
5.948197094876990377e+03 6.252211253951269767e-06
5.980472574739612355e+03 6.153860686196699231e-06
6.012923184407738518e+03 6.056419613920350469e-06
6.045549874152265147e+03 5.959879955287003268e-06
6.078353599400329585e+03 5.864233696632902121e-06
6.111335320763313575e+03 5.769472891926173364e-06
6.144496004064960289e+03 5.675589662231359751e-06
6.177836620369683260e+03 5.582576195177803935e-06
6.211358146010963537e+03 5.490424744432152778e-06
6.245061562619968754e+03 5.399127629174589440e-06
6.278947857154280427e+03 5.308677233579075334e-06
6.313018021926825895e+03 5.219066006297314777e-06
6.347273054634898472e+03 5.130286459946735437e-06
6.381713958389394065e+03 5.042331170602103395e-06
6.416341741744181491e+03 4.955192777290987963e-06
6.451157418725652860e+03 4.868863981492915344e-06
6.486162008862387665e+03 4.783337546642361036e-06
6.521356537215028766e+03 4.698606297635305705e-06
6.556742034406287530e+03 4.614663120339542573e-06
6.592319536651152703e+03 4.531500961108526240e-06
6.628090085787193857e+03 4.449112826299002671e-06
6.664054729305088586e+03 4.367491781792087452e-06
6.700214520379319765e+03 4.286630952517898188e-06
6.736570517898971957e+03 4.206523521983881672e-06
6.773123786498771551e+03 4.127162731806482588e-06
6.809875396590243327e+03 4.048541881246409569e-06
6.846826424393090747e+03 3.970654326747252961e-06
6.883977951966663568e+03 3.893493481477720269e-06
6.921331067241675555e+03 3.817052814877115734e-06
6.958886864052049532e+03 3.741325852204299099e-06
6.996646442166975248e+03 3.666306174089941456e-06
7.034610907323070933e+03 3.591987416092254768e-06
7.072781371256794955e+03 3.518363268255895228e-06
7.111158951736987547e+03 3.445427474674250936e-06
7.149744772597625342e+03 3.373173833054931360e-06
7.188539963770696886e+03 3.301596194288614018e-06
7.227545661319314604e+03 3.230688462021011194e-06
7.266763007470967750e+03 3.160444592228105791e-06
7.306193150651004544e+03 3.090858592794483505e-06
7.345837245516213443e+03 3.021924523094972239e-06
7.385696452988669080e+03 2.953636493579265617e-06
7.425771940289709164e+03 2.885988665359756755e-06
7.466064880974150583e+03 2.818975249802369673e-06
7.506576454964604636e+03 2.752590508120604359e-06
7.547307848586062391e+03 2.686828750972490965e-06
7.588260254600618282e+03 2.621684338060651338e-06
7.629434872242430174e+03 2.557151677735287484e-06
7.670832907252791301e+03 2.493225226600282018e-06
7.712455571915461405e+03 2.429899489122147200e-06
7.754304085092187961e+03 2.367169017241920784e-06
7.796379672258354731e+03 2.305028409990084517e-06
7.838683565538901348e+03 2.243472313104264711e-06
7.881217003744382055e+03 2.182495418649894040e-06
7.923981232407280004e+03 2.122092464643649071e-06
7.966977503818432524e+03 2.062258234679847746e-06
8.010207077063731049e+03 2.002987557559559067e-06
8.053671218060979299e+03 1.944275306922567702e-06
8.097371199596994302e+03 1.886116400882062016e-06
8.141308301364832914e+03 1.828505801662182957e-06
8.185483810001292113e+03 1.771438515238217586e-06
8.229899019124575716e+03 1.714909590979562624e-06
8.274555229372204849e+03 1.658914121295341109e-06
8.319453748439062110e+03 1.603447241282792033e-06
8.364595891115710401e+03 1.548504128378238984e-06
8.409982979326883651e+03 1.494080002010747263e-06
8.455616342170229473e+03 1.440170123258357682e-06
8.501497315955180966e+03 1.386769794507024727e-06
8.547627244242119559e+03 1.333874359112047956e-06
8.594007477881701561e+03 1.281479201062133014e-06
8.640639375054459379e+03 1.229579744645936791e-06
8.687524301310508235e+03 1.178171454121269920e-06
8.734663629609578493e+03 1.127249833386693426e-06
8.782058740361204400e+03 1.076810425655682512e-06
8.829711021465172962e+03 1.026848813133227478e-06
8.877621868352125603e+03 9.773606166949683211e-07
8.925792684024450864e+03 9.283414955687040982e-07
8.974224879097346275e+03 8.797871470183838897e-07
9.022919871840174892e+03 8.316933060304396971e-07
9.071879088217932804e+03 7.840557450026279375e-07
9.121103961933036771e+03 7.368702734351536916e-07
9.170595934467335610e+03 6.901327376241620902e-07
9.220356455124270724e+03 6.438390203576495691e-07
9.270386981071345872e+03 5.979850406136264313e-07
9.320688977382787925e+03 5.525667532606292897e-07
9.371263917082478656e+03 5.075801487604930771e-07
9.422113281187042958e+03 4.630212528734716133e-07
9.473238558749249933e+03 4.188861263655503464e-07
9.524641246901597697e+03 3.751708647180518535e-07
9.576322850900201956e+03 3.318715978394157282e-07
9.628284884168802819e+03 2.889844897792961088e-07
9.680528868343139038e+03 2.465057384447495777e-07
9.733056333315471420e+03 2.044315753186844275e-07
9.785868817279435461e+03 1.627582651804076573e-07
9.838967866775019502e+03 1.214821058284202048e-07
9.892355036733893940e+03 8.059942780526439580e-08
9.946031890524925984e+03 4.010659412454270129e-08
1.000000000000000000e+04 0.000000000000000000e+00
