# z rho_DE/rho_DE0 (U3_light_sqrt_eta, self-consistent, Om=0.31)
0.000000000000000000e+00 1.000000000000000000e+00
5.182288324740991214e-04 9.999194776211649538e-01
1.036726226075312951e-03 9.998389242247684994e-01
1.555492319971207849e-03 9.997583398178644387e-01
2.074527253418390060e-03 9.996777244075374380e-01
2.593831165728976984e-03 9.995970780009075796e-01
3.113404196303903859e-03 9.995164006051252548e-01
3.633246484599617077e-03 9.994356922273769372e-01
4.153358170161824958e-03 9.993549528748791877e-01
4.673739392591302888e-03 9.992741825548847601e-01
5.194390291574313423e-03 9.991933812746771615e-01
5.715311006868839527e-03 9.991125490415732058e-01
6.236501678293260298e-03 9.990316858629249008e-01
6.757962445754772673e-03 9.989507917461147857e-01
7.279693449217194967e-03 9.988698666985611485e-01
7.801694828732497200e-03 9.987889107277129197e-01
8.323966724409048723e-03 9.987079238410545567e-01
8.846509276444480818e-03 9.986269060461017144e-01
9.369322625092380008e-03 9.985458573504053525e-01
9.892406910695816791e-03 9.984647777615472952e-01
1.041576227365359486e-02 9.983836672871453377e-01
1.093938885445022713e-02 9.983025259348482505e-01
1.146328679364261305e-02 9.982213537123385549e-01
1.198745623184804820e-02 9.981401506273334112e-01
1.251189730977375625e-02 9.980589166875812879e-01
1.303661016818291607e-02 9.979776519008661806e-01
1.356159494792796849e-02 9.978963562750030603e-01
1.408685178991864184e-02 9.978150298178425359e-01
1.461238083515326025e-02 9.977336725372661919e-01
1.513818222468721331e-02 9.976522844411915836e-01
1.566425609966137777e-02 9.975708655375675749e-01
1.619060260128990514e-02 9.974894158343764472e-01
1.671722187084712097e-02 9.974079353396358982e-01
1.724411404969794503e-02 9.973264240613940457e-01
1.777127927926303030e-02 9.972448820077356446e-01
1.829871770105384599e-02 9.971633091867757592e-01
1.882642945663803857e-02 9.970817056066656470e-01
1.935441468767340467e-02 9.970000712755876515e-01
1.988267353587436226e-02 9.969184062017597547e-01
2.041120614304547942e-02 9.968367103934309137e-01
2.094001265104861176e-02 9.967549838588862787e-01
2.146909320183110204e-02 9.966732266064425305e-01
2.199844793741356774e-02 9.965914386444495454e-01
2.252807699987857681e-02 9.965096199812931710e-01
2.305798053139840320e-02 9.964277706253896749e-01
2.358815867420260837e-02 9.963458905851915182e-01
2.411861157061090388e-02 9.962639798691823589e-01
2.464933936300028883e-02 9.961820384858816047e-01
2.518034219383791239e-02 9.961000664438399710e-01
2.571162020564865536e-02 9.960180637516440338e-01
2.624317354104288569e-02 9.959360304179122325e-01
2.677500234270580037e-02 9.958539664512962020e-01
2.730710675338365867e-02 9.957718718604834374e-01
2.783948691591286995e-02 9.956897466541921871e-01
2.837214297318824130e-02 9.956075908411768927e-01
2.890507506819450789e-02 9.955254044302234151e-01
2.943828334397391444e-02 9.954431874301530314e-01
2.997176794365952190e-02 9.953609398498188821e-01
3.050552901044234488e-02 9.952786616981095236e-01
3.103956668760377013e-02 9.951963529839451539e-01
3.157388111848291601e-02 9.951140137162818311e-01
3.210847244650594234e-02 9.950316439041073657e-01
3.264334081517272779e-02 9.949492435564433190e-01
3.317848636804554552e-02 9.948668126823468905e-01
3.371390924877770701e-02 9.947843512909059216e-01
3.424960960108003327e-02 9.947018593912452245e-01
3.478558756875460567e-02 9.946193369925199201e-01
3.532184329566168124e-02 9.945367841039219892e-01
3.585837692575188917e-02 9.944542007346739432e-01
3.639518860303470049e-02 9.943715868940352642e-01
3.693227847160640565e-02 9.942889425912964096e-01
3.746964667563768003e-02 9.942062678357821426e-01
3.800729335936181563e-02 9.941235626368526423e-01
3.854521866710336475e-02 9.940408270038989524e-01
3.908342274324483334e-02 9.939580609463488647e-01
3.962190573226043178e-02 9.938752644736610353e-01
4.016066777868276816e-02 9.937924375953304246e-01
4.069970902713548888e-02 9.937095803208830791e-01
4.123902962230086011e-02 9.936266926598816829e-01
4.177862970895285244e-02 9.935437746219195621e-01
4.231850943192339010e-02 9.934608262166269022e-01
4.285866893613254902e-02 9.933778474536650860e-01
4.339910836657523419e-02 9.932948383427298022e-01
4.393982786830852305e-02 9.932117988935520447e-01
4.448082758648230772e-02 9.931287291158942265e-01
4.502210766630398986e-02 9.930456290195549540e-01
4.556366825307400781e-02 9.929624986143640308e-01
4.610550949215008742e-02 9.928793379101875649e-01
4.664763152898343535e-02 9.927961469169229725e-01
4.719003450908232367e-02 9.927129256445037520e-01
4.773271857804473051e-02 9.926296741028955983e-01
4.827568388154257484e-02 9.925463923020977353e-01
4.881893056531172448e-02 9.924630802521451356e-01
4.936245877517952962e-02 9.923797379631039695e-01
4.990626865703284842e-02 9.922963654450767113e-01
5.045036035685068754e-02 9.922129627081973657e-01
5.099473402067045136e-02 9.921295297626356868e-01
5.153938979462280301e-02 9.920460666185931808e-01
5.208432782489658130e-02 9.919625732863075473e-01
5.262954825777388379e-02 9.918790497760475722e-01
5.317505123959542779e-02 9.917954960981184565e-01
5.372083691679030437e-02 9.917119122628574868e-01
5.426690543586354387e-02 9.916282982806353674e-01
5.481325694338368137e-02 9.915446541618587739e-01
5.535989158601206661e-02 9.914609799169655791e-01
5.590680951046889113e-02 9.913772755564298489e-01
5.645401086356738318e-02 9.912935410907571798e-01
5.700149579217983487e-02 9.912097765304893615e-01
5.754926444327179702e-02 9.911259818861992699e-01
5.809731696386832844e-02 9.910421571684963071e-01
5.864565350108241759e-02 9.909583023880218500e-01
5.919427420210454649e-02 9.908744175554506928e-01
5.974317921418759170e-02 9.907905026814939342e-01
6.029236868467857668e-02 9.907065577768932041e-01
6.084184276098336674e-02 9.906225828524271027e-01
6.139160159060130795e-02 9.905385779189050943e-01
6.194164532109147636e-02 9.904545429871731699e-01
6.249197410010642884e-02 9.903704780681082953e-01
6.304258807535756404e-02 9.902863831726242960e-01
6.359348739465042755e-02 9.902022583116656396e-01
6.414467220585007290e-02 9.901181034962135419e-01
6.469614265691081556e-02 9.900339187372809713e-01
6.524789889586424252e-02 9.899497040459146469e-01
6.579994107080433530e-02 9.898654594331969259e-01
6.635226932992099869e-02 9.897811849102415849e-01
6.690488382146209112e-02 9.896968804881984827e-01
6.745778469377006203e-02 9.896125461782490085e-01
6.801097209524753495e-02 9.895281819916106336e-01
6.856444617439039213e-02 9.894437879395320268e-01
6.911820707975468991e-02 9.893593640332983830e-01
6.967225495998663476e-02 9.892749102842266495e-01
7.022658996380881646e-02 9.891904267036674137e-01
7.078121224000866185e-02 9.891059133030072337e-01
7.133612193746752261e-02 9.890213700936634211e-01
7.189131920512648044e-02 9.889367970870902580e-01
7.244680419202165211e-02 9.888521942947724463e-01
7.300257704724866237e-02 9.887675617282316587e-01
7.355863791999817103e-02 9.886828993990202097e-01
7.411498695951990179e-02 9.885982073187271624e-01
7.467162431515927956e-02 9.885134854989723330e-01
7.522855013632123722e-02 9.884287339514123971e-01
7.578576457250130183e-02 9.883439526877353387e-01
7.634326777327249403e-02 9.882591417196627814e-01
7.690105988827222738e-02 9.881743010589526532e-01
7.745914106723250647e-02 9.880894307173933022e-01
7.801751145994639813e-02 9.880045307068097138e-01
7.857617121630133816e-02 9.879196010390580707e-01
7.913512048624538053e-02 9.878346417260305268e-01
7.969435941982117022e-02 9.877496527796505443e-01
8.025388816713241447e-02 9.876646342118778898e-01
8.081370687837274858e-02 9.875795860347040822e-01
8.137381570381485574e-02 9.874945082601541690e-01
8.193421479379514594e-02 9.874094009002889472e-01
8.249490429874595243e-02 9.873242639672000776e-01
8.305588436916000461e-02 9.872390974730156366e-01
8.361715515562528900e-02 9.871539014298950088e-01
8.417871680879063234e-02 9.870686758500332170e-01
8.474056947940034057e-02 9.869834207456568143e-01
8.530271331825889369e-02 9.868981361290283250e-01
8.586514847626736113e-02 9.868128220124415817e-01
8.642787510438654230e-02 9.867274784082263883e-01
8.699089335366938514e-02 9.866421053287440790e-01
8.755420337524655316e-02 9.865567027863898497e-01
8.811780532031399105e-02 9.864712707935945346e-01
8.868169934016401079e-02 9.863858093628196100e-01
8.924588558614887646e-02 9.863003185065630785e-01
8.981036420971810763e-02 9.862147982373535848e-01
9.037513536238073186e-02 9.861292485677560782e-01
9.094019919574303223e-02 9.860436695103664828e-01
9.150555586147124387e-02 9.859580610778170273e-01
9.207120551132441655e-02 9.858724232827712486e-01
9.263714829713953769e-02 9.857867561379262122e-01
9.320338437081954197e-02 9.857010596560148441e-01
9.376991388436328734e-02 9.856153338498004901e-01
9.433673698983113809e-02 9.855295787320828005e-01
9.490385383937938180e-02 9.854437943156924007e-01
9.547126458522603443e-02 9.853579806134958874e-01
9.603896937968547931e-02 9.852721376383908325e-01
9.660696837513338409e-02 9.851862654033107791e-01
9.717526172404200580e-02 9.851003639212200236e-01
9.774384957894466375e-02 9.850144332051192775e-01
9.831273209246771394e-02 9.849284732680402277e-01
9.888190941731589412e-02 9.848424841230485338e-01
9.945138170626033336e-02 9.847564657832446056e-01
1.000211491121685281e-01 9.846704182617601608e-01
1.005912117879697032e-01 9.845843415717627778e-01
1.011615698866905610e-01 9.844982357264505657e-01
1.017322235614182002e-01 9.844121007390580491e-01
1.023031729653380850e-01 9.843259366228500618e-01
1.028744182516965200e-01 9.842397433911275195e-01
1.034459595738328463e-01 9.841535210572230907e-01
1.040177970851654532e-01 9.840672696345023063e-01
1.045899309391797871e-01 9.839809891363660022e-01
1.051623612894576620e-01 9.838946795762458786e-01
1.057350882896430644e-01 9.838083409676096069e-01
1.063081120934774582e-01 9.837219733239552788e-01
1.068814328547644799e-01 9.836355766588168459e-01
1.074550507274045774e-01 9.835491509857592352e-01
1.080289658653608154e-01 9.834626963183830117e-01
1.086031784226930696e-01 9.833762126703191608e-01
1.091776885535244990e-01 9.832897000552348610e-01
1.097524964120697444e-01 9.832031584868281548e-01
1.103276021526253814e-01 9.831165879788306139e-01
1.109030059295528226e-01 9.830299885450086705e-01
1.114787078973120682e-01 9.829433601991595104e-01
1.120547082104257353e-01 9.828567029551160683e-01
1.126310070235136962e-01 9.827700168267414771e-01
1.132076044912579960e-01 9.826833018279350629e-01
1.137845007684392673e-01 9.825965579726262389e-01
1.143616960099003155e-01 9.825097852747803895e-01
1.149391903705776485e-01 9.824229837483938743e-01
1.155169840054874886e-01 9.823361534074961376e-01
1.160950770697137813e-01 9.822492942661515958e-01
1.166734697184383940e-01 9.821624063384551961e-01
1.172521621069053666e-01 9.820754896385375243e-01
1.178311543904579928e-01 9.819885441805592530e-01
1.184104467245008507e-01 9.819015699787169149e-01
1.189900392645384386e-01 9.818145670472374631e-01
1.195699321661367609e-01 9.817275354003832666e-01
1.201501255849608540e-01 9.816404750524468925e-01
1.207306196767385931e-01 9.815533860177566572e-01
1.213114145972917779e-01 9.814662683106718521e-01
1.218925105025230327e-01 9.813791219455844095e-01
1.224739075484022610e-01 9.812919469369213443e-01
1.230556058909983985e-01 9.812047432991396478e-01
1.236376056864427753e-01 9.811175110467321714e-01
1.242199070909664194e-01 9.810302501942215203e-01
1.248025102608623094e-01 9.809429607561660491e-01
1.253854153525233439e-01 9.808556427471539774e-01
1.259686225224050382e-01 9.807682961818091627e-01
1.265521319270572764e-01 9.806809210747862160e-01
1.271359437231118772e-01 9.805935174407723887e-01
1.277200580672670505e-01 9.805060852944895711e-01
1.283044751163215924e-01 9.804186246506899627e-01
1.288891950271364717e-01 9.803311355241607350e-01
1.294742179566727991e-01 9.802436179297194796e-01
1.300595440619540799e-01 9.801560718822186491e-01
1.306451735001041836e-01 9.800684973965410052e-01
1.312311064283098183e-01 9.799808944876043926e-01
1.318173430038571681e-01 9.798932631703567431e-01
1.324038833840961438e-01 9.798056034597809605e-01
1.329907277264714693e-01 9.797179153708908128e-01
1.335778761885098032e-01 9.796301989187321535e-01
1.341653289278055272e-01 9.795424541183859191e-01
1.347530861020531656e-01 9.794546809849623559e-01
1.353411478690103031e-01 9.793668795336071264e-01
1.359295143865348887e-01 9.792790497794957583e-01
1.365181858125483760e-01 9.791911917378384178e-01
1.371071623050723609e-01 9.791033054238755806e-01
1.376964440221917219e-01 9.790153908528823612e-01
1.382860311220872607e-01 9.789274480401645162e-01
1.388759237630221577e-01 9.788394770010599988e-01
1.394661221033266507e-01 9.787514777509409569e-01
1.400566263014326740e-01 9.786634503052095146e-01
1.406474365158354445e-01 9.785753946793025460e-01
1.412385529051305433e-01 9.784873108886865678e-01
1.418299756279768342e-01 9.783991989488630692e-01
1.424217048431353216e-01 9.783110588753626269e-01
1.430137407094294044e-01 9.782228906837514559e-01
1.436060833857837338e-01 9.781346943896247481e-01
1.441987330311871318e-01 9.780464700086126673e-01
1.447916898047243439e-01 9.779582175563754642e-01
1.453849538655624940e-01 9.778699370486055864e-01
1.459785253729377619e-01 9.777816285010294539e-01
1.465724044861869135e-01 9.776932919294030189e-01
1.471665913647108859e-01 9.776049273495167613e-01
1.477610861680120902e-01 9.775165347771906932e-01
1.483558890556562204e-01 9.774281142282794654e-01
1.489510001873108891e-01 9.773396657186669279e-01
1.495464197227081016e-01 9.772511892642715692e-01
1.501421478216757865e-01 9.771626848810418542e-01
1.507381846441253614e-01 9.770741525849581111e-01
1.513345303500370775e-01 9.769855923920345298e-01
1.519311850994922164e-01 9.768970043183146101e-01
1.525281490526368966e-01 9.768083883798762690e-01
1.531254223697187111e-01 9.767197445928265109e-01
1.537230052110498679e-01 9.766310729733067575e-01
1.543208977370436052e-01 9.765423735374876291e-01
1.549191001081782204e-01 9.764536463015742740e-01
1.555176124850341512e-01 9.763648912818003733e-01
1.561164350282557844e-01 9.762761084944345802e-01
1.567155678985845402e-01 9.761872979557748575e-01
1.573150112568462156e-01 9.760984596821508097e-01
1.579147652639345534e-01 9.760095936899257918e-01
1.585148300808465471e-01 9.759206999954918027e-01
1.591152058686433612e-01 9.758317786152754802e-01
1.597158927884885227e-01 9.757428295657317729e-01
1.603168910016101734e-01 9.756538528633502683e-01
1.609182006693385958e-01 9.755648485246491974e-01
1.615198219530695756e-01 9.754758165661809866e-01
1.621217550142959318e-01 9.753867570045272606e-01
1.627240000145944165e-01 9.752976698563011748e-01
1.633265571156117257e-01 9.752085551381494133e-01
1.639294264790966960e-01 9.751194128667470817e-01
1.645326082668634449e-01 9.750302430588033697e-01
1.651361026408282306e-01 9.749410457310559996e-01
1.657399097629732587e-01 9.748518209002769996e-01
1.663440297953830971e-01 9.747625685832662645e-01
1.669484629002071507e-01 9.746732887968583281e-01
1.675532092396982975e-01 9.745839815579157017e-01
1.681582689761740301e-01 9.744946468833348696e-01
1.687636422720506513e-01 9.744052847900415149e-01
1.693693292898283964e-01 9.743158952949922957e-01
1.699753301920772230e-01 9.742264784151770662e-01
1.705816451414710055e-01 9.741370341676138800e-01
1.711882743007484553e-01 9.740475625693545414e-01
1.717952178327515345e-01 9.739580636374792766e-01
1.724024759003877083e-01 9.738685373891018404e-01
1.730100486666683590e-01 9.737789838413641874e-01
1.736179362946692617e-01 9.736894030114416898e-01
1.742261389475658895e-01 9.735997949165390297e-01
1.748346567886183145e-01 9.735101595738913094e-01
1.754434899811558868e-01 9.734204970007666047e-01
1.760526386886129835e-01 9.733308072144609691e-01
1.766621030744888188e-01 9.732410902323040958e-01
1.772718833023865237e-01 9.731513460716534336e-01
1.778819795359749545e-01 9.730615747499000712e-01
1.784923919390271063e-01 9.729717762844628526e-01
1.791031206753812555e-01 9.728819506927940397e-01
1.797141659089802612e-01 9.727920979923736500e-01
1.803255278038327081e-01 9.727022182007152296e-01
1.809372065240457683e-01 9.726123113353605243e-01
1.815492022338129896e-01 9.725223774138819222e-01
1.821615150973974195e-01 9.724324164538842297e-01
1.827741452791671328e-01 9.723424284730001199e-01
1.833870929435557073e-01 9.722524134888952396e-01
1.840003582551017480e-01 9.721623715192629911e-01
1.846139413784091410e-01 9.720723025818297502e-01
1.852278424781872435e-01 9.719822066943494265e-01
1.858420617192106938e-01 9.718920838746090141e-01
1.864565992663540506e-01 9.718019341404238176e-01
1.870714552845780254e-01 9.717117575096390070e-01
1.876866299389134962e-01 9.716215540001323925e-01
1.883021233944968120e-01 9.715313236298087629e-01
1.889179358165300471e-01 9.714410664166062137e-01
1.895340673703207468e-01 9.713507823784897077e-01
1.901505182212424039e-01 9.712604715334574035e-01
1.907672885347735381e-01 9.711701338995343269e-01
1.913843784764592826e-01 9.710797694947786995e-01
1.920017882119500197e-01 9.709893783372754994e-01
1.926195179069623009e-01 9.708989604451424560e-01
1.932375677273130421e-01 9.708085158365253875e-01
1.938559378389055343e-01 9.707180445295995330e-01
1.944746284077141230e-01 9.706275465425723281e-01
1.950936395998188466e-01 9.705370218936781868e-01
1.957129715813659132e-01 9.704464706011838304e-01
1.963326245186076680e-01 9.703558926833830700e-01
1.969525985778626254e-01 9.702652881586020239e-01
1.975728939255554373e-01 9.701746570451937890e-01
1.981935107281771469e-01 9.700839993615438805e-01
1.988144491523200497e-01 9.699933151260651254e-01
1.994357093646623724e-01 9.699026043571998823e-01
2.000572915319540623e-01 9.698118670734222624e-01
2.006791958210516480e-01 9.697211032932329111e-01
2.013014223988780493e-01 9.696303130351647814e-01
2.019239714324623236e-01 9.695394963177772496e-01
2.025468430889005855e-01 9.694486531596618883e-01
2.031700375353948651e-01 9.693577835794369157e-01
2.037935549392149159e-01 9.692668875957525243e-01
2.044173954677357408e-01 9.691759652272852188e-01
2.050415592884005100e-01 9.690850164927438115e-01
2.056660465687534245e-01 9.689940414108638711e-01
2.062908574764255043e-01 9.689030400004102761e-01
2.069159921791197121e-01 9.688120122801789913e-01
2.075414508446460360e-01 9.687209582689921827e-01
2.081672336408815216e-01 9.686298779857042129e-01
2.087933407358095739e-01 9.685387714491949795e-01
2.094197722974817655e-01 9.684476386783766877e-01
2.100465284940555843e-01 9.683564796921872997e-01
2.106736094937564641e-01 9.682652945095966412e-01
2.113010154649117567e-01 9.681740831496010724e-01
2.119287465759356337e-01 9.680828456312260410e-01
2.125568029953155413e-01 9.679915819735275262e-01
2.131851848916455072e-01 9.679002921955875971e-01
2.138138924335868385e-01 9.678089763165196313e-01
2.144429257899085339e-01 9.677176343554629856e-01
2.150722851294473159e-01 9.676262663315885471e-01
2.157019706211464882e-01 9.675348722640925159e-01
2.163319824340181885e-01 9.674434521722028446e-01
2.169623207371809137e-01 9.673520060751729099e-01
2.175929856998215506e-01 9.672605339922875078e-01
2.182239774912295704e-01 9.671690359428574135e-01
2.188552962807817082e-01 9.670775119462222680e-01
2.194869422379284174e-01 9.669859620217515772e-01
2.201189155322267332e-01 9.668943861888406044e-01
2.207512163333025246e-01 9.668027844669158100e-01
2.213838448108895740e-01 9.667111568754286344e-01
2.220168011347887216e-01 9.666195034338618264e-01
2.226500854749096092e-01 9.665278241617233368e-01
2.232836980012296024e-01 9.664361190785519806e-01
2.239176388838295395e-01 9.663443882039124411e-01
2.245519082928779664e-01 9.662526315573974900e-01
2.251865063986164817e-01 9.661608491586299863e-01
2.258214333713954858e-01 9.660690410272577688e-01
2.264566893816333248e-01 9.659772071829593187e-01
2.270922745998569248e-01 9.658853476454384301e-01
2.277281891966607130e-01 9.657934624344292063e-01
2.283644333427488071e-01 9.657015515696908414e-01
2.290010072088928261e-01 9.656096150710127279e-01
2.296379109659731910e-01 9.655176529582096823e-01
2.302751447849391564e-01 9.654256652511263859e-01
2.309127088368430059e-01 9.653336519696333884e-01
2.315506032928260627e-01 9.652416131336284399e-01
2.321888283241033690e-01 9.651495487630392667e-01
2.328273841019987689e-01 9.650574588778177976e-01
2.334662707979040519e-01 9.649653434979464928e-01
2.341054885833209198e-01 9.648732026434323483e-01
2.347450376298194641e-01 9.647810363343124473e-01
2.353849181090785780e-01 9.646888445906480758e-01
2.360251301928464329e-01 9.645966274325311618e-01
2.366656740529748948e-01 9.645043848800780584e-01
2.373065498614053137e-01 9.644121169534326521e-01
2.379477577901527585e-01 9.643198236727679173e-01
2.385892980113415440e-01 9.642275050582810314e-01
2.392311706971648189e-01 9.641351611301993696e-01
2.398733760199258658e-01 9.640427919087737330e-01
2.405159141519965793e-01 9.639503974142855647e-01
2.411587852658580999e-01 9.638579776670395116e-01
2.418019895340615122e-01 9.637655326873704187e-01
2.424455271292669245e-01 9.636730624956370006e-01
2.430893982242039453e-01 9.635805671122273930e-01
2.437336029917065439e-01 9.634880465575544894e-01
2.443781416046990618e-01 9.633955008520578289e-01
2.450230142361793373e-01 9.633029300162055941e-01
2.456682210592553428e-01 9.632103340704896155e-01
2.463137622471049948e-01 9.631177130354313665e-01
2.469596379730161217e-01 9.630250669315756351e-01
2.476058484103451640e-01 9.629323957794967415e-01
2.482523937325600283e-01 9.628396995997925423e-01
2.488992741131970110e-01 9.627469784130897601e-01
2.495464897258985459e-01 9.626542322400396534e-01
2.501940407443965508e-01 9.625614611013195709e-01
2.508419273424975504e-01 9.624686650176352831e-01
2.514901496941193138e-01 9.623758440097155420e-01
2.521387079732479997e-01 9.622829980983186315e-01
2.527876023539818995e-01 9.621901273042254843e-01
2.534368330104879163e-01 9.620972316482461206e-01
2.540864001170441977e-01 9.620043111512137646e-01
2.547363038479986130e-01 9.619113658339905060e-01
2.553865443778096100e-01 9.618183957174610832e-01
2.560371218810064686e-01 9.617254008225392115e-01
2.566880365322230517e-01 9.616323811701621427e-01
2.573392885061844826e-01 9.615393367812928860e-01
2.579908779776911576e-01 9.614462676769222060e-01
2.586428051216536073e-01 9.613531738780637381e-01
2.592950701130538604e-01 9.612600554057596502e-01
2.599476731269840801e-01 9.611669122810746480e-01
2.606006143386072615e-01 9.610737445251016364e-01
2.612538939231974222e-01 9.609805521589566135e-01
2.619075120560987457e-01 9.608873352037833326e-01
2.625614689127619972e-01 9.607940936807488619e-01
2.632157646687287578e-01 9.607008276110458045e-01
2.638703994996158819e-01 9.606075370158939641e-01
2.645253735811523566e-01 9.605142219165355710e-01
2.651806870891373347e-01 9.604208823342406109e-01
2.658363401994814357e-01 9.603275182903017182e-01
2.664923330881665553e-01 9.602341298060391717e-01
2.671486659312853895e-01 9.601407169027954547e-01
2.678053389050021327e-01 9.600472796019410282e-01
2.684623521855926676e-01 9.599538179248680025e-01
2.691197059494032651e-01 9.598603318929967987e-01
2.697774003728872216e-01 9.597668215277699311e-01
2.704354356325897601e-01 9.596732868506550052e-01
2.710938119051315986e-01 9.595797278831463828e-01
2.717525293672455877e-01 9.594861446467601862e-01
2.724115881957356322e-01 9.593925371630400711e-01
2.730709885675179915e-01 9.592989054535514537e-01
2.737307306595799794e-01 9.592052495398868395e-01
2.743908146490214861e-01 9.591115694436608274e-01
2.750512407130127901e-01 9.590178651865147730e-01
2.757120090288323055e-01 9.589241367901124580e-01
2.763731197738499290e-01 9.588303842761419782e-01
2.770345731255114963e-01 9.587366076663178527e-01
2.776963692613767520e-01 9.586428069823759168e-01
2.783585083590756071e-01 9.585489822460789844e-01
2.790209905963512149e-01 9.584551334792112964e-01
2.796838161510180054e-01 9.583612607035835174e-01
2.803469852010032071e-01 9.582673639410280719e-01
2.810104979243057688e-01 9.581734432134039192e-01
2.816743544990374382e-01 9.580794985425907795e-01
2.823385551033814611e-01 9.579855299504955735e-01
2.830030999156292193e-01 9.578915374590465381e-01
2.836679891141644649e-01 9.577975210901957803e-01
2.843332228774477777e-01 9.577034808659211640e-01
2.849988013840525358e-01 9.576094168082214253e-01
2.856647248126245042e-01 9.575153289391216127e-01
2.863309933419226905e-01 9.574212172806676469e-01
2.869976071507773785e-01 9.573270818549315386e-01
2.876645664181334272e-01 9.572329226840059491e-01
2.883318713230067498e-01 9.571387397900099625e-01
2.889995220445216173e-01 9.570445331950836465e-01
2.896675187618957814e-01 9.569503029213902723e-01
2.903358616544238213e-01 9.568560489911186462e-01
2.910045509015137810e-01 9.567617714264778916e-01
2.916735866826463131e-01 9.566674702497028893e-01
2.923429691774157568e-01 9.565731454830488367e-01
2.930126985654888383e-01 9.564787971487969109e-01
2.936827750266459702e-01 9.563844252692480508e-01
2.943531987407399519e-01 9.562900298667293963e-01
2.950239698877379357e-01 9.561956109635878498e-01
2.956950886476787943e-01 9.561011685821957373e-01
2.963665552007113124e-01 9.560067027449463684e-01
2.970383697270768675e-01 9.559122134742553678e-01
2.977105324070945525e-01 9.558177007925634516e-01
2.983830434211987015e-01 9.557231647223307647e-01
2.990559029498951471e-01 9.556286052860429869e-01
2.997291111738049629e-01 9.555340225062054493e-01
3.004026682736211651e-01 9.554394164053486849e-01
3.010765744301522329e-01 9.553447870060225444e-01
3.017508298242785880e-01 9.552501343308024140e-01
3.024254346369907864e-01 9.551554584022834415e-01
3.031003890493726427e-01 9.550607592430829795e-01
3.037756932425863532e-01 9.549660368758430273e-01
3.044513473979091334e-01 9.548712913232242361e-01
3.051273516966903632e-01 9.547765226079126810e-01
3.058037063203955519e-01 9.546817307526133112e-01
3.064804114505623733e-01 9.545869157800556115e-01
3.071574672688441865e-01 9.544920777129883849e-01
3.078348739569667369e-01 9.543972165741850811e-01
3.085126316967718996e-01 9.543023323864379126e-01
3.091907406701737138e-01 9.542074251725636280e-01
3.098692010591972412e-01 9.541124949553986268e-01
3.105480130459612464e-01 9.540175417578006245e-01
3.112271768126635418e-01 9.539225656026513178e-01
3.119066925416169589e-01 9.538275665128507219e-01
3.125865604152078259e-01 9.537325445113232769e-01
3.132667806159386004e-01 9.536374996210118526e-01
3.139473533263841265e-01 9.535424318648836328e-01
3.146282787292364880e-01 9.534473412659238978e-01
3.153095570072599330e-01 9.533522278471421307e-01
3.159911883433297319e-01 9.532570916315669107e-01
3.166731729204166346e-01 9.531619326422475780e-01
3.173555109215691061e-01 9.530667509022570094e-01
3.180382025299528514e-01 9.529715464346858456e-01
3.187212479288064060e-01 9.528763192626487077e-01
3.194046473014846566e-01 9.527810694092779809e-01
3.200884008314166529e-01 9.526857968977301416e-01
3.207725087021477961e-01 9.525905017511788753e-01
3.214569710972963179e-01 9.524951839928218478e-01
3.221417882005983557e-01 9.523998436458743777e-01
3.228269601958628776e-01 9.523044807335752093e-01
3.235124872670105400e-01 9.522090952791814056e-01
3.241983695980572566e-01 9.521136873059704575e-01
3.248846073730982109e-01 9.520182568372425047e-01
3.255712007763458260e-01 9.519228038963148952e-01
3.262581499920853556e-01 9.518273285065282918e-01
3.269454552047204032e-01 9.517318306912406767e-01
3.276331165987282912e-01 9.516363104738331247e-01
3.283211343587026931e-01 9.515407678777035860e-01
3.290095086693121118e-01 9.514452029262735477e-01
3.296982397153369604e-01 9.513496156429817052e-01
3.303873276816529092e-01 9.512540060512868489e-01
3.310767727532160087e-01 9.511583741746699738e-01
3.317665751150986608e-01 9.510627200366287282e-01
3.324567349524487625e-01 9.509670436606836308e-01
3.331472524505307842e-01 9.508713450703718539e-01
3.338381277946844694e-01 9.507756242892529963e-01
3.345293611703665793e-01 9.506798813409035320e-01
3.352209527631082597e-01 9.505841162489222507e-01
3.359129027585592286e-01 9.504883290369243731e-01
3.366052113424429226e-01 9.503925197285476578e-01
3.372978787005960211e-01 9.502966883474467386e-01
3.379909050189504605e-01 9.502008349172955670e-01
3.386842904835194457e-01 9.501049594617896332e-01
3.393780352804338651e-01 9.500090620046406364e-01
3.400721395958987703e-01 9.499131425695822584e-01
3.407666036162380063e-01 9.498172011803640569e-01
3.414614275278504696e-01 9.497212378607577943e-01
3.421566115172529621e-01 9.496252526345511091e-01
3.428521557710368928e-01 9.495292455255535113e-01
3.435480604759075796e-01 9.494332165575908311e-01
3.442443258186664856e-01 9.493371657545078834e-01
3.449409519861954543e-01 9.492410931401701335e-01
3.456379391654953448e-01 9.491449987384590337e-01
3.463352875436422895e-01 9.490488825732772415e-01
3.470329973078301045e-01 9.489527446685430689e-01
3.477310686453292110e-01 9.488565850481962549e-01
3.484295017435279362e-01 9.487604037361918596e-01
3.491282967898903244e-01 9.486642007565061485e-01
3.498274539719989917e-01 9.485679761331309301e-01
3.505269734775127155e-01 9.484717298900789961e-01
3.512268554942026277e-01 9.483754620513787925e-01
3.519271002099386703e-01 9.482791726410773059e-01
3.526277078126707210e-01 9.481828616832413958e-01
3.533286784904681177e-01 9.480865292019532431e-01
3.540300124314761376e-01 9.479901752213154564e-01
3.547317098239588518e-01 9.478937997654457437e-01
3.554337708562569365e-01 9.477974028584824628e-01
3.561361957168291958e-01 9.477009845245787378e-01
3.568389845942114835e-01 9.476045447879084538e-01
3.575421376770531179e-01 9.475080836726605948e-01
3.582456551541015610e-01 9.474116012030415757e-01
3.589495372141853213e-01 9.473150974032779059e-01
3.596537840462525892e-01 9.472185722976100841e-01
3.603583958393279385e-01 9.471220259102992589e-01
3.610633727825558470e-01 9.470254582656205677e-01
3.617687150651560657e-01 9.469288693878696872e-01
3.624744228764700260e-01 9.468322593013560606e-01
3.631804964059131002e-01 9.467356280304094485e-01
3.638869358430225631e-01 9.466389755993737110e-01
3.645937413774111846e-01 9.465423020326123593e-01
3.653009131988069758e-01 9.464456073545037817e-01
3.660084514970354252e-01 9.463488915894432418e-01
3.667163564620044003e-01 9.462521547618447659e-01
3.674246282837427824e-01 9.461553968961362582e-01
3.681332671523547262e-01 9.460586180167653847e-01
3.688422732580656227e-01 9.459618181481933563e-01
3.695516467911776903e-01 9.458649973149007018e-01
3.702613879421128296e-01 9.457681555413814944e-01
3.709714969013704344e-01 9.456712928521493478e-01
3.716819738595649181e-01 9.455744092717318638e-01
3.723928190074097255e-01 9.454775048246729652e-01
3.731040325357000143e-01 9.453805795355348929e-01
3.738156146353519560e-01 9.452836334288932107e-01
3.745275654973592161e-01 9.451866665293425784e-01
3.752398853128360301e-01 9.450896788614904231e-01
3.759525742729736830e-01 9.449926704499634900e-01
3.766656325690846963e-01 9.448956413194010695e-01
3.773790603925581966e-01 9.447985914944615482e-01
3.780928579349054353e-01 9.447015209998159690e-01
3.788070253877140470e-01 9.446044298601542488e-01
3.795215629426880177e-01 9.445073181001792939e-01
3.802364707916303654e-01 9.444101857446099979e-01
3.809517491264269307e-01 9.443130328181829070e-01
3.816673981390856785e-01 9.442158593456470017e-01
3.823834180216907352e-01 9.441186653517695815e-01
3.830998089664494621e-01 9.440214508613303801e-01
3.838165711656453816e-01 9.439242158991274501e-01
3.845337048116845846e-01 9.438269604899709453e-01
3.852512100970504338e-01 9.437296846586891164e-01
3.859690872143421991e-01 9.436323884301229814e-01
3.866873363562604027e-01 9.435350718291288796e-01
3.874059577155870571e-01 9.434377348805802477e-01
3.881249514852274096e-01 9.433403776093620685e-01
3.888443178581637572e-01 9.432430000403774217e-01
3.895640570275016312e-01 9.431456021985412663e-01
3.902841691864229468e-01 9.430481841087859918e-01
3.910046545282332975e-01 9.429507457960558670e-01
3.917255132463157707e-01 9.428532872853123692e-01
3.924467455341755784e-01 9.427558086015289662e-01
3.931683515853960920e-01 9.426583097696961122e-01
3.938903315936781446e-01 9.425607908148165848e-01
3.946126857528227116e-01 9.424632517619075944e-01
3.953354142567140350e-01 9.423656926360025610e-01
3.960585172993598135e-01 9.422681134621462284e-01
3.967819950748456836e-01 9.421705142654006604e-01
3.975058477773798504e-01 9.420728950708385785e-01
3.982300756012493448e-01 9.419752559035500239e-01
3.989546787408639883e-01 9.418775967886358069e-01
3.996796573907122063e-01 9.417799177512136133e-01
4.004050117453996638e-01 9.416822188164127860e-01
4.011307419996332779e-01 9.415845000093761019e-01
4.018568483482034548e-01 9.414867613552626580e-01
4.025833309860245013e-01 9.413890028792418763e-01
4.033101901080891061e-01 9.412912246064997213e-01
4.040374259095136367e-01 9.411934265622328155e-01
4.047650385854928423e-01 9.410956087716541019e-01
4.054930283313451511e-01 9.409977712599867372e-01
4.062213953424678170e-01 9.408999140524704208e-01
4.069501398143822168e-01 9.408020371743547328e-01
4.076792619426876652e-01 9.407041406509057957e-01
4.084087619231022703e-01 9.406062245074002792e-01
4.091386399514458372e-01 9.405082887691278426e-01
4.098688962236221034e-01 9.404103334613936882e-01
4.105995309356593737e-01 9.403123586095125663e-01
4.113305442836650005e-01 9.402143642388152145e-01
4.120619364638700155e-01 9.401163503746420291e-01
4.127937076725847199e-01 9.400183170423492829e-01
4.135258581062444261e-01 9.399202642673026853e-01
4.142583879613630504e-01 9.398221920748836000e-01
4.149912974345730809e-01 9.397241004904837158e-01
4.157245867226093683e-01 9.396259895395071560e-01
4.164582560222915841e-01 9.395278592473724766e-01
4.171923055305641892e-01 9.394297096395075597e-01
4.179267354444506921e-01 9.393315407413559415e-01
4.186615459610998347e-01 9.392333525783698178e-01
4.193967372777391844e-01 9.391351451760168167e-01
4.201323095917219863e-01 9.390369185597733370e-01
4.208682631004807551e-01 9.389386727551310985e-01
4.216045980015725725e-01 9.388404077875904807e-01
4.223413144926349005e-01 9.387421236826668514e-01
4.230784127714242171e-01 9.386438204658850148e-01
4.238158930357998067e-01 9.385454981627815441e-01
4.245537554837059968e-01 9.384471567989071117e-01
4.252920003132127924e-01 9.383487963998206061e-01
4.260306277224696903e-01 9.382504169910955705e-01
4.267696379097527526e-01 9.381520185983142079e-01
4.275090310734162014e-01 9.380536012470729323e-01
4.282488074119414900e-01 9.379551649629764842e-01
4.289889671238893420e-01 9.378567097716439260e-01
4.297295104079403849e-01 9.377582356987034240e-01
4.304704374628787189e-01 9.376597427697938025e-01
4.312117484875739315e-01 9.375612310105676528e-01
4.319534436810217315e-01 9.374627004466855595e-01
4.326955232422979858e-01 9.373641511038217633e-01
4.334379873706046826e-01 9.372655830076583872e-01
4.341808362652237463e-01 9.371669961838917651e-01
4.349240701255641106e-01 9.370683906582255585e-01
4.356676891511144234e-01 9.369697664563773065e-01
4.364116935414901199e-01 9.368711236040719870e-01
4.371560834963863496e-01 9.367724621270482332e-01
4.379008592156199420e-01 9.366737820510531165e-01
4.386460208991105336e-01 9.365750834018435889e-01
4.393915687468648024e-01 9.364763662051897031e-01
4.401375029590155474e-01 9.363776304868687284e-01
4.408838237357763923e-01 9.362788762726707015e-01
4.416305312774875258e-01 9.361801035883934308e-01
4.423776257845706272e-01 9.360813124598472701e-01
4.431251074575737192e-01 9.359825029128500118e-01
4.438729764971256486e-01 9.358836749732321048e-01
4.446212331039767207e-01 9.357848286668317694e-01
4.453698774789816017e-01 9.356859640194969963e-01
4.461189098230806671e-01 9.355870810570879881e-01
4.468683303373430782e-01 9.354881798054712760e-01
4.476181392229177103e-01 9.353892602905263809e-01
4.483683366810815585e-01 9.352903225381389296e-01
4.491189229131924421e-01 9.351913665742075388e-01
4.498698981207356340e-01 9.350923924246368202e-01
4.506212625052783416e-01 9.349934001153442642e-01
4.513730162685145597e-01 9.348943896722531344e-01
4.521251596122197736e-01 9.347953611212991287e-01
4.528776927382920370e-01 9.346963144884248287e-01
4.536306158487335427e-01 9.345972497995821415e-01
4.543839291456335250e-01 9.344981670807338547e-01
4.551376328312097819e-01 9.343990663578489730e-01
4.558917271077611577e-01 9.342999476569084916e-01
4.566462121777148386e-01 9.342008110038989566e-01
4.574010882435799452e-01 9.341016564248189047e-01
4.581563555079926076e-01 9.340024839456725347e-01
4.589120141736724445e-01 9.339032935924754808e-01
4.596680644434603114e-01 9.338040853912501493e-01
4.604245065203025344e-01 9.337048593680269404e-01
4.611813406072331478e-01 9.336056155488473562e-01
4.619385669074151934e-01 9.335063539597578952e-01
4.626961856240925375e-01 9.334070746268167129e-01
4.634541969606389422e-01 9.333077775760869610e-01
4.642126011205092162e-01 9.332084628336432264e-01
4.649713983072878420e-01 9.331091304255647589e-01
4.657305887246407927e-01 9.330097803779424659e-01
4.664901725763630491e-01 9.329104127168716953e-01
4.672501500663321927e-01 9.328110274684591197e-01
4.680105213985485957e-01 9.327116246588166293e-01
4.687712867771187675e-01 9.326122043140641082e-01
4.695324464062369252e-01 9.325127664603314326e-01
4.702940004902267379e-01 9.324133111237529192e-01
4.710559492334946974e-01 9.323138383304738763e-01
4.718182928405760812e-01 9.322143481066437198e-01
4.725810315160892117e-01 9.321148404784224129e-01
4.733441654647814190e-01 9.320153154719746924e-01
4.741076948914826339e-01 9.319157731134750655e-01
4.748716200011475763e-01 9.318162134291031462e-01
4.756359409988359932e-01 9.317166364450460980e-01
4.764006580896966714e-01 9.316170421875001884e-01
4.771657714790087379e-01 9.315174306826656814e-01
4.779312813721330322e-01 9.314178019567530553e-01
4.786971879745618441e-01 9.313181560359765632e-01
4.794634914918685098e-01 9.312184929465604499e-01
4.802301921297584819e-01 9.311188127147325133e-01
4.809972900940189255e-01 9.310191153667306541e-01
4.817647855905680121e-01 9.309194009287958815e-01
4.825326788254058474e-01 9.308196694271796412e-01
4.833009700046582147e-01 9.307199208881367092e-01
4.840696593345577003e-01 9.306201553379289670e-01
4.848387470214248207e-01 9.305203728028269561e-01
4.856082332717124306e-01 9.304205733091039932e-01
4.863781182919546531e-01 9.303207568830433871e-01
4.871484022888186161e-01 9.302209235509311114e-01
4.879190854690524937e-01 9.301210733390625762e-01
4.886901680395370207e-01 9.300212062737361896e-01
4.894616502072361985e-01 9.299213223812593521e-01
4.902335321792379297e-01 9.298214216879430172e-01
4.910058141627391404e-01 9.297215042201043556e-01
4.917784963650251306e-01 9.296215700040684204e-01
4.925515789935124289e-01 9.295216190661628186e-01
4.933250622557017184e-01 9.294216514327242606e-01
4.940989463592251330e-01 9.293216671300915666e-01
4.948732315117974068e-01 9.292216661846127712e-01
4.956479179212669450e-01 9.291216486226375748e-01
4.964230057955636433e-01 9.290216144705250034e-01
4.971984953427506237e-01 9.289215637546355264e-01
4.979743867709742755e-01 9.288214965013387170e-01
4.987506802885068868e-01 9.287214127370063688e-01
4.995273761037288818e-01 9.286213124880162706e-01
5.003044744251099463e-01 9.285211957807528727e-01
5.010819754612532151e-01 9.284210626416029566e-01
5.018598794208446456e-01 9.283209130969611866e-01
5.026381865127027559e-01 9.282207471732241144e-01
5.034168969457302190e-01 9.281205648967963961e-01
5.041960109289627123e-01 9.280203662940840204e-01
5.049755286715185143e-01 9.279201513915008581e-01
5.057554503826442449e-01 9.278199202154634451e-01
5.065357762716937717e-01 9.277196727923925357e-01
5.073165065481115565e-01 9.276194091487156568e-01
5.080976414214750658e-01 9.275191293108620005e-01
5.088791811014461430e-01 9.274188333052681976e-01
5.096611257978191922e-01 9.273185211583718779e-01
5.104434757204729944e-01 9.272181928966179987e-01
5.112262310794200015e-01 9.271178485464528496e-01
5.120093920847565983e-01 9.270174881343298257e-01
5.127929589467128402e-01 9.269171116867033211e-01
5.135769318756029378e-01 9.268167192300347246e-01
5.143613110818687773e-01 9.267163107907872011e-01
5.151460967760608245e-01 9.266158863954274683e-01
5.159312891688210279e-01 9.265154460704287942e-01
5.167168884709241183e-01 9.264149898422646690e-01
5.175028948932303141e-01 9.263145177374156880e-01
5.182893086467330601e-01 9.262140297823626689e-01
5.190761299425112885e-01 9.261135260035933126e-01
5.198633589917767139e-01 9.260130064275956530e-01
5.206509960058274267e-01 9.259124710808639414e-01
5.214390411960883043e-01 9.258119199898938723e-01
5.222274947740941364e-01 9.257113531811841378e-01
5.230163569514707511e-01 9.256107706812392033e-01
5.238056279399792015e-01 9.255101725165634230e-01
5.245953079514640294e-01 9.254095587136673684e-01
5.253853971979054460e-01 9.253089292990615000e-01
5.261758958913687056e-01 9.252082842992624956e-01
5.269668042440529554e-01 9.251076237407865888e-01
5.277581224682428296e-01 9.250069476501562304e-01
5.285498507763590759e-01 9.249062560538933164e-01
5.293419893809052645e-01 9.248055489785256267e-01
5.301345384945159722e-01 9.247048264505812742e-01
5.309274983299345774e-01 9.246040884965910367e-01
5.317208690999966070e-01 9.245033351430903545e-01
5.325146510176728132e-01 9.244025664166140022e-01
5.333088442960194353e-01 9.243017823437025271e-01
5.341034491482274937e-01 9.242009829508954777e-01
5.348984657875743842e-01 9.241001682647378423e-01
5.356938944274720615e-01 9.239993383117734993e-01
5.364897352814186338e-01 9.238984931185518779e-01
5.372859885630423271e-01 9.237976327116219633e-01
5.380826544860806138e-01 9.236967571175346281e-01
5.388797332643635585e-01 9.235958663628454079e-01
5.396772251118575614e-01 9.234949604741082840e-01
5.404751302426142878e-01 9.233940394778822336e-01
5.412734488708217384e-01 9.232931034007249016e-01
5.420721812107534010e-01 9.231921522691987070e-01
5.428713274768195429e-01 9.230911861098646254e-01
5.436708878835159187e-01 9.229902049492882954e-01
5.444708626454741740e-01 9.228892088140336902e-01
5.452712519774134403e-01 9.227881977306694461e-01
5.460720560941814128e-01 9.226871717257629779e-01
5.468732752107385853e-01 9.225861308258833660e-01
5.476749095421364899e-01 9.224850750576031322e-01
5.484769593035643265e-01 9.223840044474926891e-01
5.492794247102974481e-01 9.222829190221270013e-01
5.500823059777475432e-01 9.221818188080787015e-01
5.508856033214133419e-01 9.220807038319246418e-01
5.516893169569299094e-01 9.219795741202394534e-01
5.524934471000191305e-01 9.218784296996019867e-01
5.532979939665334523e-01 9.217772705965892044e-01
5.541029577724376765e-01 9.216760968377790686e-01
5.549083387337887530e-01 9.215749084497523169e-01
5.557141370667815217e-01 9.214737054590873555e-01
5.565203529876969757e-01 9.213724878923665873e-01
5.573269867129546640e-01 9.212712557761690846e-01
5.581340384590594006e-01 9.211700091370779164e-01
5.589415084426547775e-01 9.210687480016734874e-01
5.597493968804703179e-01 9.209674723965393106e-01
5.605577039893745450e-01 9.208661823482562347e-01
5.613664299863212470e-01 9.207648778834085501e-01
5.621755750883976610e-01 9.206635590285779935e-01
5.629851395128016023e-01 9.205622258103465239e-01
5.637951234768256992e-01 9.204608782552983204e-01
5.646055271979004697e-01 9.203595163900146758e-01
5.654163508935428073e-01 9.202581402410796585e-01
5.662275947814086052e-01 9.201567498350740060e-01
5.670392590792412424e-01 9.200553451985813425e-01
5.678513440049215433e-01 9.199539263581820725e-01
5.686638497764182620e-01 9.198524933404590431e-01
5.694767766118320473e-01 9.197510461719925479e-01
5.702901247293776787e-01 9.196495848793622141e-01
5.711038943473618623e-01 9.195481094891496676e-01
5.719180856842314142e-01 9.194466200279326484e-01
5.727326989585206363e-01 9.193451165222912280e-01
5.735477343889023860e-01 9.192435989988018141e-01
5.743631921941370067e-01 9.191420674840430349e-01
5.751790725931245074e-01 9.190405220045896328e-01
5.759953758048521610e-01 9.189389625870184597e-01
5.768121020484464623e-01 9.188373892579023705e-01
5.776292515431222796e-01 9.187358020438159967e-01
5.784468245082265980e-01 9.186342009713309720e-01
5.792648211632203115e-01 9.185325860670173759e-01
5.800832417276595709e-01 9.184309573574466201e-01
5.809020864212381952e-01 9.183293148691855645e-01
5.817213554637405970e-01 9.182276586288030673e-01
5.825410490750881909e-01 9.181259886628631017e-01
5.833611674752929854e-01 9.180243049979316394e-01
5.841817108845051010e-01 9.179226076605697671e-01
5.850026795229636978e-01 9.178208966773402366e-01
5.858240736110413849e-01 9.177191720748016923e-01
5.866458933692246802e-01 9.176174338795112240e-01
5.874681390180953588e-01 9.175156821180263655e-01
5.882908107783750840e-01 9.174139168168997660e-01
5.891139088708741145e-01 9.173121380026851845e-01
5.899374335165434857e-01 9.172103457019312733e-01
5.907613849364217185e-01 9.171085399411882388e-01
5.915857633516887759e-01 9.170067207470006254e-01
5.924105689836127731e-01 9.169048881459139766e-01
5.932358020536034893e-01 9.168030421644687289e-01
5.940614627831575234e-01 9.167011828292062070e-01
5.948875513939080317e-01 9.165993101666628506e-01
5.957140681076009692e-01 9.164974242033729901e-01
5.965410131460788801e-01 9.163955249658706226e-01
5.973683867313250850e-01 9.162936124806845273e-01
5.981961890854119446e-01 9.161916867743435944e-01
5.990244204305530396e-01 9.160897478733710519e-01
5.998530809890503246e-01 9.159877958042909052e-01
6.006821709833480849e-01 9.158858305936211641e-01
6.015116906359789795e-01 9.157838522678799498e-01
6.023416401696108924e-01 9.156818608535804982e-01
6.031720198070276151e-01 9.155798563772330478e-01
6.040028297711073080e-01 9.154778388653470600e-01
6.048340702848713502e-01 9.153758083444261118e-01
6.056657415714299386e-01 9.152737648409735582e-01
6.064978438540347128e-01 9.151717083814868703e-01
6.073303773560274621e-01 9.150696389924629637e-01
6.081633423008916406e-01 9.149675567003927590e-01
6.089967389121999641e-01 9.148654615317669547e-01
6.098305674136674792e-01 9.147633535130694771e-01
6.106648280290996045e-01 9.146612326707841412e-01
6.114995209824365396e-01 9.145590990313889890e-01
6.123346464977343917e-01 9.144569526213583988e-01
6.131702047991465232e-01 9.143547934671656385e-01
6.140061961109684052e-01 9.142526215952768709e-01
6.148426206575849928e-01 9.141504370321580364e-01
6.156794786635244598e-01 9.140482398042680812e-01
6.165167703534049082e-01 9.139460299380650632e-01
6.173544959519865483e-01 9.138438074600000460e-01
6.181926556841206288e-01 9.137415723965237602e-01
6.190312497747938458e-01 9.136393247740797197e-01
6.198702784491108009e-01 9.135370646191081079e-01
6.207097419322711307e-01 9.134347919580469988e-01
6.215496404496185789e-01 9.133325068173272498e-01
6.223899742265879276e-01 9.132302092233784974e-01
6.232307434887556230e-01 9.131278992026231611e-01
6.240719484617900381e-01 9.130255767814823287e-01
6.249135893715020984e-01 9.129232419863695380e-01
6.257556664437935456e-01 9.128208948436968839e-01
6.265981799047095624e-01 9.127185353798691336e-01
6.274411299803861475e-01 9.126161636212891670e-01
6.282845168970963012e-01 9.125137795943533137e-01
6.291283408812304856e-01 9.124113833254530181e-01
6.299726021592757519e-01 9.123089748409771715e-01
6.308173009578641466e-01 9.122065541673071154e-01
6.316624375037183103e-01 9.121041213308219708e-01
6.325080120237047687e-01 9.120016763578931984e-01
6.333540247447801974e-01 9.118992192748904824e-01
6.342004758940473774e-01 9.117967501081749582e-01
6.350473656986987958e-01 9.116942688841059850e-01
6.358946943860648293e-01 9.115917756290357055e-01
6.367424621835937604e-01 9.114892703693106002e-01
6.375906693188320151e-01 9.113867531312745962e-01
6.384393160194705708e-01 9.112842239412628498e-01
6.392884025132909986e-01 9.111816828256087408e-01
6.401379290282207535e-01 9.110791298106367675e-01
6.409878957922774401e-01 9.109765649226693185e-01
6.418383030336249906e-01 9.108739881880197897e-01
6.426891509805174874e-01 9.107713996329993567e-01
6.435404398613546739e-01 9.106687992839105350e-01
6.443921699046282203e-01 9.105661871670529539e-01
6.452443413389674642e-01 9.104635633087185820e-01
6.460969543931209813e-01 9.103609277351929485e-01
6.469500092959354909e-01 9.102582804727588073e-01
6.478035062764029295e-01 9.101556215476892531e-01
6.486574455636073822e-01 9.100529509862549382e-01
6.495118273867783731e-01 9.099502688147173002e-01
6.503666519752373532e-01 9.098475750593346678e-01
6.512219195584516562e-01 9.097448697463561551e-01
6.520776303659800988e-01 9.096421529020281005e-01
6.529337846275213852e-01 9.095394245525876276e-01
6.537903825728927920e-01 9.094366847242664198e-01
6.546474244320104052e-01 9.093339334432914978e-01
6.555049104349370825e-01 9.092311707358805561e-01
6.563628408118271640e-01 9.091283966282480700e-01
6.572212157929813170e-01 9.090256111465986333e-01
6.580800356087930236e-01 9.089228143171338425e-01
6.589393004898023154e-01 9.088200061660449691e-01
6.597990106666407062e-01 9.087171867195201758e-01
6.606591663700867034e-01 9.086143560037376332e-01
6.615197678310122953e-01 9.085115140448720705e-01
6.623808152804282479e-01 9.084086608690884468e-01
6.632423089494650092e-01 9.083057965025455038e-01
6.641042490693538358e-01 9.082029209713970985e-01
6.649666358714709791e-01 9.081000343017869847e-01
6.658294695872870594e-01 9.079971365198551414e-01
6.666927504484192468e-01 9.078942276517311116e-01
6.675564786865773037e-01 9.077913077235405526e-01
6.684206545336186522e-01 9.076883767613986853e-01
6.692852782214933072e-01 9.075854347914169562e-01
6.701503499822922816e-01 9.074824818396967085e-01
6.710158700482269367e-01 9.073795179323320692e-01
6.718818386516078878e-01 9.072765430954122801e-01
6.727482560248938537e-01 9.071735573550158138e-01
6.736151224006368121e-01 9.070705607372169244e-01
6.744824380115364004e-01 9.069675532680790964e-01
6.753502030903855147e-01 9.068645349736611516e-01
6.762184178701253767e-01 9.067615058800113648e-01
6.770870825837898010e-01 9.066584660131734585e-01
6.779561974645618161e-01 9.065554153991799424e-01
6.788257627457165988e-01 9.064523540640588850e-01
6.796957786606718788e-01 9.063492820338282518e-01
6.805662454429655117e-01 9.062461993344976818e-01
6.814371633262370498e-01 9.061431059920714848e-01
6.823085325442730387e-01 9.060400020325427572e-01
6.831803533309548371e-01 9.059368874818998219e-01
6.840526259203121295e-01 9.058337623661192328e-01
6.849253505464678593e-01 9.057306267111732145e-01
6.857985274436944056e-01 9.056274805430220010e-01
6.866721568463582948e-01 9.055243238876209411e-01
6.875462389889674952e-01 9.054211567709149477e-01
6.884207741061516561e-01 9.053179792188399411e-01
6.892957624326421229e-01 9.052147912573264010e-01
6.901712042033179006e-01 9.051115929122927062e-01
6.910470996531534738e-01 9.050083842096523501e-01
6.919234490172725405e-01 9.049051651753065029e-01
6.928002525308925019e-01 9.048019358351514496e-01
6.936775104293804173e-01 9.046986962150711520e-01
6.945552229481979367e-01 9.045954463409443536e-01
6.954333903229565905e-01 9.044921862386374745e-01
6.963120127893611677e-01 9.043889159340118278e-01
6.971910905832610084e-01 9.042856354529170693e-01
6.980706239406262448e-01 9.041823448211938619e-01
6.989506130975300380e-01 9.040790440646765402e-01
6.998310582901936527e-01 9.039757332091871156e-01
7.007119597549344991e-01 9.038724122805417149e-01
7.015933177282203115e-01 9.037690813045441418e-01
7.024751324466123048e-01 9.036657403069923156e-01
7.033574041468235727e-01 9.035623893136714990e-01
7.042401330656606895e-01 9.034590283503614039e-01
7.051233194400747806e-01 9.033556574428293073e-01
7.060069635071399841e-01 9.032522766168337158e-01
7.068910655040310242e-01 9.031488858981258083e-01
7.077756256680745039e-01 9.030454853124443293e-01
7.086606442366922831e-01 9.029420748855213619e-01
7.095461214474567679e-01 9.028386546430764437e-01
7.104320575380349556e-01 9.027352246108230061e-01
7.113184527462466100e-01 9.026317848144610467e-01
7.122053073100047538e-01 9.025283352796845682e-01
7.130926214673749541e-01 9.024248760321742502e-01
7.139803954565182575e-01 9.023214070976043333e-01
7.148686295157391513e-01 9.022179285016369565e-01
7.157573238834666896e-01 9.021144402699240450e-01
7.166464787982318452e-01 9.020109424281104182e-01
7.175360944987174694e-01 9.019074350018272401e-01
7.184261712237016706e-01 9.018039180166992352e-01
7.193167092121151018e-01 9.017003914983376944e-01
7.202077087029832292e-01 9.015968554723468031e-01
7.210991699354847295e-01 9.014933099643176462e-01
7.219910931488924266e-01 9.013897549998342029e-01
7.228834785826259157e-01 9.012861906044679072e-01
7.237763264762278048e-01 9.011826168037795348e-01
7.246696370693443967e-01 9.010790336233223119e-01
7.255634106017734286e-01 9.009754410886355869e-01
7.264576473134096712e-01 9.008718392252516027e-01
7.273523474443002179e-01 9.007682280586887247e-01
7.282475112345876411e-01 9.006646076144583235e-01
7.291431389245681682e-01 9.005609779180576702e-01
7.300392307546339499e-01 9.004573389949767082e-01
7.309357869653294593e-01 9.003536908706916142e-01
7.318328077972962031e-01 9.002500335706706824e-01
7.327302934913213495e-01 9.001463671203694394e-01
7.336282442883172994e-01 9.000426915452324206e-01
7.345266604292990387e-01 8.999390068706958346e-01
7.354255421554354299e-01 8.998353131221816792e-01
7.363248897079925914e-01 8.997316103251041808e-01
7.372247033283891859e-01 8.996278985048632437e-01
7.381249832581402437e-01 8.995241776868513339e-01
7.390257297389153379e-01 8.994204478964462623e-01
7.399269430124804092e-01 8.993167091590181794e-01
7.408286233207481697e-01 8.992129614999233578e-01
7.417307709057563425e-01 8.991092049445071899e-01
7.426333860096470119e-01 8.990054395181059643e-01
7.435364688747165829e-01 8.989016652460416479e-01
7.444400197433576061e-01 8.987978821536278806e-01
7.453440388581176190e-01 8.986940902661639807e-01
7.462485264616407488e-01 8.985902896089406067e-01
7.471534827967261094e-01 8.984864802072340950e-01
7.480589081062687384e-01 8.983826620863125667e-01
7.489648026333199926e-01 8.982788352714288216e-01
7.498711666210271520e-01 8.981749997878278879e-01
7.507780003126853785e-01 8.980711556607403612e-01
7.516853039517157331e-01 8.979673029153851793e-01
7.525930777816451922e-01 8.978634415769720656e-01
7.535013220461532768e-01 8.977595716706957552e-01
7.544100369890192059e-01 8.976556932217422125e-01
7.553192228541758535e-01 8.975518062552825249e-01
7.562288798856553473e-01 8.974479107964788982e-01
7.571390083276428040e-01 8.973440068704785499e-01
7.580496084244234822e-01 8.972400945024198160e-01
7.589606804204289681e-01 8.971361737174267104e-01
7.598722245602183012e-01 8.970322445406108125e-01
7.607842410884559925e-01 8.969283069970744871e-01
7.616967302499613179e-01 8.968243611119044445e-01
7.626096922896521413e-01 8.967204069101784025e-01
7.635231274526024237e-01 8.966164444169586467e-01
7.644370359839836038e-01 8.965124736572985809e-01
7.653514181291229956e-01 8.964084946562358436e-01
7.662662741334462790e-01 8.963045074387989697e-01
7.671816042425365634e-01 8.962005120300008398e-01
7.680974087020728813e-01 8.960965084548452309e-01
7.690136877578850338e-01 8.959924967383209315e-01
7.699304416559296094e-01 8.958884769054041852e-01
7.708476706422695557e-01 8.957844489810610211e-01
7.717653749631234739e-01 8.956804129902419254e-01
7.726835548648085528e-01 8.955763689578876141e-01
7.736022105937998550e-01 8.954723169089229273e-01
7.745213423966694766e-01 8.953682568682632681e-01
7.754409505201473873e-01 8.952641888608082743e-01
7.763610352110623669e-01 8.951601129114475919e-01
7.772815967163924089e-01 8.950560290450558787e-01
7.782026352832436267e-01 8.949519372864948030e-01
7.791241511588291591e-01 8.948478376606153750e-01
7.800461445905177982e-01 8.947437301922527286e-01
7.809686158257793664e-01 8.946396149062318948e-01
7.818915651122388955e-01 8.945354918273618061e-01
7.828149926976226691e-01 8.944313609804415144e-01
7.837388988298128467e-01 8.943272223902535289e-01
7.846632837567921737e-01 8.942230760815708113e-01
7.855881477267006030e-01 8.941189220791494474e-01
7.865134909877766756e-01 8.940147604077358645e-01
7.874393137884105887e-01 8.939105910920605025e-01
7.883656163771206593e-01 8.938064141568404786e-01
7.892923990025328962e-01 8.937022296267824739e-01
7.902196619134302935e-01 8.935980375265756281e-01
7.911474053586957655e-01 8.934938378808998660e-01
7.920756295873714325e-01 8.933896307144175708e-01
7.930043348485980026e-01 8.932854160517813558e-01
7.939335213916749456e-01 8.931811939176269588e-01
7.948631894660020958e-01 8.930769643365794597e-01
7.957933393211298334e-01 8.929727273332483950e-01
7.967239712067386570e-01 8.928684829322290906e-01
7.976550853726152024e-01 8.927642311581059920e-01
7.985866820687066436e-01 8.926599720354463363e-01
7.995187615450585206e-01 8.925557055888070357e-01
8.004513240518766892e-01 8.924514318427277937e-01
8.013843698394669257e-01 8.923471508217374337e-01
8.023178991582933239e-01 8.922428625503483479e-01
8.032519122589212301e-01 8.921385670530616041e-01
8.041864093920756407e-01 8.920342643543611727e-01
8.051213908085805837e-01 8.919299544787206990e-01
8.060568567594135203e-01 8.918256374505967310e-01
8.069928074956811415e-01 8.917213132944321607e-01
8.079292432685987180e-01 8.916169820346582231e-01
8.088661643295413928e-01 8.915126436956882783e-01
8.098035709299835627e-01 8.914082983019255835e-01
8.107414633215617172e-01 8.913039458777549662e-01
8.116798417560113776e-01 8.911995864475510398e-01
8.126187064852292696e-01 8.910952200356702102e-01
8.135580577612118169e-01 8.909908466664586690e-01
8.144978958361093202e-01 8.908864663642448445e-01
8.154382209622026423e-01 8.907820791533433979e-01
8.163790333918812259e-01 8.906776850580567784e-01
8.173203333776939417e-01 8.905732841026697821e-01
8.182621211722915788e-01 8.904688763114559924e-01
8.192043970284859089e-01 8.903644617086710067e-01
8.201471611991901778e-01 8.902600403185590983e-01
8.210904139374770594e-01 8.901556121653471099e-01
8.220341554965218123e-01 8.900511772732498939e-01
8.229783861296600112e-01 8.899467356664648721e-01
8.239231060903298154e-01 8.898422873691778090e-01
8.248683156321217069e-01 8.897378324055572607e-01
8.258140150087582843e-01 8.896333707997569062e-01
8.267602044740711698e-01 8.895289025759182122e-01
8.277068842820536343e-01 8.894244277581645486e-01
8.286540546867999790e-01 8.893199463706076280e-01
8.296017159425670418e-01 8.892154584373408444e-01
8.305498683037126906e-01 8.891109639824461564e-01
8.314985120247568862e-01 8.890064630299870929e-01
8.324476473603219517e-01 8.889019556040154146e-01
8.333972745651831993e-01 8.887974417285654516e-01
8.343473938942500556e-01 8.886929214276565459e-01
8.352980056025398614e-01 8.885883947252951609e-01
8.362491099452327159e-01 8.884838616454696636e-01
8.372007071776115250e-01 8.883793222121560973e-01
8.381527975551206211e-01 8.882747764493122977e-01
8.391053813333064770e-01 8.881702243808841102e-01
8.400584587678792126e-01 8.880656660307986172e-01
8.410120301146508659e-01 8.879611014229711330e-01
8.419660956295955678e-01 8.878565305812982089e-01
8.429206555687906999e-01 8.877519535296642950e-01
8.438757101884688527e-01 8.876473702919361886e-01
8.448312597449945116e-01 8.875427808919648109e-01
8.457873044948442942e-01 8.874381853535883158e-01
8.467438446946558006e-01 8.873335837006263160e-01
8.477008806011707698e-01 8.872289759568856571e-01
8.486584124712936994e-01 8.871243621461547546e-01
8.496164405620323379e-01 8.870197422922094788e-01
8.505749651305571923e-01 8.869151164188070480e-01
8.515339864341429088e-01 8.868104845496918021e-01
8.524935047302188984e-01 8.867058467085905393e-01
8.534535202763486872e-01 8.866012029192138488e-01
8.544140333302068235e-01 8.864965532052593300e-01
8.553750441496303925e-01 8.863918975904053754e-01
8.563365529925619501e-01 8.862872360983178321e-01
8.572985601171061454e-01 8.861825687526433404e-01
8.582610657814715438e-01 8.860778955770163279e-01
8.592240702440312461e-01 8.859732165950516825e-01
8.601875737632618257e-01 8.858685318303516354e-01
8.611515765978035031e-01 8.857638413064992111e-01
8.621160790064015256e-01 8.856591450470648885e-01
8.630810812479563499e-01 8.855544430756004948e-01
8.640465835815034357e-01 8.854497354156419808e-01
8.650125862661903753e-01 8.853450220907111978e-01
8.659790895613284079e-01 8.852403031243111231e-01
8.669460937263331335e-01 8.851355785399317444e-01
8.679135990207844653e-01 8.850308483610435095e-01
8.688816057043677876e-01 8.849261126111036546e-01
8.698501140369321316e-01 8.848213713135506531e-01
8.708191242784313335e-01 8.847166244918093225e-01
8.717886366889764371e-01 8.846118721692859399e-01
8.727586515288139335e-01 8.845071143693704618e-01
8.737291690583013359e-01 8.844023511154391892e-01
8.747001895379626912e-01 8.842975824308483279e-01
8.756717132284261851e-01 8.841928083389413162e-01
8.766437403904849823e-01 8.840880288630417194e-01
8.776162712850377190e-01 8.839832440264598912e-01
8.785893061731477882e-01 8.838784538524864232e-01
8.795628453159844984e-01 8.837736583643989174e-01
8.805368889748819150e-01 8.836688575854548811e-01
8.815114374112802409e-01 8.835640515388984984e-01
8.824864908867766644e-01 8.834592402479551909e-01
8.834620496631047093e-01 8.833544237358332829e-01
8.844381140021111420e-01 8.832496020257273317e-01
8.854146841658081524e-01 8.831447751408119107e-01
8.863917604163131791e-01 8.830399431042478264e-01
8.873693430159101947e-01 8.829351059391762346e-01
8.883474322269886425e-01 8.828302636687245242e-01
8.893260283121049437e-01 8.827254163160000999e-01
8.903051315339203242e-01 8.826205639040969331e-01
8.912847421552549942e-01 8.825157064560897879e-01
8.922648604390661653e-01 8.824108439950361094e-01
8.932454866484234035e-01 8.823059765439793534e-01
8.942266210465636966e-01 8.822011041259425479e-01
8.952082638968303918e-01 8.820962267639351762e-01
8.961904154627324814e-01 8.819913444809462932e-01
8.971730760078866496e-01 8.818864572999514095e-01
8.981562457960754475e-01 8.817815652439057184e-01
8.991399250911877861e-01 8.816766683357505352e-01
9.001241141572808857e-01 8.815717665984066365e-01
9.011088132585163279e-01 8.814668600547815869e-01
9.020940226592175648e-01 8.813619487277627451e-01
9.030797426238443837e-01 8.812570326402205945e-01
9.040659734169698147e-01 8.811521118150108522e-01
9.050527153033349759e-01 8.810471862749688077e-01
9.060399685477884546e-01 8.809422560429155391e-01
9.070277334153458160e-01 8.808373211416520299e-01
9.080160101711294285e-01 8.807323815939649414e-01
9.090047990804301925e-01 8.806274374226202850e-01
9.099941004086453678e-01 8.805224886503704163e-01
9.109839144213325302e-01 8.804175352999473736e-01
9.119742413841878115e-01 8.803125773940663201e-01
9.129650815630212524e-01 8.802076149554270978e-01
9.139564352238112033e-01 8.801026480067090096e-01
9.149483026326437063e-01 8.799976765705770365e-01
9.159406840557731133e-01 8.798927006696758424e-01
9.169335797595610238e-01 8.797877203266353252e-01
9.179269900105382352e-01 8.796827355640647328e-01
9.189209150753419042e-01 8.795777464045594352e-01
9.199153552207797180e-01 8.794727528706932640e-01
9.209103107137650568e-01 8.793677549850262842e-01
9.219057818213740596e-01 8.792627527700983547e-01
9.229017688108203110e-01 8.791577462484317929e-01
9.238982719494337470e-01 8.790527354425333728e-01
9.248952915047130574e-01 8.789477203748892187e-01
9.258928277442644017e-01 8.788427010679710216e-01
9.268908809358649137e-01 8.787376775442290455e-01
9.278894513473971983e-01 8.786326498260996765e-01
9.288885392469159452e-01 8.785276179359980953e-01
9.298881449025828694e-01 8.784225818963244947e-01
9.308882685827215564e-01 8.783175417294594167e-01
9.318889105557952579e-01 8.782124974577650844e-01
9.328900710903822446e-01 8.781074491035887331e-01
9.338917504552322058e-01 8.780023966892561704e-01
9.348939489192020780e-01 8.778973402370785495e-01
9.358966667513195503e-01 8.777922797693459289e-01
9.368999042207206696e-01 8.776872153083336014e-01
9.379036615967124568e-01 8.775821468762957656e-01
9.389079391487087367e-01 8.774770744954717427e-01
9.399127371462969727e-01 8.773719981880796492e-01
9.409180558591698773e-01 8.772669179763228353e-01
9.419238955571858085e-01 8.771618338823840011e-01
9.429302565103419020e-01 8.770567459284280831e-01
9.439371389887520891e-01 8.769516541366041418e-01
9.449445432627014974e-01 8.768465585290398101e-01
9.459524696025836121e-01 8.767414591278478442e-01
9.469609182789637813e-01 8.766363559551197948e-01
9.479698895625161548e-01 8.765312490329322248e-01
9.489793837240869667e-01 8.764261383833399366e-01
9.499894010346303652e-01 8.763210240283831887e-01
9.509999417652656994e-01 8.762159059900812563e-01
9.520110061872519847e-01 8.761107842904353182e-01
9.530225945719650316e-01 8.760056589514306769e-01
9.540347071909540677e-01 8.759005299950308743e-01
9.550473443158753462e-01 8.757953974431849087e-01
9.560605062185596470e-01 8.756902613178195738e-01
9.570741931709463302e-01 8.755851216408468973e-01
9.580884054451466181e-01 8.754799784341572577e-01
9.591031433133816453e-01 8.753748317196258233e-01
9.601184070480457411e-01 8.752696815191060020e-01
9.611341969216413705e-01 8.751645278544362139e-01
9.621505132068370880e-01 8.750593707474338956e-01
9.631673561764426683e-01 8.749542102198978322e-01
9.641847261033855698e-01 8.748490462936111545e-01
9.652026232607657796e-01 8.747438789903348999e-01
9.662210479217931969e-01 8.746387083318148958e-01
9.672400003598518037e-01 8.745335343397753203e-01
9.682594808484350501e-01 8.744283570359246971e-01
9.692794896612093591e-01 8.743231764419501229e-01
9.703000270719517317e-01 8.742179925795230400e-01
9.713210933546050363e-01 8.741128054702939076e-01
9.723426887832540277e-01 8.740076151358946444e-01
9.733648136321011446e-01 8.739024215979409593e-01
9.743874681755231304e-01 8.737972248780263573e-01
9.754106526880077510e-01 8.736920249977292441e-01
9.764343674442150789e-01 8.735868219786058209e-01
9.774586127189177631e-01 8.734816158421969678e-01
9.784833887870612035e-01 8.733764066100214718e-01
9.795086959237016000e-01 8.732711943035826874e-01
9.805345344040705680e-01 8.731659789443619868e-01
9.815609045035096347e-01 8.730607605538248661e-01
9.825878064975270831e-01 8.729555391534160602e-01
9.836152406617737487e-01 8.728503147645609861e-01
9.846432072720199269e-01 8.727450874086690735e-01
9.856717066042106623e-01 8.726398571071273258e-01
9.867007389344011337e-01 8.725346238813074251e-01
9.877303045388226010e-01 8.724293877525586272e-01
9.887604036938171248e-01 8.723241487422145335e-01
9.897910366759026246e-01 8.722189068715866522e-01
9.908222037617064881e-01 8.721136621619710594e-01
9.918539052280255230e-01 8.720084146346418486e-01
9.928861413517993117e-01 8.719031643108545726e-01
9.939189124100860084e-01 8.717979112118482421e-01
9.949522186801207368e-01 8.716926553588393300e-01
9.959860604392487549e-01 8.715873967730287664e-01
9.970204379649934001e-01 8.714821354755951655e-01
9.980553515349868121e-01 8.713768714877011545e-01
9.990908014270396542e-01 8.712716048304872674e-01
1.000126787919072946e+00 8.711663355250780505e-01
1.001163311289185121e+00 8.710610635925759571e-01
1.002200371815584301e+00 8.709557890540671199e-01
1.003237969776649585e+00 8.708505119306163555e-01
1.004276105450903511e+00 8.707452322432696068e-01
1.005314779116986745e+00 8.706399500130554969e-01
1.006353991053720254e+00 8.705346652609807778e-01
1.007393741540033805e+00 8.704293780080361032e-01
1.008434030855036134e+00 8.703240882751893670e-01
1.009474859277947445e+00 8.702187960833928093e-01
1.010516227088165575e+00 8.701135014535762435e-01
1.011558134565199829e+00 8.700082044066533848e-01
1.012600581988729598e+00 8.699029049635160771e-01
1.013643569638578601e+00 8.697976031450371792e-01
1.014687097794691351e+00 8.696922989720723418e-01
1.015731166737190883e+00 8.695869924654551220e-01
1.016775776746310811e+00 8.694816836460027565e-01
1.017820928102464162e+00 8.693763725345098337e-01
1.018866621086176760e+00 8.692710591517548435e-01
1.019912855978151622e+00 8.691657435184939606e-01
1.020959633059204563e+00 8.690604256554671503e-01
1.022006952610330810e+00 8.689551055833913962e-01
1.023054814912636612e+00 8.688497833229678058e-01
1.024103220247400081e+00 8.687444588948757263e-01
1.025152168896044103e+00 8.686391323197750758e-01
1.026201661140113686e+00 8.685338036183084531e-01
1.027251697261331920e+00 8.684284728110961415e-01
1.028302277541534693e+00 8.683231399187419930e-01
1.029353402262738637e+00 8.682178049618273219e-01
1.030405071707070519e+00 8.681124679609170114e-01
1.031457286156839182e+00 8.680071289365534071e-01
1.032510045894465378e+00 8.679017879092624232e-01
1.033563351202541281e+00 8.677964448995479918e-01
1.034617202363805610e+00 8.676910999278946157e-01
1.035671599661118325e+00 8.675857530147698116e-01
1.036726543377519683e+00 8.674804041806181143e-01
1.037782033796163628e+00 8.673750534458677386e-01
1.038838071200382629e+00 8.672697008309241395e-01
1.039894655873625062e+00 8.671643463561764520e-01
1.040951788099516939e+00 8.670589900419908291e-01
1.042009468161799735e+00 8.669536319087172149e-01
1.043067696344394779e+00 8.668482719766826827e-01
1.044126472931337091e+00 8.667429102661977636e-01
1.045185798206833550e+00 8.666375467975510061e-01
1.046245672455239806e+00 8.665321815910114189e-01
1.047306095961031414e+00 8.664268146668304693e-01
1.048367069008866892e+00 8.663214460452369758e-01
1.049428591883518003e+00 8.662160757464433258e-01
1.050490664869937252e+00 8.661107037906388140e-01
1.051553288253192164e+00 8.660053301979963036e-01
1.052616462318530566e+00 8.658999549886657876e-01
1.053680187351314856e+00 8.657945781827806053e-01
1.054744463637081520e+00 8.656891998004520028e-01
1.055809291461513144e+00 8.655838198617716861e-01
1.056874671110416664e+00 8.654784383868135977e-01
1.057940602869780644e+00 8.653730553956289206e-01
1.059007087025706895e+00 8.652676709082525175e-01
1.060074123864480633e+00 8.651622849446959362e-01
1.061141713672501208e+00 8.650568975249541825e-01
1.062209856736350044e+00 8.649515086689990584e-01
1.063278553342723143e+00 8.648461183967862675e-01
1.064347803778499468e+00 8.647407267282480881e-01
1.065417608330672117e+00 8.646353336833002556e-01
1.066487967286409155e+00 8.645299392818363016e-01
1.067558880933026089e+00 8.644245435437297731e-01
1.068630349557963655e+00 8.643191464888370090e-01
1.069702373448844224e+00 8.642137481369909224e-01
1.070774952893405629e+00 8.641083485080081061e-01
1.071848088179568670e+00 8.640029476216817272e-01
1.072921779595370051e+00 8.638975454977886326e-01
1.073996027429028555e+00 8.637921421560822433e-01
1.075070831968878871e+00 8.636867376162993271e-01
1.076146193503431547e+00 8.635813318981544473e-01
1.077222112321345016e+00 8.634759250213420723e-01
1.078298588711402495e+00 8.633705170055393507e-01
1.079375622962571946e+00 8.632651078704001169e-01
1.080453215363935016e+00 8.631596976355614403e-01
1.081531366204758537e+00 8.630542863206374093e-01
1.082610075774425251e+00 8.629488739452250146e-01
1.083689344362501306e+00 8.628434605288983761e-01
1.084769172258669201e+00 8.627380460912147386e-01
1.085849559752795290e+00 8.626326306517080322e-01
1.086930507134862722e+00 8.625272142298955336e-01
1.088012014695030061e+00 8.624217968452722038e-01
1.089094082723605972e+00 8.623163785173124651e-01
1.090176711511024799e+00 8.622109592654737531e-01
1.091259901347904293e+00 8.621055391091900777e-01
1.092343652524979891e+00 8.620001180678783514e-01
1.093427965333170881e+00 8.618946961609325053e-01
1.094512840063514236e+00 8.617892734077295946e-01
1.095598277007231225e+00 8.616838498276231384e-01
1.096684276455659468e+00 8.615784254399504460e-01
1.097770838700314222e+00 8.614730002640255124e-01
1.098857964032860846e+00 8.613675743191429035e-01
1.099945652745090818e+00 8.612621476245793106e-01
1.101033905128980361e+00 8.611567201995878884e-01
1.102122721476624267e+00 8.610512920634052492e-01
1.103212102080300738e+00 8.609458632352444685e-01
1.104302047232407435e+00 8.608404337343019685e-01
1.105392557225526318e+00 8.607350035797505239e-01
1.106483632352357027e+00 8.606295727907461446e-01
1.107575272905785724e+00 8.605241413864215261e-01
1.108667479178814919e+00 8.604187093858927105e-01
1.109760251464626091e+00 8.603132768082525361e-01
1.110853590056551710e+00 8.602078436725741906e-01
1.111947495248050366e+00 8.601024099979130977e-01
1.113041967332768500e+00 8.599969758033011447e-01
1.114137006604468461e+00 8.598915411077533433e-01
1.115232613357100000e+00 8.597861059302615017e-01
1.116328787884731444e+00 8.596806702897999974e-01
1.117425530481616747e+00 8.595752342053204487e-01
1.118522841442129323e+00 8.594697976957568208e-01
1.119620721060819779e+00 8.593643607800213191e-01
1.120719169632391488e+00 8.592589234770050544e-01
1.121818187451676163e+00 8.591534858055820401e-01
1.122917774813690261e+00 8.590480477846024199e-01
1.124017932013570586e+00 8.589426094328997952e-01
1.125118659346640904e+00 8.588371707692840085e-01
1.126219957108343106e+00 8.587317318125480270e-01
1.127321825594307381e+00 8.586262925814611702e-01
1.128424265100282042e+00 8.585208530947762151e-01
1.129527275922203255e+00 8.584154133712220691e-01
1.130630858356126200e+00 8.583099734295108751e-01
1.131735012698285470e+00 8.582045332883317945e-01
1.132839739245069310e+00 8.580990929663543376e-01
1.133945038292992535e+00 8.579936524822295851e-01
1.135050910138760027e+00 8.578882118545855251e-01
1.136157355079193909e+00 8.577827711020330481e-01
1.137264373411306373e+00 8.576773302431592860e-01
1.138371965432228183e+00 8.575718892965349394e-01
1.139480131439278399e+00 8.574664482807066168e-01
1.140588871729895981e+00 8.573610072142042737e-01
1.141698186601699749e+00 8.572555661155348838e-01
1.142808076352463065e+00 8.571501250031854369e-01
1.143918541280087631e+00 8.570446838956249369e-01
1.145029581682663444e+00 8.569392428112989624e-01
1.146141197858401295e+00 8.568338017686358832e-01
1.147253390105701154e+00 8.567283607860406436e-01
1.148366158723081565e+00 8.566229198819012014e-01
1.149479504009252473e+00 8.565174790745819777e-01
1.150593426263042396e+00 8.564120383824304072e-01
1.151707925783470365e+00 8.563065978237699438e-01
1.152823002869674429e+00 8.562011574169077210e-01
1.153938657820975155e+00 8.560957171801275578e-01
1.155054890936847656e+00 8.559902771316932890e-01
1.156171702516895383e+00 8.558848372898506529e-01
1.157289092860913193e+00 8.557793976728219620e-01
1.158407062268815846e+00 8.556739582988126536e-01
1.159525611040708171e+00 8.555685191860041838e-01
1.160644739476816234e+00 8.554630803525614668e-01
1.161764447877555284e+00 8.553576418166253248e-01
1.162884736543463138e+00 8.552522035963200375e-01
1.164005605775257912e+00 8.551467657097466812e-01
1.165127055873815376e+00 8.550413281749863481e-01
1.166249087140139196e+00 8.549358910101019227e-01
1.167371699875424884e+00 8.548304542331329747e-01
1.168494894380988747e+00 8.547250178621020877e-01
1.169618670958338935e+00 8.546195819150078643e-01
1.170743029909103949e+00 8.545141464098323647e-01
1.171867971535104136e+00 8.544087113645336684e-01
1.172993496138280634e+00 8.543032767970529795e-01
1.174119604020767316e+00 8.541978427253077433e-01
1.175246295484818404e+00 8.540924091671986407e-01
1.176373570832871085e+00 8.539869761406032600e-01
1.177501430367520197e+00 8.538815436633790945e-01
1.178629874391490251e+00 8.537761117533655408e-01
1.179758903207698495e+00 8.536706804283786809e-01
1.180888517119182968e+00 8.535652497062173882e-01
1.182018716429174887e+00 8.534598196046565555e-01
1.183149501441026707e+00 8.533543901414547550e-01
1.184280872458284062e+00 8.532489613343465784e-01
1.185412829784613820e+00 8.531435332010494088e-01
1.186545373723867147e+00 8.530381057592579808e-01
1.187678504580052863e+00 8.529326790266469338e-01
1.188812222657310347e+00 8.528272530208725888e-01
1.189946528259972158e+00 8.527218277595678408e-01
1.191081421692492981e+00 8.526164032603488208e-01
1.192216903259521565e+00 8.525109795408075675e-01
1.193352973265827899e+00 8.524055566185193555e-01
1.194489632016376035e+00 8.523001345110358118e-01
1.195626879816252597e+00 8.521947132358915766e-01
1.196764716970737830e+00 8.520892928105974207e-01
1.197903143785234104e+00 8.519838732526474612e-01
1.199042160565328974e+00 8.518784545795126117e-01
1.200181767616768980e+00 8.517730368086436910e-01
1.201321965245432555e+00 8.516676199574737538e-01
1.202462753757390423e+00 8.515622040434118745e-01
1.203604133458837655e+00 8.514567890838504738e-01
1.204746104656164274e+00 8.513513750961581028e-01
1.205888667655882429e+00 8.512459620976864372e-01
1.207031822764698337e+00 8.511405501057635048e-01
1.208175570289443002e+00 8.510351391377001251e-01
1.209319910537132170e+00 8.509297292107845800e-01
1.210464843814941016e+00 8.508243203422847234e-01
1.211610370430176609e+00 8.507189125494505344e-01
1.212756490690340971e+00 8.506135058495084555e-01
1.213903204903061361e+00 8.505081002596677209e-01
1.215050513376157770e+00 8.504026957971142497e-01
1.216198416417576311e+00 8.502972924790168641e-01
1.217346914335456276e+00 8.501918903225205160e-01
1.218496007438063078e+00 8.500864893447535042e-01
1.219645696033855309e+00 8.499810895628201468e-01
1.220795980431417238e+00 8.498756909938081083e-01
1.221946860939519208e+00 8.497702936547821828e-01
1.223098337867092766e+00 8.496648975627867362e-01
1.224250411523200910e+00 8.495595027348482597e-01
1.225403082217103812e+00 8.494541091879700412e-01
1.226556350258185546e+00 8.493487169391378266e-01
1.227710215956026918e+00 8.492433260053142696e-01
1.228864679620332634e+00 8.491379364034447041e-01
1.230019741561004132e+00 8.490325481504509275e-01
1.231175402088067639e+00 8.489271612632379727e-01
1.232331661511736787e+00 8.488217757586877799e-01
1.233488520142386413e+00 8.487163916536623054e-01
1.234645978290524582e+00 8.486110089650055199e-01
1.235804036266856087e+00 8.485056277095378574e-01
1.236962694382211403e+00 8.484002479040628764e-01
1.238121952947618620e+00 8.482948695653603766e-01
1.239281812274229733e+00 8.481894927101935044e-01
1.240442272673394353e+00 8.480841173553014256e-01
1.241603334456587326e+00 8.479787435174067634e-01
1.242764997935482452e+00 8.478733712132081601e-01
1.243927263421876539e+00 8.477680004593876051e-01
1.245090131227756469e+00 8.476626312726044388e-01
1.246253601665271216e+00 8.475572636694974626e-01
1.247417675046702978e+00 8.474518976666878256e-01
1.248582351684533354e+00 8.473465332807732509e-01
1.249747631891368727e+00 8.472411705283343641e-01
1.250913515980014878e+00 8.471358094259283655e-01
1.252080004263401491e+00 8.470304499900953576e-01
1.253247097054658532e+00 8.469250922373522394e-01
1.254414794667040756e+00 8.468197361841987014e-01
1.255583097413993432e+00 8.467143818471118966e-01
1.256752005609123923e+00 8.466090292425486608e-01
1.257921519566174595e+00 8.465036783869480663e-01
1.259091639599086765e+00 8.463983292967257599e-01
1.260262366021928759e+00 8.462929819882805127e-01
1.261433699148966525e+00 8.461876364779875592e-01
1.262605639294594351e+00 8.460822927822053696e-01
1.263778186773404588e+00 8.459769509172685442e-01
1.264951341900117043e+00 8.458716108994951410e-01
1.266125104989649586e+00 8.457662727451796814e-01
1.267299476357048871e+00 8.456609364705998111e-01
1.268474456317550736e+00 8.455556020920105276e-01
1.269650045186554888e+00 8.454502696256462890e-01
1.270826243279596923e+00 8.453449390877245673e-01
1.272003050912412725e+00 8.452396104944387423e-01
1.273180468400864740e+00 8.451342838619658737e-01
1.274358496061016588e+00 8.450289592064590405e-01
1.275537134209057566e+00 8.449236365440548902e-01
1.276716383161379920e+00 8.448183158908664225e-01
1.277896243234500684e+00 8.447129972629898731e-01
1.279076714745129184e+00 8.446076806764988287e-01
1.280257798010139947e+00 8.445023661474468923e-01
1.281439493346542946e+00 8.443970536918697922e-01
1.282621801071549772e+00 8.442917433257799420e-01
1.283804721502499024e+00 8.441864350651732130e-01
1.284988254956931364e+00 8.440811289260214956e-01
1.286172401752514904e+00 8.439758249242803601e-01
1.287357162207119377e+00 8.438705230758818399e-01
1.288542536638741076e+00 8.437652233967412041e-01
1.289728525365580136e+00 8.436599259027502962e-01
1.290915128705963699e+00 8.435546306097841951e-01
1.292102346978409866e+00 8.434493375336954424e-01
1.293290180501605491e+00 8.433440466903164845e-01
1.294478629594371544e+00 8.432387580954622264e-01
1.295667694575732387e+00 8.431334717649242583e-01
1.296857375764841169e+00 8.430281877144772951e-01
1.298047673481052655e+00 8.429229059598727369e-01
1.299238588043850395e+00 8.428176265168455528e-01
1.300430119772921334e+00 8.427123494011069527e-01
1.301622268988079867e+00 8.426070746283514934e-01
1.302815036009334460e+00 8.425018022142516383e-01
1.304008421156858777e+00 8.423965321744592005e-01
1.305202424750965484e+00 8.422912645246090069e-01
1.306397047112170196e+00 8.421859992803124584e-01
1.307592288561116867e+00 8.420807364571639697e-01
1.308788149418653735e+00 8.419754760707349739e-01
1.309984630005757378e+00 8.418702181365802506e-01
1.311181730643607768e+00 8.417649626702311538e-01
1.312379451653514995e+00 8.416597096872023842e-01
1.313577793356992096e+00 8.415544592029853277e-01
1.314776756075681785e+00 8.414492112330549389e-01
1.315976340131420841e+00 8.413439657928636350e-01
1.317176545846214353e+00 8.412387228978437381e-01
1.318377373542205078e+00 8.411334825634104728e-01
1.319578823541739609e+00 8.410282448049553050e-01
1.320780896167295548e+00 8.409230096378537134e-01
1.321983591741554331e+00 8.408177770774574178e-01
1.323186910587326626e+00 8.407125471391019289e-01
1.324390853027629156e+00 8.406073198380992206e-01
1.325595419385607432e+00 8.405020951897449466e-01
1.326800609984602808e+00 8.403968732093122229e-01
1.328006425148124503e+00 8.402916539120546258e-01
1.329212865199821625e+00 8.401864373132077457e-01
1.330419930463547562e+00 8.400812234279846358e-01
1.331627621263285821e+00 8.399760122715812516e-01
1.332835937923227299e+00 8.398708038591707892e-01
1.334044880767691232e+00 8.397655982059096802e-01
1.335254450121203362e+00 8.396603953269314857e-01
1.336464646308419546e+00 8.395551952373530025e-01
1.337675469654202587e+00 8.394499979522678235e-01
1.338886920483545406e+00 8.393448034867534435e-01
1.340098999121636325e+00 8.392396118558647089e-01
1.341311705893834638e+00 8.391344230746368149e-01
1.342525041125638197e+00 8.390292371580876374e-01
1.343739005142751797e+00 8.389240541212117375e-01
1.344953598271011241e+00 8.388188739789879111e-01
1.346168820836458835e+00 8.387136967463710846e-01
1.347384673165268332e+00 8.386085224383001968e-01
1.348601155583819988e+00 8.385033510696907610e-01
1.349818268418625511e+00 8.383981826554424144e-01
1.351036011996394670e+00 8.382930172104320343e-01
1.352254386644005546e+00 8.381878547495172915e-01
1.353473392688478327e+00 8.380826952875380931e-01
1.354693030457040148e+00 8.379775388393115865e-01
1.355913300277049149e+00 8.378723854196387100e-01
1.357134202476071749e+00 8.377672350432971982e-01
1.358355737381805373e+00 8.376620877250483543e-01
1.359577905322157498e+00 8.375569434796306112e-01
1.360800706625164391e+00 8.374518023217660811e-01
1.362024141619072815e+00 8.373466642661537840e-01
1.363248210632259649e+00 8.372415293274767523e-01
1.364472913993302061e+00 8.371363975203952590e-01
1.365698252030947746e+00 8.370312688595504813e-01
1.366924225074083843e+00 8.369261433595664990e-01
1.368150833451808435e+00 8.368210210350440770e-01
1.369378077493351054e+00 8.367159019005678822e-01
1.370605957528149510e+00 8.366107859706998218e-01
1.371834473885775729e+00 8.365056732599851497e-01
1.373063626896009470e+00 8.364005637829468043e-01
1.374293416888762387e+00 8.362954575540909596e-01
1.375523844194148193e+00 8.361903545879019184e-01
1.376754909142448913e+00 8.360852548988445543e-01
1.377986612064091343e+00 8.359801585013666436e-01
1.379218953289710115e+00 8.358750654098928701e-01
1.380451933150073973e+00 8.357699756388320411e-01
1.381685551976160831e+00 8.356648892025700937e-01
1.382919810099081825e+00 8.355598061154765333e-01
1.384154707850158594e+00 8.354547263918983280e-01
1.385390245560846001e+00 8.353496500461661256e-01
1.386626423562808075e+00 8.352445770925878143e-01
1.387863242187842516e+00 8.351395075454552952e-01
1.389100701767949975e+00 8.350344414190382647e-01
1.390338802635299853e+00 8.349293787275872125e-01
1.391577545122207216e+00 8.348243194853354199e-01
1.392816929561197181e+00 8.347192637064938525e-01
1.394056956284928539e+00 8.346142114052568228e-01
1.395297625626270133e+00 8.345091625957962167e-01
1.396538937918226697e+00 8.344041172922680438e-01
1.397780893494013021e+00 8.342990755088052213e-01
1.399023492686976677e+00 8.341940372595250119e-01
1.400266735830670406e+00 8.340890025585222523e-01
1.401510623258816146e+00 8.339839714198731269e-01
1.402755155305281942e+00 8.338789438576363899e-01
1.404000332304146781e+00 8.337739198858484801e-01
1.405246154589624208e+00 8.336688995185296269e-01
1.406492622496140044e+00 8.335638827696777442e-01
1.407739736358254223e+00 8.334588696532742036e-01
1.408987496510738513e+00 8.333538601832783943e-01
1.410235903288499681e+00 8.332488543736332742e-01
1.411484957026658549e+00 8.331438522382592637e-01
1.412734658060467385e+00 8.330388537910612401e-01
1.413985006725383631e+00 8.329338590459218761e-01
1.415236003357039252e+00 8.328288680167047486e-01
1.416487648291208767e+00 8.327238807172567814e-01
1.417739941863880748e+00 8.326188971614022494e-01
1.418992884411179212e+00 8.325139173629496625e-01
1.420246476269440450e+00 8.324089413356849931e-01
1.421500717775137090e+00 8.323039690933781154e-01
1.422755609264955368e+00 8.321990006497765879e-01
1.424011151075715187e+00 8.320940360186120932e-01
1.425267343544441179e+00 8.319890752135948864e-01
1.426524187008333833e+00 8.318841182484156827e-01
1.427781681804737524e+00 8.317791651367486550e-01
1.429039828271211121e+00 8.316742158922458827e-01
1.430298626745449386e+00 8.315692705285431252e-01
1.431558077565361131e+00 8.314643290592541591e-01
1.432818181068991059e+00 8.313593914979765520e-01
1.434078937594598369e+00 8.312544578582861110e-01
1.435340347480578149e+00 8.311495281537422120e-01
1.436602411065539986e+00 8.310446023978822483e-01
1.437865128688230243e+00 8.309396806042277372e-01
1.439128500687600010e+00 8.308347627862788798e-01
1.440392527402775791e+00 8.307298489575164480e-01
1.441657209173030196e+00 8.306249391314051156e-01
1.442922546337852108e+00 8.305200333213869079e-01
1.444188539236865410e+00 8.304151315408883072e-01
1.445455188209911146e+00 8.303102338033137020e-01
1.446722493596964920e+00 8.302053401220513829e-01
1.447990455738219939e+00 8.301004505104677689e-01
1.449259074974004857e+00 8.299955649819135139e-01
1.450528351644855718e+00 8.298906835497177337e-01
1.451798286091483536e+00 8.297858062271907809e-01
1.453068878654746765e+00 8.296809330276265770e-01
1.454340129675721016e+00 8.295760639642965062e-01
1.455612039495616905e+00 8.294711990504570753e-01
1.456884608455864427e+00 8.293663382993418098e-01
1.458157836898028137e+00 8.292614817241691361e-01
1.459431725163891080e+00 8.291566293381353869e-01
1.460706273595372640e+00 8.290517811544209081e-01
1.461981482534610244e+00 8.289469371861843960e-01
1.463257352323877214e+00 8.288420974465687818e-01
1.464533883305655149e+00 8.287372619486959024e-01
1.465811075822603726e+00 8.286324307056683880e-01
1.467088930217529175e+00 8.285276037305729924e-01
1.468367446833456214e+00 8.284227810364742650e-01
1.469646626013545454e+00 8.283179626364212123e-01
1.470926468101178664e+00 8.282131485434409690e-01
1.472206973439872169e+00 8.281083387705450161e-01
1.473488142373362564e+00 8.280035333307229628e-01
1.474769975245523224e+00 8.278987322369489865e-01
1.476052472400436688e+00 8.277939355021759482e-01
1.477335634182364021e+00 8.276891431393381682e-01
1.478619460935712837e+00 8.275843551613538684e-01
1.479903953005111461e+00 8.274795715811190666e-01
1.481189110735325443e+00 8.273747924115145702e-01
1.482474934471339711e+00 8.272700176653992044e-01
1.483761424558276865e+00 8.271652473556164731e-01
1.485048581341480212e+00 8.270604814949881201e-01
1.486336405166430730e+00 8.269557200963202348e-01
1.487624896378828332e+00 8.268509631723973685e-01
1.488914055324512375e+00 8.267462107359886403e-01
1.490203882349531828e+00 8.266414627998421860e-01
1.491494377800114624e+00 8.265367193766876008e-01
1.492785542022637912e+00 8.264319804792382707e-01
1.494077375363699112e+00 8.263272461201857100e-01
1.495369878170033751e+00 8.262225163122065563e-01
1.496663050788599403e+00 8.261177910679555758e-01
1.497956893566490866e+00 8.260130704000721025e-01
1.499251406851024537e+00 8.259083543211738210e-01
1.500546590989656259e+00 8.258036428438632059e-01
1.501842446330052372e+00 8.256989359807219708e-01
1.503138973220058627e+00 8.255942337443131773e-01
1.504436172007670880e+00 8.254895361471838999e-01
1.505734043041107029e+00 8.253848432018600079e-01
1.507032586668723084e+00 8.252801549208514942e-01
1.508331803239097102e+00 8.251754713166474797e-01
1.509631693100947469e+00 8.250707924017213202e-01
1.510932256603213730e+00 8.249661181885249439e-01
1.512233494094974873e+00 8.248614486894956244e-01
1.513535405925532373e+00 8.247567839170485415e-01
1.514837992444327597e+00 8.246521238835837764e-01
1.516141254001013738e+00 8.245474686014809818e-01
1.517445190945425182e+00 8.244428180831012698e-01
1.518749803627546413e+00 8.243381723407900985e-01
1.520055092397584851e+00 8.242335313868712765e-01
1.521361057605889133e+00 8.241288952336537355e-01
1.522667699603028169e+00 8.240242638934247577e-01
1.523975018739713860e+00 8.239196373784567484e-01
1.525283015366879269e+00 8.238150157010006858e-01
1.526591689835600008e+00 8.237103988732923376e-01
1.527901042497162631e+00 8.236057869075471549e-01
1.529211073703036217e+00 8.235011798159622698e-01
1.530521783804842162e+00 8.233965776107190493e-01
1.531833173154424355e+00 8.232919803039775442e-01
1.533145242103767458e+00 8.231873879078830392e-01
1.534457991005080402e+00 8.230828004345590587e-01
1.535771420210714222e+00 8.229782178961148054e-01
1.537085530073241557e+00 8.228736403046374992e-01
1.538400320945378486e+00 8.227690676722001495e-01
1.539715793180064463e+00 8.226645000108541161e-01
1.541031947130380164e+00 8.225599373326358821e-01
1.542348783149621205e+00 8.224553796495616131e-01
1.543666301591265722e+00 8.223508269736294896e-01
1.544984502808942839e+00 8.222462793168220374e-01
1.546303387156508613e+00 8.221417366911003555e-01
1.547622954987959876e+00 8.220371991084111096e-01
1.548943206657518168e+00 8.219326665806796495e-01
1.550264142519547139e+00 8.218281391198164476e-01
1.551585762928636480e+00 8.217236167377109934e-01
1.552908068239516659e+00 8.216190994462378994e-01
1.554231058807133969e+00 8.215145872572516828e-01
1.555554734986619891e+00 8.214100801825886533e-01
1.556879097133255563e+00 8.213055782340699107e-01
1.558204145602550827e+00 8.212010814234952383e-01
1.559529880750157194e+00 8.210965897626499865e-01
1.560856302931951767e+00 8.209921032632983007e-01
1.562183412503954205e+00 8.208876219371897820e-01
1.563511209822411097e+00 8.207831457960527155e-01
1.564839695243711581e+00 8.206786748516012864e-01
1.566168869124471730e+00 8.205742091155282525e-01
1.567498731821449720e+00 8.204697485995120498e-01
1.568829283691620446e+00 8.203652933152109084e-01
1.570160525092143988e+00 8.202608432742651834e-01
1.571492456380333635e+00 8.201563984882999092e-01
1.572825077913730052e+00 8.200519589689193589e-01
1.574158390050017786e+00 8.199475247277130396e-01
1.575492393147107428e+00 8.198430957762499194e-01
1.576827087563054342e+00 8.197386721260842002e-01
1.578162473656140374e+00 8.196342537887491009e-01
1.579498551784791704e+00 8.195298407757637404e-01
1.580835322307652113e+00 8.194254330986271428e-01
1.582172785583550123e+00 8.193210307688203464e-01
1.583510941971469688e+00 8.192166337978095125e-01
1.584849791830622578e+00 8.191122421970399303e-01
1.586189335520364008e+00 8.190078559779426781e-01
1.587529573400278338e+00 8.189034751519275179e-01
1.588870505830093816e+00 8.187990997303906671e-01
1.590212133169767839e+00 8.186947297247068045e-01
1.591554455779400357e+00 8.185903651462368424e-01
1.592897474019323134e+00 8.184860060063207099e-01
1.594241188250009156e+00 8.183816523162842360e-01
1.595585598832152563e+00 8.182773040874330439e-01
1.596930706126632682e+00 8.181729613310555482e-01
1.598276510494484715e+00 8.180686240584251756e-01
1.599623012296974345e+00 8.179642922807944805e-01
1.600970211895509809e+00 8.178599660094020285e-01
1.602318109651731159e+00 8.177556452554654021e-01
1.603666705927422775e+00 8.176513300301884168e-01
1.605016001084597743e+00 8.175470203447542383e-01
1.606365995485416143e+00 8.174427162103314881e-01
1.607716689492256990e+00 8.173384176380695809e-01
1.609068083467686705e+00 8.172341246391000569e-01
1.610420177774428030e+00 8.171298372245400232e-01
1.611772972775433743e+00 8.170255554054857150e-01
1.613126468833802285e+00 8.169212791930194895e-01
1.614480666312864354e+00 8.168170085982030537e-01
1.615835565576093646e+00 8.167127436320842371e-01
1.617191166987197448e+00 8.166084843056903297e-01
1.618547470910026931e+00 8.165042306300345221e-01
1.619904477708665524e+00 8.163999826161096873e-01
1.621262187747342320e+00 8.162957402748945990e-01
1.622620601390507122e+00 8.161915036173487126e-01
1.623979719002799360e+00 8.160872726544137201e-01
1.625339540949013895e+00 8.159830473970173248e-01
1.626700067594179178e+00 8.158788278560662466e-01
1.628061299303468434e+00 8.157746140424535497e-01
1.629423236442287148e+00 8.156704059670519813e-01
1.630785879376189129e+00 8.155662036407205218e-01
1.632149228470959113e+00 8.154620070742972793e-01
1.633513284092527051e+00 8.153578162786073724e-01
1.634878046607047608e+00 8.152536312644557137e-01
1.636243516380863738e+00 8.151494520426304513e-01
1.637609693780475162e+00 8.150452786239053005e-01
1.638976579172616077e+00 8.149411110190334373e-01
1.640344172924167676e+00 8.148369492387544932e-01
1.641712475402242521e+00 8.147327932937876716e-01
1.643081486974102834e+00 8.146286431948387419e-01
1.644451208007242204e+00 8.145244989525929347e-01
1.645821638869302994e+00 8.144203605777220467e-01
1.647192779928159823e+00 8.143162280808777798e-01
1.648564631551836079e+00 8.142121014726977357e-01
1.649937194108577199e+00 8.141079807638005317e-01
1.651310467966821349e+00 8.140038659647880204e-01
1.652684453495162131e+00 8.138997570862472886e-01
1.654059151062429844e+00 8.137956541387456610e-01
1.655434561037602670e+00 8.136915571328365848e-01
1.656810683789891492e+00 8.135874660790536339e-01
1.658187519688656852e+00 8.134833809879168376e-01
1.659565069103493329e+00 8.133793018699259081e-01
1.660943332404143824e+00 8.132752287355674570e-01
1.662322309960575506e+00 8.131711615953087779e-01
1.663702002142947389e+00 8.130671004596000673e-01
1.665082409321577028e+00 8.129630453388776434e-01
1.666463531867017789e+00 8.128589962435577299e-01
1.667845370149972695e+00 8.127549531840433383e-01
1.669227924541377917e+00 8.126509161707170525e-01
1.670611195412320615e+00 8.125468852139484666e-01
1.671995183134121987e+00 8.124428603240869684e-01
1.673379888078254218e+00 8.123388415114689565e-01
1.674765310616424419e+00 8.122348287864105121e-01
1.676151451120487135e+00 8.121308221592147270e-01
1.677538309962525620e+00 8.120268216401654859e-01
1.678925887514813198e+00 8.119228272395301316e-01
1.680314184149784840e+00 8.118188389675619065e-01
1.681703200240111773e+00 8.117148568344941806e-01
1.683092936158613995e+00 8.116108808505474448e-01
1.684483392278350422e+00 8.115069110259215401e-01
1.685874568972526966e+00 8.114029473708040952e-01
1.687266466614588900e+00 8.112989898953623102e-01
1.688659085578129382e+00 8.111950386097506183e-01
1.690052426236969385e+00 8.110910935241041342e-01
1.691446488965123951e+00 8.109871546485417637e-01
1.692841274136766661e+00 8.108832219931685348e-01
1.694236782126311791e+00 8.107792955680698244e-01
1.695633013308322390e+00 8.106753753833175757e-01
1.697029968057598648e+00 8.105714614489643033e-01
1.698427646749093078e+00 8.104675537750495318e-01
1.699826049757995339e+00 8.103636523715930240e-01
1.701225177459644300e+00 8.102597572486015531e-01
1.702625030229620418e+00 8.101558684160622414e-01
1.704025608443651585e+00 8.100519858839493326e-01
1.705426912477695289e+00 8.099481096622181964e-01
1.706828942707903973e+00 8.098442397608078824e-01
1.708231699510590840e+00 8.097403761896438956e-01
1.709635183262308900e+00 8.096365189586323119e-01
1.711039394339762154e+00 8.095326680776656625e-01
1.712444333119893081e+00 8.094288235566174938e-01
1.713849999979796923e+00 8.093249854053484738e-01
1.715256395296807845e+00 8.092211536336997302e-01
1.716663519448410113e+00 8.091173282514992904e-01
1.718071372812319364e+00 8.090135092685568630e-01
1.719479955766444412e+00 8.089096966946659473e-01
1.720889268688857943e+00 8.088058905396064979e-01
1.722299311957873336e+00 8.087020908131390406e-01
1.723710085951954518e+00 8.085982975250110005e-01
1.725121591049806558e+00 8.084945106849509289e-01
1.726533827630286400e+00 8.083907303026743874e-01
1.727946796072491686e+00 8.082869563878776198e-01
1.729360496755671939e+00 8.081831889502442134e-01
1.730774930059317818e+00 8.080794279994385487e-01
1.732190096363072307e+00 8.079756735451121274e-01
1.733605996046807984e+00 8.078719255968979107e-01
1.735022629490595047e+00 8.077681841644134275e-01
1.736439997074666675e+00 8.076644492572623291e-01
1.737858099179497184e+00 8.075607208850290597e-01
1.739276936185714995e+00 8.074569990572855183e-01
1.740696508474188775e+00 8.073532837835846188e-01
1.742116816425941295e+00 8.072495750734663966e-01
1.743537860422236907e+00 8.071458729364517914e-01
1.744959640844492288e+00 8.070421773820495304e-01
1.746382158074355928e+00 8.069384884197494667e-01
1.747805412493673494e+00 8.068348060590263549e-01
1.749229404484456740e+00 8.067311303093408492e-01
1.750654134428957676e+00 8.066274611801352856e-01
1.752079602709582851e+00 8.065237986808390103e-01
1.753505809708982177e+00 8.064201428208626066e-01
1.754932755809958778e+00 8.063164936096038904e-01
1.756360441395557803e+00 8.062128510564423589e-01
1.757788866848980280e+00 8.061092151707441866e-01
1.759218032553669264e+00 8.060055859618573404e-01
1.760647938893221021e+00 8.059019634391170195e-01
1.762078586251465850e+00 8.057983476118405486e-01
1.763509975012432562e+00 8.056947384893292652e-01
1.764942105560313390e+00 8.055911360808716282e-01
1.766374978279548369e+00 8.054875403957373337e-01
1.767808593554727636e+00 8.053839514431835322e-01
1.769242951770688688e+00 8.052803692324483897e-01
1.770678053312422229e+00 8.051767937727583035e-01
1.772113898565163659e+00 8.050732250733202422e-01
1.773550487914302032e+00 8.049696631433295169e-01
1.774987821745462213e+00 8.048661079919631200e-01
1.776425900444467132e+00 8.047625596283825011e-01
1.777864724397305363e+00 8.046590180617364529e-01
1.779304293990212393e+00 8.045554833011547835e-01
1.780744609609577367e+00 8.044519553557549774e-01
1.782185671642035452e+00 8.043484342346363114e-01
1.783627480474376803e+00 8.042449199468854060e-01
1.785070036493637158e+00 8.041414125015704517e-01
1.786513340087008128e+00 8.040379119077476489e-01
1.787957391641926908e+00 8.039344181744543238e-01
1.789402191545984788e+00 8.038309313107158127e-01
1.790847740187010650e+00 8.037274513255397990e-01
1.792294037953032326e+00 8.036239782279185340e-01
1.793741085232245513e+00 8.035205120268313905e-01
1.795188882413091491e+00 8.034170527312393117e-01
1.796637429884169634e+00 8.033136003500911393e-01
1.798086728034323567e+00 8.032101548923172851e-01
1.799536777252554121e+00 8.031067163668361708e-01
1.800987577928109928e+00 8.030032847825475661e-01
1.802439130450394167e+00 8.028998601483396946e-01
1.803891435209047156e+00 8.027964424730826831e-01
1.805344492593911276e+00 8.026930317656317815e-01
1.806798302994995886e+00 8.025896280348295830e-01
1.808252866802559033e+00 8.024862312894999183e-01
1.809708184407014642e+00 8.023828415384551827e-01
1.811164256199024436e+00 8.022794587904892305e-01
1.812621082569407349e+00 8.021760830543841481e-01
1.814078663909231004e+00 8.020727143389034808e-01
1.815537000609719342e+00 8.019693526527991168e-01
1.816996093062344553e+00 8.018659980048048475e-01
1.818455941658736474e+00 8.017626504036422519e-01
1.819916546790762535e+00 8.016593098580159227e-01
1.821377908850491778e+00 8.015559763766151313e-01
1.822840028230163778e+00 8.014526499681167149e-01
1.824302905322266355e+00 8.013493306411794137e-01
1.825766540519444980e+00 8.012460184044500888e-01
1.827230934214594260e+00 8.011427132665576156e-01
1.828696086800767340e+00 8.010394152361189901e-01
1.830161998671265611e+00 8.009361243217332227e-01
1.831628670219550337e+00 8.008328405319876664e-01
1.833096101839318148e+00 8.007295638754523548e-01
1.834564293924473066e+00 8.006262943606825555e-01
1.836033246869086533e+00 8.005230319962208796e-01
1.837502961067480900e+00 8.004197767905921745e-01
1.838973436914137061e+00 8.003165287523096305e-01
1.840444674803785929e+00 8.002132878898682300e-01
1.841916675131316961e+00 8.001100542117518533e-01
1.843389438291870519e+00 8.000068277264260619e-01
1.844862964680746398e+00 7.999036084423448711e-01
1.846337254693493524e+00 7.998003963679445327e-01
1.847812308725821140e+00 7.996971915116498630e-01
1.849288127173677410e+00 7.995939938818683590e-01
1.850764710433216997e+00 7.994908034869929736e-01
1.852242058900762878e+00 7.993876203354043364e-01
1.853720172972892488e+00 7.992844444354656464e-01
1.855199053046340030e+00 7.991812757955278901e-01
1.856678699518093723e+00 7.990781144239248457e-01
1.858159112785298994e+00 7.989749603289788560e-01
1.859640293245354403e+00 7.988718135189943892e-01
1.861122241295818824e+00 7.987686740022643672e-01
1.862604957334491385e+00 7.986655417870651696e-01
1.864088441759377712e+00 7.985624168816582991e-01
1.865572694968653078e+00 7.984592992942932677e-01
1.867057717360748548e+00 7.983561890332020461e-01
1.868543509334252395e+00 7.982530861066051697e-01
1.870030071288007800e+00 7.981499905227054104e-01
1.871517403621016928e+00 7.980469022896945486e-01
1.873005506732536851e+00 7.979438214157466014e-01
1.874494381021982736e+00 7.978407479090243726e-01
1.875984026889024658e+00 7.977376817776731244e-01
1.877474444733493897e+00 7.976346230298267947e-01
1.878965634955462427e+00 7.975315716736027793e-01
1.880457597955210058e+00 7.974285277171039299e-01
1.881950334133189795e+00 7.973254911684213297e-01
1.883443843890108216e+00 7.972224620356282987e-01
1.884938127626832216e+00 7.971194403267873874e-01
1.886433185744484042e+00 7.970164260499434938e-01
1.887929018644347146e+00 7.969134192131304140e-01
1.889425626727959440e+00 7.968104198243644021e-01
1.890923010397019599e+00 7.967074278916510544e-01
1.892421170053470547e+00 7.966044434229789806e-01
1.893920106099462597e+00 7.965014664263225797e-01
1.895419818937320144e+00 7.963984969096449262e-01
1.896920308969622493e+00 7.962955348808911094e-01
1.898421576599110594e+00 7.961925803479955599e-01
1.899923622228780751e+00 7.960896333188755003e-01
1.901426446261793135e+00 7.959866938014369397e-01
1.902930049101560606e+00 7.958837618035689010e-01
1.904434431151660778e+00 7.957808373331491936e-01
1.905939592815926176e+00 7.956779203980386406e-01
1.907445534498351414e+00 7.955750110060869629e-01
1.908952256603176689e+00 7.954721091651276721e-01
1.910459759534851365e+00 7.953692148829799580e-01
1.911968043697997999e+00 7.952663281674516860e-01
1.913477109497497608e+00 7.951634490263334021e-01
1.914986957338392859e+00 7.950605774674047721e-01
1.916497587625983545e+00 7.949577134984288085e-01
1.918009000765732441e+00 7.948548571271570884e-01
1.919521197163360782e+00 7.947520083613242026e-01
1.921034177224750117e+00 7.946491672086545277e-01
1.922547941356030687e+00 7.945463336768557872e-01
1.924062489963541456e+00 7.944435077736216044e-01
1.925577823453796356e+00 7.943406895066345008e-01
1.927093942233569113e+00 7.942378788835599002e-01
1.928610846709795101e+00 7.941350759120523461e-01
1.930128537289669044e+00 7.940322805997497291e-01
1.931647014380547756e+00 7.939294929542790591e-01
1.933166278390048287e+00 7.938267129832503599e-01
1.934686329725950671e+00 7.937239406942634412e-01
1.936207168796294731e+00 7.936211760949006822e-01
1.937728796009282384e+00 7.935184191927341368e-01
1.939251211773363792e+00 7.934156699953198721e-01
1.940774416497201837e+00 7.933129285101999661e-01
1.942298410589633040e+00 7.932101947449056167e-01
1.943823194459755488e+00 7.931074687069507023e-01
1.945348768516830695e+00 7.930047504038387762e-01
1.946875133170380412e+00 7.929020398430569605e-01
1.948402288830090257e+00 7.927993370320812749e-01
1.949930235905906972e+00 7.926966419783714191e-01
1.951458974807941171e+00 7.925939546893764343e-01
1.952988505946551268e+00 7.924912751725297078e-01
1.954518829732309282e+00 7.923886034352507490e-01
1.956049946575964871e+00 7.922859394849480763e-01
1.957581856888526151e+00 7.921832833290133324e-01
1.959114561081167771e+00 7.920806349748282793e-01
1.960648059565326840e+00 7.919779944297572483e-01
1.962182352752602110e+00 7.918753617011550228e-01
1.963717441054856572e+00 7.917727367963591778e-01
1.965253324884117525e+00 7.916701197226975184e-01
1.966790004652674728e+00 7.915675104874807522e-01
1.968327480772982252e+00 7.914649090980098167e-01
1.969865753657743745e+00 7.913623155615693294e-01
1.971404823719879129e+00 7.912597298854311401e-01
1.972944691372483739e+00 7.911571520768555521e-01
1.974485357028916255e+00 7.910545821430867708e-01
1.976026821102700559e+00 7.909520200913585652e-01
1.977569084007624767e+00 7.908494659288883843e-01
1.979112146157641305e+00 7.907469196628833519e-01
1.980656007966965948e+00 7.906443813005343824e-01
1.982200669849982333e+00 7.905418508490220653e-01
1.983746132221321901e+00 7.904393283155114469e-01
1.985292395495834583e+00 7.903368137071543620e-01
1.986839460088546172e+00 7.902343070310918760e-01
1.988387326414748024e+00 7.901318082944484011e-01
1.989935994889896254e+00 7.900293175043385796e-01
1.991485465929712984e+00 7.899268346678605113e-01
1.993035739950085539e+00 7.898243597921027481e-01
1.994586817367165033e+00 7.897218928841368557e-01
1.996138698597272221e+00 7.896194339510249627e-01
1.997691384056988984e+00 7.895169829998126554e-01
1.999244874163066843e+00 7.894145400375357502e-01
2.000799169332508676e+00 7.893121050712146314e-01
2.002354269982533630e+00 7.892096781078562495e-01
2.003910176530540266e+00 7.891072591544574522e-01
2.005466889394193597e+00 7.890048482179983225e-01
2.007024408991323394e+00 7.889024453054496178e-01
2.008582735740028991e+00 7.888000504237654420e-01
2.010141870058573144e+00 7.886976635798905733e-01
2.011701812365487729e+00 7.885952847807532473e-01
2.013262563079470269e+00 7.884929140332720410e-01
2.014824122619472746e+00 7.883905513443502100e-01
2.016386491404665193e+00 7.882881967208781315e-01
2.017949669854397055e+00 7.881858501697357466e-01
2.019513658388283783e+00 7.880835116977866761e-01
2.021078457426110031e+00 7.879811813118849928e-01
2.022644067387927347e+00 7.878788590188690044e-01
2.024210488693954701e+00 7.877765448255666936e-01
2.025777721764678851e+00 7.876742387387907218e-01
2.027345767020755307e+00 7.875719407653436477e-01
2.028914624883106477e+00 7.874696509120122645e-01
2.030484295772823522e+00 7.873673691855738177e-01
2.032054780111253400e+00 7.872650955927903427e-01
2.033626078319960229e+00 7.871628301404108852e-01
2.035198190820691533e+00 7.870605728351744990e-01
2.036771118035460848e+00 7.869583236838042506e-01
2.038344860386451352e+00 7.868560826930136587e-01
2.039919418296115783e+00 7.867538498695002547e-01
2.041494792187075191e+00 7.866516252199522441e-01
2.043070982482218412e+00 7.865494087510419563e-01
2.044647989604606586e+00 7.864472004694321727e-01
2.046225813977553987e+00 7.863450003817707978e-01
2.047804456024596931e+00 7.862428084946929685e-01
2.049383916169452036e+00 7.861406248148240516e-01
2.050964194836106369e+00 7.860384493487728719e-01
2.052545292448716641e+00 7.859362821031397051e-01
2.054127209431709566e+00 7.858341230845086178e-01
2.055709946209681060e+00 7.857319722994543509e-01
2.057293503207497487e+00 7.856298297545362130e-01
2.058877880850195297e+00 7.855276954563038538e-01
2.060463079563081834e+00 7.854255694112916020e-01
2.062049099771634086e+00 7.853234516260242382e-01
2.063635941901587501e+00 7.852213421070117771e-01
2.065223606378897347e+00 7.851192408607520212e-01
2.066812093629703195e+00 7.850171478937324476e-01
2.068401404080415507e+00 7.849150632124248794e-01
2.069991538157614386e+00 7.848129868232924800e-01
2.071582496288151720e+00 7.847109187327822033e-01
2.073174278899051259e+00 7.846088589473322328e-01
2.074766886417607203e+00 7.845068074733650976e-01
2.076360319271285615e+00 7.844047643172941120e-01
2.077954577887811460e+00 7.843027294855181575e-01
2.079549662695131307e+00 7.842007029844235699e-01
2.081145574121376463e+00 7.840986848203868043e-01
2.082742312594948242e+00 7.839966749997691053e-01
2.084339878544423375e+00 7.838946735289223922e-01
2.085938272398647708e+00 7.837926804141831516e-01
2.087537494586639841e+00 7.836906956618792108e-01
2.089137545537692375e+00 7.835887192783226318e-01
2.090738425681268886e+00 7.834867512698165948e-01
2.092340135447105176e+00 7.833847916426490698e-01
2.093942675265110687e+00 7.832828404030988123e-01
2.095546045565455540e+00 7.831808975574301446e-01
2.097150246778531457e+00 7.830789631118952876e-01
2.098755279334916679e+00 7.829770370727366924e-01
2.100361143665462560e+00 7.828751194461818219e-01
2.101967840201192317e+00 7.827732102384489243e-01
2.103575369373404946e+00 7.826713094557409267e-01
2.105183731613570419e+00 7.825694171042522074e-01
2.106792927353435374e+00 7.824675331901618236e-01
2.108402957024916535e+00 7.823656577196398398e-01
2.110013821060195305e+00 7.822637906988422207e-01
2.111625519891674241e+00 7.821619321339127184e-01
2.113238053951944639e+00 7.820600820309854262e-01
2.114851423673871356e+00 7.819582403961796713e-01
2.116465629490491995e+00 7.818564072356057881e-01
2.118080671835121720e+00 7.817545825553589012e-01
2.119696551141246665e+00 7.816527663615256971e-01
2.121313267842630967e+00 7.815509586601774306e-01
2.122930822373211512e+00 7.814491594573770294e-01
2.124549215167200078e+00 7.813473687591722117e-01
2.126168446658984745e+00 7.812455865716019243e-01
2.127788517283214276e+00 7.811438129006911257e-01
2.129409427474764360e+00 7.810420477524527838e-01
2.131031177668698984e+00 7.809402911328905406e-01
2.132653768300354802e+00 7.808385430479930500e-01
2.134277199805246994e+00 7.807368035037404175e-01
2.135901472619165631e+00 7.806350725060977602e-01
2.137526587178074866e+00 7.805333500610215358e-01
2.139152543918217297e+00 7.804316361744536579e-01
2.140779343276010049e+00 7.803299308523270472e-01
2.142406985688135368e+00 7.802282341005609689e-01
2.144035471591500208e+00 7.801265459250626977e-01
2.145664801423200263e+00 7.800248663317304043e-01
2.147294975620609669e+00 7.799231953264472716e-01
2.148925994621277535e+00 7.798215329150883779e-01
2.150557858863030525e+00 7.797198791035135912e-01
2.152190568783871161e+00 7.796182338975746751e-01
2.153824124822080854e+00 7.795165973031082940e-01
2.155458527416116876e+00 7.794149693259432299e-01
2.157093777004713164e+00 7.793133499718929436e-01
2.158729874026781292e+00 7.792117392467630133e-01
2.160366818921499732e+00 7.791101371563448064e-01
2.162004612128272552e+00 7.790085437064183660e-01
2.163643254086693446e+00 7.789069589027545204e-01
2.165282745236636774e+00 7.788053827511095539e-01
2.166923086018151423e+00 7.787038152572312022e-01
2.168564276871566943e+00 7.786022564268528789e-01
2.170206318237389631e+00 7.785007062656996712e-01
2.171849210556404675e+00 7.783991647794817892e-01
2.173492954269575783e+00 7.782976319739017823e-01
2.175137549818131344e+00 7.781961078546479893e-01
2.176782997643532003e+00 7.780945924273973135e-01
2.178429298187424479e+00 7.779930856978181097e-01
2.180076451891738820e+00 7.778915876715636335e-01
2.181724459198581378e+00 7.777900983542797020e-01
2.183373320550339169e+00 7.776886177515969223e-01
2.185023036389577289e+00 7.775871458691382410e-01
2.186673607159141941e+00 7.774856827125121717e-01
2.188325033302056521e+00 7.773842282873187903e-01
2.189977315261625535e+00 7.772827825991439621e-01
2.191630453481332452e+00 7.771813456535655584e-01
2.193284448404929421e+00 7.770799174561475731e-01
2.194939300476396848e+00 7.769784980124431195e-01
2.196595010139908766e+00 7.768770873279964295e-01
2.198251577839919868e+00 7.767756854083371909e-01
2.199909004021062042e+00 7.766742922589873199e-01
2.201567289128252725e+00 7.765729078854541889e-01
2.203226433606585211e+00 7.764715322932372876e-01
2.204886437901436569e+00 7.763701654878220060e-01
2.206547302458362392e+00 7.762688074746857403e-01
2.208209027723188722e+00 7.761674582592921201e-01
2.209871614141972085e+00 7.760661178470940058e-01
2.211535062160960408e+00 7.759647862435354870e-01
2.213199372226687611e+00 7.758634634540465536e-01
2.214864544785863032e+00 7.757621494840490906e-01
2.216530580285483332e+00 7.756608443389509944e-01
2.218197479172721920e+00 7.755595480241521678e-01
2.219865241895037755e+00 7.754582605450387467e-01
2.221533868900069653e+00 7.753569819069884295e-01
2.223203360635738868e+00 7.752557121153654807e-01
2.224873717550147845e+00 7.751544511755258382e-01
2.226544940091670366e+00 7.750531990928124504e-01
2.228217028708912917e+00 7.749519558725572743e-01
2.229889983850673829e+00 7.748507215200837184e-01
2.231563805966037872e+00 7.747494960407012021e-01
2.233238495504269228e+00 7.746482794397114846e-01
2.234914052914918958e+00 7.745470717224018919e-01
2.236590478647714431e+00 7.744458728940528669e-01
2.238267773152674778e+00 7.743446829599300862e-01
2.239945936879994548e+00 7.742435019252921213e-01
2.241624970280142737e+00 7.741423297953841098e-01
2.243304873803823263e+00 7.740411665754404202e-01
2.244985647901932779e+00 7.739400122706872054e-01
2.246667293025653933e+00 7.738388668863364073e-01
2.248349809626350559e+00 7.737377304275927514e-01
2.250033198155674263e+00 7.736366028996467525e-01
2.251717459065456506e+00 7.735354843076818199e-01
2.253402592807817406e+00 7.734343746568668188e-01
2.255088599835056495e+00 7.733332739523638422e-01
2.256775480599762407e+00 7.732321821993207722e-01
2.258463235554703630e+00 7.731310994028778305e-01
2.260151865152925321e+00 7.730300255681626931e-01
2.261841369847705785e+00 7.729289607002921558e-01
2.263531750092517392e+00 7.728279048043749100e-01
2.265223006341123835e+00 7.727268578855056580e-01
2.266915139047467775e+00 7.726258199487717748e-01
2.268608148665781865e+00 7.725247909992472017e-01
2.270302035650480388e+00 7.724237710419981084e-01
2.271996800456267174e+00 7.723227600820772309e-01
2.273692443538026353e+00 7.722217581245298668e-01
2.275388965350920500e+00 7.721207651743883238e-01
2.277086366350346669e+00 7.720197812366746959e-01
2.278784646991897311e+00 7.719188063164027502e-01
2.280483807731455315e+00 7.718178404185727093e-01
2.282183849025086975e+00 7.717168835481774680e-01
2.283884771329145913e+00 7.716159357101963767e-01
2.285586575100171824e+00 7.715149969096014582e-01
2.287289260794991730e+00 7.714140671513514125e-01
2.288992828870618723e+00 7.713131464403973903e-01
2.290697279784354112e+00 7.712122347816771084e-01
2.292402613993682170e+00 7.711113321801214004e-01
2.294108831956366945e+00 7.710104386406478882e-01
2.295815934130407854e+00 7.709095541681642016e-01
2.297523920974002376e+00 7.708086787675698659e-01
2.299232792945637538e+00 7.707078124437510835e-01
2.300942550503986439e+00 7.706069552015868407e-01
2.302653194108011725e+00 7.705061070459426897e-01
2.304364724216861227e+00 7.704052679816769666e-01
2.306077141289974985e+00 7.703044380136349067e-01
2.307790445786974676e+00 7.702036171466546399e-01
2.309504638167764412e+00 7.701028053855613065e-01
2.311219718892483677e+00 7.700020027351702767e-01
2.312935688421470903e+00 7.699012092002889274e-01
2.314652547215357181e+00 7.698004247857112015e-01
2.316370295734957896e+00 7.696996494962244917e-01
2.318088934441381976e+00 7.695988833366023130e-01
2.319808463795923537e+00 7.694981263116114079e-01
2.321528884260167569e+00 7.693973784260055293e-01
2.323250196295886916e+00 7.692966396845311028e-01
2.324972400365146630e+00 7.691959100919214531e-01
2.326695496930196505e+00 7.690951896529031329e-01
2.328419486453567444e+00 7.689944783721900379e-01
2.330144369398030157e+00 7.688937762544861831e-01
2.331870146226553864e+00 7.687930833044879231e-01
2.333596817402401769e+00 7.686923995268781784e-01
2.335324383389024039e+00 7.685917249263332085e-01
2.337052844650164385e+00 7.684910595075163942e-01
2.338782201649752146e+00 7.683904032750837887e-01
2.340512454852011981e+00 7.682897562336787889e-01
2.342243604721355066e+00 7.681891183879377971e-01
2.343975651722474129e+00 7.680884897424847813e-01
2.345708596320302153e+00 7.679878703019339392e-01
2.347442438979971513e+00 7.678872600708919194e-01
2.349177180166912571e+00 7.677866590539524916e-01
2.350912820346739540e+00 7.676860672557023202e-01
2.352649359985364619e+00 7.675854846807153020e-01
2.354386799548885190e+00 7.674849113335587836e-01
2.356125139503695731e+00 7.673843472187867887e-01
2.357864380316377684e+00 7.672837923409467908e-01
2.359604522453809139e+00 7.671832467045736070e-01
2.361345566383056038e+00 7.670827103141948378e-01
2.363087512571464988e+00 7.669821831743265372e-01
2.364830361486626842e+00 7.668816652894744346e-01
2.366574113596333628e+00 7.667811566641373755e-01
2.368318769368674026e+00 7.666806573028011051e-01
2.370064329271924564e+00 7.665801672099444852e-01
2.371810793774660198e+00 7.664796863900341650e-01
2.373558163345641514e+00 7.663792148475296884e-01
2.375306438453930191e+00 7.662787525868779426e-01
2.377055619568772205e+00 7.661782996125195977e-01
2.378805707159701743e+00 7.660778559288826672e-01
2.380556701696494137e+00 7.659774215403861719e-01
2.382308603649126777e+00 7.658769964514415829e-01
2.384061413487876813e+00 7.657765806664476038e-01
2.385815131683209689e+00 7.656761741897962770e-01
2.387569758705889278e+00 7.655757770258674322e-01
2.389325295026868190e+00 7.654753891790340159e-01
2.391081741117398796e+00 7.653750106536564290e-01
2.392839097448922647e+00 7.652746414540887443e-01
2.394597364493180169e+00 7.651742815846722667e-01
2.396356542722101413e+00 7.650739310497418622e-01
2.398116632607902421e+00 7.649735898536208500e-01
2.399877634623043487e+00 7.648732580006225579e-01
2.401639549240189631e+00 7.647729354950536518e-01
2.403402376932303852e+00 7.646726223412078083e-01
2.405166118172541001e+00 7.645723185433728197e-01
2.406930773434356574e+00 7.644720241058235999e-01
2.408696343191393474e+00 7.643717390328287342e-01
2.410462827917598361e+00 7.642714633286445958e-01
2.412230228087106632e+00 7.641711969975210073e-01
2.413998544174341454e+00 7.640709400436960230e-01
2.415767776653971577e+00 7.639706924713985936e-01
2.417537926000869586e+00 7.638704542848504531e-01
2.419308992690211380e+00 7.637702254882607900e-01
2.421080977197361150e+00 7.636700060858330197e-01
2.422853879997988180e+00 7.635697960817575680e-01
2.424627701567949156e+00 7.634695954802190876e-01
2.426402442383405411e+00 7.633694042853894635e-01
2.428178102920708792e+00 7.632692225014348075e-01
2.429954683656512682e+00 7.631690501325087972e-01
2.431732185067663199e+00 7.630688871827586706e-01
2.433510607631294675e+00 7.629687336563202305e-01
2.435289951824788801e+00 7.628685895573202869e-01
2.437070218125733767e+00 7.627684548898785444e-01
2.438851407012018857e+00 7.626683296581023841e-01
2.440633518961726978e+00 7.625682138660933029e-01
2.442416554453243904e+00 7.624681075179402523e-01
2.444200513965148147e+00 7.623680106177265214e-01
2.445985397976321085e+00 7.622679231695227431e-01
2.447771206965837720e+00 7.621678451773938878e-01
2.449557941413061268e+00 7.620677766453931579e-01
2.451345601797605855e+00 7.619677175775648736e-01
2.453134188599290333e+00 7.618676679779464722e-01
2.454923702298239085e+00 7.617676278505632892e-01
2.456714143374768344e+00 7.616675971994346650e-01
2.458505512309500318e+00 7.615675760285678386e-01
2.460297809583250395e+00 7.614675643419640538e-01
2.462091035677137274e+00 7.613675621436123420e-01
2.463885191072475500e+00 7.612675694374961832e-01
2.465680276250884262e+00 7.611675862275865123e-01
2.467476291694174151e+00 7.610676125178488238e-01
2.469273237884451078e+00 7.609676483122368440e-01
2.471071115304067867e+00 7.608676936146956393e-01
2.472869924435586064e+00 7.607677484291636150e-01
2.474669665761875414e+00 7.606678127595670746e-01
2.476470339765996620e+00 7.605678866098267710e-01
2.478271946931319025e+00 7.604679699838510221e-01
2.480074487741404710e+00 7.603680628855425949e-01
2.481877962680124394e+00 7.602681653187923771e-01
2.483682372231541535e+00 7.601682772874852612e-01
2.485487716880013576e+00 7.600683987954951482e-01
2.487293997110149757e+00 7.599685298466869465e-01
2.489101213406766266e+00 7.598686704449193474e-01
2.490909366254988377e+00 7.597688205940386075e-01
2.492718456140136318e+00 7.596689802978857653e-01
2.494528483547836739e+00 7.595691495602898691e-01
2.496339448963913910e+00 7.594693283850740828e-01
2.498151352874498521e+00 7.593695167760499132e-01
2.499964195765916219e+00 7.592697147370233157e-01
2.501777978124803514e+00 7.591699222717880335e-01
2.503592700437990981e+00 7.590701393841324807e-01
2.505408363192603627e+00 7.589703660778339689e-01
2.507224966876020922e+00 7.588706023566611503e-01
2.509042511975829282e+00 7.587708482243762376e-01
2.510860998979926872e+00 7.586711036847297862e-01
2.512680428376407704e+00 7.585713687414665785e-01
2.514500800653673984e+00 7.584716433983199613e-01
2.516322116300326872e+00 7.583719276590173974e-01
2.518144375805273949e+00 7.582722215272749144e-01
2.519967579657623080e+00 7.581725250068029887e-01
2.521791728346776118e+00 7.580728381013008832e-01
2.523616822362388934e+00 7.579731608144597566e-01
2.525442862194327898e+00 7.578734931499642169e-01
2.527269848332772018e+00 7.577738351114871040e-01
2.529097781268094369e+00 7.576741867026962618e-01
2.530926661490983332e+00 7.575745479272474325e-01
2.532756489492319130e+00 7.574749187887912516e-01
2.534587265763298625e+00 7.573752992909665860e-01
2.536418990795313189e+00 7.572756894374068626e-01
2.538251665080067276e+00 7.571760892317341840e-01
2.540085289109461186e+00 7.570764986775649907e-01
2.541919863375695421e+00 7.569769177785051761e-01
2.543755388371224502e+00 7.568773465381518628e-01
2.545591864588713893e+00 7.567777849600967333e-01
2.547429292521143918e+00 7.566782330479190355e-01
2.549267672661691631e+00 7.565786908051934656e-01
2.551107005503848058e+00 7.564791582354828403e-01
2.552947291541301400e+00 7.563796353423449803e-01
2.554788531268053386e+00 7.562801221293258269e-01
2.556630725178305585e+00 7.561806185999664365e-01
2.558473873766556217e+00 7.560811247577969851e-01
2.560317977527562405e+00 7.559816406063395444e-01
2.562163036956293549e+00 7.558821661491098576e-01
2.564009052548032574e+00 7.557827013896125656e-01
2.565856024798261803e+00 7.556832463313469805e-01
2.567703954202778860e+00 7.555838009778010900e-01
2.569552841257578102e+00 7.554843653324576636e-01
2.571402686458972742e+00 7.553849393987881466e-01
2.573253490303471391e+00 7.552855231802587666e-01
2.575105253287900187e+00 7.551861166803244263e-01
2.576957975909284215e+00 7.550867199024351439e-01
2.578811658664948769e+00 7.549873328500301684e-01
2.580666302052478489e+00 7.548879555265405328e-01
2.582521906569670289e+00 7.547885879353914973e-01
2.584378472714639940e+00 7.546892300799971087e-01
2.586236000985699945e+00 7.545898819637663069e-01
2.588094491881482551e+00 7.544905435900967072e-01
2.589953945900817622e+00 7.543912149623810404e-01
2.591814363542852551e+00 7.542918960840007125e-01
2.593675745306935454e+00 7.541925869583320230e-01
2.595538091692715987e+00 7.540932875887411679e-01
2.597401403200105374e+00 7.539939979785860169e-01
2.599265680329226669e+00 7.538947181312186663e-01
2.601130923580522225e+00 7.537954480499802212e-01
2.602997133454636902e+00 7.536961877382065689e-01
2.604864310452529086e+00 7.535969371992229382e-01
2.606732455075362775e+00 7.534976964363490071e-01
2.608601567824617717e+00 7.533984654528939062e-01
2.610471649201975719e+00 7.532992442521615484e-01
2.612342699709437444e+00 7.532000328374449660e-01
2.614214719849205171e+00 7.531008312120319736e-01
2.616087710123782717e+00 7.530016393792005047e-01
2.617961671035939908e+00 7.529024573422202771e-01
2.619836603088657068e+00 7.528032851043554574e-01
2.621712506785237373e+00 7.527041226688593323e-01
2.623589382629186062e+00 7.526049700389800812e-01
2.625467231124326339e+00 7.525058272179552254e-01
2.627346052774685248e+00 7.524066942090172905e-01
2.629225848084609574e+00 7.523075710153875884e-01
2.631106617558647720e+00 7.522084576402832123e-01
2.632988361701654068e+00 7.521093540869108196e-01
2.634871081018745897e+00 7.520102603584690737e-01
2.636754776015255874e+00 7.519111764581511981e-01
2.638639447196840404e+00 7.518121023891396471e-01
2.640525095069355288e+00 7.517130381546122120e-01
2.642411720138981401e+00 7.516139837577353600e-01
2.644299322912098571e+00 7.515149392016714502e-01
2.646187903895413474e+00 7.514159044895712958e-01
2.648077463595829961e+00 7.513168796245819347e-01
2.649968002520579624e+00 7.512178646098389700e-01
2.651859521177093892e+00 7.511188594484732306e-01
2.653752020073112838e+00 7.510198641436057754e-01
2.655645499716640767e+00 7.509208786983501138e-01
2.657539960615898700e+00 7.508219031158139822e-01
2.659435403279431398e+00 7.507229373990946808e-01
2.661331828215987017e+00 7.506239815512846247e-01
2.663229235934638783e+00 7.505250355754656821e-01
2.665127626944662431e+00 7.504260994747151692e-01
2.667027001755657434e+00 7.503271732520994108e-01
2.668927360877428878e+00 7.502282569106806243e-01
2.670828704820088717e+00 7.501293504535107015e-01
2.672731034094015357e+00 7.500304538836340962e-01
2.674634349209805695e+00 7.499315672040899328e-01
2.676538650678381259e+00 7.498326904179067887e-01
2.678443939010868746e+00 7.497338235281084673e-01
2.680350214718718593e+00 7.496349665377085580e-01
2.682257478313588628e+00 7.495361194497157653e-01
2.684165730307459530e+00 7.494372822671284684e-01
2.686074971212517593e+00 7.493384549929404947e-01
2.687985201541276847e+00 7.492396376301349026e-01
2.689896421806453386e+00 7.491408301816907533e-01
2.691808632521076827e+00 7.490420326505767834e-01
2.693721834198441023e+00 7.489432450397548457e-01
2.695636027352062314e+00 7.488444673521810202e-01
2.697551212495782114e+00 7.487456995908012836e-01
2.699467390143647005e+00 7.486469417585570607e-01
2.701384560810032198e+00 7.485481938583793404e-01
2.703302725009518959e+00 7.484494558931947816e-01
2.705221883257014515e+00 7.483507278659192741e-01
2.707142036067632151e+00 7.482520097794650438e-01
2.709063183956799126e+00 7.481533016367338806e-01
2.710985327440209147e+00 7.480546034406206912e-01
2.712908467033777082e+00 7.479559151940149420e-01
2.714832603253747312e+00 7.478572368997961073e-01
2.716757736616568497e+00 7.477585685608391097e-01
2.718683867639019258e+00 7.476599101800084357e-01
2.720610996838086493e+00 7.475612617601644638e-01
2.722539124731083504e+00 7.474626233041572476e-01
2.724468251835532318e+00 7.473639948148323997e-01
2.726398378669283584e+00 7.472653762950253187e-01
2.728329505750394901e+00 7.471667677475671843e-01
2.730261633597239168e+00 7.470681691752796283e-01
2.732194762728456183e+00 7.469695805809770661e-01
2.734128893662911342e+00 7.468710019674686951e-01
2.736064026919797776e+00 7.467724333375538315e-01
2.738000163018516453e+00 7.466738746940274618e-01
2.739937302478801406e+00 7.465753260396741364e-01
2.741875445820591839e+00 7.464767873772745199e-01
2.743814593564158688e+00 7.463782587095988408e-01
2.745754746229981169e+00 7.462797400394134417e-01
2.747695904338854245e+00 7.461812313694751175e-01
2.749638068411843772e+00 7.460827327025332245e-01
2.751581238970236765e+00 7.459842440413326781e-01
2.753525416535656412e+00 7.458857653886079575e-01
2.755470601629929739e+00 7.457872967470897674e-01
2.757416794775218172e+00 7.456888381194982651e-01
2.759363996493893634e+00 7.455903895085498334e-01
2.761312207308657118e+00 7.454919509169506409e-01
2.763261427742421894e+00 7.453935223474028593e-01
2.765211658318431631e+00 7.452951038025984465e-01
2.767162899560140055e+00 7.451966952852254744e-01
2.769115151991318857e+00 7.450982967979626892e-01
2.771068416136011514e+00 7.449999083434817315e-01
2.773022692518485322e+00 7.449015299244496902e-01
2.774977981663343307e+00 7.448031615435233288e-01
2.776934284095397221e+00 7.447048032033555254e-01
2.778891600339790546e+00 7.446064549065892768e-01
2.780849930921881263e+00 7.445081166558636943e-01
2.782809276367358642e+00 7.444097884538074528e-01
2.784769637202122894e+00 7.443114703030460078e-01
2.786731013952393088e+00 7.442131622061949336e-01
2.788693407144663183e+00 7.441148641658632545e-01
2.790656817305650517e+00 7.440165761846552206e-01
2.792621244962408600e+00 7.439182982651650899e-01
2.794586690642202331e+00 7.438200304099834570e-01
2.796553154872630564e+00 7.437217726216909242e-01
2.798520638181506648e+00 7.436235249028639860e-01
2.800489141096976553e+00 7.435252872560694781e-01
2.802458664147397638e+00 7.434270596838705725e-01
2.804429207861465656e+00 7.433288421888203379e-01
2.806400772768085972e+00 7.432306347734679575e-01
2.808373359396486357e+00 7.431324374403538435e-01
2.810346968276167701e+00 7.430342501920111919e-01
2.812321599936858707e+00 7.429360730309688687e-01
2.814297254908626034e+00 7.428379059597460810e-01
2.816273933721746836e+00 7.427397489808580389e-01
2.818251636906837110e+00 7.426416020968102938e-01
2.820230364994723349e+00 7.425434653101046223e-01
2.822210118516572663e+00 7.424453386232329200e-01
2.824190898003762218e+00 7.423472220386837517e-01
2.826172703987993362e+00 7.422491155589360234e-01
2.828155537001241004e+00 7.421510191864626460e-01
2.830139397575710536e+00 7.420529329237316452e-01
2.832124286243945743e+00 7.419548567732012767e-01
2.834110203538701800e+00 7.418567907373266879e-01
2.836097149993074495e+00 7.417587348185525897e-01
2.838085126140372783e+00 7.416606890193206958e-01
2.840074132514244010e+00 7.415626533420625055e-01
2.842064169648551797e+00 7.414646277892064097e-01
2.844055238077495051e+00 7.413666123631705851e-01
2.846047338335490728e+00 7.412686070663702109e-01
2.848040470957275971e+00 7.411706119012111404e-01
2.850034636477869476e+00 7.410726268700927877e-01
2.852029835432516425e+00 7.409746519754102367e-01
2.854026068356804391e+00 7.408766872195490238e-01
2.856023335786533224e+00 7.407787326048911325e-01
2.858021638257847385e+00 7.406807881338087762e-01
2.860020976307101837e+00 7.405828538086709489e-01
2.862021350470994818e+00 7.404849296318367635e-01
2.864022761286439511e+00 7.403870156056621132e-01
2.866025209290675058e+00 7.402891117324937875e-01
2.868028695021217267e+00 7.401912180146726916e-01
2.870033219015814208e+00 7.400933344545346237e-01
2.872038781812557673e+00 7.399954610544065003e-01
2.874045383949750843e+00 7.398975978166117962e-01
2.876053025966042842e+00 7.397997447434639939e-01
2.878061708400297292e+00 7.397019018372736898e-01
2.880071431791719760e+00 7.396040691003417100e-01
2.882082196679733421e+00 7.395062465349656611e-01
2.884094003604103396e+00 7.394084341434333796e-01
2.886106853104811520e+00 7.393106319280297045e-01
2.888120745722165594e+00 7.392128398910305931e-01
2.890135681996755412e+00 7.391150580347055632e-01
2.892151662469403028e+00 7.390172863613201359e-01
2.894168687681272889e+00 7.389195248731305066e-01
2.896186758173747489e+00 7.388217735723890955e-01
2.898205874488552602e+00 7.387240324613397746e-01
2.900226037167633386e+00 7.386263015422221967e-01
2.902247246753275611e+00 7.385285808172672439e-01
2.904269503787986650e+00 7.384308702887021347e-01
2.906292808814598949e+00 7.383331699587459829e-01
2.908317162376228726e+00 7.382354798296110188e-01
2.910342565016226235e+00 7.381377999035058091e-01
2.912369017278284566e+00 7.380401301826297056e-01
2.914396519706316635e+00 7.379424706691786184e-01
2.916425072844580857e+00 7.378448213653389098e-01
2.918454677237554140e+00 7.377471822732943885e-01
2.920485333430058006e+00 7.376495533952189820e-01
2.922517041967133355e+00 7.375519347332837317e-01
2.924549803394167480e+00 7.374543262896504636e-01
2.926583618256767938e+00 7.373567280664773405e-01
2.928618487100868695e+00 7.372591400659148642e-01
2.930654410472691485e+00 7.371615622901065423e-01
2.932691388918690301e+00 7.370639947411926629e-01
2.934729422985667302e+00 7.369664374213036329e-01
2.936768513220642696e+00 7.368688903325673056e-01
2.938808660170986187e+00 7.367713534771019868e-01
2.940849864384285528e+00 7.366738268570232062e-01
2.942892126408477527e+00 7.365763104744368350e-01
2.944935446791717926e+00 7.364788043314461907e-01
2.946979826082494647e+00 7.363813084301459311e-01
2.949025264829580717e+00 7.362838227726244966e-01
2.951071763581984531e+00 7.361863473609667752e-01
2.953119322889062648e+00 7.360888821972484397e-01
2.955167943300395450e+00 7.359914272835419435e-01
2.957217625365907043e+00 7.358939826219110802e-01
2.959268369635746687e+00 7.357965482144162017e-01
2.961320176660411363e+00 7.356991240631086670e-01
2.963373046990617876e+00 7.356017101700369487e-01
2.965426981177435639e+00 7.355043065372404154e-01
2.967481979772152556e+00 7.354069131667553272e-01
2.969538043326392707e+00 7.353095300606100615e-01
2.971595172392063056e+00 7.352121572208266675e-01
2.973653367521312596e+00 7.351147946494233087e-01
2.975712629266636267e+00 7.350174423484094888e-01
2.977772958180753715e+00 7.349201003197918247e-01
2.979834354816735864e+00 7.348227685655674968e-01
2.981896819727873016e+00 7.347254470877313537e-01
2.983960353467809412e+00 7.346281358882686963e-01
2.986024956590410451e+00 7.345308349691624938e-01
2.988090629649877261e+00 7.344335443323870560e-01
2.990157373200697855e+00 7.343362639799110303e-01
2.992225187797600050e+00 7.342389939136994004e-01
2.994294073995662941e+00 7.341417341357082682e-01
2.996364032350187223e+00 7.340444846478907381e-01
2.998435063416831081e+00 7.339472454521910327e-01
3.000507167751468529e+00 7.338500165505507100e-01
3.002580345910333293e+00 7.337527979449023352e-01
3.004654598449879366e+00 7.336555896371758090e-01
3.006729925926912017e+00 7.335583916292918172e-01
3.008806328898464777e+00 7.334612039231687142e-01
3.010883807921904243e+00 7.333640265207163056e-01
3.012962363554890111e+00 7.332668594238389570e-01
3.015041996355317444e+00 7.331697026344374812e-01
3.017122706881440131e+00 7.330725561544035873e-01
3.019204495691733214e+00 7.329754199856264307e-01
3.021287363345026122e+00 7.328782941299866183e-01
3.023371310400375656e+00 7.327811785893614260e-01
3.025456337417191222e+00 7.326840733656198035e-01
3.027542444955106937e+00 7.325869784606281465e-01
3.029629633574096204e+00 7.324898938762441913e-01
3.031717903834422856e+00 7.323928196143206781e-01
3.033807256296592314e+00 7.322957556767064613e-01
3.035897691521465269e+00 7.321987020652419575e-01
3.037989210070127122e+00 7.321016587817645860e-01
3.040081812504022096e+00 7.320046258281032170e-01
3.042175499384815573e+00 7.319076032060841674e-01
3.044270271274534423e+00 7.318105909175249835e-01
3.046366128735426670e+00 7.317135889642406577e-01
3.048463072330100943e+00 7.316165973480371898e-01
3.050561102621389686e+00 7.315196160707184703e-01
3.052660220172466410e+00 7.314226451340802848e-01
3.054760425546796831e+00 7.313256845399125350e-01
3.056861719308090919e+00 7.312287342900021248e-01
3.058964102020413911e+00 7.311317943861272983e-01
3.061067574248058420e+00 7.310348648300635244e-01
3.063172136555675884e+00 7.309379456235779449e-01
3.065277789508144224e+00 7.308410367684348152e-01
3.067384533670701074e+00 7.307441382663900642e-01
3.069492369608808779e+00 7.306472501191971780e-01
3.071601297888274296e+00 7.305503723286015383e-01
3.073711319075195014e+00 7.304535048963431976e-01
3.075822433735917016e+00 7.303566478241587667e-01
3.077934642437140766e+00 7.302598011137766409e-01
3.080047945745796767e+00 7.301629647669224399e-01
3.082162344229176121e+00 7.300661387853131234e-01
3.084277838454795528e+00 7.299693231706638752e-01
3.086394428990534955e+00 7.298725179246805528e-01
3.088512116404499075e+00 7.297757230490669045e-01
3.090630901265157604e+00 7.296789385455184629e-01
3.092750784141202303e+00 7.295821644157278740e-01
3.094871765601675762e+00 7.294854006613804565e-01
3.096993846215911894e+00 7.293886472841557556e-01
3.099117026553489751e+00 7.292919042857303191e-01
3.101241307184352536e+00 7.291951716677723683e-01
3.103366688678669050e+00 7.290984494319474596e-01
3.105493171606974023e+00 7.290017375799129340e-01
3.107620756540026008e+00 7.289050361133239120e-01
3.109749444048951261e+00 7.288083450338266323e-01
3.111879234705102526e+00 7.287116643430655571e-01
3.114010129080178046e+00 7.286149940426769334e-01
3.116142127746174495e+00 7.285183341342921226e-01
3.118275231275334569e+00 7.284216846195391559e-01
3.120409440240262455e+00 7.283250455000378487e-01
3.122544755213794154e+00 7.282284167774055739e-01
3.124681176769128044e+00 7.281317984532515997e-01
3.126818705479692539e+00 7.280351905291825299e-01
3.128957341919282875e+00 7.279385930067967525e-01
3.131097086661921658e+00 7.278420058876908794e-01
3.133237940281996536e+00 7.277454291734524183e-01
3.135379903354126974e+00 7.276488628656671009e-01
3.137522976453278822e+00 7.275523069659132203e-01
3.139667160154718140e+00 7.274557614757635182e-01
3.141812455033957008e+00 7.273592263967878502e-01
3.143958861666873439e+00 7.272627017305478558e-01
3.146106380629576371e+00 7.271661874786029545e-01
3.148255012498540673e+00 7.270696836425041276e-01
3.150404757850472137e+00 7.269731902238005805e-01
3.152555617262445153e+00 7.268767072240328586e-01
3.154707591311763260e+00 7.267802346447397310e-01
3.156860680576080824e+00 7.266837724874519733e-01
3.159014885633350644e+00 7.265873207536958089e-01
3.161170207061775095e+00 7.264908794449941309e-01
3.163326645439923368e+00 7.263944485628616166e-01
3.165484201346599136e+00 7.262980281088111667e-01
3.167642875360969335e+00 7.262016180843471336e-01
3.169802668062436268e+00 7.261052184909720930e-01
3.171963580030771723e+00 7.260088293301801832e-01
3.174125611845975747e+00 7.259124506034636548e-01
3.176288764088419647e+00 7.258160823123064320e-01
3.178453037338708320e+00 7.257197244581905515e-01
3.180618432177796606e+00 7.256233770425903895e-01
3.182784949186941326e+00 7.255270400669757702e-01
3.184952588947648877e+00 7.254307135328129652e-01
3.187121352041796030e+00 7.253343974415609186e-01
3.189291239051492255e+00 7.252380917946759098e-01
3.191462250559217395e+00 7.251417965936065579e-01
3.193634387147683995e+00 7.250455118397993726e-01
3.195807649399976746e+00 7.249492375346925366e-01
3.197982037899411267e+00 7.248529736797225675e-01
3.200157553229659335e+00 7.247567202763185445e-01
3.202334195974694708e+00 7.246604773259045507e-01
3.204511966718740723e+00 7.245642448299018934e-01
3.206690866046394639e+00 7.244680227897239977e-01
3.208870894542484642e+00 7.243718112067821790e-01
3.211052052792215505e+00 7.242756100824796484e-01
3.213234341381022041e+00 7.241794194182180622e-01
3.215417760894712984e+00 7.240832392153908614e-01
3.217602311919332436e+00 7.239870694753892666e-01
3.219787995041295758e+00 7.238909101995971707e-01
3.221974810847254567e+00 7.237947613893960241e-01
3.224162759924215749e+00 7.236986230461601721e-01
3.226351842859489061e+00 7.236024951712592967e-01
3.228542060240639167e+00 7.235063777660601936e-01
3.230733412655602876e+00 7.234102708319216646e-01
3.232925900692553256e+00 7.233141743702009574e-01
3.235119524940035518e+00 7.232180883822472151e-01
3.237314285986833795e+00 7.231220128694076932e-01
3.239510184422104366e+00 7.230259478330217648e-01
3.241707220835239767e+00 7.229298932744270267e-01
3.243905395815990467e+00 7.228338491949539701e-01
3.246104709954412471e+00 7.227378155959282013e-01
3.248305163840814913e+00 7.226417924786726621e-01
3.250506758065883517e+00 7.225457798445024116e-01
3.252709493220540260e+00 7.224497776947310657e-01
3.254913369896080155e+00 7.223537860306641356e-01
3.257118388684040688e+00 7.222578048536052453e-01
3.259324550176330604e+00 7.221618341648503581e-01
3.261531854965096677e+00 7.220658739656937719e-01
3.263740303642864049e+00 7.219699242574217912e-01
3.265949896802393226e+00 7.218739850413188330e-01
3.268160635036807093e+00 7.217780563186627640e-01
3.270372518939531403e+00 7.216821380907262329e-01
3.272585549104252145e+00 7.215862303587796678e-01
3.274799726125027455e+00 7.214903331240856144e-01
3.277015050596157941e+00 7.213944463879049529e-01
3.279231523112319913e+00 7.212985701514907921e-01
3.281449144268429485e+00 7.212027044160944644e-01
3.283667914659779363e+00 7.211068491829597527e-01
3.285887834881899394e+00 7.210110044533286633e-01
3.288108905530686243e+00 7.209151702284363195e-01
3.290331127202338557e+00 7.208193465095129593e-01
3.292554500493316105e+00 7.207235332977866005e-01
3.294779026000456135e+00 7.206277305944773781e-01
3.297004704320834811e+00 7.205319384008040950e-01
3.299231536051909330e+00 7.204361567179775605e-01
3.301459521791373142e+00 7.203403855472072514e-01
3.303688662137303389e+00 7.202446248896946512e-01
3.305918957688015247e+00 7.201488747466399110e-01
3.308150409042204032e+00 7.200531351192354101e-01
3.310383016798804867e+00 7.199574060086718630e-01
3.312616781557117029e+00 7.198616874161334334e-01
3.314851703916749770e+00 7.197659793427992891e-01
3.317087784477569024e+00 7.196702817898465998e-01
3.319325023839825306e+00 7.195745947584444302e-01
3.321563422604007165e+00 7.194789182497610680e-01
3.323802981370983289e+00 7.193832522649565853e-01
3.326043700741867504e+00 7.192875968051896107e-01
3.328285581318152886e+00 7.191919518716113346e-01
3.330528623701574098e+00 7.190963174653713930e-01
3.332772828494230843e+00 7.190006935876127603e-01
3.335018196298535464e+00 7.189050802394735262e-01
3.337264727717156987e+00 7.188094774220898930e-01
3.339512423353150794e+00 7.187138851365901804e-01
3.341761283809812966e+00 7.186183033841013756e-01
3.344011309690820610e+00 7.185227321657432498e-01
3.346262501600096861e+00 7.184271714826336863e-01
3.348514860141944105e+00 7.183316213358831304e-01
3.350768385920912529e+00 7.182360817266006947e-01
3.353023079541931573e+00 7.181405526558879426e-01
3.355278941610175814e+00 7.180450341248449941e-01
3.357535972731185758e+00 7.179495261345653079e-01
3.359794173510816329e+00 7.178540286861379016e-01
3.362053544555182683e+00 7.177585417806493506e-01
3.364314086470784559e+00 7.176630654191792358e-01
3.366575799864366836e+00 7.175675996028053616e-01
3.368838685343058970e+00 7.174721443325982051e-01
3.371102743514232003e+00 7.173766996096270221e-01
3.373367974985646001e+00 7.172812654349534078e-01
3.375634380365302611e+00 7.171858418096376253e-01
3.377901960261572967e+00 7.170904287347334982e-01
3.380170715283143501e+00 7.169950262112902983e-01
3.382440646038962662e+00 7.168996342403549660e-01
3.384711753138364365e+00 7.168042528229675581e-01
3.386984037190928554e+00 7.167088819601664662e-01
3.389257498806623303e+00 7.166135216529828655e-01
3.391532138595658274e+00 7.165181719024463769e-01
3.393807957168633038e+00 7.164228327095794047e-01
3.396084955136392303e+00 7.163275040754032430e-01
3.398363133110168022e+00 7.162321860009315255e-01
3.400642491701437287e+00 7.161368784871767756e-01
3.402923031522047559e+00 7.160415815351450775e-01
3.405204753184165156e+00 7.159462951458376301e-01
3.407487657300217521e+00 7.158510193202544114e-01
3.409771744483022893e+00 7.157557540593876277e-01
3.412057015345643762e+00 7.156604993642281531e-01
3.414343470501533417e+00 7.155652552357598672e-01
3.416631110564391172e+00 7.154700216749653174e-01
3.418919936148306249e+00 7.153747986828197236e-01
3.421209947867613899e+00 7.152795862602969734e-01
3.423501146337020629e+00 7.151843844083646262e-01
3.425793532171552691e+00 7.150891931279860225e-01
3.428087105986501015e+00 7.149940124201225045e-01
3.430381868397549106e+00 7.148988422857279756e-01
3.432677820020622939e+00 7.148036827257554515e-01
3.434974961472044619e+00 7.147085337411505090e-01
3.437273293368380500e+00 7.146133953328577260e-01
3.439572816326590399e+00 7.145182675018143525e-01
3.441873530963879269e+00 7.144231502489565289e-01
3.444175437897846415e+00 7.143280435752131785e-01
3.446478537746338944e+00 7.142329474815118928e-01
3.448782831127576110e+00 7.141378619687743790e-01
3.451088318660101351e+00 7.140427870379176811e-01
3.453395000962720118e+00 7.139477226898570672e-01
3.455702878654633103e+00 7.138526689255006996e-01
3.458011952355290575e+00 7.137576257457557416e-01
3.460322222684532711e+00 7.136625931515220289e-01
3.462633690262453712e+00 7.135675711436982871e-01
3.464946355709536796e+00 7.134725597231763583e-01
3.467260219646515651e+00 7.133775588908468634e-01
3.469575282694500551e+00 7.132825686475938731e-01
3.471891545474925955e+00 7.131875889942976832e-01
3.474209008609488336e+00 7.130926199318364800e-01
3.476527672720282958e+00 7.129976614610816776e-01
3.478847538429655550e+00 7.129027135829034689e-01
3.481168606360344420e+00 7.128077762981649412e-01
3.483490877135338337e+00 7.127128496077279607e-01
3.485814351378023090e+00 7.126179335124478431e-01
3.488139029712034045e+00 7.125230280131783500e-01
3.490464912761400917e+00 7.124281331107666926e-01
3.492792001150408332e+00 7.123332488060585277e-01
3.495120295503713059e+00 7.122383750998936280e-01
3.497449796446301384e+00 7.121435119931077695e-01
3.499780504603425157e+00 7.120486594865346186e-01
3.502112420600734133e+00 7.119538175810012914e-01
3.504445545064129419e+00 7.118589862773335719e-01
3.506779878619910029e+00 7.117641655763502495e-01
3.509115421894625442e+00 7.116693554788694476e-01
3.511452175515223040e+00 7.115745559857021840e-01
3.513790140108903337e+00 7.114797670976582555e-01
3.516129316303245211e+00 7.113849888155416856e-01
3.518469704726154390e+00 7.112902211401521679e-01
3.520811306005804830e+00 7.111954640722879528e-01
3.523154120770770170e+00 7.111007176127402962e-01
3.525498149649878066e+00 7.110059817622994549e-01
3.527843393272353190e+00 7.109112565217486912e-01
3.530189852267675121e+00 7.108165418918706013e-01
3.532537527265720456e+00 7.107218378734406761e-01
3.534886418896620697e+00 7.106271444672336290e-01
3.537236527790907026e+00 7.105324616740169574e-01
3.539587854579363757e+00 7.104377894945578253e-01
3.541940399893156233e+00 7.103431279296169576e-01
3.544294164363778421e+00 7.102484769799510822e-01
3.546649148622996073e+00 7.101538366463153729e-01
3.549005353302974619e+00 7.100592069294583419e-01
3.551362779036135287e+00 7.099645878301275026e-01
3.553721426455300758e+00 7.098699793490633736e-01
3.556081296193545072e+00 7.097753814870060296e-01
3.558442388884347274e+00 7.096807942446883288e-01
3.560804705161439543e+00 7.095862176228423523e-01
3.563168245658938638e+00 7.094916516221942970e-01
3.565533011011288167e+00 7.093970962434664740e-01
3.567899001853207075e+00 7.093025514873796400e-01
3.570266218819815762e+00 7.092080173546474464e-01
3.572634662546491313e+00 7.091134938459834336e-01
3.575004333669011380e+00 7.090189809620935923e-01
3.577375232823413853e+00 7.089244787036836914e-01
3.579747360646134524e+00 7.088299870714522832e-01
3.582120717773868535e+00 7.087355060660974759e-01
3.584495304843715147e+00 7.086410356883107164e-01
3.586871122493027642e+00 7.085465759387822304e-01
3.589248171359546546e+00 7.084521268181966924e-01
3.591626452081342791e+00 7.083576883272346691e-01
3.594005965296762639e+00 7.082632604665756171e-01
3.596386711644556478e+00 7.081688432368919983e-01
3.598768691763732264e+00 7.080744366388554978e-01
3.601151906293702076e+00 7.079800406731313611e-01
3.603536355874137342e+00 7.078856553403840568e-01
3.605922041145112722e+00 7.077912806412709479e-01
3.608308962746962223e+00 7.076969165764492864e-01
3.610697121320407099e+00 7.076025631465699961e-01
3.613086517506499895e+00 7.075082203522805591e-01
3.615477151946569379e+00 7.074138881942266810e-01
3.617869025282352879e+00 7.073195666730478504e-01
3.620262138155843523e+00 7.072252557893825564e-01
3.622656491209443885e+00 7.071309555438627381e-01
3.625052085085812337e+00 7.070366659371196683e-01
3.627448920428017587e+00 7.069423869697780693e-01
3.629846997879385029e+00 7.068481186424617757e-01
3.632246318083648617e+00 7.067538609557882934e-01
3.634646881684802544e+00 7.066596139103742402e-01
3.637048689327227358e+00 7.065653775068306830e-01
3.639451741655642003e+00 7.064711517457646917e-01
3.641856039315040761e+00 7.063769366277821149e-01
3.644261582950827361e+00 7.062827321534824732e-01
3.646668373208664882e+00 7.061885383234641766e-01
3.649076410734625853e+00 7.060943551383196404e-01
3.651485696175043927e+00 7.060001825986401691e-01
3.653896230176662208e+00 7.059060207050107394e-01
3.656308013386482259e+00 7.058118694580158836e-01
3.658721046451899994e+00 7.057177288582339170e-01
3.661135330020645284e+00 7.056235989062400460e-01
3.663550864740725110e+00 7.055294796026079229e-01
3.665967651260563009e+00 7.054353709479047607e-01
3.668385690228838314e+00 7.053412729426969952e-01
3.670804982294643359e+00 7.052471855875448448e-01
3.673225528107332494e+00 7.051531088830079730e-01
3.675647328316671292e+00 7.050590428296392709e-01
3.678070383572685564e+00 7.049649874279914075e-01
3.680494694525815902e+00 7.048709426786101684e-01
3.682920261826761354e+00 7.047769085820413393e-01
3.685347086126617988e+00 7.046828851388244885e-01
3.687775168076815824e+00 7.045888723494960759e-01
3.690204508329069988e+00 7.044948702145908959e-01
3.692635107535505057e+00 7.044008787346378586e-01
3.695066966348511173e+00 7.043068979101647642e-01
3.697500085420888816e+00 7.042129277416934174e-01
3.699934465405704032e+00 7.041189682297449570e-01
3.702370106956435869e+00 7.040250193748341934e-01
3.704807010726825389e+00 7.039310811774752707e-01
3.707245177371010669e+00 7.038371536381767823e-01
3.709684607543468182e+00 7.037432367574438796e-01
3.712125301898956842e+00 7.036493305357807149e-01
3.714567261092651229e+00 7.035554349736846680e-01
3.717010485779987938e+00 7.034615500716528969e-01
3.719454976616821895e+00 7.033676758301761200e-01
3.721900734259268262e+00 7.032738122497446120e-01
3.724347759363862309e+00 7.031799593308425411e-01
3.726796052587398655e+00 7.030861170739531874e-01
3.729245614587093804e+00 7.029922854795537246e-01
3.731696446020424496e+00 7.028984645481209936e-01
3.734148547545268038e+00 7.028046542801261731e-01
3.736601919819841910e+00 7.027108546760368890e-01
3.739056563502644259e+00 7.026170657363197680e-01
3.741512479252596890e+00 7.025232874614353307e-01
3.743969667728881845e+00 7.024295198518434313e-01
3.746428129591101275e+00 7.023357629079974851e-01
3.748887865499121119e+00 7.022420166303511291e-01
3.751348876113229203e+00 7.021482810193508950e-01
3.753811162093974474e+00 7.020545560754437586e-01
3.756274724102309115e+00 7.019608417990704785e-01
3.758739562799527256e+00 7.018671381906688156e-01
3.761205678847205469e+00 7.017734452506755316e-01
3.763673072907343098e+00 7.016797629795210600e-01
3.766141745642204164e+00 7.015860913776351682e-01
3.768611697714474573e+00 7.014924304454418502e-01
3.771082929787103133e+00 7.013987801833645452e-01
3.773555442523464087e+00 7.013051405918203640e-01
3.776029236587193694e+00 7.012115116712263063e-01
3.778504312642352758e+00 7.011178934219931547e-01
3.780980671353265876e+00 7.010242858445310254e-01
3.783458313384662652e+00 7.009306889392450390e-01
3.785937239401616417e+00 7.008371027065366521e-01
3.788417450069485604e+00 7.007435271468066551e-01
3.790898946054054974e+00 7.006499622604493993e-01
3.793381728021369526e+00 7.005564080478589029e-01
3.795865796637905021e+00 7.004628645094234107e-01
3.798351152570399236e+00 7.003693316455302798e-01
3.800837796486016273e+00 7.002758094565613156e-01
3.803325729052187576e+00 7.001822979428976579e-01
3.805814950936746932e+00 7.000887971049152281e-01
3.808305462807877184e+00 6.999953069429865060e-01
3.810797265334047168e+00 6.999018274574831944e-01
3.813290359184151157e+00 6.998083586487708896e-01
3.815784745027350766e+00 6.997149005172149661e-01
3.818280423533232160e+00 6.996214530631744699e-01
3.820777395371653284e+00 6.995280162870082252e-01
3.823275661212893972e+00 6.994345901890692829e-01
3.825775221727505837e+00 6.993411747697102498e-01
3.828276077586464154e+00 6.992477700292774045e-01
3.830778229461014206e+00 6.991543759681172476e-01
3.833281678022809835e+00 6.990609925865708396e-01
3.835786423943850387e+00 6.989676198849756883e-01
3.838292467896425642e+00 6.988742578636688574e-01
3.840799810553251703e+00 6.987809065229813044e-01
3.843308452587315571e+00 6.986875658632435426e-01
3.845818394672032348e+00 6.985942358847800904e-01
3.848329637481084475e+00 6.985009165879155768e-01
3.850842181688586052e+00 6.984076079729681918e-01
3.853356027968918518e+00 6.983143100402562364e-01
3.855871176996874539e+00 6.982210227900926824e-01
3.858387629447594946e+00 6.981277462227872821e-01
3.860905385996510120e+00 6.980344803386488994e-01
3.863424447319482091e+00 6.979412251379807364e-01
3.865944814092643789e+00 6.978479806210853287e-01
3.868466486992553577e+00 6.977547467882596610e-01
3.870989466696047820e+00 6.976615236398003850e-01
3.873513753880387434e+00 6.975683111759981569e-01
3.876039349223107777e+00 6.974751093971436333e-01
3.878566253402174091e+00 6.973819183035212532e-01
3.881094467095822509e+00 6.972887378954155668e-01
3.883623990982701280e+00 6.971955681731059062e-01
3.886154825741811258e+00 6.971024091368684950e-01
3.888686972052443735e+00 6.970092607869786683e-01
3.891220430594321655e+00 6.969161231237059884e-01
3.893755202047442410e+00 6.968229961473196843e-01
3.896291287092234157e+00 6.967298798580833230e-01
3.898828686409396838e+00 6.966367742562602494e-01
3.901367400680066488e+00 6.965436793421079242e-01
3.903907430585647376e+00 6.964505951158838082e-01
3.906448776807961210e+00 6.963575215778399219e-01
3.908991440029181419e+00 6.962644587282257325e-01
3.911535420931772755e+00 6.961714065672894858e-01
3.914080720198637842e+00 6.960783650952737656e-01
3.916627338512950196e+00 6.959853343124212666e-01
3.919175276558318544e+00 6.958923142189683553e-01
3.921724535018625168e+00 6.957993048151519533e-01
3.924275114578187562e+00 6.957063061012025429e-01
3.926827015921596775e+00 6.956133180773509395e-01
3.929380239733880842e+00 6.955203407438219632e-01
3.931934786700338691e+00 6.954273741008405452e-01
3.934490657506689359e+00 6.953344181486263986e-01
3.937047852839003603e+00 6.952414728873962391e-01
3.939606373383649718e+00 6.951485383173662269e-01
3.942166219827430318e+00 6.950556144387466384e-01
3.944727392857425130e+00 6.949627012517477498e-01
3.947289893161149088e+00 6.948697987565739531e-01
3.949853721426392461e+00 6.947769069534298625e-01
3.952418878341386055e+00 6.946840258425139858e-01
3.954985364594631569e+00 6.945911554240250529e-01
3.957553180875051702e+00 6.944982956981567979e-01
3.960122327871926196e+00 6.944054466650998458e-01
3.962692806274827895e+00 6.943126083250443781e-01
3.965264616773771955e+00 6.942197806781746916e-01
3.967837760059047980e+00 6.941269637246750834e-01
3.970412236821384333e+00 6.940341574647241885e-01
3.972988047751788265e+00 6.939413618985006416e-01
3.975565193541702236e+00 6.938485770261774155e-01
3.978143674882851144e+00 6.937558028479273720e-01
3.980723492467394209e+00 6.936630393639179326e-01
3.983304646987772202e+00 6.935702865743161860e-01
3.985887139136844226e+00 6.934775444792845578e-01
3.988470969607827321e+00 6.933848130789825870e-01
3.991056139094238731e+00 6.932920923735690355e-01
3.993642648290034458e+00 6.931993823631971141e-01
3.996230497889451172e+00 6.931066830480199226e-01
3.998819688587164300e+00 6.930139944281852316e-01
4.001410221078129936e+00 6.929213165038405897e-01
4.004002096057744708e+00 6.928286492751279946e-01
4.006595314221682358e+00 6.927359927421895547e-01
4.009189876266042063e+00 6.926433469051623826e-01
4.011785782887281826e+00 6.925507117641808152e-01
4.014383034782158077e+00 6.924580873193786346e-01
4.016981632647871336e+00 6.923654735708840713e-01
4.019581577181902787e+00 6.922728705188252452e-01
4.022182869082175038e+00 6.921802781633248358e-01
4.024785509046892251e+00 6.920876965045055229e-01
4.027389497774698235e+00 6.919951255424845460e-01
4.029994835964523681e+00 6.919025652773790336e-01
4.032601524315737151e+00 6.918100157093007851e-01
4.035209563527991428e+00 6.917174768383616001e-01
4.037818954301361174e+00 6.916249486646682820e-01
4.040429697336285209e+00 6.915324311883250807e-01
4.043041793333503442e+00 6.914399244094356911e-01
4.045655242994201650e+00 6.913474283280982569e-01
4.048270047019846274e+00 6.912549429444110327e-01
4.050886206112347843e+00 6.911624682584665003e-01
4.053503720973901991e+00 6.910700042703575852e-01
4.056122592307146668e+00 6.909775509801717730e-01
4.058742820815004038e+00 6.908851083879963273e-01
4.061364407200822590e+00 6.907926764939140707e-01
4.063987352168313194e+00 6.907002552980049392e-01
4.066611656421491361e+00 6.906078448003483139e-01
4.069237320664818469e+00 6.905154450010181355e-01
4.071864345603041890e+00 6.904230559000885670e-01
4.074492731941351309e+00 6.903306774976283311e-01
4.077122480385224179e+00 6.902383097937062617e-01
4.079753591640583821e+00 6.901459527883855305e-01
4.082386066413635106e+00 6.900536064817297532e-01
4.085019905411036767e+00 6.899612708737971056e-01
4.087655109339726422e+00 6.898689459646457633e-01
4.090291678907069794e+00 6.897766317543292391e-01
4.092929614820804751e+00 6.896843282428986033e-01
4.095568917788965813e+00 6.895920354304040378e-01
4.098209588520044022e+00 6.894997533168906179e-01
4.100851627722811976e+00 6.894074819024036405e-01
4.103495036106490801e+00 6.893152211869827406e-01
4.106139814380590281e+00 6.892229711706678863e-01
4.108785963255067841e+00 6.891307318534938275e-01
4.111433483440165126e+00 6.890385032354953143e-01
4.114082375646578527e+00 6.889462853167017675e-01
4.116732640585286873e+00 6.888540780971427191e-01
4.119384278967699764e+00 6.887618815768433711e-01
4.122037291505597167e+00 6.886696957558260390e-01
4.124691678911062809e+00 6.885775206341124832e-01
4.127347441896636049e+00 6.884853562117195791e-01
4.130004581175139577e+00 6.883932024886639800e-01
4.132663097459850832e+00 6.883010594649572322e-01
4.135322991464329689e+00 6.882089271406111042e-01
4.137984263902595217e+00 6.881168055156319241e-01
4.140646915488948032e+00 6.880246945900264643e-01
4.143310946938123962e+00 6.879325943637967233e-01
4.145976358965228314e+00 6.878405048369420349e-01
4.148643152285674596e+00 6.877484260094617330e-01
4.151311327615330171e+00 6.876563578813494892e-01
4.153980885670351952e+00 6.875643004525993085e-01
4.156651827167348046e+00 6.874722537231999775e-01
4.159324152823216103e+00 6.873802176931406160e-01
4.161997863355311189e+00 6.872881923624047928e-01
4.164672959481271697e+00 6.871961777309767427e-01
4.167349441919196096e+00 6.871041737988352605e-01
4.170027311387467961e+00 6.870121805659592518e-01
4.172706568604907851e+00 6.869201980323232926e-01
4.175387214290708471e+00 6.868282261978995162e-01
4.178069249164372501e+00 6.867362650626595011e-01
4.180752673945858255e+00 6.866443146265694963e-01
4.183437489355414485e+00 6.865523748895964173e-01
4.186123696113746462e+00 6.864604458517017394e-01
4.188811294941850782e+00 6.863685275128471597e-01
4.191500286561178790e+00 6.862766198729892686e-01
4.194190671693472261e+00 6.861847229320851005e-01
4.196882451060911734e+00 6.860928366900869158e-01
4.199575625386052558e+00 6.860009611469447544e-01
4.202270195391757390e+00 6.859090963026082122e-01
4.204966161801351632e+00 6.858172421570215560e-01
4.207663525338449340e+00 6.857253987101298298e-01
4.210362286727124648e+00 6.856335659618723044e-01
4.213062446691743013e+00 6.855417439121890277e-01
4.215764005957128191e+00 6.854499325610148297e-01
4.218466965248397038e+00 6.853581319082847623e-01
4.221171325291122933e+00 6.852663419539287704e-01
4.223877086811176795e+00 6.851745626978771320e-01
4.226584250534862974e+00 6.850827941400557952e-01
4.229292817188866849e+00 6.849910362803880437e-01
4.232002787500184660e+00 6.848992891187972720e-01
4.234714162196273612e+00 6.848075526552013237e-01
4.237426942004884900e+00 6.847158268895188193e-01
4.240141127654229791e+00 6.846241118216627175e-01
4.242856719872813542e+00 6.845324074515470869e-01
4.245573719389605039e+00 6.844407137790801121e-01
4.248292126933860935e+00 6.843490308041709769e-01
4.251011943235285528e+00 6.842573585267240910e-01
4.253733169023957927e+00 6.841656969466418658e-01
4.256455805030271655e+00 6.840740460638259357e-01
4.259179851985086529e+00 6.839824058781732719e-01
4.261905310619551912e+00 6.838907763895811787e-01
4.264632181665285238e+00 6.837991575979417425e-01
4.267360465854196150e+00 6.837075495031474937e-01
4.270090163918657034e+00 6.836159521050860777e-01
4.272821276591338702e+00 6.835243654036453620e-01
4.275553804605372932e+00 6.834327893987081071e-01
4.278287748694188153e+00 6.833412240901579615e-01
4.281023109591656883e+00 6.832496694778736890e-01
4.283759888032030894e+00 6.831581255617319437e-01
4.286498084749879922e+00 6.830665923416092689e-01
4.289237700480238225e+00 6.829750698173768786e-01
4.291978735958436708e+00 6.828835579889067642e-01
4.294721191920272574e+00 6.827920568560656989e-01
4.297465069101837010e+00 6.827005664187210110e-01
4.300210368239691938e+00 6.826090866767349219e-01
4.302957090070692381e+00 6.825176176299703190e-01
4.305705235332140113e+00 6.824261592782854269e-01
4.308454804761720602e+00 6.823347116215364716e-01
4.311205799097433733e+00 6.822432746595795683e-01
4.313958219077751899e+00 6.821518483922653919e-01
4.316712065441440593e+00 6.820604328194456167e-01
4.319467338927737821e+00 6.819690279409666989e-01
4.322224040276174684e+00 6.818776337566755386e-01
4.324982170226754796e+00 6.817862502664141511e-01
4.327741729519777536e+00 6.816948774700251068e-01
4.330502718896012126e+00 6.816035153673457581e-01
4.333265139096525331e+00 6.815121639582144564e-01
4.336028990862835109e+00 6.814208232424647793e-01
4.338794274936839557e+00 6.813294932199283060e-01
4.341560992060760071e+00 6.812381738904365047e-01
4.344329142977287894e+00 6.811468652538157365e-01
4.347098728429410031e+00 6.810555673098930285e-01
4.349869749160589549e+00 6.809642800584904121e-01
4.352642205914587059e+00 6.808730034994305846e-01
4.355416099435631239e+00 6.807817376325311365e-01
4.358191430468255412e+00 6.806904824576102131e-01
4.360968199757439656e+00 6.805992379744820742e-01
4.363746408048553072e+00 6.805080041829582038e-01
4.366526056087283614e+00 6.804167810828505303e-01
4.369307144619793526e+00 6.803255686739656527e-01
4.372089674392546144e+00 6.802343669561110584e-01
4.374873646152473761e+00 6.801431759290891277e-01
4.377659060646815981e+00 6.800519955927027960e-01
4.380445918623281365e+00 6.799608259467503357e-01
4.383234220829880456e+00 6.798696669910304635e-01
4.386023968015098085e+00 6.797785187253368999e-01
4.388815160927720171e+00 6.796873811494641426e-01
4.391607800316986499e+00 6.795962542632024705e-01
4.394401886932525869e+00 6.795051380663399421e-01
4.397197421524286831e+00 6.794140325586645046e-01
4.399994404842698437e+00 6.793229377399594426e-01
4.402792837638487278e+00 6.792318536100085957e-01
4.405592720662858675e+00 6.791407801685906964e-01
4.408394054667318152e+00 6.790497174154853655e-01
4.411196840403850850e+00 6.789586653504673386e-01
4.414001078624741226e+00 6.788676239733119067e-01
4.416806770082730260e+00 6.787765932837902527e-01
4.419613915530950621e+00 6.786855732816714504e-01
4.422422515722857383e+00 6.785945639667245732e-01
4.425232571412383464e+00 6.785035653387136989e-01
4.428044083353768201e+00 6.784125773974037932e-01
4.430857052301725219e+00 6.783216001425548258e-01
4.433671479011273675e+00 6.782306335739275438e-01
4.436487364237911457e+00 6.781396776912776980e-01
4.439304708737441096e+00 6.780487324943620386e-01
4.442123513266143853e+00 6.779577979829319867e-01
4.444943778580603855e+00 6.778668741567402956e-01
4.447765505437865308e+00 6.777759610155351666e-01
4.450588694595363215e+00 6.776850585590626919e-01
4.453413346810861206e+00 6.775941667870691854e-01
4.456239462842599863e+00 6.775032856992961872e-01
4.459067043449128853e+00 6.774124152954856815e-01
4.461896089389474795e+00 6.773215555753752115e-01
4.464726601422974284e+00 6.772307065387027647e-01
4.467558580309442640e+00 6.771398681852016654e-01
4.470392026809000718e+00 6.770490405146059043e-01
4.473226941682230340e+00 6.769582235266453640e-01
4.476063325690106787e+00 6.768674172210480400e-01
4.478901179593933968e+00 6.767766215975418165e-01
4.481740504155498961e+00 6.766858366558499149e-01
4.484581300136892601e+00 6.765950623956963339e-01
4.487423568300695109e+00 6.765042988168001870e-01
4.490267309409786911e+00 6.764135459188812538e-01
4.493112524227536042e+00 6.763228037016548733e-01
4.495959213517616071e+00 6.762320721648369393e-01
4.498807378044185512e+00 6.761413513081384608e-01
4.501657018571709301e+00 6.760506411312716679e-01
4.504508135865116891e+00 6.759599416339443501e-01
4.507360730689732975e+00 6.758692528158622981e-01
4.510214803811212647e+00 6.757785746767316359e-01
4.513070355995695948e+00 6.756879072162536026e-01
4.515927388009632004e+00 6.755972504341302143e-01
4.518785900619954887e+00 6.755066043300589351e-01
4.521645894593907755e+00 6.754159689037378955e-01
4.524507370699222264e+00 6.753253441548603409e-01
4.527370329703934715e+00 6.752347300831206267e-01
4.530234772376549479e+00 6.751441266882090009e-01
4.533100699485968832e+00 6.750535339698137127e-01
4.535968111801424563e+00 6.749629519276231226e-01
4.538837010092640512e+00 6.748723805613208171e-01
4.541707395129646052e+00 6.747818198705914927e-01
4.544579267682959944e+00 6.746912698551148502e-01
4.547452628523411811e+00 6.746007305145714783e-01
4.550327478422319771e+00 6.745102018486375250e-01
4.553203818151311921e+00 6.744196838569895824e-01
4.556081648482506630e+00 6.743291765393000237e-01
4.558960970188331352e+00 6.742386798952415550e-01
4.561841784041680725e+00 6.741481939244834409e-01
4.564724090815853508e+00 6.740577186266926146e-01
4.567607891284477972e+00 6.739672540015363422e-01
4.570493186221675330e+00 6.738768000486771159e-01
4.573379976401875879e+00 6.737863567677786492e-01
4.576268262600003744e+00 6.736959241584995484e-01
4.579158045591294801e+00 6.736055022204995302e-01
4.582049326151472535e+00 6.735150909534337593e-01
4.584942105056576622e+00 6.734246903569578446e-01
4.587836383083116587e+00 6.733343004307240642e-01
4.590732161008000745e+00 6.732439211743823648e-01
4.593629439608475806e+00 6.731535525875830261e-01
4.596528219662280534e+00 6.730631946699716650e-01
4.599428501947464554e+00 6.729728474211950084e-01
4.602330287242574869e+00 6.728825108408947875e-01
4.605233576326466682e+00 6.727921849287139544e-01
4.608138369978494353e+00 6.727018696842907985e-01
4.611044668978322214e+00 6.726115651072642754e-01
4.613952474106110202e+00 6.725212711972690105e-01
4.616861786142331781e+00 6.724309879539405177e-01
4.619772605867932924e+00 6.723407153769102029e-01
4.622684934064264617e+00 6.722504534658079178e-01
4.625598771513015350e+00 6.721602022202634030e-01
4.628514118996367444e+00 6.720699616399021803e-01
4.631430977296819407e+00 6.719797317243505486e-01
4.634349347197365354e+00 6.718895124732300328e-01
4.637269229481315591e+00 6.717993038861634902e-01
4.640190624932475139e+00 6.717091059627688931e-01
4.643113534334965209e+00 6.716189187026652130e-01
4.646037958473383078e+00 6.715287421054676464e-01
4.648963898132731032e+00 6.714385761707895028e-01
4.651891354098348863e+00 6.713484208982445356e-01
4.654820327156077298e+00 6.712582762874416131e-01
4.657750818092069700e+00 6.711681423379908251e-01
4.660682827692983032e+00 6.710780190494974873e-01
4.663616356745785119e+00 6.709879064215683586e-01
4.666551406037946492e+00 6.708978044538050911e-01
4.669487976357251213e+00 6.708077131458106690e-01
4.672426068491989604e+00 6.707176324971833026e-01
4.675365683230759295e+00 6.706275625075224234e-01
4.678306821362644641e+00 6.705375031764234661e-01
4.681249483677132339e+00 6.704474545034800892e-01
4.684193670964052814e+00 6.703574164882865061e-01
4.687139384013736532e+00 6.702673891304320453e-01
4.690086623616832817e+00 6.701773724295072565e-01
4.693035390564490150e+00 6.700873663850981377e-01
4.695985685648175867e+00 6.699973709967916857e-01
4.698937509659861789e+00 6.699073862641704569e-01
4.701890863391836817e+00 6.698174121868177844e-01
4.704845747636866804e+00 6.697274487643136709e-01
4.707802163188133271e+00 6.696374959962356765e-01
4.710760110839156134e+00 6.695475538821624717e-01
4.713719591383958907e+00 6.694576224216677307e-01
4.716680605616887512e+00 6.693677016143262382e-01
4.719643154332787027e+00 6.692777914597084488e-01
4.722607238326825829e+00 6.691878919573857054e-01
4.725572858394675002e+00 6.690980031069249101e-01
4.728540015332327151e+00 6.690081249078940751e-01
4.731508709936277590e+00 6.689182573598567716e-01
4.734478943003344042e+00 6.688284004623774592e-01
4.737450715330823847e+00 6.687385542150168227e-01
4.740424027716430899e+00 6.686487186173342145e-01
4.743398880958221930e+00 6.685588936688887651e-01
4.746375275854757270e+00 6.684690793692357191e-01
4.749353213204921431e+00 6.683792757179310984e-01
4.752332693808106079e+00 6.682894827145264838e-01
4.755313718464021733e+00 6.681997003585744554e-01
4.758296287972886951e+00 6.681099286496234857e-01
4.761280403135243589e+00 6.680201675872227129e-01
4.764266064752116669e+00 6.679304171709179450e-01
4.767253273624946885e+00 6.678406774002528801e-01
4.770242030555521318e+00 6.677509482747719938e-01
4.773232336346133309e+00 6.676612297940150986e-01
4.776224191799399499e+00 6.675715219575233395e-01
4.779217597718448118e+00 6.674818247648330871e-01
4.782212554906728030e+00 6.673921382154821558e-01
4.785209064168198800e+00 6.673024623090036966e-01
4.788207126307141515e+00 6.672127970449323042e-01
4.791206742128349738e+00 6.671231424227977991e-01
4.794207912436940333e+00 6.670334984421313340e-01
4.797210638038514219e+00 6.669438651024601761e-01
4.800214919739095976e+00 6.668542424033102600e-01
4.803220758345051244e+00 6.667646303442076317e-01
4.806228154663261698e+00 6.666750289246742289e-01
4.809237109500932306e+00 6.665854381442327670e-01
4.812247623665776963e+00 6.664958580024019641e-01
4.815259697965840857e+00 6.664062884987014268e-01
4.818273333209675435e+00 6.663167296326464317e-01
4.821288530206159884e+00 6.662271814037535878e-01
4.824305289764664550e+00 6.661376438115356180e-01
4.827323612694975452e+00 6.660481168555035802e-01
4.830343499807232099e+00 6.659586005351690874e-01
4.833364951912084706e+00 6.658690948500395335e-01
4.836387969820509447e+00 6.657795997996233117e-01
4.839412554343999417e+00 6.656901153834244855e-01
4.842438706294371897e+00 6.656006416009483395e-01
4.845466426483961087e+00 6.655111784516956064e-01
4.848495715725424482e+00 6.654217259351686842e-01
4.851526574831939165e+00 6.653322840508648639e-01
4.854559004617005513e+00 6.652428527982834350e-01
4.857593005894619509e+00 6.651534321769193570e-01
4.860628579479197242e+00 6.650640221862664792e-01
4.863665726185505633e+00 6.649746228258188729e-01
4.866704446828829411e+00 6.648852340950666129e-01
4.869744742224781042e+00 6.647958559935005507e-01
4.872786613189489024e+00 6.647064885206074303e-01
4.875830060539412258e+00 6.646171316758752168e-01
4.878875085091526564e+00 6.645277854587875455e-01
4.881921687663134612e+00 6.644384498688292728e-01
4.884969869072036452e+00 6.643491249054813697e-01
4.888019630136454907e+00 6.642598105682238074e-01
4.891070971674966295e+00 6.641705068565364467e-01
4.894123894506663852e+00 6.640812137698954842e-01
4.897178399450972108e+00 6.639919313077777829e-01
4.900234487327836064e+00 6.639026594696562089e-01
4.903292158957527569e+00 6.638133982550048495e-01
4.906351415160842500e+00 6.637241476632934623e-01
4.909412256758903581e+00 6.636349076939929148e-01
4.912474684573355788e+00 6.635456783465699671e-01
4.915538699426175384e+00 6.634564596204926001e-01
4.918604302139835127e+00 6.633672515152251314e-01
4.921671493537233211e+00 6.632780540302304351e-01
4.924740274441624877e+00 6.631888671649718292e-01
4.927810645676785839e+00 6.630996909189085242e-01
4.930882608066822215e+00 6.630105252915007297e-01
4.933956162436365922e+00 6.629213702822048804e-01
4.937031309610378393e+00 6.628322258904780773e-01
4.940108050414345087e+00 6.627430921157735355e-01
4.943186385674081862e+00 6.626539689575455805e-01
4.946266316215906400e+00 6.625648564152452069e-01
4.949347842866563596e+00 6.624757544883216331e-01
4.952430966453154504e+00 6.623866631762248547e-01
4.955515687803306868e+00 6.622975824784004262e-01
4.958602007744979723e+00 6.622085123942954565e-01
4.961689927106655240e+00 6.621194529233526138e-01
4.964779446717153100e+00 6.620304040650160093e-01
4.967870567405815230e+00 6.619413658187253136e-01
4.970963290002318402e+00 6.618523381839217512e-01
4.974057615336866967e+00 6.617633211600419951e-01
4.977153544239997451e+00 6.616743147465242725e-01
4.980251077542747318e+00 6.615853189428032577e-01
4.983350216076589234e+00 6.614963337483120709e-01
4.986450960673350252e+00 6.614073591624846093e-01
4.989553312165388554e+00 6.613183951847502184e-01
4.992657271385393614e+00 6.612294418145401309e-01
4.995762839166586033e+00 6.611404990512806945e-01
4.998870016342519484e+00 6.610515668944000334e-01
5.001978803747276991e+00 6.609626453433220528e-01
5.005089202215278199e+00 6.608737343974717682e-01
5.008201212581445461e+00 6.607848340562708644e-01
5.011314835681135449e+00 6.606959443191395831e-01
5.014430072350065437e+00 6.606070651854987208e-01
5.017546923424481164e+00 6.605181966547648553e-01
5.020665389740965878e+00 6.604293387263560078e-01
5.023785472136633956e+00 6.603404913996860914e-01
5.026907171448934619e+00 6.602516546741701298e-01
5.030030488515849108e+00 6.601628285492192605e-01
5.033155424175696169e+00 6.600740130242457315e-01
5.036281979267327458e+00 6.599852080986575720e-01
5.039410154629927696e+00 6.598964137718645873e-01
5.042539951103194085e+00 6.598076300432725860e-01
5.045671369527257255e+00 6.597188569122862667e-01
5.048804410742610216e+00 6.596300943783111048e-01
5.051939075590277994e+00 6.595413424407481351e-01
5.055075364911625790e+00 6.594526010989998355e-01
5.058213279548551711e+00 6.593638703524646871e-01
5.061352820343292258e+00 6.592751502005425035e-01
5.064493988138617730e+00 6.591864406426286571e-01
5.067636783777636822e+00 6.590977416781205189e-01
5.070781208103971593e+00 6.590090533064113520e-01
5.073927261961678425e+00 6.589203755268934204e-01
5.077074946195177851e+00 6.588317083389595430e-01
5.080224261649426865e+00 6.587430517419985421e-01
5.083375209169723519e+00 6.586544057354005721e-01
5.086527789601897886e+00 6.585657703185514578e-01
5.089682003792124654e+00 6.584771454908389110e-01
5.092837852587114078e+00 6.583885312516459809e-01
5.095995336833914813e+00 6.582999276003574929e-01
5.099154457380114636e+00 6.582113345363539425e-01
5.102315215073642385e+00 6.581227520590172686e-01
5.105477610762939378e+00 6.580341801677261904e-01
5.108641645296887468e+00 6.579456188618578727e-01
5.111807319524732662e+00 6.578570681407902576e-01
5.114974634296261868e+00 6.577685280038971793e-01
5.118143590461602166e+00 6.576799984505540264e-01
5.121314188871421536e+00 6.575914794801318575e-01
5.124486430376729018e+00 6.575029710920032855e-01
5.127660315829071891e+00 6.574144732855369266e-01
5.130835846080342044e+00 6.573259860601026183e-01
5.134013021982946512e+00 6.572375094150670893e-01
5.137191844389735529e+00 6.571490433497954031e-01
5.140372314153923483e+00 6.570605878636535113e-01
5.143554432129269216e+00 6.569721429560035908e-01
5.146738199169872630e+00 6.568837086262088176e-01
5.149923616130378967e+00 6.567952848736283711e-01
5.153110683865770980e+00 6.567068716976232068e-01
5.156299403231580314e+00 6.566184690975499505e-01
5.159489775083678786e+00 6.565300770727666713e-01
5.162681800278481781e+00 6.564416956226274413e-01
5.165875479672750181e+00 6.563533247464877762e-01
5.169070814123760904e+00 6.562649644436999719e-01
5.172267804489240284e+00 6.561766147136147698e-01
5.175466451627278808e+00 6.560882755555837997e-01
5.178666756396514970e+00 6.559999469689548057e-01
5.181868719655929212e+00 6.559116289530767530e-01
5.185072342265049983e+00 6.558233215072947209e-01
5.188277625083750344e+00 6.557350246309552322e-01
5.191484568972447811e+00 6.556467383234005908e-01
5.194693174791908952e+00 6.555584625839750990e-01
5.197903443403417256e+00 6.554701974120191732e-01
5.201115375668704743e+00 6.553819428068722308e-01
5.204328972449875579e+00 6.552936987678742442e-01
5.207544234609579270e+00 6.552054652943615221e-01
5.210761163010812602e+00 6.551172423856717053e-01
5.213979758517120366e+00 6.550290300411383271e-01
5.217200021992396408e+00 6.549408282600964748e-01
5.220421954301076362e+00 6.548526370418774611e-01
5.223645556307950244e+00 6.547644563858135980e-01
5.226870828878354303e+00 6.546762862912335335e-01
5.230097772877971174e+00 6.545881267574674700e-01
5.233326389173010185e+00 6.544999777838421684e-01
5.236556678630126527e+00 6.544118393696831681e-01
5.239788642116352868e+00 6.543237115143167859e-01
5.243022280499267218e+00 6.542355942170655636e-01
5.246257594646800193e+00 6.541474874772532644e-01
5.249494585427433080e+00 6.540593912941998767e-01
5.252733253709992667e+00 6.539713056672268321e-01
5.255973600363860854e+00 6.538832305956515656e-01
5.259215626258766818e+00 6.537951660787930663e-01
5.262459332264967315e+00 6.537071121159669929e-01
5.265704719253169408e+00 6.536190687064878935e-01
5.268951788094454969e+00 6.535310358496710936e-01
5.272200539660462759e+00 6.534430135448279220e-01
5.275450974823174377e+00 6.533550017912713725e-01
5.278703094455130973e+00 6.532670005883102204e-01
5.281956899429222752e+00 6.531790099352550172e-01
5.285212390618893252e+00 6.530910298314123175e-01
5.288469568897935957e+00 6.530030602760902303e-01
5.291728435140700348e+00 6.529151012685927569e-01
5.294988990221887626e+00 6.528271528082257857e-01
5.298251235016728344e+00 6.527392148942914307e-01
5.301515170400905141e+00 6.526512875260910285e-01
5.304780797250481683e+00 6.525633707029268038e-01
5.308048116442071418e+00 6.524754644240968737e-01
5.311317128852646618e+00 6.523875686889007985e-01
5.314587835359732004e+00 6.522996834966344748e-01
5.317860236841204902e+00 6.522118088465953534e-01
5.321134334175504854e+00 6.521239447380766663e-01
5.324410128241416906e+00 6.520360911703735329e-01
5.327687619918262563e+00 6.519482481427776310e-01
5.330966810085819851e+00 6.518604156545796391e-01
5.334247699624243388e+00 6.517725937050710128e-01
5.337530289414248230e+00 6.516847822935392109e-01
5.340814580336901152e+00 6.515969814192735798e-01
5.344100573273829369e+00 6.515091910815592469e-01
5.347388269107016256e+00 6.514214112796831158e-01
5.350677668719002078e+00 6.513336420129278714e-01
5.353968772992682368e+00 6.512458832805783082e-01
5.357261582811513101e+00 6.511581350819150016e-01
5.360556099059306412e+00 6.510703974162199703e-01
5.363852322620409119e+00 6.509826702827724576e-01
5.367150254379624563e+00 6.508949536808501524e-01
5.370449895222138892e+00 6.508072476097318537e-01
5.373751246033700468e+00 6.507195520686924750e-01
5.377054307700413815e+00 6.506318670570084839e-01
5.380359081108943009e+00 6.505441925739525733e-01
5.383665567146312725e+00 6.504565286187987683e-01
5.386973766700106303e+00 6.503688751908176524e-01
5.390283680658266796e+00 6.502812322892810304e-01
5.393595309909272828e+00 6.501935999134577093e-01
5.396908655342065764e+00 6.501059780626153861e-01
5.400223717845967109e+00 6.500183667360225348e-01
5.403540498310866802e+00 6.499307659329439657e-01
5.406858997627007390e+00 6.498431756526459324e-01
5.410179216685199854e+00 6.497555958943910248e-01
5.413501156376613110e+00 6.496680266574432761e-01
5.416824817592980068e+00 6.495804679410629445e-01
5.420150201226392461e+00 6.494929197445120650e-01
5.423477308169509570e+00 6.494053820670484534e-01
5.426806139315345945e+00 6.493178549079319239e-01
5.430136695557461479e+00 6.492303382664189604e-01
5.433468977789876142e+00 6.491428321417649361e-01
5.436802986906994484e+00 6.490553365332263347e-01
5.440138723803791265e+00 6.489678514400556431e-01
5.443476189375600072e+00 6.488803768615070133e-01
5.446815384518322034e+00 6.487929127968308229e-01
5.450156310128217108e+00 6.487054592452791146e-01
5.453498967102117234e+00 6.486180162061001564e-01
5.456843356337212292e+00 6.485305836785435485e-01
5.460189478731235724e+00 6.484431616618561156e-01
5.463537335182386379e+00 6.483557501552834612e-01
5.466886926589251239e+00 6.482683491580721880e-01
5.470238253850985721e+00 6.481809586694651237e-01
5.473591317867109396e+00 6.480935786887066508e-01
5.476946119537708491e+00 6.480062092150374875e-01
5.480302659763235162e+00 6.479188502476997957e-01
5.483660939444710003e+00 6.478315017859321845e-01
5.487020959483516869e+00 6.477441638289747061e-01
5.490382720781611603e+00 6.476568363760638602e-01
5.493746224241313314e+00 6.475695194264377008e-01
5.497111470765484675e+00 6.474822129793310621e-01
5.500478461257460872e+00 6.473949170339777792e-01
5.503847196620961668e+00 6.473076315896129085e-01
5.507217677760284147e+00 6.472203566454673984e-01
5.510589905580085102e+00 6.471330922007741959e-01
5.513963880985598642e+00 6.470458382547621401e-01
5.517339604882419479e+00 6.469585948066618464e-01
5.520717078176722303e+00 6.468713618557004885e-01
5.524096301775040629e+00 6.467841394011064615e-01
5.527477276584458643e+00 6.466969274421052738e-01
5.530860003512531264e+00 6.466097259779215456e-01
5.534244483467203324e+00 6.465225350077805633e-01
5.537630717356998744e+00 6.464353545309041715e-01
5.541018706090802048e+00 6.463481845465157694e-01
5.544408450578077741e+00 6.462610250538349810e-01
5.547799951728654477e+00 6.461738760520833180e-01
5.551193210452940008e+00 6.460867375404782953e-01
5.554588227661706235e+00 6.459996095182392040e-01
5.557985004266302376e+00 6.459124919845815604e-01
5.561383541178446244e+00 6.458253849387228795e-01
5.564783839310406321e+00 6.457382883798772344e-01
5.568185899574924491e+00 6.456512023072578099e-01
5.571589722885135210e+00 6.455641267200789013e-01
5.574995310154752026e+00 6.454770616175510289e-01
5.578402662297857084e+00 6.453900069988863786e-01
5.581811780229110731e+00 6.453029628632933612e-01
5.585222664863543685e+00 6.452159292099823862e-01
5.588635317116764867e+00 6.451289060381598661e-01
5.592049737904752682e+00 6.450418933470339899e-01
5.595465928144037981e+00 6.449548911358099490e-01
5.598883888751630344e+00 6.448678994036919354e-01
5.602303620644931037e+00 6.447809181498851405e-01
5.605725124741925747e+00 6.446939473735912030e-01
5.609148401960965202e+00 6.446069870740132046e-01
5.612573453220988995e+00 6.445200372503507857e-01
5.616000279441301757e+00 6.444330979018052519e-01
5.619428881541792542e+00 6.443461690275741338e-01
5.622859260442719886e+00 6.442592506268567387e-01
5.626291417064926748e+00 6.441723426988487100e-01
5.629725352329625565e+00 6.440854452427474675e-01
5.633161067158587443e+00 6.439985582577473222e-01
5.636598562474061325e+00 6.439116817430414752e-01
5.640037839198692282e+00 6.438248156978246817e-01
5.643478898255710696e+00 6.437379601212874780e-01
5.646921740568721759e+00 6.436511150126223990e-01
5.650366367061910644e+00 6.435642803710184268e-01
5.653812778659839111e+00 6.434774561956659866e-01
5.657260976287652454e+00 6.433906424857520623e-01
5.660710960870869890e+00 6.433038392404651917e-01
5.664162733335569300e+00 6.432170464589912484e-01
5.667616294608311733e+00 6.431302641405147735e-01
5.671071645616051704e+00 6.430434922842216405e-01
5.674528787286337916e+00 6.429567308892940591e-01
5.677987720547088557e+00 6.428699799549157934e-01
5.681448446326812451e+00 6.427832394802671656e-01
5.684910965554388795e+00 6.426965094645301635e-01
5.688375279159289200e+00 6.426097899068831110e-01
5.691841388071356533e+00 6.425230808065063304e-01
5.695309293221026969e+00 6.424363821625759252e-01
5.698778995539106162e+00 6.423496939742704415e-01
5.702250495956967313e+00 6.422630162407650944e-01
5.705723795406463239e+00 6.421763489612343223e-01
5.709198894819851766e+00 6.420896921348533404e-01
5.712675795129978695e+00 6.420030457607942553e-01
5.716154497270066415e+00 6.419164098382303951e-01
5.719635002173929728e+00 6.418297843663318680e-01
5.723117310775758249e+00 6.417431693442705587e-01
5.726601424010336672e+00 6.416565647712142439e-01
5.730087342812820062e+00 6.415699706463331431e-01
5.733575068118935469e+00 6.414833869687940338e-01
5.737064600864891339e+00 6.413968137377630274e-01
5.740555941987300237e+00 6.413102509524074568e-01
5.744049092423370695e+00 6.412236986118905469e-01
5.747544053110685169e+00 6.411371567153778539e-01
5.751040824987425637e+00 6.410506252620309375e-01
5.754539408992144445e+00 6.409641042510135778e-01
5.758039806063994348e+00 6.408775936814855578e-01
5.761542017142503802e+00 6.407910935526085483e-01
5.765046043167801670e+00 6.407046038635406671e-01
5.768551885080386299e+00 6.406181246134420304e-01
5.772059543821332461e+00 6.405316558014695349e-01
5.775569020332199877e+00 6.404451974267791892e-01
5.779080315554955050e+00 6.403587494885283338e-01
5.782593430432161341e+00 6.402723119858706458e-01
5.786108365906761364e+00 6.401858849179614674e-01
5.789625122922296363e+00 6.400994682839528105e-01
5.793143702422685060e+00 6.400130620829982409e-01
5.796664105352448360e+00 6.399266663142481049e-01
5.800186332656483756e+00 6.398402809768539701e-01
5.803710385280264283e+00 6.397539060699651836e-01
5.807236264169747031e+00 6.396675415927297603e-01
5.810763970271303869e+00 6.395811875442969363e-01
5.814293504531903523e+00 6.394948439238125060e-01
5.817824867898893082e+00 6.394085107304240401e-01
5.821358061320225374e+00 6.393221879632754456e-01
5.824893085744230703e+00 6.392358756215126281e-01
5.828429942119845997e+00 6.391495737042777181e-01
5.831968631396382108e+00 6.390632822107149558e-01
5.835509154523758291e+00 6.389770011399648064e-01
5.839051512452273940e+00 6.388907304911695118e-01
5.842595706132802214e+00 6.388044702634686489e-01
5.846141736516711873e+00 6.387182204560007959e-01
5.849689604555781131e+00 6.386319810679058628e-01
5.853239311202387718e+00 6.385457520983199853e-01
5.856790857409297502e+00 6.384595335463811860e-01
5.860344244129881197e+00 6.383733254112240463e-01
5.863899472317886996e+00 6.382871276919850345e-01
5.867456542927674157e+00 6.382009403877968445e-01
5.871015456913982966e+00 6.381147634977943905e-01
5.874576215232131027e+00 6.380285970211092561e-01
5.878138818837935098e+00 6.379424409568725807e-01
5.881703268687615171e+00 6.378562953042165029e-01
5.885269565738009412e+00 6.377701600622696088e-01
5.888837710946331683e+00 6.376840352301624826e-01
5.892407705270407803e+00 6.375979208070219340e-01
5.895979549668446396e+00 6.375118167919771039e-01
5.899553245099265375e+00 6.374257231841529148e-01
5.903128792522066348e+00 6.373396399826768421e-01
5.906706192896661989e+00 6.372535671866723650e-01
5.910285447183248664e+00 6.371675047952650717e-01
5.913866556342605385e+00 6.370814528075777750e-01
5.917449521336010321e+00 6.369954112227319554e-01
5.921034343125150201e+00 6.369093800398510918e-01
5.924621022672329929e+00 6.368233592580545555e-01
5.928209560940235434e+00 6.367373488764637157e-01
5.931799958892166380e+00 6.366513488941965004e-01
5.935392217491807010e+00 6.365653593103728358e-01
5.938986337703457963e+00 6.364793801241088733e-01
5.942582320491799130e+00 6.363934113345228738e-01
5.946180166822103708e+00 6.363074529407302116e-01
5.949779877660139604e+00 6.362215049418453727e-01
5.953381453972092174e+00 6.361355673369840646e-01
5.956984896724758727e+00 6.360496401252587750e-01
5.960590206885329145e+00 6.359637233057833239e-01
5.964197385421602604e+00 6.358778168776687556e-01
5.967806433301769964e+00 6.357919208400273359e-01
5.971417351494634040e+00 6.357060351919683328e-01
5.975030140969389336e+00 6.356201599326024576e-01
5.978644802695844973e+00 6.355342950610375352e-01
5.982261337644198207e+00 6.354484405763828336e-01
5.985879746785234268e+00 6.353625964777448454e-01
5.989500031090244647e+00 6.352767627642295079e-01
5.993122191530934728e+00 6.351909394349436466e-01
5.996746229079629842e+00 6.351051264889909787e-01
6.000372144709043454e+00 6.350193239254769972e-01
6.003999939392509866e+00 6.349335317435037540e-01
6.007629614103749738e+00 6.348477499421749659e-01
6.011261169817107231e+00 6.347619785205912413e-01
6.014894607507312863e+00 6.346762174778547427e-01
6.018529928149690456e+00 6.345904668130651904e-01
6.022167132720069205e+00 6.345047265253215274e-01
6.025806222194697526e+00 6.344189966137234737e-01
6.029447197550443782e+00 6.343332770773677520e-01
6.033090059764569801e+00 6.342475679153528612e-01
6.036734809814955582e+00 6.341618691267739694e-01
6.040381448679875476e+00 6.340761807107280212e-01
6.044029977338227333e+00 6.339905026663084087e-01
6.047680396769296252e+00 6.339048349926106329e-01
6.051332707952993495e+00 6.338191776887268647e-01
6.054986911869622901e+00 6.337335307537508289e-01
6.058643009500082499e+00 6.336478941867739190e-01
6.062301001825776581e+00 6.335622679868864182e-01
6.065960889828533098e+00 6.334766521531800532e-01
6.069622674490807057e+00 6.333910466847429976e-01
6.073286356795440710e+00 6.333054515806655349e-01
6.076951937725906916e+00 6.332198668400342845e-01
6.080619418266070220e+00 6.331342924619380863e-01
6.084288799400420444e+00 6.330487284454622277e-01
6.087960082113844429e+00 6.329631747896937721e-01
6.091633267391821427e+00 6.328776314937172298e-01
6.095308356220346724e+00 6.327920985566163337e-01
6.098985349585834825e+00 6.327065759774760378e-01
6.102664248475329956e+00 6.326210637553780769e-01
6.106345053876273354e+00 6.325355618894057397e-01
6.110027766776731539e+00 6.324500703786393174e-01
6.113712388165168043e+00 6.323645892221606557e-01
6.117398919030672566e+00 6.322791184190487135e-01
6.121087360362735375e+00 6.321936579683837820e-01
6.124777713151471126e+00 6.321082078692432660e-01
6.128469978387395045e+00 6.320227681207062354e-01
6.132164157061621879e+00 6.319373387218490956e-01
6.135860250165778851e+00 6.318519196717475861e-01
6.139558258691922177e+00 6.317665109694786674e-01
6.143258183632734237e+00 6.316811126141159694e-01
6.146960025981299758e+00 6.315957246047350093e-01
6.150663786731332294e+00 6.315103469404079739e-01
6.154369466876945971e+00 6.314249796202089371e-01
6.158077067412884631e+00 6.313396226432086422e-01
6.161786589334289133e+00 6.312542760084799420e-01
6.165498033636908737e+00 6.311689397150925807e-01
6.169211401317006072e+00 6.310836137621159692e-01
6.172926693371270979e+00 6.309982981486207398e-01
6.176643910797029235e+00 6.309129928736739723e-01
6.180363054592004524e+00 6.308276979363450776e-01
6.184084125754554684e+00 6.307424133356995810e-01
6.187807125283440790e+00 6.306571390708053393e-01
6.191532054178055411e+00 6.305718751407268785e-01
6.195258913438192572e+00 6.304866215445303901e-01
6.198987704064283122e+00 6.304013782812789568e-01
6.202718427057154926e+00 6.303161453500376599e-01
6.206451083418249581e+00 6.302309227498688049e-01
6.210185674149521162e+00 6.301457104798338094e-01
6.213922200253358064e+00 6.300605085389958671e-01
6.217660662732784616e+00 6.299753169264142860e-01
6.221401062591226605e+00 6.298901356411508168e-01
6.225143400832750196e+00 6.298049646822635461e-01
6.228887678461823008e+00 6.297198040488126702e-01
6.232633896483548597e+00 6.296346537398550547e-01
6.236382055903435528e+00 6.295495137544494524e-01
6.240132157727603435e+00 6.294643840916521738e-01
6.243884202962690644e+00 6.293792647505185300e-01
6.247638192615769803e+00 6.292941557301053868e-01
6.251394127694555714e+00 6.292090570294661678e-01
6.255152009207160191e+00 6.291239686476562953e-01
6.258911838162343422e+00 6.290388905837279721e-01
6.262673615569267938e+00 6.289538228367352879e-01
6.266437342437734870e+00 6.288687654057290022e-01
6.270203019777953024e+00 6.287837182897617616e-01
6.273970648600771582e+00 6.286986814878832153e-01
6.277740229917447401e+00 6.286136549991446776e-01
6.281511764739848402e+00 6.285286388225951315e-01
6.285285254080366535e+00 6.284436329572824498e-01
6.289060698951829842e+00 6.283586374022562815e-01
6.292838100367710297e+00 6.282736521565627230e-01
6.296617459341886658e+00 6.281886772192498691e-01
6.300398776888882502e+00 6.281037125893625950e-01
6.304182054023625525e+00 6.280187582659478851e-01
6.307967291761690909e+00 6.279338142480490603e-01
6.311754491119060617e+00 6.278488805347117729e-01
6.315543653112329459e+00 6.277639571249790107e-01
6.319334778758626925e+00 6.276790440178928732e-01
6.323127869075510610e+00 6.275941412124971253e-01
6.326922925081190918e+00 6.275092487078319792e-01
6.330719947794283264e+00 6.274243665029397565e-01
6.334518938234053209e+00 6.273394945968593372e-01
6.338319897420173987e+00 6.272546329886321548e-01
6.342122826372966315e+00 6.271697816772955347e-01
6.345927726113159473e+00 6.270849406618895783e-01
6.349734597662132884e+00 6.270001099414505008e-01
6.353543442041674538e+00 6.269152895150169602e-01
6.357354260274191482e+00 6.268304793816247278e-01
6.361167053382622782e+00 6.267456795403091308e-01
6.364981822390344490e+00 6.266608899901067176e-01
6.368798568321384579e+00 6.265761107300508170e-01
6.372617292200183137e+00 6.264913417591768674e-01
6.376437995051828622e+00 6.264065830765167542e-01
6.380260677901822497e+00 6.263218346811046944e-01
6.384085341776317257e+00 6.262370965719715743e-01
6.387911987701875738e+00 6.261523687481501677e-01
6.391740616705684275e+00 6.260676512086706946e-01
6.395571229815462999e+00 6.259829439525627093e-01
6.399403828059369026e+00 6.258982469788574310e-01
6.403238412466218499e+00 6.258135602865825264e-01
6.407074984065239676e+00 6.257288838747676607e-01
6.410913543886310961e+00 6.256442177424392792e-01
6.414754092959724652e+00 6.255595618886262699e-01
6.418596632316432959e+00 6.254749163123535238e-01
6.422441162987795771e+00 6.253902810126485967e-01
6.426287686005829336e+00 6.253056559885356025e-01
6.430136202402965573e+00 6.252210412390404315e-01
6.433986713212260788e+00 6.251364367631867536e-01
6.437839219467307750e+00 6.250518425599976835e-01
6.441693722202143313e+00 6.249672586284971132e-01
6.445550222451459810e+00 6.248826849677063811e-01
6.449408721250368792e+00 6.247981215766484908e-01
6.453269219634636400e+00 6.247135684543433376e-01
6.457131718640441775e+00 6.246290255998129259e-01
6.460996219304630195e+00 6.245444930120757077e-01
6.464862722664454608e+00 6.244599706901525771e-01
6.468731229757801238e+00 6.243754586330617640e-01
6.472601741623092764e+00 6.242909568398204989e-01
6.476474259299198621e+00 6.242064653094480109e-01
6.480348783825649051e+00 6.241219840409599762e-01
6.484225316242389958e+00 6.240375130333741804e-01
6.488103857590030721e+00 6.239530522857050787e-01
6.491984408909594606e+00 6.238686017969693465e-01
6.495866971242769239e+00 6.237841615661803285e-01
6.499751545631657912e+00 6.236997315923535901e-01
6.503638133119027387e+00 6.236153118745012547e-01
6.507526734748063646e+00 6.235309024116374443e-01
6.511417351562579725e+00 6.234465032027741715e-01
6.515309984606937554e+00 6.233621142469225607e-01
6.519204634925941377e+00 6.232777355430949573e-01
6.523101303565064235e+00 6.231933670903008204e-01
6.526999991570194837e+00 6.231090088875516075e-01
6.530900699987890690e+00 6.230246609338554453e-01
6.534803429865124080e+00 6.229403232282227920e-01
6.538708182249536094e+00 6.228559957696604421e-01
6.542614958189187035e+00 6.227716785571776326e-01
6.546523758732772258e+00 6.226873715897809358e-01
6.550434584929529791e+00 6.226030748664764802e-01
6.554347437829149747e+00 6.225187883862717264e-01
6.558262318481991926e+00 6.224345121481706933e-01
6.562179227938830905e+00 6.223502461511799533e-01
6.566098167251117168e+00 6.222659903943025261e-01
6.570019137470715975e+00 6.221817448765435410e-01
6.573942139650166716e+00 6.220975095969050184e-01
6.577867174842424447e+00 6.220132845543913103e-01
6.581794244101118352e+00 6.219290697480029939e-01
6.585723348480297723e+00 6.218448651767433111e-01
6.589654489034653118e+00 6.217606708396125059e-01
6.593587666819418658e+00 6.216764867356106006e-01
6.597522882890284102e+00 6.215923128637389494e-01
6.601460138303612446e+00 6.215081492229956872e-01
6.605399434116184132e+00 6.214239958123810581e-01
6.609340771385456392e+00 6.213398526308920866e-01
6.613284151169309233e+00 6.212557196775280177e-01
6.617229574526295899e+00 6.211715969512847657e-01
6.621177042515389743e+00 6.210874844511604653e-01
6.625126556196211602e+00 6.210033821761505868e-01
6.629078116628929429e+00 6.209192901252500452e-01
6.633031724874162371e+00 6.208352082974556430e-01
6.636987381993214363e+00 6.207511366917602968e-01
6.640945089047804117e+00 6.206670753071596991e-01
6.644904847100331580e+00 6.205830241426458782e-01
6.648866657213621245e+00 6.204989831972131942e-01
6.652830520451169960e+00 6.204149524698528984e-01
6.656796437876907113e+00 6.203309319595580185e-01
6.660764410555431780e+00 6.202469216653189177e-01
6.664734439551773804e+00 6.201629215861277356e-01
6.668706525931606066e+00 6.200789317209741691e-01
6.672680670761158339e+00 6.199949520688472493e-01
6.676656875107114253e+00 6.199109826287376723e-01
6.680635140036836006e+00 6.198270233996331369e-01
6.684615466618118340e+00 6.197430743805228959e-01
6.688597855919428348e+00 6.196591355703936488e-01
6.692582309009664776e+00 6.195752069682337604e-01
6.696568826958404941e+00 6.194912885730288199e-01
6.700557410835657812e+00 6.194073803837660819e-01
6.704548061712075402e+00 6.193234823994309135e-01
6.708540780658869274e+00 6.192395946190075717e-01
6.712535568747709291e+00 6.191557170414820899e-01
6.716532427050947440e+00 6.190718496658372816e-01
6.720531356641368248e+00 6.189879924910580700e-01
6.724532358592432146e+00 6.189041455161264915e-01
6.728535433978034774e+00 6.188203087400262481e-01
6.732540583872751228e+00 6.187364821617381550e-01
6.736547809351590921e+00 6.186526657802452478e-01
6.740557111490244502e+00 6.185688595945272317e-01
6.744568491364831608e+00 6.184850636035660321e-01
6.748581950052127354e+00 6.184012778063412430e-01
6.752597488629464628e+00 6.183175022018315703e-01
6.756615108174638173e+00 6.182337367890176072e-01
6.760634809766131958e+00 6.181499815668766162e-01
6.764656594482855390e+00 6.180662365343878584e-01
6.768680463404408876e+00 6.179825016905277080e-01
6.772706417610822704e+00 6.178987770342748709e-01
6.776734458182817278e+00 6.178150625646042782e-01
6.780764586201543764e+00 6.177313582804934144e-01
6.784796802748807920e+00 6.176476641809175439e-01
6.788831108906976830e+00 6.175639802648509313e-01
6.792867505758882984e+00 6.174803065312696182e-01
6.796905994388051653e+00 6.173966429791464261e-01
6.800946575878432654e+00 6.173129896074565082e-01
6.804989251314675691e+00 6.172293464151714648e-01
6.809034021781858570e+00 6.171457134012655610e-01
6.813080888365749210e+00 6.170620905647096199e-01
6.817129852152553404e+00 6.169784779044767964e-01
6.821180914229165282e+00 6.168948754195369144e-01
6.825234075682915957e+00 6.168112831088622405e-01
6.829289337601792909e+00 6.167277009714223768e-01
6.833346701074353824e+00 6.166441290061863700e-01
6.837406167189616468e+00 6.165605672121251546e-01
6.841467737037296715e+00 6.164770155882061120e-01
6.845531411707546532e+00 6.163934741333989553e-01
6.849597192291207115e+00 6.163099428466704000e-01
6.853665079879560196e+00 6.162264217269893818e-01
6.857735075564581173e+00 6.161429107733212840e-01
6.861807180438683318e+00 6.160594099846341543e-01
6.865881395594938930e+00 6.159759193598932647e-01
6.869957722126990518e+00 6.158924388980636655e-01
6.874036161128949551e+00 6.158089685981118500e-01
6.878116713695622053e+00 6.157255084590010918e-01
6.882199380922256360e+00 6.156420584796968853e-01
6.886284163904792699e+00 6.155586186591616160e-01
6.890371063739612723e+00 6.154751889963600009e-01
6.894460081523794415e+00 6.153917694902534263e-01
6.898551218354857184e+00 6.153083601398057212e-01
6.902644475331013219e+00 6.152249609439773836e-01
6.906739853550924124e+00 6.151415719017311323e-01
6.910837354113906095e+00 6.150581930120274654e-01
6.914936978119852640e+00 6.149748242738261039e-01
6.919038726669131556e+00 6.148914656860885453e-01
6.923142600862802531e+00 6.148081172477729561e-01
6.927248601802375561e+00 6.147247789578399457e-01
6.931356730590051640e+00 6.146414508152470146e-01
6.935466988328481186e+00 6.145581328189536618e-01
6.939579376121013610e+00 6.144748249679163887e-01
6.943693895071436195e+00 6.143915272610939171e-01
6.947810546284210353e+00 6.143082396974426374e-01
6.951929330864370371e+00 6.142249622759180516e-01
6.956050249917421269e+00 6.141416949954779936e-01
6.960173304549574169e+00 6.140584378550764111e-01
6.964298495867482508e+00 6.139751908536700276e-01
6.968425824978504934e+00 6.138919539902121247e-01
6.972555292990439746e+00 6.138087272636583158e-01
6.976686901011794895e+00 6.137255106729611054e-01
6.980820650151517093e+00 6.136423042170753295e-01
6.984956541519264483e+00 6.135591078949526045e-01
6.989094576225133082e+00 6.134759217055467673e-01
6.993234755379896583e+00 6.133927456478093232e-01
6.997377080094900670e+00 6.133095797206913335e-01
7.001521551481973304e+00 6.132264239231451919e-01
7.005668170653647664e+00 6.131432782541206272e-01
7.009816938722901014e+00 6.130601427125690339e-01
7.013967856803420275e+00 6.129770172974393638e-01
7.018120926009336458e+00 6.128939020076824562e-01
7.022276147455492890e+00 6.128107968422458196e-01
7.026433522257173436e+00 6.127277018000797382e-01
7.030593051530345861e+00 6.126446168801316094e-01
7.034754736391548136e+00 6.125615420813487200e-01
7.038918577957803180e+00 6.124784774026797995e-01
7.043084577346846231e+00 6.123954228430705804e-01
7.047252735676856616e+00 6.123123784014686821e-01
7.051423054066722429e+00 6.122293440768192818e-01
7.055595533635788286e+00 6.121463198680692219e-01
7.059770175504100465e+00 6.120633057741625693e-01
7.063946980792163544e+00 6.119803017940456114e-01
7.068125950621185538e+00 6.118973079266614157e-01
7.072307086112830987e+00 6.118143241709552704e-01
7.076490388389439445e+00 6.117313505258704653e-01
7.080675858573936665e+00 6.116483869903492909e-01
7.084863497789728015e+00 6.115654335633361471e-01
7.089053307160932960e+00 6.114824902437719922e-01
7.093245287812123934e+00 6.113995570306003380e-01
7.097439440868587468e+00 6.113166339227612545e-01
7.101635767456057735e+00 6.112337209191973653e-01
7.105834268700991885e+00 6.111508180188481854e-01
7.110034945730289380e+00 6.110679252206554501e-01
7.114237799671540685e+00 6.109850425235583415e-01
7.118442831652915359e+00 6.109021699264959304e-01
7.122650042803069681e+00 6.108193074284088420e-01
7.126859434251382908e+00 6.107364550282342597e-01
7.131071007127676609e+00 6.106536127249121426e-01
7.135284762562497107e+00 6.105707805173790081e-01
7.139500701686843698e+00 6.104879584045738161e-01
7.143718825632435099e+00 6.104051463854324178e-01
7.147939135531441224e+00 6.103223444588929958e-01
7.152161632516751411e+00 6.102395526238906243e-01
7.156386317721711521e+00 6.101567708793625977e-01
7.160613192280353090e+00 6.100739992242438792e-01
7.164842257327295627e+00 6.099912376574690986e-01
7.169073513997645364e+00 6.099084861779743294e-01
7.173306963427233285e+00 6.098257447846927581e-01
7.177542606752343346e+00 6.097430134765599030e-01
7.181780445109982480e+00 6.096602922525078405e-01
7.186020479637610592e+00 6.095775811114714227e-01
7.190262711473415891e+00 6.094948800523821708e-01
7.194507141756039559e+00 6.094121890741738268e-01
7.198753771624813780e+00 6.093295081757779119e-01
7.203002602219658712e+00 6.092468373561256145e-01
7.207253634680990118e+00 6.091641766141494552e-01
7.211506870149944959e+00 6.090815259487792899e-01
7.215762309768114946e+00 6.089988853589469731e-01
7.220019954677825424e+00 6.089162548435813616e-01
7.224279806021852934e+00 6.088336344016137547e-01
7.228541864943700546e+00 6.087510240319722321e-01
7.232806132587336734e+00 6.086684237335872050e-01
7.237072610097445846e+00 6.085858335053860868e-01
7.241341298619182965e+00 6.085032533462986226e-01
7.245612199298387068e+00 6.084206832552521149e-01
7.249885313281497545e+00 6.083381232311734221e-01
7.254160641715445834e+00 6.082555732729911790e-01
7.258438185747889904e+00 6.081730333796309118e-01
7.262717946526949575e+00 6.080905035500205891e-01
7.266999925201474753e+00 6.080079837830847378e-01
7.271284122920777193e+00 6.079254740777506605e-01
7.275570540834893407e+00 6.078429744329424400e-01
7.279859180094328863e+00 6.077604848475863797e-01
7.284150041850280033e+00 6.076780053206064514e-01
7.288443127254542020e+00 6.075955358509264048e-01
7.292738437459407308e+00 6.075130764374714332e-01
7.297035973617900240e+00 6.074306270791637319e-01
7.301335736883503458e+00 6.073481877749280500e-01
7.305637728410438569e+00 6.072657585236855837e-01
7.309941949353387258e+00 6.071833393243606380e-01
7.314248400867763067e+00 6.071009301758736321e-01
7.318557084109443167e+00 6.070185310771478715e-01
7.322868000235045471e+00 6.069361420271034424e-01
7.327181150401644416e+00 6.068537630246626513e-01
7.331496535767017875e+00 6.067713940687458063e-01
7.335814157489545906e+00 6.066890351582724383e-01
7.340134016728102395e+00 6.066066862921639657e-01
7.344456114642303746e+00 6.065243474693385872e-01
7.348780452392226437e+00 6.064420186887171660e-01
7.353107031138687688e+00 6.063596999492172346e-01
7.357435852042966573e+00 6.062773912497587681e-01
7.361766916267081129e+00 6.061950925892587438e-01
7.366100224973520127e+00 6.061128039666363598e-01
7.370435779325470449e+00 6.060305253808084824e-01
7.374773580486724711e+00 6.059482568306918671e-01
7.379113629621574688e+00 6.058659983152046014e-01
7.383455927895056448e+00 6.057837498332619974e-01
7.387800476472669686e+00 6.057015113837814768e-01
7.392147276520651289e+00 6.056192829656776855e-01
7.396496329205714204e+00 6.055370645778674898e-01
7.400847635695306792e+00 6.054548562192647587e-01
7.405201197157346371e+00 6.053726578887854703e-01
7.409557014760494553e+00 6.052904695853431605e-01
7.413915089673878356e+00 6.052082913078531412e-01
7.418275423067335339e+00 6.051261230552285042e-01
7.422638016111312353e+00 6.050439648263823411e-01
7.427002869976755406e+00 6.049618166202289649e-01
7.431369985835354797e+00 6.048796784356798018e-01
7.435739364859271561e+00 6.047975502716489427e-01
7.440111008221412803e+00 6.047154321270471478e-01
7.444484917095156362e+00 6.046333240007876197e-01
7.448861092654622595e+00 6.045512258917803416e-01
7.453239536074406146e+00 6.044691377989381831e-01
7.457620248529808649e+00 6.043870597211711271e-01
7.462003231196749908e+00 6.043049916573890457e-01
7.466388485251645335e+00 6.042229336065034762e-01
7.470776011871663513e+00 6.041408855674230693e-01
7.475165812234447316e+00 6.040588475390585854e-01
7.479557887518382131e+00 6.039768195203181200e-01
7.483952238902327636e+00 6.038948015101117672e-01
7.488348867565894906e+00 6.038127935073467345e-01
7.492747774689165752e+00 6.037307955109328939e-01
7.497148961452975158e+00 6.036488075197766756e-01
7.501552429038628844e+00 6.035668295327869526e-01
7.505958178628146626e+00 6.034848615488705992e-01
7.510366211404166492e+00 6.034029035669339347e-01
7.514776528549829138e+00 6.033209555858847217e-01
7.519189131249033764e+00 6.032390176046282804e-01
7.523604020686148530e+00 6.031570896220718181e-01
7.528021198046294771e+00 6.030751716371199889e-01
7.532440664515073436e+00 6.029932636486792230e-01
7.536862421278835100e+00 6.029113656556535084e-01
7.541286469524406400e+00 6.028294776569489422e-01
7.545712810439336948e+00 6.027475996514692902e-01
7.550141445211785651e+00 6.026657316381182072e-01
7.554572375030424780e+00 6.025838736158007913e-01
7.559005601084688664e+00 6.025020255834192540e-01
7.563441124564478812e+00 6.024201875398783601e-01
7.567878946660457018e+00 6.023383594840796551e-01
7.572319068563764688e+00 6.022565414149269047e-01
7.576761491466298182e+00 6.021747333313214323e-01
7.581206216560429922e+00 6.020929352321664485e-01
7.585653245039294390e+00 6.020111471163623884e-01
7.590102578096498576e+00 6.019293689828121297e-01
7.594554216926377777e+00 6.018476008304158853e-01
7.599008162723887239e+00 6.017658426580740905e-01
7.603464416684492022e+00 6.016840944646885125e-01
7.607922980004419244e+00 6.016023562491581433e-01
7.612383853880373863e+00 6.015206280103840841e-01
7.616847039509824668e+00 6.014389097472647716e-01
7.621312538090718292e+00 6.013572014587007519e-01
7.625780350821763420e+00 6.012755031435900177e-01
7.630250478902148359e+00 6.011938148008324490e-01
7.634722923531787941e+00 6.011121364293258162e-01
7.639197685911224056e+00 6.010304680279676681e-01
7.643674767241508405e+00 6.009488095956572185e-01
7.648154168724456525e+00 6.008671611312909056e-01
7.652635891562372450e+00 6.007855226337670551e-01
7.657119936958315165e+00 6.007038941019815503e-01
7.661606306115833931e+00 6.006222755348323838e-01
7.666095000239238288e+00 6.005406669312146617e-01
7.670586020533322724e+00 6.004590682900258214e-01
7.675079368203647334e+00 6.003774796101604139e-01
7.679575044456251831e+00 6.002959008905154326e-01
7.684073050497911339e+00 6.002143321299854284e-01
7.688573387536026260e+00 6.001327733274646192e-01
7.693076056778515692e+00 6.000512244818493324e-01
7.697581059434066120e+00 5.999696855920323424e-01
7.702088396711845419e+00 5.998881566569094215e-01
7.706598069821795960e+00 5.998066376753730111e-01
7.711110079974341502e+00 5.997251286463179953e-01
7.715624428380676747e+00 5.996436295686364826e-01
7.720141116252479563e+00 5.995621404412228017e-01
7.724660144802165007e+00 5.994806612629688392e-01
7.729181515242775191e+00 5.993991920327667033e-01
7.733705228787874475e+00 5.993177327495098350e-01
7.738231286651798158e+00 5.992362834120887882e-01
7.742759690049368260e+00 5.991548440193965597e-01
7.747290440196181294e+00 5.990734145703232594e-01
7.751823538308316941e+00 5.989919950637612178e-01
7.756358985602629375e+00 5.989105854986002120e-01
7.760896783296463042e+00 5.988291858737319062e-01
7.765436932607933329e+00 5.987477961880453003e-01
7.769979434755644121e+00 5.986664164404317257e-01
7.774524290958940043e+00 5.985850466297804040e-01
7.779071502437796326e+00 5.985036867549801132e-01
7.783621070412712228e+00 5.984223368149214073e-01
7.788172996104963275e+00 5.983409968084918429e-01
7.792727280736317041e+00 5.982596667345815300e-01
7.797283925529312043e+00 5.981783465920774701e-01
7.801842931706982398e+00 5.980970363798693290e-01
7.806404300493138493e+00 5.980157360968435531e-01
7.810968033112077435e+00 5.979344457418890313e-01
7.815534130788844180e+00 5.978531653138926538e-01
7.820102594749116065e+00 5.977718948117407560e-01
7.824673426219094452e+00 5.976906342343215606e-01
7.829246626425765854e+00 5.976093835805202925e-01
7.833822196596605281e+00 5.975281428492247304e-01
7.838400137959867564e+00 5.974469120393194332e-01
7.842980451744303139e+00 5.973656911496917354e-01
7.847563139179436931e+00 5.972844801792257519e-01
7.852148201495296576e+00 5.972032791268082619e-01
7.856735639922680647e+00 5.971220879913227142e-01
7.861325455692892206e+00 5.970409067716554441e-01
7.865917650037969722e+00 5.969597354666903444e-01
7.870512224190596484e+00 5.968785740753109748e-01
7.875109179383986913e+00 5.967974225964026713e-01
7.879708516852135247e+00 5.967162810288479946e-01
7.884310237829534884e+00 5.966351493715316145e-01
7.888914343551459041e+00 5.965540276233356476e-01
7.893520835253681867e+00 5.964729157831445416e-01
7.898129714172755556e+00 5.963918138498395249e-01
7.902740981545735011e+00 5.963107218223047123e-01
7.907354638610421205e+00 5.962296396994214431e-01
7.911970686605258152e+00 5.961485674800713896e-01
7.916589126769220996e+00 5.960675051631375565e-01
7.921209960342077139e+00 5.959864527475000617e-01
7.925833188564080700e+00 5.959054102320417989e-01
7.930458812676285163e+00 5.958243776156422200e-01
7.935086833920237837e+00 5.957433548971836634e-01
7.939717253538271180e+00 5.956623420755453591e-01
7.944350072773223914e+00 5.955813391496089793e-01
7.948985292868712804e+00 5.955003461182533098e-01
7.953622915068864430e+00 5.954193629803593568e-01
7.958262940618554993e+00 5.953383897348062392e-01
7.962905370763303736e+00 5.952574263804727428e-01
7.967550206749171693e+00 5.951764729162392076e-01
7.972197449823005044e+00 5.950955293409833091e-01
7.976847101232156234e+00 5.950145956535850544e-01
7.981499162224762856e+00 5.949336718529214529e-01
7.986153634049470540e+00 5.948527579378721786e-01
7.990810517955713621e+00 5.947718539073136856e-01
7.995469815193430918e+00 5.946909597601250930e-01
8.000131527013314425e+00 5.946100754951835210e-01
8.004795654666709837e+00 5.945292011113652020e-01
8.009462199405495753e+00 5.944483366075485886e-01
8.014131162482350135e+00 5.943674819826093580e-01
8.018802545150451877e+00 5.942866372354252968e-01
8.023476348663777458e+00 5.942058023648713050e-01
8.028152574276804287e+00 5.941249773698249470e-01
8.032831223244807362e+00 5.940441622491609008e-01
8.037512296823566160e+00 5.939633570017559538e-01
8.042195796269655972e+00 5.938825616264843399e-01
8.046881722840160123e+00 5.938017761222226243e-01
8.051570077792918667e+00 5.937210004878450409e-01
8.056260862386428911e+00 5.936402347222257125e-01
8.060954077879724622e+00 5.935594788242405384e-01
8.065649725532644254e+00 5.934787327927625311e-01
8.070347806605527197e+00 5.933979966266671457e-01
8.075048322359513975e+00 5.933172703248267288e-01
8.079751274056258481e+00 5.932365538861165133e-01
8.084456662958205087e+00 5.931558473094085127e-01
8.089164490328313306e+00 5.930751505935771828e-01
8.093874757430301159e+00 5.929944637374949812e-01
8.098587465528547469e+00 5.929137867400340323e-01
8.103302615887972848e+00 5.928331196000681258e-01
8.108020209774299047e+00 5.927524623164683870e-01
8.112740248453762959e+00 5.926718148881080506e-01
8.117462733193397284e+00 5.925911773138580196e-01
8.122187665260746314e+00 5.925105495925910848e-01
8.126915045924162584e+00 5.924299317231774831e-01
8.131644876452501336e+00 5.923493237044898940e-01
8.136377158115433161e+00 5.922687255353978886e-01
8.141111892183126031e+00 5.921881372147737022e-01
8.145849079926527736e+00 5.921075587414873498e-01
8.150588722617241544e+00 5.920269901144086244e-01
8.155330821527412510e+00 5.919464313324089844e-01
8.160075377930006368e+00 5.918658823943571123e-01
8.164822393098486231e+00 5.917853432991241336e-01
8.169571868307132334e+00 5.917048140455783978e-01
8.174323804830732954e+00 5.916242946325904750e-01
8.179078203944888159e+00 5.915437850590283819e-01
8.183835066925706059e+00 5.914632853237622445e-01
8.188594395050074581e+00 5.913827954256603014e-01
8.193356189595538908e+00 5.913023153635903473e-01
8.198120451840191336e+00 5.912218451364220639e-01
8.202887183062943066e+00 5.911413847430222468e-01
8.207656384543213335e+00 5.910609341822604668e-01
8.212428057561234951e+00 5.909804934530027420e-01
8.217202203397757643e+00 5.909000625541180884e-01
8.221978823334341158e+00 5.908196414844726352e-01
8.226757918653058610e+00 5.907392302429348430e-01
8.231539490636802014e+00 5.906588288283701749e-01
8.236323540568974977e+00 5.905784372396467585e-01
8.241110069733757371e+00 5.904980554756306121e-01
8.245899079415998756e+00 5.904176835351871988e-01
8.250690570901097587e+00 5.903373214171842021e-01
8.255484545475272995e+00 5.902569691204861968e-01
8.260281004425257478e+00 5.901766266439600894e-01
8.265079949038600660e+00 5.900962939864704548e-01
8.269881380603370857e+00 5.900159711468836443e-01
8.274685300408453514e+00 5.899356581240637887e-01
8.279491709743249217e+00 5.898553549168770171e-01
8.284300609897943701e+00 5.897750615241875716e-01
8.289112002163388837e+00 5.896947779448593607e-01
8.293925887830990717e+00 5.896145041777580698e-01
8.298742268192981442e+00 5.895342402217467193e-01
8.303561144542104699e+00 5.894539860756904393e-01
8.308382518171931963e+00 5.893737417384519173e-01
8.313206390376546295e+00 5.892935072088961723e-01
8.318032762450860318e+00 5.892132824858852258e-01
8.322861635690301796e+00 5.891330675682836526e-01
8.327693011391120947e+00 5.890528624549533632e-01
8.332526890850092016e+00 5.889726671447584883e-01
8.337363275364770843e+00 5.888924816365611603e-01
8.342202166233388283e+00 5.888123059292230677e-01
8.347043564754732969e+00 5.887321400216081191e-01
8.351887472228419540e+00 5.886519839125770037e-01
8.356733889954581329e+00 5.885718376009930752e-01
8.361582819234183006e+00 5.884917010857168007e-01
8.366434261368704384e+00 5.884115743656110897e-01
8.371288217660458386e+00 5.883314574395361873e-01
8.376144689412276634e+00 5.882513503063544480e-01
8.381003677927779449e+00 5.881712529649264498e-01
8.385865184511263948e+00 5.880911654141124378e-01
8.390729210467593902e+00 5.880110876527744335e-01
8.395595757102453760e+00 5.879310196797715715e-01
8.400464825722057327e+00 5.878509614939655403e-01
8.405336417633444412e+00 5.877709130942153637e-01
8.410210534144180627e+00 5.876908744793821748e-01
8.415087176562664695e+00 5.876108456483245535e-01
8.419966346197817586e+00 5.875308265999036328e-01
8.424848044359391608e+00 5.874508173329773264e-01
8.429732272357666645e+00 5.873708178464064344e-01
8.434619031503714837e+00 5.872908281390494256e-01
8.439508323109288668e+00 5.872108482097645465e-01
8.444400148486703728e+00 5.871308780574118202e-01
8.449294508949110494e+00 5.870509176808487162e-01
8.454191405810188797e+00 5.869709670789349243e-01
8.459090840384446253e+00 5.868910262505273590e-01
8.463992813986926933e+00 5.868110951944855991e-01
8.468897327933500918e+00 5.867311739096661150e-01
8.473804383540574747e+00 5.866512623949280414e-01
8.478713982125345439e+00 5.865713606491282928e-01
8.483626125005697460e+00 5.864914686711237835e-01
8.488540813500080162e+00 5.864115864597728711e-01
8.493458048927783111e+00 5.863317140139315820e-01
8.498377832608621674e+00 5.862518513324580516e-01
8.503300165863251436e+00 5.861719984142077511e-01
8.508225050012857338e+00 5.860921552580385940e-01
8.513152486379466310e+00 5.860123218628057185e-01
8.518082476285632865e+00 5.859324982273665938e-01
8.523015021054749951e+00 5.858526843505762471e-01
8.527950122010745204e+00 5.857728802312918148e-01
8.532887780478345618e+00 5.856930858683684349e-01
8.537827997782970968e+00 5.856133012606611343e-01
8.542770775250600579e+00 5.855335264070267165e-01
8.547716114208066429e+00 5.854537613063192092e-01
8.552664015982728074e+00 5.853740059573949717e-01
8.557614481902787062e+00 5.852942603591075876e-01
8.562567513296981403e+00 5.852145245103135274e-01
8.567523111494891097e+00 5.851347984098658195e-01
8.572481277826630830e+00 5.850550820566206012e-01
8.577442013623119976e+00 5.849753754494313451e-01
8.582405320215968914e+00 5.848956785871517461e-01
8.587371198937358230e+00 5.848159914686371641e-01
8.592339651120319388e+00 5.847363140927400726e-01
8.597310678098414982e+00 5.846566464583156097e-01
8.602284281206056704e+00 5.845769885642160268e-01
8.607260461778190930e+00 5.844973404092961289e-01
8.612239221150613133e+00 5.844177019924078342e-01
8.617220560659651696e+00 5.843380733124056148e-01
8.622204481642487650e+00 5.842584543681412779e-01
8.627190985436838488e+00 5.841788451584686293e-01
8.632180073381226393e+00 5.840992456822400314e-01
8.637171746814875206e+00 5.840196559383072916e-01
8.642166007077580758e+00 5.839400759255238826e-01
8.647162855509989754e+00 5.838605056427410567e-01
8.652162293453288910e+00 5.837809450888119533e-01
8.657164322249515820e+00 5.837013942625872698e-01
8.662168943241246311e+00 5.836218531629201456e-01
8.667176157771910638e+00 5.835423217886609448e-01
8.672185967185473743e+00 5.834628001386624740e-01
8.677198372826723016e+00 5.833832882117753194e-01
8.682213376041133301e+00 5.833037860068501779e-01
8.687230978174763862e+00 5.832242935227394121e-01
8.692251180574530167e+00 5.831448107582924978e-01
8.697273984587885920e+00 5.830653377123616865e-01
8.702299391563141029e+00 5.829858743837962320e-01
8.707327402849145415e+00 5.829064207714479418e-01
8.712358019795608755e+00 5.828269768741658474e-01
8.717391243752777186e+00 5.827475426908015343e-01
8.722427076071761931e+00 5.826681182202038123e-01
8.727465518104208897e+00 5.825887034612237114e-01
8.732506571202589996e+00 5.825092984127103746e-01
8.737550236720071695e+00 5.824299030735131666e-01
8.742596516010404883e+00 5.823505174424825626e-01
8.747645410428203760e+00 5.822711415184668171e-01
8.752696921328622537e+00 5.821917753003162943e-01
8.757751050067676957e+00 5.821124187868789157e-01
8.762807798001928106e+00 5.820330719770049344e-01
8.767867166488795050e+00 5.819537348695419388e-01
8.772929156886247526e+00 5.818744074633398489e-01
8.777993770553074171e+00 5.817950897572465863e-01
8.783061008848767059e+00 5.817157817501100725e-01
8.788130873133406240e+00 5.816364834407796724e-01
8.793203364767935071e+00 5.815571948281024195e-01
8.798278485113840475e+00 5.814779159109275675e-01
8.803356235533478014e+00 5.813986466881018167e-01
8.808436617389746814e+00 5.813193871584740879e-01
8.813519632046412866e+00 5.812401373208908595e-01
8.818605280867791052e+00 5.811608971742007190e-01
8.823693565219059565e+00 5.810816667172500338e-01
8.828784486465947268e+00 5.810024459488871695e-01
8.833878045975009030e+00 5.809232348679586044e-01
8.838974245113508488e+00 5.808440334733107058e-01
8.844073085249297250e+00 5.807648417637917282e-01
8.849174567751095566e+00 5.806856597382469287e-01
8.854278693988176130e+00 5.806064873955243399e-01
8.859385465330676723e+00 5.805273247344692189e-01
8.864494883149287574e+00 5.804481717539290431e-01
8.869606948815569325e+00 5.803690284527487364e-01
8.874721663701633290e+00 5.802898948297758874e-01
8.879839029180422116e+00 5.802107708838557532e-01
8.884959046625587220e+00 5.801316566138334796e-01
8.890081717411373319e+00 5.800525520185562112e-01
8.895207042912902651e+00 5.799734570968682057e-01
8.900335024505841020e+00 5.798943718476162745e-01
8.905465663566733525e+00 5.798152962696444535e-01
8.910598961472677715e+00 5.797362303617992207e-01
8.915734919601641550e+00 5.796571741229246122e-01
8.920873539332150770e+00 5.795781275518667730e-01
8.926014822043603303e+00 5.794990906474692949e-01
8.931158769115951301e+00 5.794200634085783230e-01
8.936305381929987135e+00 5.793410458340377822e-01
8.941454661867211939e+00 5.792620379226917082e-01
8.946606610309725482e+00 5.791830396733855801e-01
8.951761228640506829e+00 5.791040510849626566e-01
8.956918518243087490e+00 5.790250721562681946e-01
8.962078480501878275e+00 5.789461028861450087e-01
8.967241116801844214e+00 5.788671432734384670e-01
8.972406428528833189e+00 5.787881933169911619e-01
8.977574417069249080e+00 5.787092530156477954e-01
8.982745083810328879e+00 5.786303223682516261e-01
8.987918430140041437e+00 5.785514013736452466e-01
8.993094457446940027e+00 5.784724900306735806e-01
8.998273167120467875e+00 5.783935883381785548e-01
9.003454560550641972e+00 5.783146962950040937e-01
9.008638639128264458e+00 5.782358138999933450e-01
9.013825404244895978e+00 5.781569411519886792e-01
9.019014857292759757e+00 5.780780780498332438e-01
9.024206999664814433e+00 5.779992245923696315e-01
9.029401832754752277e+00 5.779203807784405456e-01
9.034599357956976107e+00 5.778415466068883566e-01
9.039799576666615266e+00 5.777627220765555460e-01
9.045002490279527407e+00 5.776839071862844843e-01
9.050208100192284277e+00 5.776051019349172089e-01
9.055416407802191259e+00 5.775263063212957571e-01
9.060627414507248290e+00 5.774475203442623883e-01
9.065841121706245787e+00 5.773687440026584738e-01
9.071057530798638524e+00 5.772899772953257180e-01
9.076276643184625570e+00 5.772112202211061582e-01
9.081498460265130745e+00 5.771324727788411657e-01
9.086722983441804402e+00 5.770537349673721117e-01
9.091950214117023421e+00 5.769750067855403675e-01
9.097180153693892990e+00 5.768962882321871932e-01
9.102412803576244826e+00 5.768175793061536272e-01
9.107648165168635401e+00 5.767388800062805965e-01
9.112886239876329952e+00 5.766601903314095834e-01
9.118127029105385972e+00 5.765815102803805159e-01
9.123370534262525311e+00 5.765028398520346542e-01
9.128616756755219441e+00 5.764241790452123704e-01
9.133865697991671695e+00 5.763455278587543695e-01
9.139117359380813710e+00 5.762668862915008017e-01
9.144371742332303654e+00 5.761882543422922609e-01
9.149628848256538660e+00 5.761096320099687862e-01
9.154888678564637061e+00 5.760310192933705276e-01
9.160151234668454379e+00 5.759524161913374130e-01
9.165416517980558453e+00 5.758738227027098144e-01
9.170684529914305827e+00 5.757952388263267718e-01
9.175955271883726283e+00 5.757166645610284350e-01
9.181228745303604555e+00 5.756380999056543990e-01
9.186504951589457235e+00 5.755595448590441476e-01
9.191783892157532776e+00 5.754809994200371648e-01
9.197065568424815041e+00 5.754024635874728233e-01
9.202349981809023305e+00 5.753239373601901629e-01
9.207637133728610479e+00 5.752454207370285566e-01
9.212927025602763109e+00 5.751669137168270440e-01
9.218219658851385390e+00 5.750884162984247761e-01
9.223515034895177322e+00 5.750099284806600153e-01
9.228813155155513925e+00 5.749314502623719125e-01
9.234114021054526944e+00 5.748529816423991745e-01
9.239417634015087089e+00 5.747745226195802859e-01
9.244723995460798704e+00 5.746960731927538424e-01
9.250033106816006878e+00 5.746176333607583286e-01
9.255344969505795660e+00 5.745392031224318963e-01
9.260659584955982737e+00 5.744607824766129189e-01
9.265976954593130088e+00 5.743823714221394372e-01
9.271297079844515565e+00 5.743039699578498247e-01
9.276619962138219933e+00 5.742255780825814560e-01
9.281945602903000747e+00 5.741471957951725935e-01
9.287274003568377623e+00 5.740688230944609449e-01
9.292605165564609138e+00 5.739904599792842177e-01
9.297939090322698164e+00 5.739121064484801193e-01
9.303275779274388313e+00 5.738337625008860243e-01
9.308615233852160387e+00 5.737554281353395291e-01
9.313957455489246584e+00 5.736771033506778972e-01
9.319302445619614517e+00 5.735987881457385029e-01
9.324650205677956549e+00 5.735204825193588318e-01
9.330000737099769736e+00 5.734421864703753702e-01
9.335354041321235030e+00 5.733638999976253814e-01
9.340710119779297216e+00 5.732856230999459068e-01
9.346068973911645372e+00 5.732073557761736549e-01
9.351430605156714648e+00 5.731290980251455558e-01
9.356795014953684486e+00 5.730508498456984290e-01
9.362162204742478622e+00 5.729726112366685387e-01
9.367532175963770413e+00 5.728943821968928152e-01
9.372904930058981066e+00 5.728161627252074117e-01
9.378280468470249431e+00 5.727379528204491477e-01
9.383658792640536817e+00 5.726597524814535101e-01
9.389039904013477766e+00 5.725815617070573182e-01
9.394423804033483094e+00 5.725033804960966144e-01
9.399810494145709683e+00 5.724252088474074407e-01
9.405199975796065814e+00 5.723470467598258393e-01
9.410592250431202288e+00 5.722688942321876304e-01
9.415987319498530184e+00 5.721907512633285231e-01
9.421385184446201322e+00 5.721126178520845595e-01
9.426785846723120699e+00 5.720344939972912268e-01
9.432189307778928722e+00 5.719563796977844561e-01
9.437595569064068712e+00 5.718782749523991793e-01
9.443004632029683876e+00 5.718001797599712166e-01
9.448416498127684804e+00 5.717220941193358330e-01
9.453831168810733487e+00 5.716440180293284046e-01
9.459248645532250421e+00 5.715659514887841963e-01
9.464668929746403947e+00 5.714878944965382512e-01
9.470092022908115581e+00 5.714098470514257233e-01
9.475517926473065344e+00 5.713318091522816555e-01
9.480946641897684657e+00 5.712537807979408688e-01
9.486378170639140350e+00 5.711757619872386282e-01
9.491812514155414604e+00 5.710977527190091996e-01
9.497249673905184153e+00 5.710197529920875148e-01
9.502689651347902000e+00 5.709417628053081728e-01
9.508132447943781429e+00 5.708637821575057725e-01
9.513578065153785346e+00 5.707858110475149127e-01
9.519026504439636938e+00 5.707078494741700814e-01
9.524477767263817896e+00 5.706298974363055443e-01
9.529931855089570192e+00 5.705519549327555673e-01
9.535388769380885421e+00 5.704740219623546382e-01
9.540848511602504800e+00 5.703960985239370229e-01
9.546311083219979565e+00 5.703181846163362101e-01
9.551776485699569719e+00 5.702402802383866876e-01
9.557244720508304425e+00 5.701623853889222771e-01
9.562715789113976683e+00 5.700845000667770224e-01
9.568189692985146877e+00 5.700066242707847453e-01
9.573666433591132119e+00 5.699287579997790454e-01
9.579146012402004473e+00 5.698509012525939665e-01
9.584628430888605166e+00 5.697730540280628864e-01
9.590113690522541035e+00 5.696952163250195156e-01
9.595601792776148997e+00 5.696173881422976759e-01
9.601092739122602637e+00 5.695395694787300789e-01
9.606586531035770093e+00 5.694617603331506572e-01
9.612083169990306430e+00 5.693839607043925666e-01
9.617582657461630546e+00 5.693061705912891846e-01
9.623084994925926949e+00 5.692283899926736668e-01
9.628590183860142204e+00 5.691506189073791688e-01
9.634098225741992039e+00 5.690728573342387353e-01
9.639609122049956014e+00 5.689951052720855218e-01
9.645122874263279300e+00 5.689173627197523508e-01
9.650639483861953138e+00 5.688396296760726001e-01
9.656158952326800105e+00 5.687619061398784259e-01
9.661681281139344435e+00 5.686841921100028729e-01
9.667206471781902621e+00 5.686064875852787637e-01
9.672734525737558542e+00 5.685287925645386986e-01
9.678265444490158131e+00 5.684511070466152782e-01
9.683799229524328922e+00 5.683734310303412141e-01
9.689335882325453397e+00 5.682957645145488845e-01
9.694875404379697414e+00 5.682181074980707791e-01
9.700417797173987111e+00 5.681404599797392763e-01
9.705963062196003577e+00 5.680628219583869765e-01
9.711511200934259236e+00 5.679851934328457030e-01
9.717062214877975279e+00 5.679075744019478345e-01
9.722616105517165153e+00 5.678299648645255271e-01
9.728172874342618570e+00 5.677523648194110484e-01
9.733732522845892632e+00 5.676747742654363327e-01
9.739295052519318929e+00 5.675971932014334254e-01
9.744860464856003546e+00 5.675196216262342608e-01
9.750428761349825280e+00 5.674420595386706623e-01
9.755999943495437421e+00 5.673645069375747862e-01
9.761574012788248211e+00 5.672869638217784560e-01
9.767150970724502557e+00 5.672094301901128288e-01
9.772730818801154129e+00 5.671319060414099500e-01
9.778313558515963066e+00 5.670543913745015319e-01
9.783899191367455117e+00 5.669768861882191757e-01
9.789487718854939402e+00 5.668993904813942608e-01
9.795079142478497758e+00 5.668219042528584994e-01
9.800673463738993618e+00 5.667444275014432709e-01
9.806270684138063132e+00 5.666669602259798433e-01
9.811870805178125821e+00 5.665895024252997070e-01
9.817473828362356159e+00 5.665120540982343522e-01
9.823079755194768836e+00 5.664346152436144921e-01
9.828688587180099745e+00 5.663571858602717279e-01
9.834300325823882361e+00 5.662797659470371059e-01
9.839914972632431756e+00 5.662023555027417832e-01
9.845532529112841047e+00 5.661249545262166949e-01
9.851152996772984949e+00 5.660475630162929983e-01
9.856776377121523325e+00 5.659701809718017396e-01
9.862402671667894083e+00 5.658928083915736318e-01
9.868031881922320281e+00 5.658154452744398322e-01
9.873664009395779928e+00 5.657380916192311648e-01
9.879299055600107238e+00 5.656607474247781209e-01
9.884937022047850519e+00 5.655834126899115244e-01
9.890577910252364546e+00 5.655060874134620885e-01
9.896221721727785692e+00 5.654287715942606374e-01
9.901868457989037253e+00 5.653514652311377731e-01
9.907518120551831231e+00 5.652741683229238756e-01
9.913170710932657670e+00 5.651968808684497692e-01
9.918826230648797093e+00 5.651196028665456117e-01
9.924484681218318727e+00 5.650423343160422274e-01
9.930146064160048525e+00 5.649650752157699962e-01
9.935810380993672197e+00 5.648878255645589652e-01
9.941477633239594880e+00 5.648105853612396254e-01
9.947147822419033503e+00 5.647333546046422459e-01
9.952820950053990146e+00 5.646561332935970956e-01
9.958497017667257367e+00 5.645789214269344436e-01
9.964176026782418205e+00 5.645017190034844479e-01
9.969857978923840847e+00 5.644245260220771554e-01
9.975542875616689287e+00 5.643473424815428352e-01
9.981230718386912670e+00 5.642701683807114232e-01
9.986921508761229305e+00 5.641930037184131885e-01
9.992615248267224359e+00 5.641158484934776229e-01
9.998311938433193546e+00 5.640387027047349955e-01
1.000401158078825681e+01 5.639615663510151311e-01
1.000971417686232279e+01 5.638844394311479657e-01
1.001541972818609594e+01 5.638073219439633244e-01
1.002112823629106941e+01 5.637302138882910318e-01
1.002683970270953395e+01 5.636531152629606911e-01
1.003255412897457077e+01 5.635760260668022381e-01
1.003827151662006045e+01 5.634989462986453868e-01
1.004399186718065096e+01 5.634218759573199620e-01
1.004971518219185533e+01 5.633448150416550115e-01
1.005544146318991672e+01 5.632677635504804714e-01
1.006117071171189536e+01 5.631907214826260555e-01
1.006690292929564734e+01 5.631136888369210336e-01
1.007263811747982274e+01 5.630366656121950086e-01
1.007837627780387635e+01 5.629596518072774725e-01
1.008411741180805521e+01 5.628826474209979169e-01
1.008986152103340572e+01 5.628056524521857229e-01
1.009560860702177187e+01 5.627286668996701602e-01
1.010135867131578102e+01 5.626516907622808317e-01
1.010711171545891673e+01 5.625747240388466741e-01
1.011286774099540153e+01 5.624977667281970684e-01
1.011862674947027863e+01 5.624208188291615063e-01
1.012438874242939590e+01 5.623438803405690356e-01
1.013015372141939707e+01 5.622669512612488152e-01
1.013592168798772875e+01 5.621900315900300038e-01
1.014169264368264223e+01 5.621131213257418713e-01
1.014746659005318641e+01 5.620362204672135764e-01
1.015324352864921664e+01 5.619593290132739449e-01
1.015902346102136811e+01 5.618824469627525797e-01
1.016480638872114817e+01 5.618055743144777514e-01
1.017059231330079960e+01 5.617287110672787298e-01
1.017638123631338765e+01 5.616518572199846737e-01
1.018217315931279110e+01 5.615750127714244089e-01
1.018796808385368990e+01 5.614981777204268720e-01
1.019376601149156514e+01 5.614213520658209999e-01
1.019956694378271322e+01 5.613445358064355073e-01
1.020537088228422817e+01 5.612677289410994419e-01
1.021117782855401757e+01 5.611909314686416295e-01
1.021698778415076880e+01 5.611141433878910068e-01
1.022280075063405036e+01 5.610373646976757334e-01
1.022861672956416434e+01 5.609605953968250791e-01
1.023443572250224776e+01 5.608838354841676477e-01
1.024025773101024939e+01 5.608070849585321538e-01
1.024608275665092449e+01 5.607303438187472011e-01
1.025191080098783303e+01 5.606536120636416154e-01
1.025774186558535561e+01 5.605768896920437783e-01
1.026357595200867756e+01 5.605001767027825155e-01
1.026941306182379421e+01 5.604234730946864307e-01
1.027525319659749137e+01 5.603467788665843496e-01
1.028109635789743947e+01 5.602700940173042099e-01
1.028694254729204260e+01 5.601934185456748372e-01
1.029279176635055215e+01 5.601167524505246131e-01
1.029864401664302420e+01 5.600400957306823635e-01
1.030449929974033374e+01 5.599634483849763589e-01
1.031035761721416755e+01 5.598868104122350919e-01
1.031621897063702420e+01 5.598101818112869443e-01
1.032208336158222295e+01 5.597335625809602977e-01
1.032795079162389307e+01 5.596569527200836447e-01
1.033382126233696141e+01 5.595803522274857000e-01
1.033969477529723591e+01 5.595037611019940682e-01
1.034557133208127588e+01 5.594271793424374639e-01
1.035145093426647556e+01 5.593506069476443798e-01
1.035733358343105159e+01 5.592740439164429755e-01
1.036321928115403601e+01 5.591974902476616327e-01
1.036910802901527973e+01 5.591209459401283999e-01
1.037499982859545256e+01 5.590444109926718808e-01
1.038089468147604144e+01 5.589678854041200129e-01
1.038679258923935755e+01 5.588913691733012890e-01
1.039269355346850432e+01 5.588148622990440906e-01
1.039859757574747867e+01 5.587383647801759112e-01
1.040450465766102361e+01 5.586618766155255766e-01
1.041041480079473303e+01 5.585853978039209133e-01
1.041632800673501791e+01 5.585089283441903030e-01
1.042224427706911527e+01 5.584324682351617941e-01
1.042816361338507747e+01 5.583560174756636574e-01
1.043408601727178997e+01 5.582795760645238303e-01
1.044001149031895181e+01 5.582031440005705836e-01
1.044594003411709693e+01 5.581267212826318547e-01
1.045187165025754439e+01 5.580503079095362473e-01
1.045780634033252632e+01 5.579739038801110329e-01
1.046374410593501558e+01 5.578975091931847041e-01
1.046968494865883947e+01 5.578211238475851985e-01
1.047562887009865307e+01 5.577447478421406757e-01
1.048157587184993389e+01 5.576683811756791842e-01
1.048752595550899080e+01 5.575920238470286616e-01
1.049347912267295335e+01 5.575156758550170455e-01
1.049943537493978596e+01 5.574393371984726064e-01
1.050539471390827728e+01 5.573630078762231710e-01
1.051135714117801889e+01 5.572866878870970098e-01
1.051732265834950830e+01 5.572103772299215052e-01
1.052329126702399797e+01 5.571340759035249279e-01
1.052926296880359125e+01 5.570577839067353265e-01
1.053523776529122635e+01 5.569815012383806385e-01
1.054121565809066752e+01 5.569052278972886905e-01
1.054719664880651742e+01 5.568289638822874199e-01
1.055318073904420118e+01 5.567527091922049864e-01
1.055916793040998236e+01 5.566764638258691056e-01
1.056515822451095588e+01 5.566002277821077149e-01
1.057115162295502309e+01 5.565240010597490850e-01
1.057714812735099130e+01 5.564477836576204872e-01
1.058314773930843344e+01 5.563715755745503033e-01
1.058915046043777508e+01 5.562953768093661377e-01
1.059515629235027667e+01 5.562191873608960391e-01
1.060116523665804245e+01 5.561430072279679448e-01
1.060717729497399731e+01 5.560668364094096816e-01
1.061319246891191703e+01 5.559906749040490759e-01
1.061921076008640163e+01 5.559145227107141762e-01
1.062523217011289844e+01 5.558383798282325872e-01
1.063125670060765593e+01 5.557622462554326903e-01
1.063728435318784271e+01 5.556861219911416461e-01
1.064331512947138947e+01 5.556100070341877251e-01
1.064934903107708841e+01 5.555339013833986428e-01
1.065538605962457019e+01 5.554578050376024478e-01
1.066142621673430924e+01 5.553817179956268557e-01
1.066746950402761662e+01 5.553056402562998040e-01
1.067351592312664010e+01 5.552295718184491191e-01
1.067956547565437297e+01 5.551535126809025167e-01
1.068561816323465230e+01 5.550774628424881563e-01
1.069167398749212339e+01 5.550014223020339754e-01
1.069773295005235347e+01 5.549253910583672456e-01
1.070379505254167896e+01 5.548493691103162373e-01
1.070986029658729777e+01 5.547733564567086662e-01
1.071592868381725872e+01 5.546973530963724697e-01
1.072200021586044727e+01 5.546213590281353634e-01
1.072807489434659800e+01 5.545453742508253958e-01
1.073415272090628925e+01 5.544693987632705046e-01
1.074023369717094134e+01 5.543934325642981831e-01
1.074631782477282371e+01 5.543174756527367020e-01
1.075240510534502825e+01 5.542415280274138878e-01
1.075849554052155810e+01 5.541655896871573450e-01
1.076458913193719802e+01 5.540896606307949002e-01
1.077068588122760495e+01 5.540137408571546018e-01
1.077678579002927961e+01 5.539378303650643875e-01
1.078288885997956825e+01 5.538619291533520839e-01
1.078899509271667156e+01 5.537860372208455173e-01
1.079510448987963755e+01 5.537101545663726254e-01
1.080121705310836333e+01 5.536342811887614568e-01
1.080733278404359332e+01 5.535584170868396159e-01
1.081345168432690329e+01 5.534825622594354844e-01
1.081957375560078383e+01 5.534067167053764447e-01
1.082569899950851777e+01 5.533308804234905454e-01
1.083182741769424773e+01 5.532550534126058350e-01
1.083795901180297960e+01 5.531792356715501402e-01
1.084409378348056663e+01 5.531034271991513984e-01
1.085023173437371824e+01 5.530276279942376583e-01
1.085637286612999475e+01 5.529518380556368573e-01
1.086251718039781267e+01 5.528760573821768221e-01
1.086866467882643938e+01 5.528002859726856011e-01
1.087481536306597540e+01 5.527245238259914650e-01
1.088096923476744848e+01 5.526487709409217963e-01
1.088712629558266620e+01 5.525730273163049766e-01
1.089328654716432432e+01 5.524972929509688324e-01
1.089944999116596591e+01 5.524215678437414123e-01
1.090561662924199737e+01 5.523458519934507649e-01
1.091178646304767774e+01 5.522701453989249387e-01
1.091795949423912937e+01 5.521944480589918713e-01
1.092413572447332903e+01 5.521187599724797224e-01
1.093031515540810972e+01 5.520430811382165404e-01
1.093649778870214639e+01 5.519674115550305959e-01
1.094268362601503952e+01 5.518917512217494936e-01
1.094887266900718181e+01 5.518161001372013930e-01
1.095506491933984705e+01 5.517404583002145646e-01
1.096126037867517589e+01 5.516648257096170571e-01
1.096745904867615984e+01 5.515892023642371411e-01
1.097366093100666262e+01 5.515135882629026431e-01
1.097986602733140415e+01 5.514379834044420559e-01
1.098607433931596944e+01 5.513623877876833168e-01
1.099228586862680679e+01 5.512868014114544746e-01
1.099850061693120118e+01 5.512112242745843549e-01
1.100471858589737728e+01 5.511356563759003402e-01
1.101093977719435379e+01 5.510600977142309231e-01
1.101716419249203049e+01 5.509845482884043744e-01
1.102339183346118112e+01 5.509090080972488535e-01
1.102962270177343918e+01 5.508334771395927421e-01
1.103585679910130857e+01 5.507579554142641998e-01
1.104209412711815830e+01 5.506824429200914972e-01
1.104833468749822245e+01 5.506069396559030160e-01
1.105457848191660730e+01 5.505314456205271378e-01
1.106082551204925934e+01 5.504559608127921333e-01
1.106707577957306832e+01 5.503804852315260510e-01
1.107332928616571976e+01 5.503050188755576055e-01
1.107958603350578919e+01 5.502295617437148456e-01
1.108584602327272961e+01 5.501541138348263749e-01
1.109210925714685558e+01 5.500786751477205749e-01
1.109837573680936273e+01 5.500032456812258275e-01
1.110464546394230823e+01 5.499278254341706251e-01
1.111091844022862674e+01 5.498524144053833496e-01
1.111719466735211981e+01 5.497770125936926044e-01
1.112347414699744341e+01 5.497016199979269935e-01
1.112975688085019677e+01 5.496262366169145652e-01
1.113604287059678200e+01 5.495508624494840344e-01
1.114233211792449119e+01 5.494754974944640047e-01
1.114862462452150282e+01 5.494001417506830798e-01
1.115492039207686048e+01 5.493247952169697523e-01
1.116121942228048702e+01 5.492494578921527371e-01
1.116752171682318284e+01 5.491741297750605266e-01
1.117382727739662052e+01 5.490988108645218357e-01
1.118013610569335370e+01 5.490235011593653791e-01
1.118644820340678336e+01 5.489482006584199825e-01
1.119276357223126617e+01 5.488729093605138054e-01
1.119908221386196345e+01 5.487976272644760067e-01
1.120540412999493363e+01 5.487223543691351901e-01
1.121172932232712149e+01 5.486470906733200703e-01
1.121805779255634583e+01 5.485718361758595840e-01
1.122438954238131004e+01 5.484965908755824460e-01
1.123072457350159148e+01 5.484213547713173709e-01
1.123706288761765570e+01 5.483461278618935175e-01
1.124340448643084400e+01 5.482709101461394896e-01
1.124974937164335564e+01 5.481957016228845569e-01
1.125609754495834736e+01 5.481205022909571012e-01
1.126244900807978766e+01 5.480453121491862811e-01
1.126880376271254214e+01 5.479701311964011445e-01
1.127516181056237343e+01 5.478949594314305171e-01
1.128152315333591638e+01 5.478197968531035578e-01
1.128788779274070109e+01 5.477446434602493142e-01
1.129425573048512987e+01 5.476694992516967231e-01
1.130062696827850388e+01 5.475943642262750544e-01
1.130700150783100177e+01 5.475192383828131337e-01
1.131337935085366198e+01 5.474441217201406751e-01
1.131976049905849102e+01 5.473690142370860601e-01
1.132614495415830547e+01 5.472939159324787806e-01
1.133253271786683136e+01 5.472188268051482174e-01
1.133892379189868471e+01 5.471437468539234183e-01
1.134531817796937503e+01 5.470686760776336532e-01
1.135171587779529112e+01 5.469936144751083029e-01
1.135811689309371886e+01 5.469185620451766372e-01
1.136452122558283229e+01 5.468435187866680369e-01
1.137092887698169363e+01 5.467684846984117719e-01
1.137733984901023021e+01 5.466934597792376671e-01
1.138375414338934455e+01 5.466184440279743262e-01
1.139017176184074565e+01 5.465434374434517961e-01
1.139659270608706443e+01 5.464684400244992357e-01
1.140301697785182355e+01 5.463934517699464699e-01
1.140944457885943919e+01 5.463184726786227685e-01
1.141587551083521923e+01 5.462435027493577344e-01
1.142230977550536863e+01 5.461685419809810815e-01
1.142874737459698586e+01 5.460935903723223017e-01
1.143518830983806644e+01 5.460186479222112199e-01
1.144163258295746921e+01 5.459437146294775500e-01
1.144808019568503354e+01 5.458687904929506729e-01
1.145453114975141418e+01 5.457938755114603024e-01
1.146098544688818777e+01 5.457189696838364856e-01
1.146744308882783336e+01 5.456440730089089364e-01
1.147390407730371997e+01 5.455691854855074796e-01
1.148036841405012076e+01 5.454943071124618292e-01
1.148683610080220596e+01 5.454194378886021433e-01
1.149330713929604819e+01 5.453445778127581356e-01
1.149978153126861002e+01 5.452697268837598532e-01
1.150625927845774221e+01 5.451948851004374541e-01
1.151274038260226185e+01 5.451200524616205412e-01
1.151922484544181735e+01 5.450452289661392724e-01
1.152571266871697730e+01 5.449704146128238058e-01
1.153220385416921978e+01 5.448956094005041884e-01
1.153869840354091991e+01 5.448208133280106891e-01
1.154519631857535700e+01 5.447460263941734659e-01
1.155169760101671628e+01 5.446712485978225660e-01
1.155820225261008716e+01 5.445964799377882581e-01
1.156471027510145611e+01 5.445217204129010335e-01
1.157122167023769777e+01 5.444469700219913832e-01
1.157773643976666733e+01 5.443722287638889101e-01
1.158425458543703890e+01 5.442974966374244383e-01
1.159077610899843336e+01 5.442227736414283479e-01
1.159730101220137044e+01 5.441480597747311299e-01
1.160382929679727404e+01 5.440733550361631643e-01
1.161036096453848465e+01 5.439986594245549423e-01
1.161689601717823983e+01 5.439239729387370659e-01
1.162343445647069551e+01 5.438492955775401372e-01
1.162997628417091178e+01 5.437746273397948693e-01
1.163652150203483338e+01 5.436999682243320864e-01
1.164307011181939622e+01 5.436253182299817244e-01
1.164962211528235692e+01 5.435506773555751625e-01
1.165617751418242598e+01 5.434760455999428919e-01
1.166273631027921098e+01 5.434014229619158476e-01
1.166929850533324320e+01 5.433268094403248538e-01
1.167586410110595452e+01 5.432522050340007347e-01
1.168243309935969698e+01 5.431776097417744253e-01
1.168900550185773568e+01 5.431030235624768610e-01
1.169558131036424875e+01 5.430284464949389767e-01
1.170216052664429895e+01 5.429538785379921517e-01
1.170874315246394559e+01 5.428793196904668772e-01
1.171532918959008818e+01 5.428047699511945323e-01
1.172191863979056059e+01 5.427302293190061633e-01
1.172851150483411686e+01 5.426556977927331493e-01
1.173510778649042585e+01 5.425811753712064256e-01
1.174170748653007834e+01 5.425066620532574824e-01
1.174831060672457639e+01 5.424321578377174768e-01
1.175491714884634220e+01 5.423576627234177883e-01
1.176152711466872169e+01 5.422831767091897959e-01
1.176814050596594363e+01 5.422086997938652120e-01
1.177475732451324220e+01 5.421342319762748607e-01
1.178137757208669001e+01 5.420597732552505654e-01
1.178800125046331004e+01 5.419853236296238164e-01
1.179462836142104365e+01 5.419108830982262148e-01
1.180125890673874878e+01 5.418364516598893621e-01
1.180789288819621596e+01 5.417620293134448595e-01
1.181453030757414524e+01 5.416876160577245303e-01
1.182117116665417100e+01 5.416132118915599758e-01
1.182781546721884425e+01 5.415388168137830194e-01
1.183446321105161303e+01 5.414644308232258174e-01
1.184111439993693615e+01 5.413900539187195271e-01
1.184776903566010908e+01 5.413156860990965269e-01
1.185442712000738297e+01 5.412413273631885291e-01
1.186108865476593621e+01 5.411669777098278011e-01
1.186775364172386560e+01 5.410926371378461663e-01
1.187442208267020938e+01 5.410183056460756701e-01
1.188109397939491885e+01 5.409439832333485798e-01
1.188776933368887434e+01 5.408696698984970519e-01
1.189444814734389588e+01 5.407953656403531317e-01
1.190113042215269168e+01 5.407210704577494198e-01
1.190781615990898779e+01 5.406467843495176284e-01
1.191450536240735580e+01 5.405725073144904691e-01
1.192119803144332302e+01 5.404982393515003203e-01
1.192789416881335285e+01 5.404239804593794494e-01
1.193459377631483243e+01 5.403497306369604569e-01
1.194129685574608501e+01 5.402754898830757213e-01
1.194800340890636825e+01 5.402012581965579541e-01
1.195471343759586169e+01 5.401270355762397557e-01
1.196142694361569170e+01 5.400528220209536157e-01
1.196814392876788169e+01 5.399786175295325785e-01
1.197486439485546938e+01 5.399044221008089117e-01
1.198158834368235226e+01 5.398302357336155488e-01
1.198831577705338525e+01 5.397560584267854233e-01
1.199504669677436119e+01 5.396818901791513579e-01
1.200178110465200554e+01 5.396077309895462859e-01
1.200851900249397985e+01 5.395335808568032521e-01
1.201526039210888541e+01 5.394594397797550789e-01
1.202200527530626317e+01 5.393853077572350330e-01
1.202875365389658313e+01 5.393111847880760479e-01
1.203550552969123721e+01 5.392370708711117233e-01
1.204226090450262632e+01 5.391629660051745487e-01
1.204901978014401465e+01 5.390888701890983459e-01
1.205578215842963985e+01 5.390147834217160483e-01
1.206254804117466506e+01 5.389407057018612557e-01
1.206931743019520908e+01 5.388666370283672347e-01
1.207609032730831977e+01 5.387925774000674739e-01
1.208286673433199354e+01 5.387185268157954621e-01
1.208964665308516828e+01 5.386444852743847989e-01
1.209643008538772335e+01 5.385704527746690840e-01
1.210321703306045293e+01 5.384964293154820281e-01
1.211000749792517794e+01 5.384224148956571199e-01
1.211680148180458261e+01 5.383484095140280701e-01
1.212359898652231927e+01 5.382744131694288114e-01
1.213040001390299238e+01 5.382004258606930547e-01
1.213720456577214257e+01 5.381264475866548436e-01
1.214401264395626256e+01 5.380524783461481109e-01
1.215082425028279367e+01 5.379785181380067893e-01
1.215763938658011689e+01 5.379045669610649227e-01
1.216445805467756891e+01 5.378306248141566659e-01
1.217128025640539946e+01 5.377566916961162846e-01
1.217810599359489387e+01 5.376827676057776007e-01
1.218493526807820082e+01 5.376088525419751019e-01
1.219176808168845128e+01 5.375349465035429430e-01
1.219860443625972302e+01 5.374610494893156121e-01
1.220544433362704062e+01 5.373871614981274858e-01
1.221228777562638612e+01 5.373132825288129411e-01
1.221913476409468657e+01 5.372394125802066878e-01
1.222598530086983004e+01 5.371655516511429918e-01
1.223283938779064783e+01 5.370916997404566740e-01
1.223969702669690029e+01 5.370178568469826663e-01
1.224655821942938516e+01 5.369440229695550126e-01
1.225342296782976881e+01 5.368701981070087559e-01
1.226029127374069994e+01 5.367963822581789390e-01
1.226716313900578470e+01 5.367225754219001610e-01
1.227403856546958316e+01 5.366487775970075758e-01
1.228091755497760929e+01 5.365749887823360043e-01
1.228780010937633982e+01 5.365012089767206005e-01
1.229468623051319831e+01 5.364274381789962964e-01
1.230157592023657465e+01 5.363536763879984681e-01
1.230846918039578597e+01 5.362799236025623806e-01
1.231536601284118859e+01 5.362061798215228547e-01
1.232226641942401635e+01 5.361324450437154887e-01
1.232917040199649250e+01 5.360587192679755475e-01
1.233607796241179422e+01 5.359850024931385182e-01
1.234298910252406678e+01 5.359112947180398878e-01
1.234990382418840937e+01 5.358375959415151435e-01
1.235682212926088930e+01 5.357639061623998833e-01
1.236374401959852953e+01 5.356902253795297053e-01
1.237066949705931762e+01 5.356165535917404297e-01
1.237759856350217369e+01 5.355428907978679876e-01
1.238453122078707302e+01 5.354692369967476440e-01
1.239146747077486310e+01 5.353955921872156631e-01
1.239840731532738616e+01 5.353219563681077542e-01
1.240535075630745077e+01 5.352483295382599593e-01
1.241229779557882651e+01 5.351747116965084317e-01
1.241924843500625109e+01 5.351011028416893245e-01
1.242620267645543386e+01 5.350275029726384579e-01
1.243316052179304165e+01 5.349539120881923182e-01
1.244012197288671651e+01 5.348803301871871696e-01
1.244708703160503482e+01 5.348067572684594984e-01
1.245405569981762994e+01 5.347331933308451246e-01
1.246102797939501627e+01 5.346596383731808677e-01
1.246800387220870832e+01 5.345860923943032139e-01
1.247498338013118691e+01 5.345125553930486495e-01
1.248196650503590988e+01 5.344390273682537718e-01
1.248895324879729785e+01 5.343655083187554000e-01
1.249594361329074843e+01 5.342919982433900206e-01
1.250293760039262914e+01 5.342184971409947858e-01
1.250993521198027913e+01 5.341450050104061820e-01
1.251693644993198440e+01 5.340715218504616946e-01
1.252394131612708961e+01 5.339980476599974768e-01
1.253094981244582051e+01 5.339245824378510141e-01
1.253796194076941894e+01 5.338511261828593479e-01
1.254497770298009307e+01 5.337776788938595196e-01
1.255199710096102272e+01 5.337042405696890146e-01
1.255902013659637539e+01 5.336308112091848743e-01
1.256604681177128491e+01 5.335573908111844732e-01
1.257307712837186919e+01 5.334839793745251857e-01
1.258011108828521252e+01 5.334105768980446083e-01
1.258714869339936548e+01 5.333371833805803375e-01
1.259418994560342497e+01 5.332637988209695257e-01
1.260123484678739558e+01 5.331904232180499914e-01
1.260828339884228200e+01 5.331170565706595532e-01
1.261533560366006945e+01 5.330436988776358076e-01
1.262239146313372551e+01 5.329703501378166841e-01
1.262945097915720005e+01 5.328970103500401123e-01
1.263651415362541997e+01 5.328236795131439107e-01
1.264358098843429801e+01 5.327503576259661200e-01
1.265065148548072749e+01 5.326770446873450027e-01
1.265772564666256095e+01 5.326037406961185994e-01
1.266480347387870964e+01 5.325304456511249507e-01
1.267188496902899608e+01 5.324571595512022082e-01
1.267897013401424644e+01 5.323838823951889676e-01
1.268605897073627276e+01 5.323106141819234916e-01
1.269315148109787827e+01 5.322373549102443757e-01
1.270024766700284857e+01 5.321641045789898827e-01
1.270734753035595332e+01 5.320908631869988303e-01
1.271445107306295519e+01 5.320176307331097032e-01
1.272155829703060093e+01 5.319444072161612080e-01
1.272866920416659653e+01 5.318711926349924957e-01
1.273578379637972446e+01 5.317979869884417177e-01
1.274290207557966603e+01 5.317247902753481359e-01
1.275002404367713105e+01 5.316516024945506791e-01
1.275714970258380454e+01 5.315784236448883870e-01
1.276427905421237519e+01 5.315052537252004106e-01
1.277141210047651576e+01 5.314320927343256784e-01
1.277854884329089380e+01 5.313589406711036744e-01
1.278568928457117160e+01 5.312857975343735495e-01
1.279283342623399378e+01 5.312126633229746764e-01
1.279998127019698195e+01 5.311395380357467610e-01
1.280713281837883066e+01 5.310664216715286212e-01
1.281428807269914039e+01 5.309933142291601849e-01
1.282144703507854722e+01 5.309202157074810469e-01
1.282860970743866780e+01 5.308471261053309131e-01
1.283577609170212241e+01 5.307740454215496007e-01
1.284294618979252789e+01 5.307009736549767043e-01
1.285012000363449403e+01 5.306279108044522630e-01
1.285729753515363250e+01 5.305548568688162048e-01
1.286447878627655150e+01 5.304818118469084576e-01
1.287166375893082737e+01 5.304087757375695045e-01
1.287885245504512177e+01 5.303357485396388293e-01
1.288604487654900765e+01 5.302627302519570263e-01
1.289324102537309535e+01 5.301897208733642453e-01
1.290044090344898464e+01 5.301167204027009694e-01
1.290764451270928070e+01 5.300437288388075707e-01
1.291485185508759770e+01 5.299707461805245323e-01
1.292206293251854099e+01 5.298977724266922262e-01
1.292927774693771781e+01 5.298248075761515796e-01
1.293649630028175324e+01 5.297518516277430756e-01
1.294371859448822804e+01 5.296789045803078633e-01
1.295094463149582431e+01 5.296059664326862038e-01
1.295817441324414787e+01 5.295330371837191352e-01
1.296540794167382060e+01 5.294601168322478069e-01
1.297264521872648757e+01 5.293872053771130348e-01
1.297988624634479393e+01 5.293143028171560793e-01
1.298713102647238671e+01 5.292414091512182006e-01
1.299437956105392722e+01 5.291685243781404369e-01
1.300163185203508043e+01 5.290956484967641593e-01
1.300888790136252382e+01 5.290227815059307392e-01
1.301614771098390655e+01 5.289499234044819920e-01
1.302341128284798444e+01 5.288770741912588447e-01
1.303067861890442813e+01 5.288042338651030017e-01
1.303794972110395278e+01 5.287314024248563893e-01
1.304522459139828072e+01 5.286585798693606009e-01
1.305250323174014682e+01 5.285857661974574517e-01
1.305978564408330023e+01 5.285129614079887572e-01
1.306707183038249909e+01 5.284401654997964437e-01
1.307436179259351583e+01 5.283673784717227706e-01
1.308165553267313896e+01 5.282946003226095533e-01
1.308895305257914110e+01 5.282218310512993842e-01
1.309625435427039086e+01 5.281490706566337456e-01
1.310355943970669301e+01 5.280763191374554522e-01
1.311086831084888971e+01 5.280035764926067632e-01
1.311818096965884628e+01 5.279308427209300492e-01
1.312549741809944237e+01 5.278581178212679026e-01
1.313281765813456836e+01 5.277854017924630270e-01
1.314014169172914137e+01 5.277126946333579038e-01
1.314746952084909459e+01 5.276399963427952367e-01
1.315480114746137907e+01 5.275673069196179510e-01
1.316213657353393174e+01 5.274946263626691945e-01
1.316947580103580329e+01 5.274219546707913375e-01
1.317681883193697345e+01 5.273492918428276388e-01
1.318416566820847358e+01 5.272766378776212459e-01
1.319151631182235818e+01 5.272039927740153065e-01
1.319887076475170140e+01 5.271313565308530791e-01
1.320622902897059880e+01 5.270587291469778224e-01
1.321359110645417445e+01 5.269861106212330171e-01
1.322095699917856493e+01 5.269135009524620328e-01
1.322832670912094244e+01 5.268409001395084612e-01
1.323570023825947217e+01 5.267683081812161161e-01
1.324307758857342776e+01 5.266957250764282561e-01
1.325045876204302253e+01 5.266231508239888059e-01
1.325784376064952674e+01 5.265505854227416904e-01
1.326523258637523561e+01 5.264780288715307233e-01
1.327262524120347464e+01 5.264054811691998292e-01
1.328002172711859252e+01 5.263329423145932662e-01
1.328742204610597355e+01 5.262604123065550699e-01
1.329482620015202166e+01 5.261878911439293871e-01
1.330223419124417816e+01 5.261153788255605868e-01
1.330964602137087738e+01 5.260428753502931487e-01
1.331706169252167982e+01 5.259703807169712197e-01
1.332448120668708569e+01 5.258978949244393908e-01
1.333190456585865569e+01 5.258254179715422527e-01
1.333933177202897902e+01 5.257529498571245075e-01
1.334676282719168938e+01 5.256804905800308569e-01
1.335419773334143656e+01 5.256080401391061141e-01
1.336163649247391838e+01 5.255355985331952029e-01
1.336907910658586118e+01 5.254631657611431583e-01
1.337652557767502515e+01 5.253907418217949044e-01
1.338397590774017765e+01 5.253183267139958090e-01
1.339143009878121227e+01 5.252459204365905743e-01
1.339888815279896583e+01 5.251735229884246792e-01
1.340635007179534988e+01 5.251011343683434918e-01
1.341381585777329732e+01 5.250287545751926022e-01
1.342128551273679982e+01 5.249563836078172674e-01
1.342875903869087040e+01 5.248840214650631886e-01
1.343623643764157194e+01 5.248116681457760668e-01
1.344371771159600293e+01 5.247393236488014923e-01
1.345120286256229747e+01 5.246669879729854991e-01
1.345869189254960929e+01 5.245946611171740104e-01
1.346618480356822012e+01 5.245223430802125053e-01
1.347368159762936024e+01 5.244500338609472401e-01
1.348118227674533109e+01 5.243777334582245819e-01
1.348868684292948217e+01 5.243054418708905651e-01
1.349619529819620922e+01 5.242331590977914457e-01
1.350370764456093831e+01 5.241608851377735911e-01
1.351122388404015773e+01 5.240886199896834796e-01
1.351874401865138431e+01 5.240163636523675894e-01
1.352626805041319002e+01 5.239441161246726208e-01
1.353379598134516293e+01 5.238718774054453853e-01
1.354132781346802439e+01 5.237996474935321389e-01
1.354886354880344967e+01 5.237274263877799152e-01
1.355640318937420297e+01 5.236552140870357475e-01
1.356394673720408584e+01 5.235830105901465581e-01
1.357149419431794968e+01 5.235108158959593805e-01
1.357904556274170638e+01 5.234386300033214701e-01
1.358660084450230343e+01 5.233664529110799712e-01
1.359416004162774527e+01 5.232942846180822505e-01
1.360172315614708971e+01 5.232221251231755632e-01
1.360929019009041241e+01 5.231499744252078310e-01
1.361686114548892945e+01 5.230778325230259762e-01
1.362443602437482326e+01 5.230056994154778094e-01
1.363201482878135629e+01 5.229335751014112521e-01
1.363959756074285323e+01 5.228614595796738929e-01
1.364718422229467620e+01 5.227893528491136532e-01
1.365477481547326022e+01 5.227172549085785658e-01
1.366236934231608302e+01 5.226451657569165521e-01
1.366996780486168817e+01 5.225730853929758668e-01
1.367757020514966371e+01 5.225010138156045425e-01
1.368517654522063864e+01 5.224289510236512779e-01
1.369278682711637529e+01 5.223568970159638836e-01
1.370040105287961296e+01 5.222848517913908362e-01
1.370801922455417987e+01 5.222128153487809454e-01
1.371564134418495762e+01 5.221407876869826881e-01
1.372326741381789184e+01 5.220687688048447628e-01
1.373089743549999042e+01 5.219967587012158683e-01
1.373853141127931643e+01 5.219247573749449254e-01
1.374616934320499873e+01 5.218527648248808548e-01
1.375381123332722311e+01 5.217807810498727994e-01
1.376145708369721454e+01 5.217088060487699019e-01
1.376910689636734730e+01 5.216368398204209722e-01
1.377676067339096555e+01 5.215648823636753750e-01
1.378441841682252011e+01 5.214929336773825863e-01
1.379208012871750988e+01 5.214209937603919709e-01
1.379974581113251020e+01 5.213490626115532267e-01
1.380741546612515691e+01 5.212771402297157186e-01
1.381508909575415700e+01 5.212052266137291445e-01
1.382276670207928149e+01 5.211333217624433134e-01
1.383044828716136543e+01 5.210614256747080342e-01
1.383813385306229016e+01 5.209895383493736709e-01
1.384582340184508809e+01 5.209176597852893664e-01
1.385351693557377573e+01 5.208457899813059289e-01
1.386121445631346383e+01 5.207739289362731672e-01
1.386891596613033784e+01 5.207020766490414454e-01
1.387662146709165079e+01 5.206302331184612386e-01
1.388433096126573396e+01 5.205583983433827999e-01
1.389204445072198091e+01 5.204865723226568264e-01
1.389976193753086164e+01 5.204147550551336820e-01
1.390748342376392266e+01 5.203429465396642861e-01
1.391520891149374428e+01 5.202711467750995578e-01
1.392293840279408990e+01 5.201993557602898610e-01
1.393067189973968212e+01 5.201275734940863371e-01
1.393840940440637155e+01 5.200557999753401273e-01
1.394615091887106750e+01 5.199840352029022617e-01
1.395389644521176642e+01 5.199122791756239925e-01
1.396164598550753944e+01 5.198405318923564611e-01
1.396939954183853239e+01 5.197687933519511416e-01
1.397715711628596935e+01 5.196970635532595084e-01
1.398491871093215444e+01 5.196253424951330357e-01
1.399268432786043981e+01 5.195536301764236420e-01
1.400045396915535356e+01 5.194819265959824683e-01
1.400822763690240080e+01 5.194102317526617663e-01
1.401600533318821107e+01 5.193385456453131210e-01
1.402378706010048504e+01 5.192668682727886731e-01
1.403157281972801051e+01 5.191951996339405628e-01
1.403936261416066067e+01 5.191235397276207086e-01
1.404715644548938513e+01 5.190518885526813619e-01
1.405495431580621535e+01 5.189802461079751073e-01
1.406275622720427876e+01 5.189086123923540850e-01
1.407056218177774731e+01 5.188369874046711017e-01
1.407837218162197068e+01 5.187653711437782977e-01
1.408618622883329330e+01 5.186937636085283687e-01
1.409400432550918048e+01 5.186221647977743432e-01
1.410182647374817932e+01 5.185505747103689167e-01
1.410965267564992942e+01 5.184789933451650068e-01
1.411748293331515036e+01 5.184074207010157531e-01
1.412531724884566131e+01 5.183358567767740732e-01
1.413315562434436501e+01 5.182643015712932177e-01
1.414099806191524777e+01 5.181927550834265483e-01
1.414884456366336707e+01 5.181212173120275377e-01
1.415669513169495808e+01 5.180496882559493255e-01
1.416454976811725608e+01 5.179781679140453843e-01
1.417240847503861367e+01 5.179066562851696309e-01
1.418027125456848658e+01 5.178351533681757601e-01
1.418813810881741233e+01 5.177636591619173556e-01
1.419600903989703333e+01 5.176921736652485562e-01
1.420388404992007736e+01 5.176206968770231676e-01
1.421176314100036997e+01 5.175492287960954396e-01
1.421964631525283451e+01 5.174777694213192891e-01
1.422753357479345837e+01 5.174063187515494100e-01
1.423542492173941731e+01 5.173348767856396080e-01
1.424332035820888898e+01 5.172634435224445770e-01
1.425121988632118608e+01 5.171920189608186780e-01
1.425912350819670849e+01 5.171206030996166048e-01
1.426703122595697160e+01 5.170491959376931623e-01
1.427494304172457973e+01 5.169777974739029336e-01
1.428285895762323321e+01 5.169064077071009455e-01
1.429077897577774081e+01 5.168350266361421141e-01
1.429870309831400910e+01 5.167636542598814664e-01
1.430663132735901577e+01 5.166922905771744734e-01
1.431456366504093936e+01 5.166209355868757180e-01
1.432250011348895491e+01 5.165495892878408934e-01
1.433044067483338679e+01 5.164782516789254707e-01
1.433838535120564828e+01 5.164069227589848099e-01
1.434633414473827528e+01 5.163356025268744931e-01
1.435428705756489265e+01 5.162642909814503245e-01
1.436224409182023898e+01 5.161929881215679972e-01
1.437020524964015777e+01 5.161216939460834263e-01
1.437817053316159921e+01 5.160504084538525271e-01
1.438613994452258815e+01 5.159791316437316588e-01
1.439411348586235206e+01 5.159078635145762926e-01
1.440209115932113981e+01 5.158366040652431206e-01
1.441007296704032470e+01 5.157653532945883912e-01
1.441805891116240623e+01 5.156941112014684636e-01
1.442604899383098882e+01 5.156228777847398081e-01
1.443404321719078176e+01 5.155516530432592281e-01
1.444204158338761523e+01 5.154804369758831939e-01
1.445004409456842254e+01 5.154092295814685087e-01
1.445805075288125785e+01 5.153380308588720871e-01
1.446606156047525005e+01 5.152668408069511763e-01
1.447407651950073948e+01 5.151956594245622467e-01
1.448209563210908790e+01 5.151244867105627678e-01
1.449011890045280104e+01 5.150533226638099871e-01
1.449814632668550018e+01 5.149821672831611519e-01
1.450617791296192394e+01 5.149110205674737317e-01
1.451421366143792646e+01 5.148398825156051961e-01
1.452225357427048102e+01 5.147687531264132366e-01
1.453029765361767467e+01 5.146976323987555446e-01
1.453834590163871532e+01 5.146265203314898118e-01
1.454639832049390158e+01 5.145554169234742847e-01
1.455445491234474176e+01 5.144843221735664329e-01
1.456251567935376912e+01 5.144132360806245030e-01
1.457058062368467333e+01 5.143421586435066306e-01
1.457864974750226317e+01 5.142710898610711734e-01
1.458672305297246474e+01 5.142000297321764890e-01
1.459480054226233747e+01 5.141289782556809351e-01
1.460288221754005455e+01 5.140579354304430915e-01
1.461096808097491540e+01 5.139869012553215377e-01
1.461905813473734383e+01 5.139158757291750756e-01
1.462715238099885262e+01 5.138448588508628401e-01
1.463525082193218552e+01 5.137738506192430776e-01
1.464335345971110769e+01 5.137028510331751452e-01
1.465146029651054782e+01 5.136318600915180665e-01
1.465957133450655725e+01 5.135608777931310875e-01
1.466768657587631530e+01 5.134899041368734540e-01
1.467580602279813462e+01 5.134189391216046339e-01
1.468392967745145228e+01 5.133479827461840950e-01
1.469205754201683867e+01 5.132770350094713052e-01
1.470018961867598506e+01 5.132060959103259545e-01
1.470832590961169473e+01 5.131351654476081769e-01
1.471646641700798952e+01 5.130642436201772183e-01
1.472461114304992869e+01 5.129933304268933236e-01
1.473276008992373320e+01 5.129224258666164049e-01
1.474091325981676270e+01 5.128515299382068182e-01
1.474907065491750657e+01 5.127806426405246976e-01
1.475723227741558929e+01 5.127097639724302880e-01
1.476539812950177044e+01 5.126388939327841676e-01
1.477356821336794468e+01 5.125680325204466925e-01
1.478174253120714532e+01 5.124971797342786628e-01
1.478992108521349813e+01 5.124263355731408787e-01
1.479810387758237944e+01 5.123555000358938072e-01
1.480629091051019586e+01 5.122846731213983595e-01
1.481448218619452817e+01 5.122138548285158910e-01
1.482267770683409580e+01 5.121430451561070907e-01
1.483087747462875861e+01 5.120722441030334249e-01
1.483908149177950797e+01 5.120014516681560268e-01
1.484728976048848992e+01 5.119306678503363628e-01
1.485550228295898023e+01 5.118598926484358991e-01
1.486371906139540044e+01 5.117891260613163240e-01
1.487194009800328587e+01 5.117183680878393259e-01
1.488016539498940638e+01 5.116476187268663711e-01
1.488839495456157991e+01 5.115768779772593700e-01
1.489662877892880566e+01 5.115061458378804549e-01
1.490486687030121615e+01 5.114354223075917583e-01
1.491310923089010387e+01 5.113647073852550795e-01
1.492135586290789107e+01 5.112940010697331061e-01
1.492960676856816882e+01 5.112233033598878595e-01
1.493786195008564555e+01 5.111526142545819162e-01
1.494612140967620562e+01 5.110819337526778527e-01
1.495438514955683473e+01 5.110112618530384676e-01
1.496265317194576383e+01 5.109405985545261153e-01
1.497092547906228610e+01 5.108699438560037054e-01
1.497920207312686181e+01 5.107992977563342585e-01
1.498748295636112182e+01 5.107286602543809062e-01
1.499576813098783035e+01 5.106580313490066692e-01
1.500405759923091153e+01 5.105874110390746790e-01
1.501235136331544240e+01 5.105167993234485113e-01
1.502064942546765280e+01 5.104461962009911868e-01
1.502895178791492370e+01 5.103756016705667253e-01
1.503725845288575869e+01 5.103050157310387025e-01
1.504556942260991903e+01 5.102344383812702500e-01
1.505388469931821405e+01 5.101638696201256096e-01
1.506220428524265031e+01 5.100933094464685791e-01
1.507052818261638549e+01 5.100227578591632893e-01
1.507885639367373898e+01 5.099522148570737601e-01
1.508718892065018480e+01 5.098816804390641222e-01
1.509552576578235517e+01 5.098111546039989506e-01
1.510386693130804758e+01 5.097406373507422650e-01
1.511221241946621419e+01 5.096701286781588625e-01
1.512056223249692977e+01 5.095996285851135399e-01
1.512891637264153388e+01 5.095291370704704281e-01
1.513727484214243546e+01 5.094586541330945462e-01
1.514563764324323003e+01 5.093881797718508020e-01
1.515400477818867131e+01 5.093177139856043256e-01
1.516237624922468541e+01 5.092472567732201361e-01
1.517075205859836373e+01 5.091768081335633633e-01
1.517913220855795231e+01 5.091063680654993595e-01
1.518751670135287313e+01 5.090359365678935877e-01
1.519590553923370280e+01 5.089655136396113999e-01
1.520429872445216191e+01 5.088950992795187034e-01
1.521269625926122870e+01 5.088246934864807391e-01
1.522109814591495791e+01 5.087542962593634144e-01
1.522950438666859796e+01 5.086839075970327473e-01
1.523791498377856968e+01 5.086135274983546450e-01
1.524632993950245918e+01 5.085431559621953479e-01
1.525474925609903210e+01 5.084727929874208741e-01
1.526317293582821222e+01 5.084024385728976858e-01
1.527160098095110641e+01 5.083320927174920234e-01
1.528003339372998326e+01 5.082617554200703491e-01
1.528847017642825534e+01 5.081914266794996804e-01
1.529691133131061065e+01 5.081211064946461464e-01
1.530535686064280654e+01 5.080507948643766536e-01
1.531380676669180474e+01 5.079804917875583303e-01
1.532226105172574648e+01 5.079101972630579720e-01
1.533071971801395605e+01 5.078399112897427070e-01
1.533918276782691947e+01 5.077696338664798859e-01
1.534765020343630582e+01 5.076993649921366369e-01
1.535612202711496366e+01 5.076291046655804218e-01
1.536459824113691042e+01 5.075588528856788129e-01
1.537307884777732525e+01 5.074886096512996048e-01
1.538156384931264853e+01 5.074183749613100369e-01
1.539005324802041130e+01 5.073481488145780149e-01
1.539854704617935610e+01 5.072779312099715554e-01
1.540704524606940495e+01 5.072077221463586749e-01
1.541554784997165939e+01 5.071375216226073901e-01
1.542405486016840754e+01 5.070673296375860506e-01
1.543256627894312061e+01 5.069971461901628951e-01
1.544108210858044217e+01 5.069269712792062732e-01
1.544960235136622018e+01 5.068568049035847567e-01
1.545812700958743235e+01 5.067866470621673614e-01
1.546665608553235671e+01 5.067164977538221038e-01
1.547518958149034773e+01 5.066463569774179998e-01
1.548372749975198914e+01 5.065762247318241762e-01
1.549226984260904061e+01 5.065061010159096488e-01
1.550081661235445907e+01 5.064359858285434335e-01
1.550936781128238451e+01 5.063658791685947680e-01
1.551792344168814353e+01 5.062957810349330012e-01
1.552648350586826353e+01 5.062256914264275931e-01
1.553504800612044434e+01 5.061556103419480035e-01
1.554361694474356170e+01 5.060855377803643584e-01
1.555219032403777035e+01 5.060154737405456737e-01
1.556076814630431926e+01 5.059454182213619644e-01
1.556935041384569018e+01 5.058753712216833565e-01
1.557793712896554439e+01 5.058053327403799759e-01
1.558652829396875106e+01 5.057353027763217268e-01
1.559512391116136953e+01 5.056652813283790682e-01
1.560372398285064932e+01 5.055952683954222371e-01
1.561232851134504074e+01 5.055252639763218037e-01
1.562093749895418426e+01 5.054552680699483380e-01
1.562955094798889277e+01 5.053852806751726323e-01
1.563816886076127233e+01 5.053153017908650346e-01
1.564679123958452678e+01 5.052453314158966702e-01
1.565541808677309277e+01 5.051753695491385532e-01
1.566404940464260420e+01 5.051054161894616978e-01
1.567268519550989936e+01 5.050354713357373404e-01
1.568132546169301378e+01 5.049655349868367171e-01
1.568997020551118027e+01 5.048956071416313973e-01
1.569861942928484666e+01 5.048256877989925062e-01
1.570727313533564740e+01 5.047557769577920572e-01
1.571593132598639997e+01 5.046858746169018417e-01
1.572459400356121861e+01 5.046159807751932069e-01
1.573326117038532246e+01 5.045460954315381663e-01
1.574193282878517053e+01 5.044762185848088443e-01
1.575060898108842622e+01 5.044063502338774763e-01
1.575928962962396085e+01 5.043364903776160757e-01
1.576797477672185366e+01 5.042666390148972111e-01
1.577666442471338470e+01 5.041967961445931179e-01
1.578535857593104907e+01 5.041269617655764756e-01
1.579405723270854622e+01 5.040571358767197419e-01
1.580276039738075866e+01 5.039873184768962622e-01
1.581146807228387274e+01 5.039175095649780500e-01
1.582018025975518327e+01 5.038477091398383401e-01
1.582889696213323205e+01 5.037779172003504780e-01
1.583761818175778302e+01 5.037081337453873653e-01
1.584634392096979383e+01 5.036383587738223477e-01
1.585507418211145136e+01 5.035685922845288820e-01
1.586380896752614689e+01 5.034988342763803137e-01
1.587254827955849024e+01 5.034290847482504327e-01
1.588129212055430628e+01 5.033593436990128067e-01
1.589004049286059583e+01 5.032896111275415585e-01
1.589879339882568843e+01 5.032198870327099227e-01
1.590755084079901494e+01 5.031501714133923553e-01
1.591631282113127810e+01 5.030804642684628680e-01
1.592507934217437437e+01 5.030107655967956948e-01
1.593385040628143301e+01 5.029410753972651804e-01
1.594262601580680894e+01 5.028713936687457808e-01
1.595140617310606146e+01 5.028017204101120630e-01
1.596019088053598267e+01 5.027320556202385937e-01
1.596898014045457259e+01 5.026623992980002731e-01
1.597777395522103916e+01 5.025927514422720011e-01
1.598657232719589771e+01 5.025231120519283445e-01
1.599537525874079336e+01 5.024534811258446476e-01
1.600418275221862530e+01 5.023838586628960323e-01
1.601299480999352198e+01 5.023142446619579538e-01
1.602181143443082689e+01 5.022446391219055339e-01
1.603063262789712340e+01 5.021750420416144500e-01
1.603945839276020990e+01 5.021054534199602681e-01
1.604828873138911760e+01 5.020358732558186654e-01
1.605712364615410337e+01 5.019663015480654300e-01
1.606596313942661425e+01 5.018967382955769052e-01
1.607480721357944020e+01 5.018271834972284351e-01
1.608365587098649030e+01 5.017576371518963629e-01
1.609250911402293838e+01 5.016880992584571430e-01
1.610136694506518751e+01 5.016185698157870076e-01
1.611022936649087711e+01 5.015490488227624111e-01
1.611909638067887229e+01 5.014795362782600296e-01
1.612796799000928161e+01 5.014100321811563177e-01
1.613684419686343219e+01 5.013405365303282846e-01
1.614572500362390173e+01 5.012710493246526067e-01
1.615461041267445097e+01 5.012015705630066265e-01
1.616350042640019424e+01 5.011321002442670203e-01
1.617239504718737209e+01 5.010626383673111306e-01
1.618129427742350046e+01 5.009931849310162999e-01
1.619019811949731746e+01 5.009237399342600927e-01
1.619910657579881885e+01 5.008543033759197405e-01
1.620801964871922962e+01 5.007848752548731408e-01
1.621693734065101467e+01 5.007154555699978582e-01
1.622585965398787522e+01 5.006460443201719013e-01
1.623478659112475952e+01 5.005766415042731676e-01
1.624371815445782019e+01 5.005072471211799989e-01
1.625265434638455275e+01 5.004378611697700707e-01
1.626159516930359672e+01 5.003684836489218357e-01
1.627054062561486347e+01 5.002991145575136356e-01
1.627949071771950429e+01 5.002297538944242561e-01
1.628844544801993521e+01 5.001604016585320389e-01
1.629740481891979087e+01 5.000910578487158809e-01
1.630636883282396710e+01 5.000217224638544566e-01
1.631533749213860318e+01 4.999523955028267741e-01
1.632431079927108541e+01 4.998830769645118410e-01
1.633328875663001156e+01 4.998137668477891649e-01
1.634227136662533297e+01 4.997444651515373648e-01
1.635125863166814497e+01 4.996751718746361703e-01
1.636025055417082896e+01 4.996058870159649778e-01
1.636924713654700980e+01 4.995366105744033502e-01
1.637824838121157356e+01 4.994673425488311280e-01
1.638725429058065330e+01 4.993980829381279296e-01
1.639626486707162556e+01 4.993288317411738175e-01
1.640528011310313516e+01 4.992595889568487988e-01
1.641430003109507041e+01 4.991903545840328804e-01
1.642332462346853816e+01 4.991211286216066800e-01
1.643235389264601309e+01 4.990519110684499826e-01
1.644138784105111029e+01 4.989827019234434613e-01
1.645042647110874512e+01 4.989135011854677892e-01
1.645946978524507998e+01 4.988443088534035286e-01
1.646851778588753845e+01 4.987751249261316300e-01
1.647757047546481246e+01 4.987059494025327666e-01
1.648662785640683026e+01 4.986367822814881667e-01
1.649568993114480264e+01 4.985676235618787810e-01
1.650475670211118739e+01 4.984984732425858378e-01
1.651382817173966444e+01 4.984293313224910649e-01
1.652290434246529216e+01 4.983601978004752464e-01
1.653198521672428356e+01 4.982910726754202213e-01
1.654107079695413773e+01 4.982219559462077174e-01
1.655016108559362564e+01 4.981528476117195181e-01
1.655925608508278302e+01 4.980837476708374068e-01
1.656835579786290324e+01 4.980146561224433888e-01
1.657746022637655869e+01 4.979455729654196361e-01
1.658656937306756873e+01 4.978764981986482652e-01
1.659568324038103526e+01 4.978074318210117255e-01
1.660480183076328586e+01 4.977383738313926331e-01
1.661392514666201592e+01 4.976693242286730490e-01
1.662305319052609320e+01 4.976002830117358111e-01
1.663218596480568578e+01 4.975312501794637576e-01
1.664132347195223005e+01 4.974622257307397821e-01
1.665046571441843781e+01 4.973932096644467227e-01
1.665961269465827854e+01 4.973242019794678614e-01
1.666876441512701490e+01 4.972552026746862586e-01
1.667792087828116365e+01 4.971862117489853072e-01
1.668708208657852055e+01 4.971172292012484006e-01
1.669624804247812477e+01 4.970482550303593205e-01
1.670541874844038688e+01 4.969792892352012381e-01
1.671459420692689335e+01 4.969103318146582127e-01
1.672377442040053808e+01 4.968413827676140260e-01
1.673295939132549748e+01 4.967724420929526818e-01
1.674214912216721274e+01 4.967035097895582951e-01
1.675134361539241112e+01 4.966345858563150917e-01
1.676054287346909888e+01 4.965656702921072974e-01
1.676974689886656122e+01 4.964967630958194156e-01
1.677895569405535525e+01 4.964278642663359498e-01
1.678816926150729572e+01 4.963589738025418474e-01
1.679738760369557937e+01 4.962900917033212789e-01
1.680661072309456827e+01 4.962212179675594137e-01
1.681583862217995673e+01 4.961523525941412549e-01
1.682507130342871093e+01 4.960834955819518610e-01
1.683430876931909381e+01 4.960146469298764571e-01
1.684355102233063661e+01 4.959458066368003792e-01
1.685279806494417087e+01 4.958769747016090190e-01
1.686204989964180001e+01 4.958081511231878791e-01
1.687130652890692417e+01 4.957393359004226840e-01
1.688056795522418696e+01 4.956705290321994362e-01
1.688983418107963175e+01 4.956017305174035270e-01
1.689910520896048851e+01 4.955329403549211253e-01
1.690838104135529463e+01 4.954641585436383444e-01
1.691766168075389487e+01 4.953953850824414640e-01
1.692694712964741655e+01 4.953266199702167638e-01
1.693623739052827659e+01 4.952578632058506347e-01
1.694553246589018869e+01 4.951891147882296895e-01
1.695483235822814905e+01 4.951203747162405411e-01
1.696413707003846127e+01 4.950516429887699688e-01
1.697344660381867243e+01 4.949829196047052515e-01
1.698276096206774355e+01 4.949142045629326692e-01
1.699208014728581517e+01 4.948454978623396672e-01
1.700140416197436011e+01 4.947767995018134690e-01
1.701073300863615145e+01 4.947081094802414647e-01
1.702006668977525905e+01 4.946394277965109887e-01
1.702940520789704237e+01 4.945707544495096530e-01
1.703874856550817540e+01 4.945020894381251808e-01
1.704809676511660754e+01 4.944334327612452396e-01
1.705744980923161336e+01 4.943647844177578854e-01
1.706680770036371086e+01 4.942961444065512300e-01
1.707617044102484272e+01 4.942275127265129409e-01
1.708553803372813462e+01 4.941588893765315182e-01
1.709491048098805877e+01 4.940902743554952958e-01
1.710428778532038407e+01 4.940216676622927738e-01
1.711366994924218332e+01 4.939530692958125080e-01
1.712305697527184023e+01 4.938844792549431650e-01
1.713244886592903526e+01 4.938158975385736338e-01
1.714184562373475984e+01 4.937473241455926920e-01
1.715124725121130922e+01 4.936787590748894505e-01
1.716065375088225409e+01 4.936102023253532978e-01
1.717006512527258266e+01 4.935416538958729560e-01
1.717948137690846622e+01 4.934731137853380356e-01
1.718890250831744382e+01 4.934045819926380361e-01
1.719832852202835483e+01 4.933360585166625678e-01
1.720775942057134245e+01 4.932675433563012968e-01
1.721719520647787505e+01 4.931990365104441110e-01
1.722663588228071774e+01 4.931305379779808984e-01
1.723608145051396079e+01 4.930620477578017136e-01
1.724553191371300187e+01 4.929935658487967221e-01
1.725498727441451763e+01 4.929250922498564225e-01
1.726444753515660224e+01 4.928566269598707583e-01
1.727391269847857203e+01 4.927881699777304503e-01
1.728338276692107556e+01 4.927197213023261635e-01
1.729285774302609369e+01 4.926512809325485076e-01
1.730233762933691466e+01 4.925828488672884808e-01
1.731182242839815189e+01 4.925144251054369149e-01
1.732131214275572972e+01 4.924460096458849745e-01
1.733080677495690480e+01 4.923776024875238244e-01
1.734030632755023760e+01 4.923092036292447404e-01
1.734981080308558177e+01 4.922408130699393869e-01
1.735932020411422627e+01 4.921724308084988175e-01
1.736883453318866088e+01 4.921040568438149743e-01
1.737835379286274318e+01 4.920356911747794659e-01
1.738787798569165233e+01 4.919673338002843455e-01
1.739740711423189268e+01 4.918989847192214993e-01
1.740694118104129018e+01 4.918306439304830913e-01
1.741648018867900305e+01 4.917623114329612299e-01
1.742602413970550046e+01 4.916939872255483568e-01
1.743557303668259806e+01 4.916256713071368023e-01
1.744512688217339047e+01 4.915573636766195076e-01
1.745468567874241472e+01 4.914890643328885811e-01
1.746424942895542642e+01 4.914207732748370194e-01
1.747381813537954187e+01 4.913524905013578747e-01
1.748339180058321674e+01 4.912842160113440326e-01
1.749297042713623540e+01 4.912159498036886562e-01
1.750255401760970742e+01 4.911476918772850198e-01
1.751214257457607815e+01 4.910794422310265084e-01
1.752173610060913589e+01 4.910112008638065073e-01
1.753133459828398699e+01 4.909429677745187348e-01
1.754093807017704520e+01 4.908747429620570757e-01
1.755054651886616668e+01 4.908065264253149151e-01
1.756015994693043325e+01 4.907383181631863600e-01
1.756977835695030166e+01 4.906701181745655171e-01
1.757940175150756801e+01 4.906019264583464934e-01
1.758903013318535713e+01 4.905337430134236731e-01
1.759866350456814388e+01 4.904655678386913853e-01
1.760830186824173182e+01 4.903974009330442363e-01
1.761794522679327812e+01 4.903292422953767771e-01
1.762759358281126509e+01 4.902610919245837806e-01
1.763724693888548600e+01 4.901929498195603530e-01
1.764690529760719784e+01 4.901248159792009895e-01
1.765656866156887261e+01 4.900566904024010184e-01
1.766623703336436790e+01 4.899885730880556567e-01
1.767591041558889131e+01 4.899204640350601769e-01
1.768558881083899692e+01 4.898523632423101293e-01
1.769527222171256753e+01 4.897842707087010083e-01
1.770496065080885018e+01 4.897161864331285308e-01
1.771465410072843127e+01 4.896481104144884133e-01
1.772435257407324727e+01 4.895800426516766501e-01
1.773405607344654555e+01 4.895119831435894575e-01
1.774376460145303014e+01 4.894439318891224411e-01
1.775347816069865203e+01 4.893758888871721502e-01
1.776319675379073715e+01 4.893078541366349676e-01
1.777292038333797564e+01 4.892398276364073317e-01
1.778264905195040413e+01 4.891718093853859028e-01
1.779238276223940574e+01 4.891037993824673413e-01
1.780212151681772426e+01 4.890357976265485296e-01
1.781186531829946063e+01 4.889678041165264055e-01
1.782161416930006226e+01 4.888998188512980181e-01
1.783136807243629818e+01 4.888318418297608603e-01
1.784112703032640823e+01 4.887638730508115925e-01
1.785089104558986861e+01 4.886959125133480408e-01
1.786066012084756238e+01 4.886279602162676983e-01
1.787043425872171909e+01 4.885600161584681134e-01
1.788021346183593607e+01 4.884920803388471677e-01
1.788999773281516426e+01 4.884241527563027430e-01
1.789978707428571880e+01 4.883562334097327762e-01
1.790958148887527557e+01 4.882883222980353710e-01
1.791938097921287110e+01 4.882204194201087977e-01
1.792918554792886354e+01 4.881525247748517149e-01
1.793899519765508899e+01 4.880846383611620043e-01
1.794880993102464473e+01 4.880167601779385467e-01
1.795862975067201361e+01 4.879488902240799453e-01
1.796845465923304985e+01 4.878810284984851364e-01
1.797828465934498610e+01 4.878131750000530564e-01
1.798811975364639792e+01 4.877453297276826971e-01
1.799795994477725003e+01 4.876774926802732169e-01
1.800780523537886069e+01 4.876096638567239405e-01
1.801765562809392662e+01 4.875418432559342485e-01
1.802751112556646618e+01 4.874740308768039654e-01
1.803737173044199693e+01 4.874062267182321384e-01
1.804723744536727992e+01 4.873384307791188141e-01
1.805710827299049015e+01 4.872706430583639281e-01
1.806698421596117754e+01 4.872028635548673603e-01
1.807686527693025624e+01 4.871350922675292683e-01
1.808675145855002597e+01 4.870673291952498651e-01
1.809664276347415424e+01 4.869995743369294749e-01
1.810653919435768344e+01 4.869318276914686439e-01
1.811644075385703445e+01 4.868640892577678625e-01
1.812634744462997105e+01 4.867963590347280656e-01
1.813625926933573496e+01 4.867286370212496882e-01
1.814617623063484686e+01 4.866609232162337206e-01
1.815609833118923078e+01 4.865932176185813196e-01
1.816602557366220339e+01 4.865255202271936974e-01
1.817595796071844916e+01 4.864578310409720663e-01
1.818589549502404523e+01 4.863901500588178606e-01
1.819583817924644364e+01 4.863224772796325146e-01
1.820578601605447844e+01 4.862548127023177957e-01
1.821573900811836566e+01 4.861871563257753048e-01
1.822569715810967139e+01 4.861195081489073089e-01
1.823566046870145740e+01 4.860518681706152422e-01
1.824562894256806089e+01 4.859842363898014272e-01
1.825560258238524014e+01 4.859166128053681311e-01
1.826558139083013543e+01 4.858489974162176761e-01
1.827556537058127972e+01 4.857813902212525514e-01
1.828555452431859507e+01 4.857137912193753015e-01
1.829554885472338910e+01 4.856462004094886376e-01
1.830554836447836209e+01 4.855786177904954370e-01
1.831555305626759633e+01 4.855110433612985221e-01
1.832556293277653836e+01 4.854434771208012700e-01
1.833557799669213750e+01 4.853759190679063917e-01
1.834559825070261851e+01 4.853083692015173201e-01
1.835562369749763079e+01 4.852408275205375432e-01
1.836565433976823414e+01 4.851732940238704939e-01
1.837569018020687039e+01 4.851057687104199379e-01
1.838573122150738115e+01 4.850382515790895854e-01
1.839577746636500066e+01 4.849707426287832579e-01
1.840582891747635941e+01 4.849032418584051096e-01
1.841588557753949829e+01 4.848357492668590729e-01
1.842594744925380112e+01 4.847682648530498017e-01
1.843601453532017231e+01 4.847007886158810619e-01
1.844608683844079877e+01 4.846333205542576184e-01
1.845616436131931692e+01 4.845658606670840696e-01
1.846624710666074876e+01 4.844984089532650140e-01
1.847633507717152668e+01 4.844309654117054942e-01
1.848642827555948287e+01 4.843635300413102751e-01
1.849652670453385994e+01 4.842961028409844548e-01
1.850663036680528961e+01 4.842286838096333534e-01
1.851673926508582468e+01 4.841612729461621245e-01
1.852685340208887510e+01 4.840938702494765322e-01
1.853697278052937492e+01 4.840264757184816191e-01
1.854709740312354427e+01 4.839590893520832604e-01
1.855722727258906701e+01 4.838917111491872758e-01
1.856736239164500901e+01 4.838243411086995405e-01
1.857750276301187142e+01 4.837569792295261517e-01
1.858764838941154807e+01 4.836896255105730957e-01
1.859779927356734675e+01 4.836222799507467474e-01
1.860795541820398924e+01 4.835549425489534814e-01
1.861811682604761131e+01 4.834876133040997837e-01
1.862828349982571652e+01 4.834202922150925841e-01
1.863845544226734319e+01 4.833529792808379799e-01
1.864863265610282639e+01 4.832856745002431786e-01
1.865881514406395070e+01 4.832183778722151657e-01
1.866900290888392533e+01 4.831510893956609820e-01
1.867919595329736637e+01 4.830838090694878906e-01
1.868939428004031456e+01 4.830165368926032099e-01
1.869959789185022458e+01 4.829492728639143695e-01
1.870980679146596870e+01 4.828820169823289654e-01
1.872002098162784023e+01 4.828147692467547047e-01
1.873024046507751805e+01 4.827475296560996831e-01
1.874046524455820872e+01 4.826802982092712746e-01
1.875069532281443330e+01 4.826130749051777968e-01
1.876093070259216944e+01 4.825458597427274565e-01
1.877117138663881590e+01 4.824786527208284603e-01
1.878141737770320319e+01 4.824114538383893480e-01
1.879166867853557221e+01 4.823442630943185483e-01
1.880192529188760631e+01 4.822770804875247674e-01
1.881218722051240277e+01 4.822099060169167672e-01
1.882245446716449067e+01 4.821427396814034205e-01
1.883272703459978104e+01 4.820755814798940442e-01
1.884300492557574103e+01 4.820084314112972335e-01
1.885328814285114163e+01 4.819412894745224718e-01
1.886357668918622466e+01 4.818741556684791316e-01
1.887387056734266366e+01 4.818070299920767519e-01
1.888416978008356040e+01 4.817399124442249825e-01
1.889447433017345190e+01 4.816728030238334179e-01
1.890478422037830697e+01 4.816057017298120413e-01
1.891509945346552257e+01 4.815386085610707800e-01
1.892542003220394164e+01 4.814715235165197282e-01
1.893574595936378913e+01 4.814044465950693130e-01
1.894607723771684960e+01 4.813373777956294064e-01
1.895641387003623279e+01 4.812703171171107686e-01
1.896675585909651218e+01 4.812032645584238821e-01
1.897710320767371073e+01 4.811362201184795073e-01
1.898745591854528314e+01 4.810691837961884043e-01
1.899781399449011943e+01 4.810021555904615553e-01
1.900817743828855910e+01 4.809351355002099981e-01
1.901854625272238053e+01 4.808681235243449925e-01
1.902892044057480092e+01 4.808011196617776872e-01
1.903930000463043726e+01 4.807341239114198972e-01
1.904968494767547682e+01 4.806671362721825491e-01
1.906007527249742850e+01 4.806001567429775689e-01
1.907047098188527912e+01 4.805331853227168271e-01
1.908087207862946855e+01 4.804662220103121939e-01
1.909127856552187907e+01 4.803992668046755954e-01
1.910169044535584604e+01 4.803323197047192905e-01
1.911210772092614008e+01 4.802653807093554827e-01
1.912253039502899199e+01 4.801984498174965976e-01
1.913295847046207498e+01 4.801315270280551162e-01
1.914339195002447269e+01 4.800646123399439635e-01
1.915383083651684615e+01 4.799977057520753432e-01
1.916427513274117445e+01 4.799308072633623468e-01
1.917472484150094658e+01 4.798639168727180659e-01
1.918517996560108330e+01 4.797970345790554814e-01
1.919564050784797971e+01 4.797301603812879622e-01
1.920610647104947333e+01 4.796632942783287112e-01
1.921657785801485474e+01 4.795964362690913751e-01
1.922705467155487824e+01 4.795295863524893787e-01
1.923753691448175118e+01 4.794627445274365907e-01
1.924802458960909490e+01 4.793959107928470464e-01
1.925851769975211525e+01 4.793290851476341152e-01
1.926901624772735744e+01 4.792622675907122209e-01
1.927952023635285883e+01 4.791954581209955655e-01
1.929002966844812050e+01 4.791286567373984617e-01
1.930054454683411080e+01 4.790618634388353336e-01
1.931106487433324759e+01 4.789950782242207716e-01
1.932159065376941953e+01 4.789283010924694772e-01
1.933212188796798614e+01 4.788615320424962074e-01
1.934265857975574932e+01 4.787947710732159412e-01
1.935320073196095692e+01 4.787280181835439907e-01
1.936374834741343420e+01 4.786612733723950019e-01
1.937430142894435292e+01 4.785945366386845090e-01
1.938485997938639471e+01 4.785278079813279350e-01
1.939542400157370139e+01 4.784610873992408697e-01
1.940599349834189624e+01 4.783943748913389027e-01
1.941656847252805917e+01 4.783276704565378457e-01
1.942714892697074802e+01 4.782609740937536214e-01
1.943773486450999144e+01 4.781942858019022635e-01
1.944832628798728180e+01 4.781276055798998614e-01
1.945892320024555744e+01 4.780609334266630039e-01
1.946952560412934119e+01 4.779942693411074472e-01
1.948013350248451303e+01 4.779276133221501688e-01
1.949074689815845929e+01 4.778609653687076464e-01
1.950136579400005843e+01 4.777943254796966910e-01
1.951199019285964908e+01 4.777276936540341690e-01
1.952262009758905847e+01 4.776610698906370578e-01
1.953325551104158819e+01 4.775944541884225014e-01
1.954389643607201066e+01 4.775278465463077548e-01
1.955454287553658688e+01 4.774612469632101841e-01
1.956519483229301670e+01 4.773946554380475438e-01
1.957585230920060226e+01 4.773280719697368668e-01
1.958651530912000283e+01 4.772614965571962409e-01
1.959718383491339821e+01 4.771949291993434761e-01
1.960785788944446750e+01 4.771283698950965491e-01
1.961853747557834637e+01 4.770618186433735475e-01
1.962922259618168397e+01 4.769952754430926700e-01
1.963991325412259670e+01 4.769287402931723374e-01
1.965060945227069311e+01 4.768622131925309704e-01
1.966131119349706324e+01 4.767956941400871562e-01
1.967201848067425374e+01 4.767291831347598707e-01
1.968273131667642062e+01 4.766626801754674236e-01
1.969344970437908060e+01 4.765961852611290128e-01
1.970417364665928517e+01 4.765296983906637807e-01
1.971490314639558150e+01 4.764632195629908140e-01
1.972563820646799471e+01 4.763967487770295328e-01
1.973637882975805624e+01 4.763302860316993570e-01
1.974712501914878260e+01 4.762638313259198730e-01
1.975787677752469662e+01 4.761973846586106673e-01
1.976863410777179908e+01 4.761309460286917150e-01
1.977939701277755447e+01 4.760645154350831576e-01
1.979016549543104375e+01 4.759980928767044150e-01
1.980093955862272992e+01 4.759316783524760730e-01
1.981171920524460361e+01 4.758652718613183841e-01
1.982250443819015828e+01 4.757988734021517674e-01
1.983329526035439017e+01 4.757324829738968086e-01
1.984409167463379831e+01 4.756661005754741489e-01
1.985489368392637033e+01 4.755997262058044850e-01
1.986570129113160732e+01 4.755333598638089021e-01
1.987651449915050605e+01 4.754670015484083745e-01
1.988733331088553413e+01 4.754006512585242650e-01
1.989815772924077208e+01 4.753343089930774368e-01
1.990898775712170377e+01 4.752679747509894748e-01
1.991982339743533714e+01 4.752016485311820193e-01
1.993066465309019719e+01 4.751353303325766553e-01
1.994151152699631879e+01 4.750690201540951341e-01
1.995236402206523962e+01 4.750027179946593736e-01
1.996322214121001082e+01 4.749364238531914029e-01
1.997408588734518986e+01 4.748701377286133618e-01
1.998495526338684414e+01 4.748038596198475569e-01
1.999583027225251186e+01 4.747375895258166278e-01
2.000671091686136904e+01 4.746713274454424925e-01
2.001759720013398436e+01 4.746050733776481234e-01
2.002848912499246481e+01 4.745388273213562713e-01
2.003938669436044862e+01 4.744725892754898533e-01
2.005028991116308035e+01 4.744063592389717865e-01
2.006119877832702514e+01 4.743401372107253211e-01
2.007211329878046868e+01 4.742739231896736518e-01
2.008303347545310302e+01 4.742077171747400843e-01
2.009395931127614432e+01 4.741415191648483130e-01
2.010489080918228666e+01 4.740753291589219764e-01
2.011582797210586548e+01 4.740091471558844916e-01
2.012677080298261956e+01 4.739429731546599411e-01
2.013771930474984018e+01 4.738768071541722415e-01
2.014867348034634986e+01 4.738106491533455866e-01
2.015963333271249169e+01 4.737444991511041703e-01
2.017059886479012576e+01 4.736783571463724640e-01
2.018157007952265047e+01 4.736122231380748282e-01
2.019254697985497415e+01 4.735460971251359563e-01
2.020352956873353989e+01 4.734799791064805419e-01
2.021451784910627936e+01 4.734138690810336669e-01
2.022551182392276559e+01 4.733477670477199140e-01
2.023651149613398559e+01 4.732816730054645871e-01
2.024751686869249667e+01 4.732155869531928238e-01
2.025852794455238026e+01 4.731495088898301504e-01
2.026954472666924545e+01 4.730834388143019265e-01
2.028056721800024675e+01 4.730173767255337336e-01
2.029159542150406281e+01 4.729513226224513756e-01
2.030262934014090703e+01 4.728852765039806560e-01
2.031366897687252049e+01 4.728192383690475453e-01
2.032471433466214705e+01 4.727532082165784022e-01
2.033576541647468972e+01 4.726871860454989194e-01
2.034682222527645123e+01 4.726211718547357887e-01
2.035788476403533309e+01 4.725551656432153691e-01
2.036895303572076088e+01 4.724891674098642969e-01
2.038002704330370207e+01 4.724231771536092639e-01
2.039110678975666602e+01 4.723571948733770731e-01
2.040219227805369329e+01 4.722912205680948050e-01
2.041328351117038054e+01 4.722252542366893735e-01
2.042438049208385564e+01 4.721592958780881921e-01
2.043548322377275284e+01 4.720933454912187299e-01
2.044659170921736902e+01 4.720274030750079008e-01
2.045770595139943282e+01 4.719614686283836735e-01
2.046882595330224319e+01 4.718955421502736280e-01
2.047995171791065872e+01 4.718296236396056220e-01
2.049108324821107630e+01 4.717637130953076796e-01
2.050222054719144538e+01 4.716978105163077695e-01
2.051336361784126083e+01 4.716319159015341378e-01
2.052451246315157363e+01 4.715660292499151973e-01
2.053566708611497305e+01 4.715001505603792498e-01
2.054682748972556183e+01 4.714342798318552075e-01
2.055799367697913027e+01 4.713684170632713166e-01
2.056916565087287907e+01 4.713025622535565451e-01
2.058034341440561832e+01 4.712367154016399162e-01
2.059152697057769998e+01 4.711708765064504534e-01
2.060271632239104278e+01 4.711050455669174020e-01
2.061391147284910730e+01 4.710392225819700629e-01
2.062511242495692798e+01 4.709734075505378481e-01
2.063631918172107760e+01 4.709076004715503361e-01
2.064753174614970632e+01 4.708418013439372718e-01
2.065875012125246002e+01 4.707760101666286778e-01
2.066997431004068986e+01 4.707102269385540216e-01
2.068120431552717520e+01 4.706444516586436033e-01
2.069244014072628701e+01 4.705786843258275565e-01
2.070368178865397368e+01 4.705129249390363477e-01
2.071492926232774678e+01 4.704471734972002772e-01
2.072618256476666687e+01 4.703814299992499226e-01
2.073744169899136836e+01 4.703156944441160836e-01
2.074870666802405950e+01 4.702499668307294489e-01
2.075997747488849399e+01 4.701842471580210403e-01
2.077125412260997095e+01 4.701185354249221571e-01
2.078253661421547349e+01 4.700528316303634324e-01
2.079382495273343068e+01 4.699871357732764987e-01
2.080511914119387384e+01 4.699214478525927108e-01
2.081641918262841884e+01 4.698557678672437565e-01
2.082772508007024470e+01 4.697900958161611573e-01
2.083903683655410433e+01 4.697244316982768786e-01
2.085035445511631380e+01 4.696587755125227748e-01
2.086167793879478083e+01 4.695931272578309223e-01
2.087300729062897275e+01 4.695274869331335643e-01
2.088434251365989525e+01 4.694618545373631102e-01
2.089568361093025572e+01 4.693962300694516365e-01
2.090703058548421822e+01 4.693306135283319414e-01
2.091838344036755615e+01 4.692650049129366008e-01
2.092974217862762032e+01 4.691994042221985239e-01
2.094110680331335672e+01 4.691338114550506200e-01
2.095247731747527453e+01 4.690682266104259646e-01
2.096385372416547099e+01 4.690026496872576889e-01
2.097523602643762430e+01 4.689370806844792017e-01
2.098662422734699007e+01 4.688715196010238562e-01
2.099801832995037643e+01 4.688059664358254497e-01
2.100941833730629682e+01 4.687404211878172244e-01
2.102082425247472131e+01 4.686748838559331443e-01
2.103223607851724708e+01 4.686093544391072840e-01
2.104365381849705585e+01 4.685438329362736076e-01
2.105507747547892450e+01 4.684783193463663564e-01
2.106650705252921441e+01 4.684128136683197718e-01
2.107794255271587502e+01 4.683473159010682618e-01
2.108938397910844387e+01 4.682818260435465119e-01
2.110083133477805717e+01 4.682163440946890964e-01
2.111228462279738594e+01 4.681508700534311451e-01
2.112374384624084200e+01 4.680854039187071214e-01
2.113520900818428316e+01 4.680199456894522103e-01
2.114668011170521211e+01 4.679544953646017080e-01
2.115815715988272316e+01 4.678890529430908551e-01
2.116964015579751290e+01 4.678236184238551143e-01
2.118112910253187309e+01 4.677581918058300592e-01
2.119262400316967998e+01 4.676927730879514300e-01
2.120412486079642989e+01 4.676273622691549114e-01
2.121563167849919296e+01 4.675619593483765213e-01
2.122714445936661676e+01 4.674965643245525548e-01
2.123866320648907546e+01 4.674311771966186968e-01
2.125018792295840697e+01 4.673657979635115201e-01
2.126171861186809764e+01 4.673004266241674864e-01
2.127325527631323965e+01 4.672350631775231133e-01
2.128479791939052745e+01 4.671697076225150846e-01
2.129634654419826489e+01 4.671043599580802508e-01
2.130790115383634742e+01 4.670390201831555732e-01
2.131946175140629407e+01 4.669736882966780689e-01
2.133102834001122261e+01 4.669083642975849768e-01
2.134260092275581400e+01 4.668430481848138136e-01
2.135417950274649712e+01 4.667777399573015407e-01
2.136576408309116815e+01 4.667124396139859521e-01
2.137735466689938590e+01 4.666471471538047866e-01
2.138895125728231861e+01 4.665818625756958937e-01
2.140055385735275095e+01 4.665165858785971231e-01
2.141216247022506280e+01 4.664513170614466020e-01
2.142377709901527894e+01 4.663860561231825130e-01
2.143539774684100863e+01 4.663208030627431500e-01
2.144702441682149185e+01 4.662555578790670285e-01
2.145865711207753890e+01 4.661903205710929976e-01
2.147029583573171507e+01 4.661250911377590733e-01
2.148194059090806007e+01 4.660598695780045486e-01
2.149359138073229047e+01 4.659946558907682168e-01
2.150524820833172157e+01 4.659294500749892043e-01
2.151691107683531357e+01 4.658642521296067485e-01
2.152857998937362893e+01 4.657990620535601423e-01
2.154025494907887150e+01 4.657338798457888451e-01
2.155193595908485094e+01 4.656687055052324276e-01
2.156362302252700403e+01 4.656035390308305710e-01
2.157531614254235564e+01 4.655383804215234567e-01
2.158701532226968567e+01 4.654732296762504329e-01
2.159872056484926617e+01 4.654080867939519028e-01
2.161043187342304606e+01 4.653429517735679921e-01
2.162214925113459074e+01 4.652778246140391039e-01
2.163387270112911409e+01 4.652127053143056967e-01
2.164560222655343225e+01 4.651475938733083404e-01
2.165733783055601691e+01 4.650824902899877711e-01
2.166907951628696694e+01 4.650173945632847805e-01
2.168082728689800476e+01 4.649523066921403824e-01
2.169258114554244088e+01 4.648872266754958127e-01
2.170434109537536571e+01 4.648221545122919740e-01
2.171610713955336536e+01 4.647570902014702687e-01
2.172787928123469925e+01 4.646920337419722657e-01
2.173965752357927528e+01 4.646269851327395339e-01
2.175144186974862848e+01 4.645619443727138087e-01
2.176323232290593879e+01 4.644969114608368810e-01
2.177502888621602395e+01 4.644318863960508192e-01
2.178683156284533950e+01 4.643668691772976365e-01
2.179864035596198590e+01 4.643018598035195676e-01
2.181045526873565166e+01 4.642368582736593474e-01
2.182227630433781940e+01 4.641718645866587667e-01
2.183410346594146745e+01 4.641068787414607821e-01
2.184593675672126167e+01 4.640419007370081284e-01
2.185777617985352350e+01 4.639769305722435400e-01
2.186962173851621216e+01 4.639119682461100846e-01
2.188147343588893889e+01 4.638470137575509411e-01
2.189333127515295274e+01 4.637820671055092325e-01
2.190519525949116897e+01 4.637171282889284152e-01
2.191706539208812998e+01 4.636521973067518898e-01
2.192894167613000889e+01 4.635872741579235567e-01
2.194082411480474448e+01 4.635223588413866502e-01
2.195271271130179969e+01 4.634574513560852926e-01
2.196460746881233916e+01 4.633925517009634398e-01
2.197650839052917604e+01 4.633276598749652697e-01
2.198841547964678256e+01 4.632627758770349602e-01
2.200032873936127586e+01 4.631978997061170222e-01
2.201224817287044289e+01 4.631330313611557448e-01
2.202417378337372611e+01 4.630681708410958608e-01
2.203610557407220938e+01 4.630033181448822144e-01
2.204804354816861434e+01 4.629384732714597606e-01
2.205998770886744609e+01 4.628736362197730658e-01
2.207193805937472675e+01 4.628088069887675848e-01
2.208389460289819795e+01 4.627439855773884947e-01
2.209585734264726398e+01 4.626791719845811945e-01
2.210782628183298115e+01 4.626143662092911946e-01
2.211980142366807556e+01 4.625495682504641715e-01
2.213178277136694660e+01 4.624847781070458019e-01
2.214377032814564572e+01 4.624199957779820958e-01
2.215576409722189766e+01 4.623552212622188962e-01
2.216776408181505076e+01 4.622904545587027680e-01
2.217977028514625104e+01 4.622256956663793881e-01
2.219178271043818995e+01 4.621609445841954322e-01
2.220380136091526069e+01 4.620962013110974098e-01
2.221582623980354043e+01 4.620314658460319412e-01
2.222785735033076548e+01 4.619667381879458135e-01
2.223989469572634903e+01 4.619020183357859799e-01
2.225193827922138468e+01 4.618373062884993940e-01
2.226398810404863582e+01 4.617726020450332869e-01
2.227604417344253918e+01 4.617079056043348895e-01
2.228810649063915861e+01 4.616432169653518769e-01
2.230017505887638052e+01 4.615785361270313136e-01
2.231224988139363674e+01 4.615138630883210413e-01
2.232433096143206441e+01 4.614491978481689571e-01
2.233641830223449531e+01 4.613845404055228472e-01
2.234851190704543811e+01 4.613198907593308307e-01
2.236061177911108189e+01 4.612552489085410823e-01
2.237271792167930329e+01 4.611906148521018878e-01
2.238483033799965227e+01 4.611259885889616994e-01
2.239694903132336634e+01 4.610613701180689139e-01
2.240907400490332790e+01 4.609967594383726497e-01
2.242120526199423480e+01 4.609321565488211370e-01
2.243334280585234453e+01 4.608675614483635496e-01
2.244548663973563762e+01 4.608029741359488951e-01
2.245763676690378574e+01 4.607383946105264583e-01
2.246979319061814806e+01 4.606738228710454686e-01
2.248195591414178196e+01 4.606092589164554330e-01
2.249412494073942170e+01 4.605447027457058584e-01
2.250630027367751396e+01 4.604801543577464740e-01
2.251848191622417517e+01 4.604156137515270641e-01
2.253066987164918800e+01 4.603510809259978576e-01
2.254286414322415411e+01 4.602865558801084722e-01
2.255506473422224545e+01 4.602220386128091922e-01
2.256727164791836060e+01 4.601575291230505238e-01
2.257948488758911409e+01 4.600930274097828065e-01
2.259170445651279380e+01 4.600285334719567132e-01
2.260393035796941774e+01 4.599640473085228609e-01
2.261616259524068084e+01 4.598995689184320890e-01
2.262840117160997977e+01 4.598350983006354586e-01
2.264064609036242359e+01 4.597706354540839757e-01
2.265289735478476629e+01 4.597061803777291455e-01
2.266515496816561637e+01 4.596417330705217519e-01
2.267741893379513840e+01 4.595772935314135776e-01
2.268968925496524847e+01 4.595128617593561837e-01
2.270196593496957504e+01 4.594484377533012975e-01
2.271424897710344482e+01 4.593840215122008130e-01
2.272653838466389686e+01 4.593196130350066797e-01
2.273883416094968268e+01 4.592552123206710135e-01
2.275113630926125907e+01 4.591908193681460415e-01
2.276344483290078813e+01 4.591264341763841017e-01
2.277575973517210883e+01 4.590620567443379763e-01
2.278808101938090402e+01 4.589976870709596701e-01
2.280040868883442684e+01 4.589333251552023540e-01
2.281274274684169967e+01 4.588689709960187546e-01
2.282508319671345021e+01 4.588046245923619870e-01
2.283743004176212921e+01 4.587402859431850000e-01
2.284978328530190694e+01 4.586759550474412417e-01
2.286214293064865899e+01 4.586116319040839384e-01
2.287450898111998754e+01 4.585473165120666494e-01
2.288688144003521785e+01 4.584830088703430451e-01
2.289926031071533785e+01 4.584187089778670732e-01
2.291164559648320420e+01 4.583544168335921820e-01
2.292403730066325451e+01 4.582901324364725415e-01
2.293643542658169210e+01 4.582258557854624326e-01
2.294883997756645044e+01 4.581615868795160806e-01
2.296125095694718965e+01 4.580973257175877666e-01
2.297366836805527512e+01 4.580330722986322156e-01
2.298609221422382376e+01 4.579688266216038750e-01
2.299852249878766841e+01 4.579045886854576364e-01
2.301095922508337210e+01 4.578403584891483913e-01
2.302340239644916764e+01 4.577761360316314199e-01
2.303585201622518852e+01 4.577119213118613916e-01
2.304830808775312434e+01 4.576477143287938087e-01
2.306077061437646947e+01 4.575835150813841734e-01
2.307323959944043779e+01 4.575193235685879323e-01
2.308571504629197690e+01 4.574551397893608096e-01
2.309819695827977171e+01 4.573909637426585850e-01
2.311068533875424080e+01 4.573267954274371494e-01
2.312318019106754363e+01 4.572626348426526710e-01
2.313568151857357691e+01 4.571984819872612071e-01
2.314818932462791778e+01 4.571343368602193702e-01
2.316070361258803345e+01 4.570701994604831619e-01
2.317322438581298627e+01 4.570060697870092503e-01
2.318575164766363272e+01 4.569419478387544697e-01
2.319828540150256302e+01 4.568778336146755437e-01
2.321082565069410464e+01 4.568137271137294730e-01
2.322337239860435432e+01 4.567496283348732589e-01
2.323592564860111409e+01 4.566855372770642352e-01
2.324848540405396946e+01 4.566214539392596250e-01
2.326105166833423255e+01 4.565573783204168734e-01
2.327362444481491011e+01 4.564933104194939251e-01
2.328620373687090961e+01 4.564292502354478920e-01
2.329878954787874790e+01 4.563651977672368854e-01
2.331138188121673238e+01 4.563011530138188498e-01
2.332398074026491841e+01 4.562371159741519522e-01
2.333658612840511637e+01 4.561730866471944146e-01
2.334919804902089879e+01 4.561090650319045148e-01
2.336181650549757194e+01 4.560450511272408081e-01
2.337444150122221842e+01 4.559810449321617942e-01
2.338707303958365458e+01 4.559170464456263061e-01
2.339971112397242337e+01 4.558530556665934541e-01
2.341235575778095424e+01 4.557890725940216825e-01
2.342500694440330378e+01 4.557250972268703793e-01
2.343766468723532626e+01 4.556611295640987658e-01
2.345032898967463808e+01 4.555971696046662855e-01
2.346299985512061426e+01 4.555332173475323265e-01
2.347567728697439904e+01 4.554692727916566652e-01
2.348836128863889172e+01 4.554053359359989117e-01
2.350105186351875730e+01 4.553414067795190090e-01
2.351374901502043002e+01 4.552774853211769557e-01
2.352645274655204943e+01 4.552135715599331944e-01
2.353916306152367710e+01 4.551496654947473908e-01
2.355187996334699463e+01 4.550857671245803204e-01
2.356460345543549550e+01 4.550218764483924816e-01
2.357733354120444602e+01 4.549579934651443724e-01
2.359007022407088527e+01 4.548941181737969353e-01
2.360281350745361451e+01 4.548302505733110568e-01
2.361556339477320776e+01 4.547663906626476793e-01
2.362831988945202966e+01 4.547025384407680226e-01
2.364108299491418919e+01 4.546386939066334176e-01
2.365385271458553973e+01 4.545748570592055282e-01
2.366662905189386379e+01 4.545110278974452966e-01
2.367941201026854969e+01 4.544472064203148309e-01
2.369220159314082608e+01 4.543833926267757395e-01
2.370499780394370859e+01 4.543195865157900748e-01
2.371780064611197858e+01 4.542557880863198339e-01
2.373061012308219020e+01 4.541919973373272357e-01
2.374342623829269883e+01 4.541282142677745548e-01
2.375624899518363264e+01 4.540644388766242878e-01
2.376907839719689264e+01 4.540006711628389868e-01
2.378191444777613839e+01 4.539369111253815925e-01
2.379475715036693018e+01 4.538731587632144904e-01
2.380760650841649806e+01 4.538094140753007322e-01
2.382046252537388398e+01 4.537456770606035361e-01
2.383332520468993110e+01 4.536819477180860649e-01
2.384619454981725895e+01 4.536182260467117033e-01
2.385907056421028472e+01 4.535545120454437806e-01
2.387195325132521972e+01 4.534908057132460701e-01
2.388484261462005520e+01 4.534271070490821787e-01
2.389773865755458360e+01 4.533634160519159906e-01
2.391064138359033464e+01 4.532997327207117788e-01
2.392355079619078850e+01 4.532360570544330947e-01
2.393646689882106315e+01 4.531723890520443776e-01
2.394938969494811687e+01 4.531087287125100671e-01
2.396231918804072691e+01 4.530450760347947137e-01
2.397525538156944336e+01 4.529814310178627568e-01
2.398819827900662816e+01 4.529177936606790800e-01
2.400114788382644093e+01 4.528541639622085668e-01
2.401410419950483899e+01 4.527905419214161564e-01
2.402706722951959151e+01 4.527269275372669544e-01
2.404003697735019429e+01 4.526633208087265658e-01
2.405301344647812911e+01 4.525997217347598189e-01
2.406599664038650843e+01 4.525361303143325409e-01
2.407898656256030634e+01 4.524725465464102814e-01
2.409198321648630881e+01 4.524089704299588677e-01
2.410498660565310303e+01 4.523454019639442381e-01
2.411799673355108453e+01 4.522818411473323308e-01
2.413101360367245007e+01 4.522182879790893617e-01
2.414403721951122606e+01 4.521547424581816021e-01
2.415706758456323300e+01 4.520912045835754345e-01
2.417010470232605357e+01 4.520276743542377407e-01
2.418314857629924219e+01 4.519641517691346810e-01
2.419619920998401597e+01 4.519006368272331375e-01
2.420925660688344294e+01 4.518371295275002142e-01
2.422232077050242438e+01 4.517736298689029595e-01
2.423539170434765921e+01 4.517101378504084774e-01
2.424846941192768313e+01 4.516466534709840941e-01
2.426155389675283658e+01 4.515831767295972465e-01
2.427464516233528613e+01 4.515197076252155384e-01
2.428774321218901378e+01 4.514562461568067397e-01
2.430084804982977076e+01 4.513927923233387318e-01
2.431395967877529429e+01 4.513293461237791182e-01
2.432707810254497716e+01 4.512659075570961686e-01
2.434020332466009506e+01 4.512024766222580974e-01
2.435333534864373917e+01 4.511390533182332852e-01
2.436647417802084448e+01 4.510756376439901683e-01
2.437961981631816144e+01 4.510122295984972940e-01
2.439277226706425949e+01 4.509488291807234872e-01
2.440593153378955549e+01 4.508854363896375173e-01
2.441909762002628170e+01 4.508220512242084310e-01
2.443227052930845389e+01 4.507586736834055530e-01
2.444545026517207731e+01 4.506953037661975969e-01
2.445863683115482701e+01 4.506319414715542204e-01
2.447183023079627162e+01 4.505685867984448589e-01
2.448503046763781299e+01 4.505052397458392255e-01
2.449823754522267549e+01 4.504419003127069776e-01
2.451145146709593803e+01 4.503785684980180504e-01
2.452467223680450559e+01 4.503152443007423789e-01
2.453789985789711992e+01 4.502519277198502312e-01
2.455113433392437372e+01 4.501886187543118201e-01
2.456437566843863607e+01 4.501253174030976911e-01
2.457762386499427265e+01 4.500620236651780015e-01
2.459087892714734380e+01 4.499987375395235745e-01
2.460414085845579990e+01 4.499354590251051778e-01
2.461740966247943518e+01 4.498721881208937456e-01
2.463068534277988419e+01 4.498089248258602679e-01
2.464396790292063955e+01 4.497456691389759564e-01
2.465725734646703060e+01 4.496824210592121340e-01
2.467055367698623058e+01 4.496191805855402346e-01
2.468385689804727434e+01 4.495559477169317475e-01
2.469716701322098018e+01 4.494927224523586062e-01
2.471048402608019146e+01 4.494295047907920226e-01
2.472380794019942130e+01 4.493662947312043743e-01
2.473713875915511551e+01 4.493030922725675946e-01
2.475047648652554599e+01 4.492398974138539502e-01
2.476382112589086759e+01 4.491767101540356522e-01
2.477717268083306124e+01 4.491135304920853555e-01
2.479053115493598725e+01 4.490503584269753823e-01
2.480389655178535335e+01 4.489871939576786097e-01
2.481726887496872180e+01 4.489240370831678040e-01
2.483064812807547028e+01 4.488608878024162308e-01
2.484403431469698731e+01 4.487977461143964342e-01
2.485742743842636315e+01 4.487346120180818465e-01
2.487082750285862076e+01 4.486714855124459556e-01
2.488423451159061983e+01 4.486083665964620826e-01
2.489764846822109945e+01 4.485452552691039374e-01
2.491106937635066387e+01 4.484821515293452299e-01
2.492449723958178609e+01 4.484190553761597253e-01
2.493793206151878650e+01 4.483559668085215777e-01
2.495137384576787198e+01 4.482928858254048299e-01
2.496482259593706843e+01 4.482298124257840244e-01
2.497827831563640899e+01 4.481667466086329821e-01
2.499174100847766766e+01 4.481036883729264675e-01
2.500521067807451203e+01 4.480406377176391342e-01
2.501868732804250683e+01 4.479775946417457466e-01
2.503217096199908553e+01 4.479145591442212360e-01
2.504566158356354322e+01 4.478515312240405333e-01
2.505915919635706146e+01 4.477885108801787917e-01
2.507266380400270478e+01 4.477254981116113863e-01
2.508617541012539220e+01 4.476624929173136924e-01
2.509969401835190084e+01 4.475994952962613627e-01
2.511321963231101861e+01 4.475365052474297722e-01
2.512675225563326720e+01 4.474735227697948514e-01
2.514029189195109382e+01 4.474105478623325305e-01
2.515383854489884996e+01 4.473475805240188508e-01
2.516739221811274518e+01 4.472846207538300201e-01
2.518095291523088264e+01 4.472216685507423573e-01
2.519452063989325907e+01 4.471587239137322922e-01
2.520809539574174352e+01 4.470957868417763659e-01
2.522167718642010215e+01 4.470328573338512856e-01
2.523526601557393434e+01 4.469699353889340920e-01
2.524886188685089294e+01 4.469070210060012704e-01
2.526246480390034321e+01 4.468441141840301389e-01
2.527607477037361861e+01 4.467812149219979045e-01
2.528969178992392486e+01 4.467183232188819964e-01
2.530331586620637552e+01 4.466554390736597324e-01
2.531694700287797417e+01 4.465925624853088194e-01
2.533058520359761445e+01 4.465296934528069639e-01
2.534423047202609069e+01 4.464668319751319281e-01
2.535788281182609438e+01 4.464039780512618072e-01
2.537154222666215375e+01 4.463411316801749185e-01
2.538520872020087538e+01 4.462782928608489685e-01
2.539888229611058534e+01 4.462154615922626077e-01
2.541256295806157439e+01 4.461526378733943754e-01
2.542625070972603751e+01 4.460898217032228663e-01
2.543994555477806330e+01 4.460270130807267863e-01
2.545364749689365169e+01 4.459642120048850633e-01
2.546735653975070335e+01 4.459014184746767362e-01
2.548107268702903028e+01 4.458386324890809549e-01
2.549479594241034519e+01 4.457758540470768693e-01
2.550852630957822242e+01 4.457130831476442956e-01
2.552226379221829689e+01 4.456503197897621060e-01
2.553600839401796918e+01 4.455875639724102832e-01
2.554976011866657615e+01 4.455248156945686433e-01
2.556351896985539796e+01 4.454620749552170578e-01
2.557728495127760837e+01 4.453993417533356203e-01
2.559105806662829252e+01 4.453366160879044244e-01
2.560483831960447176e+01 4.452738979579038414e-01
2.561862571390505749e+01 4.452111873623142424e-01
2.563242025323089379e+01 4.451484843001162206e-01
2.564622194128468990e+01 4.450857887702907023e-01
2.566003078177121921e+01 4.450231007718180032e-01
2.567384677839703855e+01 4.449604203036793826e-01
2.568766993487065520e+01 4.448977473648557668e-01
2.570150025490251622e+01 4.448350819543285262e-01
2.571533774220497648e+01 4.447724240710788646e-01
2.572918240049232708e+01 4.447097737140883744e-01
2.574303423348077757e+01 4.446471308823385371e-01
2.575689324488846665e+01 4.445844955748111116e-01
2.577075943843545502e+01 4.445218677904879123e-01
2.578463281784368277e+01 4.444592475283511979e-01
2.579851338683717898e+01 4.443966347873826161e-01
2.581240114914173489e+01 4.443340295665645923e-01
2.582629610848513835e+01 4.442714318648794403e-01
2.584019826859710278e+01 4.442088416813097518e-01
2.585410763320926719e+01 4.441462590148381184e-01
2.586802420605521746e+01 4.440836838644472429e-01
2.588194799087046505e+01 4.440211162291201052e-01
2.589587899139245764e+01 4.439585561078396303e-01
2.590981721136058979e+01 4.438960034995889647e-01
2.592376265451612838e+01 4.438334584033516994e-01
2.593771532460243989e+01 4.437709208181106479e-01
2.595167522536468496e+01 4.437083907428495677e-01
2.596564236055000663e+01 4.436458681765521606e-01
2.597961673390748416e+01 4.435833531182022393e-01
2.599359834918815082e+01 4.435208455667836724e-01
2.600758721014498320e+01 4.434583455212804948e-01
2.602158332053289769e+01 4.433958529806769078e-01
2.603558668410875754e+01 4.433333679439571684e-01
2.604959730463137291e+01 4.432708904101057001e-01
2.606361518586144754e+01 4.432084203781073706e-01
2.607764033156179906e+01 4.431459578469463811e-01
2.609167274549703919e+01 4.430835028156076549e-01
2.610571243143376563e+01 4.430210552830762816e-01
2.611975939314054429e+01 4.429586152483372397e-01
2.613381363438788441e+01 4.428961827103758409e-01
2.614787515894825987e+01 4.428337576681772858e-01
2.616194397059609145e+01 4.427713401207271082e-01
2.617602007310775747e+01 4.427089300670108973e-01
2.619010347026159735e+01 4.426465275060142979e-01
2.620419416583783701e+01 4.425841324367235097e-01
2.621829216361885884e+01 4.425217448581239554e-01
2.623239746738880740e+01 4.424593647692020015e-01
2.624651008093386295e+01 4.423969921689439033e-01
2.626063000804215619e+01 4.423346270563359162e-01
2.627475725250378957e+01 4.422722694303646840e-01
2.628889181811082665e+01 4.422099192900167397e-01
2.630303370865729207e+01 4.421475766342788383e-01
2.631718292793919289e+01 4.420852414621379012e-01
2.633133947975447242e+01 4.420229137725809054e-01
2.634550336790302438e+01 4.419605935645951611e-01
2.635967459618684217e+01 4.418982808371675897e-01
2.637385316840975591e+01 4.418359755892857232e-01
2.638803908837759948e+01 4.417736778199371495e-01
2.640223235989817852e+01 4.417113875281095114e-01
2.641643298678129170e+01 4.416491047127905079e-01
2.643064097283869529e+01 4.415868293729682259e-01
2.644485632188412083e+01 4.415245615076305308e-01
2.645907903773328940e+01 4.414623011157656762e-01
2.647330912420388671e+01 4.414000481963619160e-01
2.648754658511552407e+01 4.413378027484080035e-01
2.650179142428996215e+01 4.412755647708919149e-01
2.651604364555077709e+01 4.412133342628026256e-01
2.653030325272357715e+01 4.411511112231289444e-01
2.654457024963594947e+01 4.410888956508598469e-01
2.655884464011748136e+01 4.410266875449843638e-01
2.657312642799972124e+01 4.409644869044916926e-01
2.658741561711622481e+01 4.409022937283711974e-01
2.660171221130251595e+01 4.408401080156123530e-01
2.661601621439612586e+01 4.407779297652047457e-01
2.663032763023649707e+01 4.407157589761382388e-01
2.664464646266525349e+01 4.406535956474023630e-01
2.665897271552581671e+01 4.405914397779872038e-01
2.667330639266367598e+01 4.405292913668829025e-01
2.668764749792629942e+01 4.404671504130797666e-01
2.670199603516316600e+01 4.404050169155680483e-01
2.671635200822572642e+01 4.403428908733383329e-01
2.673071542096744935e+01 4.402807722853812056e-01
2.674508627724378940e+01 4.402186611506873626e-01
2.675946458091219426e+01 4.401565574682478332e-01
2.677385033583206564e+01 4.400944612370537579e-01
2.678824354586497591e+01 4.400323724560957217e-01
2.680264421487431292e+01 4.399702911243654202e-01
2.681705234672553928e+01 4.399082172408541047e-01
2.683146794528611423e+01 4.398461508045533597e-01
2.684589101442549719e+01 4.397840918144548805e-01
2.686032155801516552e+01 4.397220402695503627e-01
2.687475957992858611e+01 4.396599961688318348e-01
2.688920508404124377e+01 4.395979595112912697e-01
2.690365807423063771e+01 4.395359302959208070e-01
2.691811855437620338e+01 4.394739085217130303e-01
2.693258652835957534e+01 4.394118941876599127e-01
2.694706200006420715e+01 4.393498872927542043e-01
2.696154497337563782e+01 4.392878878359886552e-01
2.697603545218142429e+01 4.392258958163560711e-01
2.699053344037112012e+01 4.391639112328493133e-01
2.700503894183630749e+01 4.391019340844615759e-01
2.701955196047059005e+01 4.390399643701859977e-01
2.703407250016956809e+01 4.389780020890159951e-01
2.704860056483088826e+01 4.389160472399449286e-01
2.706313615835412989e+01 4.388540998219666589e-01
2.707767928464109985e+01 4.387921598340744356e-01
2.709222994759541692e+01 4.387302272752623966e-01
2.710678815112281370e+01 4.386683021445245134e-01
2.712135389913102657e+01 4.386063844408548129e-01
2.713592719552982402e+01 4.385444741632476551e-01
2.715050804423099606e+01 4.384825713106973444e-01
2.716509644914837196e+01 4.384206758821983518e-01
2.717969241419779891e+01 4.383587878767453705e-01
2.719429594329714206e+01 4.382969072933331489e-01
2.720890704036626673e+01 4.382350341309567687e-01
2.722352570932723026e+01 4.381731683886108120e-01
2.723815195410393386e+01 4.381113100652906378e-01
2.725278577862239970e+01 4.380494591599914944e-01
2.726742718681065369e+01 4.379876156717087965e-01
2.728207618259877876e+01 4.379257795994381808e-01
2.729673276991889352e+01 4.378639509421751730e-01
2.731139695270513812e+01 4.378021296989156319e-01
2.732606873489370614e+01 4.377403158686554163e-01
2.734074812042283043e+01 4.376785094503906626e-01
2.735543511323272270e+01 4.376167104431177290e-01
2.737012971726580801e+01 4.375549188458324745e-01
2.738483193646638725e+01 4.374931346575315350e-01
2.739954177478085739e+01 4.374313578772115463e-01
2.741425923615765825e+01 4.373695885038691444e-01
2.742898432454729374e+01 4.373078265365011319e-01
2.744371704390228572e+01 4.372460719741045332e-01
2.745845739817723086e+01 4.371843248156763728e-01
2.747320539132876149e+01 4.371225850602139529e-01
2.748796102731556346e+01 4.370608527067145199e-01
2.750272431009832275e+01 4.369991277541758201e-01
2.751749524363993160e+01 4.369374102015949890e-01
2.753227383190519362e+01 4.368757000479699393e-01
2.754706007886099073e+01 4.368139972922986392e-01
2.756185398847629031e+01 4.367523019335790013e-01
2.757665556472209190e+01 4.366906139708091050e-01
2.759146481157147335e+01 4.366289334029872515e-01
2.760628173299955535e+01 4.365672602291118531e-01
2.762110633298353690e+01 4.365055944481813222e-01
2.763593861550265629e+01 4.364439360591943484e-01
2.765077858453816972e+01 4.363822850611500104e-01
2.766562624407356807e+01 4.363206414530465538e-01
2.768048159809423225e+01 4.362590052338833346e-01
2.769534465058766770e+01 4.361973764026595424e-01
2.771021540554344753e+01 4.361357549583743665e-01
2.772509386695320188e+01 4.360741409000273294e-01
2.773998003881064278e+01 4.360125342266178428e-01
2.775487392511154638e+01 4.359509349371456510e-01
2.776977552985375652e+01 4.358893430306105543e-01
2.778468485703719537e+01 4.358277585060124637e-01
2.779960191066379238e+01 4.357661813623516234e-01
2.781452669473773653e+01 4.357046115986278334e-01
2.782945921326510685e+01 4.356430492138416155e-01
2.784439947025411755e+01 4.355814942069933804e-01
2.785934746971506470e+01 4.355199465770837053e-01
2.787430321566031921e+01 4.354584063231133340e-01
2.788926671210433739e+01 4.353968734440831212e-01
2.790423796306364324e+01 4.353353479389939218e-01
2.791921697255685686e+01 4.352738298068469236e-01
2.793420374460467315e+01 4.352123190466432590e-01
2.794919828322980848e+01 4.351508156573846708e-01
2.796420059245724943e+01 4.350893196380720140e-01
2.797921067631388325e+01 4.350278309877071425e-01
2.799422853882875017e+01 4.349663497052919103e-01
2.800925418403297584e+01 4.349048757898280049e-01
2.802428761595977136e+01 4.348434092403175577e-01
2.803932883864444747e+01 4.347819500557627004e-01
2.805437785612439328e+01 4.347204982351656755e-01
2.806943467243909041e+01 4.346590537775287810e-01
2.808449929163013437e+01 4.345976166818545372e-01
2.809957171774113505e+01 4.345361869471459082e-01
2.811465195481797608e+01 4.344747645724051921e-01
2.812974000690847376e+01 4.344133495566354086e-01
2.814483587806258669e+01 4.343519418988397440e-01
2.815993957233238731e+01 4.342905415980212736e-01
2.817505109377203354e+01 4.342291486531832390e-01
2.819017044643779002e+01 4.341677630633291596e-01
2.820529763438802817e+01 4.341063848274624992e-01
2.822043266168321907e+01 4.340450139445869437e-01
2.823557553238593698e+01 4.339836504137063455e-01
2.825072625056079190e+01 4.339222942338248901e-01
2.826588482027469951e+01 4.338609454039461522e-01
2.828105124559649397e+01 4.337996039230745393e-01
2.829622553059717660e+01 4.337382697902142925e-01
2.831140767934986258e+01 4.336769430043699858e-01
2.832659769592976318e+01 4.336156235645461932e-01
2.834179558441422131e+01 4.335543114697475997e-01
2.835700134888269375e+01 4.334930067189790015e-01
2.837221499341672626e+01 4.334317093112454167e-01
2.838743652210000334e+01 4.333704192455519744e-01
2.840266593901825942e+01 4.333091365209040813e-01
2.841790324825952396e+01 4.332478611363066445e-01
2.843314845391376977e+01 4.331865930907654039e-01
2.844840156007314036e+01 4.331253323832859325e-01
2.846366257083190732e+01 4.330640790128739703e-01
2.847893149028645965e+01 4.330028329785354790e-01
2.849420832253532154e+01 4.329415942792764205e-01
2.850949307167911684e+01 4.328803629141028120e-01
2.852478574182061877e+01 4.328191388820211150e-01
2.854008633706471088e+01 4.327579221820375688e-01
2.855539486151835860e+01 4.326967128131589679e-01
2.857071131929081531e+01 4.326355107743915518e-01
2.858603571449330261e+01 4.325743160647422814e-01
2.860136805123922343e+01 4.325131286832180622e-01
2.861670833364411592e+01 4.324519486288259107e-01
2.863205656582564629e+01 4.323907759005731211e-01
2.864741275190362302e+01 4.323296104974668208e-01
2.866277689599998624e+01 4.322684524185145261e-01
2.867814900223879704e+01 4.322073016627238085e-01
2.869352907474628722e+01 4.321461582291022951e-01
2.870891711765073140e+01 4.320850221166580574e-01
2.872431313508274187e+01 4.320238933243986112e-01
2.873971713117489202e+01 4.319627718513321946e-01
2.875512911006195438e+01 4.319016576964671006e-01
2.877054907588084021e+01 4.318405508588115116e-01
2.878597703277061015e+01 4.317794513373740539e-01
2.880141298487246715e+01 4.317183591311631874e-01
2.881685693632975998e+01 4.316572742391877604e-01
2.883230889128797969e+01 4.315961966604565103e-01
2.884776885389478451e+01 4.315351263939783966e-01
2.886323682829989323e+01 4.314740634387629337e-01
2.887871281865538720e+01 4.314130077938186369e-01
2.889419682911529108e+01 4.313519594581553540e-01
2.890968886383585712e+01 4.312909184307824328e-01
2.892518892697549049e+01 4.312298847107094435e-01
2.894069702269474575e+01 4.311688582969462891e-01
2.895621315515634109e+01 4.311078391885028727e-01
2.897173732852514405e+01 4.310468273843890419e-01
2.898726954696818936e+01 4.309858228836150329e-01
2.900280981465466468e+01 4.309248256851911374e-01
2.901835813575585732e+01 4.308638357881279246e-01
2.903391451444540650e+01 4.308028531914354642e-01
2.904947895489891962e+01 4.307418778941247139e-01
2.906505146129423522e+01 4.306809098952064097e-01
2.908063203781135542e+01 4.306199491936915091e-01
2.909622068863245659e+01 4.305589957885909702e-01
2.911181741794187516e+01 4.304980496789160282e-01
2.912742222992611474e+01 4.304371108636780296e-01
2.914303512877384250e+01 4.303761793418883763e-01
2.915865611867591767e+01 4.303152551125585812e-01
2.917428520382528845e+01 4.302543381747006568e-01
2.918992238841727271e+01 4.301934285273259495e-01
2.920556767664917075e+01 4.301325261694465274e-01
2.922122107272052105e+01 4.300716311000746250e-01
2.923688258083304348e+01 4.300107433182223104e-01
2.925255220519062860e+01 4.299498628229020403e-01
2.926822994999934835e+01 4.298889896131262156e-01
2.928391581946745958e+01 4.298281236879074041e-01
2.929960981780538987e+01 4.297672650462584509e-01
2.931531194922575168e+01 4.297064136871921458e-01
2.933102221794329267e+01 4.296455696097217225e-01
2.934674062817510887e+01 4.295847328128598042e-01
2.936246718414030354e+01 4.295239032956199021e-01
2.937820189006023597e+01 4.294630810570153612e-01
2.939394475015844677e+01 4.294022660960596371e-01
2.940969576866067214e+01 4.293414584117664634e-01
2.942545494979482257e+01 4.292806580031495178e-01
2.944122229779101474e+01 4.292198648692227558e-01
2.945699781688154317e+01 4.291590790090001883e-01
2.947278151130091928e+01 4.290983004214959373e-01
2.948857338528575767e+01 4.290375291057245133e-01
2.950437344307508170e+01 4.289767650606998717e-01
2.952018168890990424e+01 4.289160082854367451e-01
2.953599812703350835e+01 4.288552587789499215e-01
2.955182276169137978e+01 4.287945165402540781e-01
2.956765559713118918e+01 4.287337815683641695e-01
2.958349663760282411e+01 4.286730538622952613e-01
2.959934588735836769e+01 4.286123334210624747e-01
2.961520335065211285e+01 4.285516202436812083e-01
2.963106903174054096e+01 4.284909143291669720e-01
2.964694293488230059e+01 4.284302156765353864e-01
2.966282506433840638e+01 4.283695242848017948e-01
2.967871542437192289e+01 4.283088401529822065e-01
2.969461401924816002e+01 4.282481632800926308e-01
2.971052085323466940e+01 4.281874936651491326e-01
2.972643593060117695e+01 4.281268313071679987e-01
2.974235925561964322e+01 4.280661762051655161e-01
2.975829083256424923e+01 4.280055283581580827e-01
2.977423066571137511e+01 4.279448877651624294e-01
2.979017875933961790e+01 4.278842544251952318e-01
2.980613511772973823e+01 4.278236283372735538e-01
2.982209974516490902e+01 4.277630095004140154e-01
2.983807264593030695e+01 4.277023979136339582e-01
2.985405382431342503e+01 4.276417935759505573e-01
2.987004328460395541e+01 4.275811964863812653e-01
2.988604103109383203e+01 4.275206066439434793e-01
2.990204706807718438e+01 4.274600240476550406e-01
2.991806139985040147e+01 4.273994486965335127e-01
2.993408403071207147e+01 4.273388805895969589e-01
2.995011496496302428e+01 4.272783197258633314e-01
2.996615420690626408e+01 4.272177661043509156e-01
2.998220176084718247e+01 4.271572197240777746e-01
2.999825763109325294e+01 4.270966805840623604e-01
3.001432182195420850e+01 4.270361486833232356e-01
3.003039433774204170e+01 4.269756240208791853e-01
3.004647518277096907e+01 4.269151065957488833e-01
3.006256436135743826e+01 4.268545964069513921e-01
3.007866187782013867e+01 4.267940934535056630e-01
3.009476773648000147e+01 4.267335977344309250e-01
3.011088194166019960e+01 4.266731092487465182e-01
3.012700449768606958e+01 4.266126279954721157e-01
3.014313540888538867e+01 4.265521539736267798e-01
3.015927467958798047e+01 4.264916871822305167e-01
3.017542231412598852e+01 4.264312276203031660e-01
3.019157831683378745e+01 4.263707752868646228e-01
3.020774269204801499e+01 4.263103301809350043e-01
3.022391544410753284e+01 4.262498923015345942e-01
3.024009657735346934e+01 4.261894616476837316e-01
3.025628609612919462e+01 4.261290382184028114e-01
3.027248400478033119e+01 4.260686220127126167e-01
3.028869030765470072e+01 4.260082130296339309e-01
3.030490500910254070e+01 4.259478112681873152e-01
3.032112811347618830e+01 4.258874167273939415e-01
3.033735962513027218e+01 4.258270294062748706e-01
3.035359954842169827e+01 4.257666493038513855e-01
3.036984788770959653e+01 4.257062764191450466e-01
3.038610464735540262e+01 4.256459107511771922e-01
3.040236983172277974e+01 4.255855522989694384e-01
3.041864344517765772e+01 4.255252010615436786e-01
3.043492549208823661e+01 4.254648570379218064e-01
3.045121597682491910e+01 4.254045202271260484e-01
3.046751490376054150e+01 4.253441906281780760e-01
3.048382227727004690e+01 4.252838682401003934e-01
3.050013810173068407e+01 4.252235530619155601e-01
3.051646238152198265e+01 4.251632450926460249e-01
3.053279512102573889e+01 4.251029443313145140e-01
3.054913632462602280e+01 4.250426507769437534e-01
3.056548599670916389e+01 4.249823644285568025e-01
3.058184414166378318e+01 4.249220852851766095e-01
3.059821076388076122e+01 4.248618133458264556e-01
3.061458586775320256e+01 4.248015486095298443e-01
3.063096945767667023e+01 4.247412910753098347e-01
3.064736153804880914e+01 4.246810407421901523e-01
3.066376211326962675e+01 4.246207976091945224e-01
3.068017118774139007e+01 4.245605616753469480e-01
3.069658876586866114e+01 4.245003329396711544e-01
3.071301485205827575e+01 4.244401114011914222e-01
3.072944945071935763e+01 4.243798970589318653e-01
3.074589256626331846e+01 4.243196899119169863e-01
3.076234420310384365e+01 4.242594899591711766e-01
3.077880436565686040e+01 4.241992971997192718e-01
3.079527305834076856e+01 4.241391116325856081e-01
3.081175028557605344e+01 4.240789332567952430e-01
3.082823605178557713e+01 4.240187620713731786e-01
3.084473036139446478e+01 4.239585980753446393e-01
3.086123321883017212e+01 4.238984412677347935e-01
3.087774462852241797e+01 4.238382916475690876e-01
3.089426459490323396e+01 4.237781492138730233e-01
3.091079312240693611e+01 4.237180139656722133e-01
3.092733021547015326e+01 4.236578859019924925e-01
3.094387587853173116e+01 4.235977650218599733e-01
3.096043011603302730e+01 4.235376513243003238e-01
3.097699293241749885e+01 4.234775448083398230e-01
3.099356433213096196e+01 4.234174454730048054e-01
3.101014431962155982e+01 4.233573533173216608e-01
3.102673289933971290e+01 4.232972683403170011e-01
3.104333007573816161e+01 4.232371905410174939e-01
3.105993585327195916e+01 4.231771199184499732e-01
3.107655023639846092e+01 4.231170564716413840e-01
3.109317322957733865e+01 4.230570001996186713e-01
3.110980483727049517e+01 4.229969511014094463e-01
3.112644506394234867e+01 4.229369091760404875e-01
3.114309391405944893e+01 4.228768744225395726e-01
3.115975139209070477e+01 4.228168468399340907e-01
3.117641750250735555e+01 4.227568264272519860e-01
3.119309224978294992e+01 4.226968131835209253e-01
3.120977563839335289e+01 4.226368071077690747e-01
3.122646767281675295e+01 4.225768081990243230e-01
3.124316835753366917e+01 4.225168164563150031e-01
3.125987769702692987e+01 4.224568318786695587e-01
3.127659569578162291e+01 4.223968544651166002e-01
3.129332235828535147e+01 4.223368842146842939e-01
3.131005768902786457e+01 4.222769211264016942e-01
3.132680169250129154e+01 4.222169651992975781e-01
3.134355437320007809e+01 4.221570164324011110e-01
3.136031573562103603e+01 4.220970748247412918e-01
3.137708578426326511e+01 4.220371403753474526e-01
3.139386452362823121e+01 4.219772130832489254e-01
3.141065195821970235e+01 4.219172929474752642e-01
3.142744809254380556e+01 4.218573799670561897e-01
3.144425293110892028e+01 4.217974741410216999e-01
3.146106647842596971e+01 4.217375754684011269e-01
3.147788873900801576e+01 4.216776839482248573e-01
3.149471971737052911e+01 4.216177995795230560e-01
3.151155941803130389e+01 4.215579223613259430e-01
3.152840784551048614e+01 4.214980522926640716e-01
3.154526500433058089e+01 4.214381893725678840e-01
3.156213089901640245e+01 4.213783336000681001e-01
3.157900553409513122e+01 4.213184849741955507e-01
3.159588891409630662e+01 4.212586434939812330e-01
3.161278104355171337e+01 4.211988091584563665e-01
3.162968192699571546e+01 4.211389819666516710e-01
3.164659156896481562e+01 4.210791619175988654e-01
3.166350997399792533e+01 4.210193490103292246e-01
3.168043714663632926e+01 4.209595432438744678e-01
3.169737309142364268e+01 4.208997446172662582e-01
3.171431781290584695e+01 4.208399531295364815e-01
3.173127131563128245e+01 4.207801687797170231e-01
3.174823360415064855e+01 4.207203915668401017e-01
3.176520468301698230e+01 4.206606214899378804e-01
3.178218455678563714e+01 4.206008585480430217e-01
3.179917323001452445e+01 4.205411027401874668e-01
3.181617070726370144e+01 4.204813540654041559e-01
3.183317699309566251e+01 4.204216125227258072e-01
3.185019209207528235e+01 4.203618781111853053e-01
3.186721600876978044e+01 4.203021508298155906e-01
3.188424874774874951e+01 4.202424306776499918e-01
3.190129031358414835e+01 4.201827176537215602e-01
3.191834071085031610e+01 4.201230117570638467e-01
3.193539994412395799e+01 4.200633129867102911e-01
3.195246801798406722e+01 4.200036213416948327e-01
3.196954493701223754e+01 4.199439368210506895e-01
3.198663070579221568e+01 4.198842594238121340e-01
3.200372532891020683e+01 4.198245891490131609e-01
3.202082881095477518e+01 4.197649259956879320e-01
3.203794115651687235e+01 4.197052699628707195e-01
3.205506237018983029e+01 4.196456210495959627e-01
3.207219245656936124e+01 4.195859792548983225e-01
3.208933142025355778e+01 4.195263445778124045e-01
3.210647926584289280e+01 4.194667170173729254e-01
3.212363599794016267e+01 4.194070965726152678e-01
3.214080162115074302e+01 4.193474832425739263e-01
3.215797614008219796e+01 4.192878770262843391e-01
3.217515955934454297e+01 4.192282779227817779e-01
3.219235188355019517e+01 4.191686859311018476e-01
3.220955311731394488e+01 4.191091010502800418e-01
3.222676326525299118e+01 4.190495232793521319e-01
3.224398233198690633e+01 4.189899526173539446e-01
3.226121032213767137e+01 4.189303890633214178e-01
3.227844724032965473e+01 4.188708326162906559e-01
3.229569309118956966e+01 4.188112832752982073e-01
3.231294787934670154e+01 4.187517410393799544e-01
3.233021160943255978e+01 4.186922059075725011e-01
3.234748428608109805e+01 4.186326778789126180e-01
3.236476591392869295e+01 4.185731569524370199e-01
3.238205649761410854e+01 4.185136431271825330e-01
3.239935604177852468e+01 4.184541364021862053e-01
3.241666455106550870e+01 4.183946367764851959e-01
3.243398203012105796e+01 4.183351442491167194e-01
3.245130848359355724e+01 4.182756588191181568e-01
3.246864391613374323e+01 4.182161804855273890e-01
3.248598833239496741e+01 4.181567092473814640e-01
3.250334173703276974e+01 4.180972451037184845e-01
3.252070413470520549e+01 4.180377880535763313e-01
3.253807553007271736e+01 4.179783380959929961e-01
3.255545592779816388e+01 4.179188952300067483e-01
3.257284533254683367e+01 4.178594594546558572e-01
3.259024374898642407e+01 4.178000307689786474e-01
3.260765118178705535e+01 4.177406091720138326e-01
3.262506763562125656e+01 4.176811946627999594e-01
3.264249311516392993e+01 4.176217872403761855e-01
3.265992762509259251e+01 4.175623869037808911e-01
3.267737117008697822e+01 4.175029936520534557e-01
3.269482375482932213e+01 4.174436074842330924e-01
3.271228538400427510e+01 4.173842283993590696e-01
3.272975606229893231e+01 4.173248563964708779e-01
3.274723579440280474e+01 4.172654914746080634e-01
3.276472458500784057e+01 4.172061336328103942e-01
3.278222243880841091e+01 4.171467828701176939e-01
3.279972936050132404e+01 4.170874391855698970e-01
3.281724535478576144e+01 4.170281025782074935e-01
3.283477042636353360e+01 4.169687730470699738e-01
3.285230457993868924e+01 4.169094505911982163e-01
3.286984782021777818e+01 4.168501352096325996e-01
3.288740015190979449e+01 4.167908269014136691e-01
3.290496157972617652e+01 4.167315256655822475e-01
3.292253210838078559e+01 4.166722315011792133e-01
3.294011174258994856e+01 4.166129444072455557e-01
3.295770048707242239e+01 4.165536643828224306e-01
3.297529834654941538e+01 4.164943914269510494e-01
3.299290532574450907e+01 4.164351255386730122e-01
3.301052142938394951e+01 4.163758667170295302e-01
3.302814666219620676e+01 4.163166149610623146e-01
3.304578102891228042e+01 4.162573702698132982e-01
3.306342453426563566e+01 4.161981326423241923e-01
3.308107718299217481e+01 4.161389020776372072e-01
3.309873897983024449e+01 4.160796785747944426e-01
3.311640992952067108e+01 4.160204621328381647e-01
3.313409003680673237e+01 4.159612527508108615e-01
3.315177930643413617e+01 4.159020504277550767e-01
3.316947774315102748e+01 4.158428551627136316e-01
3.318718535170818740e+01 4.157836669547289588e-01
3.320490213685864944e+01 4.157244858028442125e-01
3.322262810335799799e+01 4.156653117061024361e-01
3.324036325596426877e+01 4.156061446635468393e-01
3.325810759943796313e+01 4.155469846742207429e-01
3.327586113854206928e+01 4.154878317371676344e-01
3.329362387804201262e+01 4.154286858514310010e-01
3.331139582270570543e+01 4.153695470160546632e-01
3.332917697730353268e+01 4.153104152300824414e-01
3.334696734660828099e+01 4.152512904925584891e-01
3.336476693539541571e+01 4.151921728025264047e-01
3.338257574844266173e+01 4.151330621590307857e-01
3.340039379053030189e+01 4.150739585611158411e-01
3.341822106644109169e+01 4.150148620078261130e-01
3.343605758096025937e+01 4.149557724982062545e-01
3.345390333887552003e+01 4.148966900313009187e-01
3.347175834497707569e+01 4.148376146061550362e-01
3.348962260405759395e+01 4.147785462218135932e-01
3.350749612091224350e+01 4.147194848773217424e-01
3.352537890033858758e+01 4.146604305717248584e-01
3.354327094713691082e+01 4.146013833040680385e-01
3.356117226610975735e+01 4.145423430733969350e-01
3.357908286206222925e+01 4.144833098787572001e-01
3.359700273980193685e+01 4.144242837191945417e-01
3.361493190413895604e+01 4.143652645937550005e-01
3.363287035988588514e+01 4.143062525014844510e-01
3.365081811185778804e+01 4.142472474414291006e-01
3.366877516487224398e+01 4.141882494126352676e-01
3.368674152374931907e+01 4.141292584141493816e-01
3.370471719331150240e+01 4.140702744450181494e-01
3.372270217838400441e+01 4.140112975042878896e-01
3.374069648379433062e+01 4.139523275910054756e-01
3.375870011437253737e+01 4.138933647042180031e-01
3.377671307495119635e+01 4.138344088429724010e-01
3.379473537036538744e+01 4.137754600063159316e-01
3.381276700545269875e+01 4.137165181932959124e-01
3.383080798505319819e+01 4.136575834029597165e-01
3.384885831400949030e+01 4.135986556343549947e-01
3.386691799716669493e+01 4.135397348865293976e-01
3.388498703937233358e+01 4.134808211585310755e-01
3.390306544547669887e+01 4.134219144494073461e-01
3.392115322033235003e+01 4.133630147582066927e-01
3.393925036879443979e+01 4.133041220839772656e-01
3.395735689572065752e+01 4.132452364257674926e-01
3.397547280597117947e+01 4.131863577826257461e-01
3.399359810440872565e+01 4.131274861536006204e-01
3.401173279589851006e+01 4.130686215377409320e-01
3.402987688530830468e+01 4.130097639340954419e-01
3.404803037750836125e+01 4.129509133417131883e-01
3.406619327737141845e+01 4.128920697596435430e-01
3.408436558977293629e+01 4.128332331869353222e-01
3.410254731959069119e+01 4.127744036226380642e-01
3.412073847170506014e+01 4.127155810658012514e-01
3.413893905099895676e+01 4.126567655154745329e-01
3.415714906235781001e+01 4.125979569707076688e-01
3.417536851066958548e+01 4.125391554305505859e-01
3.419359740082479249e+01 4.124803608940533772e-01
3.421183573771645570e+01 4.124215733602659695e-01
3.423008352624015771e+01 4.123627928282387889e-01
3.424834077129392540e+01 4.123040192970225393e-01
3.426660747777855676e+01 4.122452527656670918e-01
3.428488365059716614e+01 4.121864932332234832e-01
3.430316929465547560e+01 4.121277406987424730e-01
3.432146441486175803e+01 4.120689951612749868e-01
3.433976901612681587e+01 4.120102566198719507e-01
3.435808310336402371e+01 4.119515250735847345e-01
3.437640668148927858e+01 4.118928005214645416e-01
3.439473975542102835e+01 4.118340829625627975e-01
3.441308233008027884e+01 4.117753723959310386e-01
3.443143441039050856e+01 4.117166688206213010e-01
3.444979600127796004e+01 4.116579722356847881e-01
3.446816710767122771e+01 4.115992826401738136e-01
3.448654773450150657e+01 4.115406000331403025e-01
3.450493788670257089e+01 4.114819244136366239e-01
3.452333756921073160e+01 4.114232557807150359e-01
3.454174678696488598e+01 4.113645941334279632e-01
3.456016554490646087e+01 4.113059394708280525e-01
3.457859384797945523e+01 4.112472917919680060e-01
3.459703170113044024e+01 4.111886510959006369e-01
3.461547910930845973e+01 4.111300173816792025e-01
3.463393607746535707e+01 4.110713906483563496e-01
3.465240261055531334e+01 4.110127708949854464e-01
3.467087871353515993e+01 4.109541581206199723e-01
3.468936439136427197e+01 4.108955523243132957e-01
3.470785964900462517e+01 4.108369535051191734e-01
3.472636449142075321e+01 4.107783616620912515e-01
3.474487892357976904e+01 4.107197767942834532e-01
3.476340295045133644e+01 4.106611989007497576e-01
3.478193657700772690e+01 4.106026279805442547e-01
3.480047980822369169e+01 4.105440640327215895e-01
3.481903264907679585e+01 4.104855070563355746e-01
3.483759510454694919e+01 4.104269570504409104e-01
3.485616717961674027e+01 4.103684140140922976e-01
3.487474887927130140e+01 4.103098779463445478e-01
3.489334020849838680e+01 4.102513488462525282e-01
3.491194117228830862e+01 4.101928267128712169e-01
3.493055177563397962e+01 4.101343115452558696e-01
3.494917202353089181e+01 4.100758033424617421e-01
3.496780192097713069e+01 4.100173021035442567e-01
3.498644147297330420e+01 4.099588078275591685e-01
3.500509068452281269e+01 4.099003205135616779e-01
3.502374956063145106e+01 4.098418401606078176e-01
3.504241810630767162e+01 4.097833667677535652e-01
3.506109632656252728e+01 4.097249003340549534e-01
3.507978422640965022e+01 4.096664408585681816e-01
3.509848181086529451e+01 4.096079883403496158e-01
3.511718908494830771e+01 4.095495427784555664e-01
3.513590605368011666e+01 4.094911041719427325e-01
3.515463272208478429e+01 4.094326725198677019e-01
3.517336909518888888e+01 4.093742478212876179e-01
3.519211517802181532e+01 4.093158300752589573e-01
3.521087097561537149e+01 4.092574192808390299e-01
3.522963649300400846e+01 4.091990154370850341e-01
3.524841173522482052e+01 4.091406185430543352e-01
3.526719670731748124e+01 4.090822285978044648e-01
3.528599141432429320e+01 4.090238456003928991e-01
3.530479586129018088e+01 4.089654695498775028e-01
3.532361005326266934e+01 4.089071004453160296e-01
3.534243399529189134e+01 4.088487382857664554e-01
3.536126769243053758e+01 4.087903830702871999e-01
3.538011114973414806e+01 4.087320347979360169e-01
3.539896437226062886e+01 4.086736934677714927e-01
3.541782736507060747e+01 4.086153590788522139e-01
3.543670013322732615e+01 4.085570316302366556e-01
3.545558268179665617e+01 4.084987111209836819e-01
3.547447501584707652e+01 4.084403975501520456e-01
3.549337714044973069e+01 4.083820909168009994e-01
3.551228906067833435e+01 4.083237912199894626e-01
3.553121078160928192e+01 4.082654984587767988e-01
3.555014230832150446e+01 4.082072126322225936e-01
3.556908364589678939e+01 4.081489337393859884e-01
3.558803479941932579e+01 4.080906617793267910e-01
3.560699577397602411e+01 4.080323967511048644e-01
3.562596657465643801e+01 4.079741386537800163e-01
3.564494720655273596e+01 4.079158874864123874e-01
3.566393767475973675e+01 4.078576432480620628e-01
3.568293798437490949e+01 4.077994059377893499e-01
3.570194814049835230e+01 4.077411755546547223e-01
3.572096814823279942e+01 4.076829520977187094e-01
3.573999801268357857e+01 4.076247355660422289e-01
3.575903773895887383e+01 4.075665259586856437e-01
3.577808733216928516e+01 4.075083232747100381e-01
3.579714679742814099e+01 4.074501275131766076e-01
3.581621613985142716e+01 4.073919386731464365e-01
3.583529536455777276e+01 4.073337567536808312e-01
3.585438447666847139e+01 4.072755817538413758e-01
3.587348348130743858e+01 4.072174136726895433e-01
3.589259238360128990e+01 4.071592525092871395e-01
3.591171118867926282e+01 4.071010982626958596e-01
3.593083990167319541e+01 4.070429509319780093e-01
3.594997852771780344e+01 4.069848105161951723e-01
3.596912707195024694e+01 4.069266770144097656e-01
3.598828553951040732e+01 4.068685504256842056e-01
3.600745393554084472e+01 4.068104307490809646e-01
3.602663226518677675e+01 4.067523179836626257e-01
3.604582053359609262e+01 4.066942121284918832e-01
3.606501874591933898e+01 4.066361131826317088e-01
3.608422690730974836e+01 4.065780211451450188e-01
3.610344502292320357e+01 4.065199360150948960e-01
3.612267309791820225e+01 4.064618577915448672e-01
3.614191113745613393e+01 4.064037864735578487e-01
3.616115914670083242e+01 4.063457220601975894e-01
3.618041713081888844e+01 4.062876645505276718e-01
3.619968509497957143e+01 4.062296139436119002e-01
3.621896304435482961e+01 4.061715702385140792e-01
3.623825098411927570e+01 4.061135334342984016e-01
3.625754891945023672e+01 4.060555035300287829e-01
3.627685685552768291e+01 4.059974805247696383e-01
3.629617479753431297e+01 4.059394644175853273e-01
3.631550275065539068e+01 4.058814552075405979e-01
3.633484072007912147e+01 4.058234528936996988e-01
3.635418871099617633e+01 4.057654574751276555e-01
3.637354672859996896e+01 4.057074689508892718e-01
3.639291477808662734e+01 4.056494873200497397e-01
3.641229286465495818e+01 4.055915125816740296e-01
3.643168099350646827e+01 4.055335447348276112e-01
3.645107916984535734e+01 4.054755837785758987e-01
3.647048739887851809e+01 4.054176297119843619e-01
3.648990568581555038e+01 4.053596825341187482e-01
3.650933403586867598e+01 4.053017422440450268e-01
3.652877245425304409e+01 4.052438088408287786e-01
3.654822094618627659e+01 4.051858823235362506e-01
3.656767951688878071e+01 4.051279626912335785e-01
3.658714817158365662e+01 4.050700499429871204e-01
3.660662691549672587e+01 4.050121440778633453e-01
3.662611575385651719e+01 4.049542450949288885e-01
3.664561469189425225e+01 4.048963529932503858e-01
3.666512373484388121e+01 4.048384677718946945e-01
3.668464288794206141e+01 4.047805894299287277e-01
3.670417215642808628e+01 4.047227179664198427e-01
3.672371154554419093e+01 4.046648533804348413e-01
3.674326106053511154e+01 4.046069956710413029e-01
3.676282070664835544e+01 4.045491448373066401e-01
3.678239048913416553e+01 4.044913008782984321e-01
3.680197041324551321e+01 4.044334637930844800e-01
3.682156048423806993e+01 4.043756335807326407e-01
3.684116070737024984e+01 4.043178102403108820e-01
3.686077108790317425e+01 4.042599937708872826e-01
3.688039163110070717e+01 4.042021841715301989e-01
3.690002234222935584e+01 4.041443814413081537e-01
3.691966322655859045e+01 4.040865855792891703e-01
3.693931428936038230e+01 4.040287965845421603e-01
3.695897553590950224e+01 4.039710144561358129e-01
3.697864697148347091e+01 4.039132391931390953e-01
3.699832860136253032e+01 4.038554707946209743e-01
3.701802043082966520e+01 4.037977092596505280e-01
3.703772246517058875e+01 4.037399545872971673e-01
3.705743470967376396e+01 4.036822067766302480e-01
3.707715716963039654e+01 4.036244658267192364e-01
3.709688985033434960e+01 4.035667317366339879e-01
3.711663275708247056e+01 4.035090045054439134e-01
3.713638589517409372e+01 4.034512841322190901e-01
3.715614926991140976e+01 4.033935706160296508e-01
3.717592288659934496e+01 4.033358639559456171e-01
3.719570675054556830e+01 4.032781641510373438e-01
3.721550086706051275e+01 4.032204712003752411e-01
3.723530524145733978e+01 4.031627851030299414e-01
3.725511987905199618e+01 4.031051058580720214e-01
3.727494478516315013e+01 4.030474334645723911e-01
3.729477996511217697e+01 4.029897679216020712e-01
3.731462542422342921e+01 4.029321092282316941e-01
3.733448116782378889e+01 4.028744573835328358e-01
3.735434720124297314e+01 4.028168123865766281e-01
3.737422352981346307e+01 4.027591742364345917e-01
3.739411015887049672e+01 4.027015429321782469e-01
3.741400709375209743e+01 4.026439184728793919e-01
3.743391433979901706e+01 4.025863008576097690e-01
3.745383190235482829e+01 4.025286900854413430e-01
3.747375978676581809e+01 4.024710861554463004e-01
3.749369799838100903e+01 4.024134890666969389e-01
3.751364654255240083e+01 4.023558988182652230e-01
3.753360542463454408e+01 4.022983154092238389e-01
3.755357464998485284e+01 4.022407388386453619e-01
3.757355422396349809e+01 4.021831691056025337e-01
3.759354415193344323e+01 4.021256062091682071e-01
3.761354443926042279e+01 4.020680501484154012e-01
3.763355509131294241e+01 4.020105009224171355e-01
3.765357611346232147e+01 4.019529585302467067e-01
3.767360751108262917e+01 4.018954229709774117e-01
3.769364928955066318e+01 4.018378942436830470e-01
3.771370145424623388e+01 4.017803723474367428e-01
3.773376401055169538e+01 4.017228572813125176e-01
3.775383696385229371e+01 4.016653490443841679e-01
3.777392031953604601e+01 4.016078476357257676e-01
3.779401408299376186e+01 4.015503530544114463e-01
3.781411825961906459e+01 4.014928652995153335e-01
3.783423285480834153e+01 4.014353843701119473e-01
3.785435787396079377e+01 4.013779102652758057e-01
3.787449332247842904e+01 4.013204429840814824e-01
3.789463920576596223e+01 4.012629825256039950e-01
3.791479552923114937e+01 4.012055288889178062e-01
3.793496229828431865e+01 4.011480820730981556e-01
3.795513951833865463e+01 4.010906420772202274e-01
3.797532719481019114e+01 4.010332089003592615e-01
3.799552533311774027e+01 4.009757825415906640e-01
3.801573393868292072e+01 4.009183629999900078e-01
3.803595301693016495e+01 4.008609502746329212e-01
3.805618257328672627e+01 4.008035443645952545e-01
3.807642261318265753e+01 4.007461452689528580e-01
3.809667314205075428e+01 4.006887529867820263e-01
3.811693416532686030e+01 4.006313675171584987e-01
3.813720568844940573e+01 4.005739888591587916e-01
3.815748771685971974e+01 4.005166170118593660e-01
3.817778025600192393e+01 4.004592519743367385e-01
3.819808331132300339e+01 4.004018937456676475e-01
3.821839688827273562e+01 4.003445423249288870e-01
3.823872099230373323e+01 4.002871977111973623e-01
3.825905562887142963e+01 4.002298599035502003e-01
3.827940080343410045e+01 4.001725289010645281e-01
3.829975652145274978e+01 4.001152047028179171e-01
3.832012278839146546e+01 4.000578873078874387e-01
3.834049960971690751e+01 4.000005767153508307e-01
3.836088699089868470e+01 3.999432729242858309e-01
3.838128493740920533e+01 3.998859759337702879e-01
3.840169345472373408e+01 3.998286857428820507e-01
3.842211254832036360e+01 3.997714023506994119e-01
3.844254222368002161e+01 3.997141257563004424e-01
3.846298248628649219e+01 3.996568559587636016e-01
3.848343334162639451e+01 3.995995929571671823e-01
3.850389479518909752e+01 3.995423367505901990e-01
3.852436685246706816e+01 3.994850873381108891e-01
3.854484951895538103e+01 3.994278447188082115e-01
3.856534280015203819e+01 3.993706088917612917e-01
3.858584670155788388e+01 3.993133798560492553e-01
3.860636122867661157e+01 3.992561576107512278e-01
3.862688638701477828e+01 3.991989421549466677e-01
3.864742218208179025e+01 3.991417334877150891e-01
3.866796861938990304e+01 3.990845316081359506e-01
3.868852570445422856e+01 3.990273365152892104e-01
3.870909344279267117e+01 3.989701482082548822e-01
3.872967183992621898e+01 3.989129666861125356e-01
3.875026090137848911e+01 3.988557919479424618e-01
3.877086063267603322e+01 3.987986239928250631e-01
3.879147103934828067e+01 3.987414628198405753e-01
3.881209212692751720e+01 3.986843084280696226e-01
3.883272390094888493e+01 3.986271608165928848e-01
3.885336636695042500e+01 3.985700199844909863e-01
3.887401953047301362e+01 3.985128859308449401e-01
3.889468339706042599e+01 3.984557586547357033e-01
3.891535797225920845e+01 3.983986381552447886e-01
3.893604326161904083e+01 3.983415244314529313e-01
3.895673927069223197e+01 3.982844174824417549e-01
3.897744600503403944e+01 3.982273173072928274e-01
3.899816347020261276e+01 3.981702239050877723e-01
3.901889167175896489e+01 3.981131372749084907e-01
3.903963061526701495e+01 3.980560574158367726e-01
3.906038030629353841e+01 3.979989843269547967e-01
3.908114075040822399e+01 3.979419180073446305e-01
3.910191195318362389e+01 3.978848584560886192e-01
3.912269392019510406e+01 3.978278056722694411e-01
3.914348665702117103e+01 3.977707596549691638e-01
3.916429016924295325e+01 3.977137204032707429e-01
3.918510446244459899e+01 3.976566879162569679e-01
3.920592954221310578e+01 3.975996621930107944e-01
3.922676541413839146e+01 3.975426432326152337e-01
3.924761208381325162e+01 3.974856310341535748e-01
3.926846955683340212e+01 3.974286255967091619e-01
3.928933783879744368e+01 3.973716269193652839e-01
3.931021693530689021e+01 3.973146350012056183e-01
3.933110685196604805e+01 3.972576498413141755e-01
3.935200759438241391e+01 3.972006714387741888e-01
3.937291916816612769e+01 3.971436997926699464e-01
3.939384157893029936e+01 3.970867349020855697e-01
3.941477483229098056e+01 3.970297767661051802e-01
3.943571893386710769e+01 3.969728253838131771e-01
3.945667388928053754e+01 3.969158807542940148e-01
3.947763970415605428e+01 3.968589428766322591e-01
3.949861638412133402e+01 3.968020117499127530e-01
3.951960393480697320e+01 3.967450873732202288e-01
3.954060236184642463e+01 3.966881697456399181e-01
3.956161167087628883e+01 3.966312588662564975e-01
3.958263186753583796e+01 3.965743547341555320e-01
3.960366295746736398e+01 3.965174573484221976e-01
3.962470494631607210e+01 3.964605667081421148e-01
3.964575783973008782e+01 3.964036828124008482e-01
3.966682164336048544e+01 3.963468056602841849e-01
3.968789636286124534e+01 3.962899352508779671e-01
3.970898200388928245e+01 3.962330715832682038e-01
3.973007857210444627e+01 3.961762146565410148e-01
3.975118607316945685e+01 3.961193644697829086e-01
3.977230451275017487e+01 3.960625210220798387e-01
3.979343389651517526e+01 3.960056843125184800e-01
3.981457423013606700e+01 3.959488543401855076e-01
3.983572551928736516e+01 3.958920311041677076e-01
3.985688776964654778e+01 3.958352146035518659e-01
3.987806098689402035e+01 3.957784048374251018e-01
3.989924517671315130e+01 3.957216018048745898e-01
3.992044034479022940e+01 3.956648055049875601e-01
3.994164649681452772e+01 3.956080159368514093e-01
3.996286363847814016e+01 3.955512330995539227e-01
3.998409177547639359e+01 3.954944569921822750e-01
4.000533091350730075e+01 3.954376876138244734e-01
4.002658105827190127e+01 3.953809249635684697e-01
4.004784221547422618e+01 3.953241690405022712e-01
4.006911439082121262e+01 3.952674198437139963e-01
4.009039759002280334e+01 3.952106773722920408e-01
4.011169181879186141e+01 3.951539416253248560e-01
4.013299708284424128e+01 3.950972126019007824e-01
4.015431338789872484e+01 3.950404903011087154e-01
4.017564073967701432e+01 3.949837747220376061e-01
4.019697914390399518e+01 3.949270658637760167e-01
4.021832860630728845e+01 3.948703637254130649e-01
4.023968913261755631e+01 3.948136683060380347e-01
4.026106072856843809e+01 3.947569796047402102e-01
4.028244339989652900e+01 3.947002976206090419e-01
4.030383715234142272e+01 3.946436223527341469e-01
4.032524199164566880e+01 3.945869538002051424e-01
4.034665792355479397e+01 3.945302919621118676e-01
4.036808495381731632e+01 3.944736368375442725e-01
4.038952308818462456e+01 3.944169884255927516e-01
4.041097233241136166e+01 3.943603467253469774e-01
4.043243269225489200e+01 3.943037117358975108e-01
4.045390417347564949e+01 3.942470834563348014e-01
4.047538678183704519e+01 3.941904618857494658e-01
4.049688052310550290e+01 3.941338470232321756e-01
4.051838540305039515e+01 3.940772388678737692e-01
4.053990142744411429e+01 3.940206374187653071e-01
4.056142860206203693e+01 3.939640426749977942e-01
4.058296693268252398e+01 3.939074546356625128e-01
4.060451642508686376e+01 3.938508732998509676e-01
4.062607708505957049e+01 3.937942986666542744e-01
4.064764891838792238e+01 3.937377307351641598e-01
4.066923193086228139e+01 3.936811695044724058e-01
4.069082612827599377e+01 3.936246149736709055e-01
4.071243151642541847e+01 3.935680671418516074e-01
4.073404810110992003e+01 3.935115260081066269e-01
4.075567588813186148e+01 3.934549915715281898e-01
4.077731488329662568e+01 3.933984638312086890e-01
4.079896509241258684e+01 3.933419427862405726e-01
4.082062652129105373e+01 3.932854284357167884e-01
4.084229917574661073e+01 3.932289207787295626e-01
4.086398306159657778e+01 3.931724198143720095e-01
4.088567818466138704e+01 3.931159255417370768e-01
4.090738455076450464e+01 3.930594379599179899e-01
4.092910216573237392e+01 3.930029570680079742e-01
4.095083103539450065e+01 3.929464828651003661e-01
4.097257116558338197e+01 3.928900153502887238e-01
4.099432256213454195e+01 3.928335545226667169e-01
4.101608523088654579e+01 3.927771003813280704e-01
4.103785917768088609e+01 3.927206529253668976e-01
4.105964440836233820e+01 3.926642121538767016e-01
4.108144092877844145e+01 3.926077780659520955e-01
4.110324874477988288e+01 3.925513506606870817e-01
4.112506786222034094e+01 3.924949299371761624e-01
4.114689828695656360e+01 3.924385158945138952e-01
4.116874002484830442e+01 3.923821085317949486e-01
4.119059308175837941e+01 3.923257078481140470e-01
4.121245746355261730e+01 3.922693138425661363e-01
4.123433317609990212e+01 3.922129265142462184e-01
4.125622022527208088e+01 3.921565458622497391e-01
4.127811861694427620e+01 3.921001718856715335e-01
4.130002835699443153e+01 3.920438045836071583e-01
4.132194945130358832e+01 3.919874439551522816e-01
4.134388190575585043e+01 3.919310899994025155e-01
4.136582572623838416e+01 3.918747427154536389e-01
4.138778091864138275e+01 3.918184021024016528e-01
4.140974748885810897e+01 3.917620681593425025e-01
4.143172544278486669e+01 3.917057408853724665e-01
4.145371478632103646e+01 3.916494202795878232e-01
4.147571552536902573e+01 3.915931063410849622e-01
4.149772766583424755e+01 3.915367990689607169e-01
4.151975121362539767e+01 3.914804984623113659e-01
4.154178617465402112e+01 3.914242045202337983e-01
4.156383255483476802e+01 3.913679172418251806e-01
4.158589036008537221e+01 3.913116366261824020e-01
4.160795959632662999e+01 3.912553626724027400e-01
4.163004026948243563e+01 3.911990953795835280e-01
4.165213238547969610e+01 3.911428347468221545e-01
4.167423595024844474e+01 3.910865807732162303e-01
4.169635096972176314e+01 3.910303334578634771e-01
4.171847744983570294e+01 3.909740927998619497e-01
4.174061539652969088e+01 3.909178587983091480e-01
4.176276481574595323e+01 3.908616314523033486e-01
4.178492571342987105e+01 3.908054107609428840e-01
4.180709809552992340e+01 3.907491967233259200e-01
4.182928196799766596e+01 3.906929893385510666e-01
4.185147733678773818e+01 3.906367886057168226e-01
4.187368420785786327e+01 3.905805945239219645e-01
4.189590258716885529e+01 3.905244070922653798e-01
4.191813248068461206e+01 3.904682263098459560e-01
4.194037389437205121e+01 3.904120521757630802e-01
4.196262683420142281e+01 3.903558846891154732e-01
4.198489130614582621e+01 3.902997238490027443e-01
4.200716731618152266e+01 3.902435696545243915e-01
4.202945487028789984e+01 3.901874221047800795e-01
4.205175397444741492e+01 3.901312811988693618e-01
4.207406463464564439e+01 3.900751469358922918e-01
4.209638685687126269e+01 3.900190193149488116e-01
4.211872064711604224e+01 3.899628983351389744e-01
4.214106601137486052e+01 3.899067839955631110e-01
4.216342295564562903e+01 3.898506762953217186e-01
4.218579148592961303e+01 3.897945752335148506e-01
4.220817160823092706e+01 3.897384808092435038e-01
4.223056332855689021e+01 3.896823930216082865e-01
4.225296665291794085e+01 3.896263118697101402e-01
4.227538158732761531e+01 3.895702373526500617e-01
4.229780813780257631e+01 3.895141694695291590e-01
4.232024631036261297e+01 3.894581082194487065e-01
4.234269611103061237e+01 3.894020536015101452e-01
4.236515754583259508e+01 3.893460056148148607e-01
4.238763062079763699e+01 3.892899642584648490e-01
4.241011534195816068e+01 3.892339295315613290e-01
4.243261171534948062e+01 3.891779014332064635e-01
4.245511974701011582e+01 3.891218799625023039e-01
4.247763944298172589e+01 3.890658651185509020e-01
4.250017080930908264e+01 3.890098569004546425e-01
4.252271385204010556e+01 3.889538553073158544e-01
4.254526857722584765e+01 3.888978603382370891e-01
4.256783499092048118e+01 3.888418719923210087e-01
4.259041309918134743e+01 3.887858902686703866e-01
4.261300290806880753e+01 3.887299151663882735e-01
4.263560442364663317e+01 3.886739466845773872e-01
4.265821765198149507e+01 3.886179848223410560e-01
4.268084259914326850e+01 3.885620295787826084e-01
4.270347927120500486e+01 3.885060809530053727e-01
4.272612767424286773e+01 3.884501389441129549e-01
4.274878781433619679e+01 3.883942035512090163e-01
4.277145969756746524e+01 3.883382747733973295e-01
4.279414333002231530e+01 3.882823526097818334e-01
4.281683871778952977e+01 3.882264370594666336e-01
4.283954586696096101e+01 3.881705281215560022e-01
4.286226478363188619e+01 3.881146257951538781e-01
4.288499547390046729e+01 3.880587300793649219e-01
4.290773794386812767e+01 3.880028409732936279e-01
4.293049219963945262e+01 3.879469584760447676e-01
4.295325824732217512e+01 3.878910825867231127e-01
4.297603609302721850e+01 3.878352133044335459e-01
4.299882574286863246e+01 3.877793506282811720e-01
4.302162720296368548e+01 3.877234945573712066e-01
4.304444047943277951e+01 3.876676450908088656e-01
4.306726557839941449e+01 3.876118022276999753e-01
4.309010250599052938e+01 3.875559659671495294e-01
4.311295126833596214e+01 3.875001363082635208e-01
4.313581187156883345e+01 3.874443132501477205e-01
4.315868432182542591e+01 3.873884967919081213e-01
4.318156862524520534e+01 3.873326869326507715e-01
4.320446478797083500e+01 3.872768836714818308e-01
4.322737281614814719e+01 3.872210870075076805e-01
4.325029271592615032e+01 3.871652969398348132e-01
4.327322449345705735e+01 3.871095134675697769e-01
4.329616815489616499e+01 3.870537365898194526e-01
4.331912370640224452e+01 3.869979663056902774e-01
4.334209115413698044e+01 3.869422026142894655e-01
4.336507050426534704e+01 3.868864455147240644e-01
4.338806176295549477e+01 3.868306950061013438e-01
4.341106493637879282e+01 3.867749510875285734e-01
4.343408003070979362e+01 3.867192137581132449e-01
4.345710705212626834e+01 3.866634830169629611e-01
4.348014600680916431e+01 3.866077588631854356e-01
4.350319690094264047e+01 3.865520412958885488e-01
4.352625974071398218e+01 3.864963303141805140e-01
4.354933453231394935e+01 3.864406259171688784e-01
4.357242128193622221e+01 3.863849281039621886e-01
4.359551999577779213e+01 3.863292368736688243e-01
4.361863068003888344e+01 3.862735522253972209e-01
4.364175334092288239e+01 3.862178741582559249e-01
4.366488798463643661e+01 3.861622026713537603e-01
4.368803461738939831e+01 3.861065377637995510e-01
4.371119324539482420e+01 3.860508794347023431e-01
4.373436387486900401e+01 3.859952276831711826e-01
4.375754651203135381e+01 3.859395825083155596e-01
4.378074116310477848e+01 3.858839439092444645e-01
4.380394783431516004e+01 3.858283118850674431e-01
4.382716653189165612e+01 3.857726864348942630e-01
4.385039726206669997e+01 3.857170675578345809e-01
4.387364003107591515e+01 3.856614552529983864e-01
4.389689484515817952e+01 3.856058495194955582e-01
4.392016171055558971e+01 3.855502503564363082e-01
4.394344063351349661e+01 3.854946577629307924e-01
4.396673162028046278e+01 3.854390717380895559e-01
4.399003467710821980e+01 3.853834922810231434e-01
4.401334981025200221e+01 3.853279193908418776e-01
4.403667702597001465e+01 3.852723530666566920e-01
4.406001633052378708e+01 3.852167933075784645e-01
4.408336773017811083e+01 3.851612401127181839e-01
4.410673123120101735e+01 3.851056934811870058e-01
4.413010683986378524e+01 3.850501534120962521e-01
4.415349456244093318e+01 3.849946199045571893e-01
4.417689440521024835e+01 3.849390929576815279e-01
4.420030637445275801e+01 3.848835725705807564e-01
4.422373047645266553e+01 3.848280587423669186e-01
4.424716671749769858e+01 3.847725514721514473e-01
4.427061510387856913e+01 3.847170507590466082e-01
4.429407564188932867e+01 3.846615566021645560e-01
4.431754833782731140e+01 3.846060690006176119e-01
4.434103319799310583e+01 3.845505879535180416e-01
4.436453022869056895e+01 3.844951134599784437e-01
4.438803943622681913e+01 3.844396455191115836e-01
4.441156082691223617e+01 3.843841841300301154e-01
4.443509440706049674e+01 3.843287292918469711e-01
4.445864018298841813e+01 3.842732810036754154e-01
4.448219816101639879e+01 3.842178392646282137e-01
4.450576834746783561e+01 3.841624040738187973e-01
4.452935074866947929e+01 3.841069754303606532e-01
4.455294537095136320e+01 3.840515533333672682e-01
4.457655222064680345e+01 3.839961377819523514e-01
4.460017130409239883e+01 3.839407287752296671e-01
4.462380262762803085e+01 3.838853263123131465e-01
4.464744619759687794e+01 3.838299303923168315e-01
4.467110202034537281e+01 3.837745410143548752e-01
4.469477010222318825e+01 3.837191581775418747e-01
4.471845044958352844e+01 3.836637818809917611e-01
4.474214306878263869e+01 3.836084121238192424e-01
4.476584796618013229e+01 3.835530489051391378e-01
4.478956514813893364e+01 3.834976922240661001e-01
4.481329462102524275e+01 3.834423420797151705e-01
4.483703639120859208e+01 3.833869984712013901e-01
4.486079046506177548e+01 3.833316613976398557e-01
4.488455684896091924e+01 3.832763308581459971e-01
4.490833554928544658e+01 3.832210068518352442e-01
4.493212657241798524e+01 3.831656893778232487e-01
4.495592992474475835e+01 3.831103784352253849e-01
4.497974561265501592e+01 3.830550740231576379e-01
4.500357364254141856e+01 3.829997761407359369e-01
4.502741402079992383e+01 3.829444847870764335e-01
4.505126675382982171e+01 3.828891999612952235e-01
4.507513184803371331e+01 3.828339216625086250e-01
4.509900930981750378e+01 3.827786498898331780e-01
4.512289914559043780e+01 3.827233846423854224e-01
4.514680136176507119e+01 3.826681259192820095e-01
4.517071596475719986e+01 3.826128737196399787e-01
4.519464296098620792e+01 3.825576280425758702e-01
4.521858235687453487e+01 3.825023888872070010e-01
4.524253415884805207e+01 3.824471562526505775e-01
4.526649837333592075e+01 3.823919301380239166e-01
4.529047500677069849e+01 3.823367105424444468e-01
4.531446406558822559e+01 3.822814974650297626e-01
4.533846555622770325e+01 3.822262909048976254e-01
4.536247948513165085e+01 3.821710908611657964e-01
4.538650585874592736e+01 3.821158973329522590e-01
4.541054468351966023e+01 3.820607103193753851e-01
4.543459596590558647e+01 3.820055298195528803e-01
4.545865971235950553e+01 3.819503558326033388e-01
4.548273592934064880e+01 3.818951883576451323e-01
4.550682462331160849e+01 3.818400273937970213e-01
4.553092580073832352e+01 3.817848729401775998e-01
4.555503946809007942e+01 3.817297249959057392e-01
4.557916563183951553e+01 3.816745835601003667e-01
4.560330429846261779e+01 3.816194486318806867e-01
4.562745547443874017e+01 3.815643202103658482e-01
4.565161916625050509e+01 3.815091982946754445e-01
4.567579538038415166e+01 3.814540828839285136e-01
4.569998412332902404e+01 3.813989739772448706e-01
4.572418540157791966e+01 3.813438715737441642e-01
4.574839922162698258e+01 3.812887756725463761e-01
4.577262558997573194e+01 3.812336862727714881e-01
4.579686451312707618e+01 3.811786033735394819e-01
4.582111599758725617e+01 3.811235269739706721e-01
4.584538004986592341e+01 3.810684570731854293e-01
4.586965667647606892e+01 3.810133936703042346e-01
4.589394588393398777e+01 3.809583367644478469e-01
4.591824767875961300e+01 3.809032863547366921e-01
4.594256206747601112e+01 3.808482424402917510e-01
4.596688905660968061e+01 3.807932050202340046e-01
4.599122865269053051e+01 3.807381740936846004e-01
4.601558086225183075e+01 3.806831496597648523e-01
4.603994569183026897e+01 3.806281317175959633e-01
4.606432314796588656e+01 3.805731202662996360e-01
4.608871323720214264e+01 3.805181153049972953e-01
4.611311596608586427e+01 3.804631168328107549e-01
4.613753134116719679e+01 3.804081248488621614e-01
4.616195936899993768e+01 3.803531393522729953e-01
4.618640005614101796e+01 3.802981603421656254e-01
4.621085340915087158e+01 3.802431878176623647e-01
4.623531943459330051e+01 3.801882217778854711e-01
4.625979813903553151e+01 3.801332622219575352e-01
4.628428952904818772e+01 3.800783091490012033e-01
4.630879361120529580e+01 3.800233625581391217e-01
4.633331039208428592e+01 3.799684224484942696e-01
4.635783987826600594e+01 3.799134888191896264e-01
4.638238207633462196e+01 3.798585616693485045e-01
4.640693699287798779e+01 3.798036409980937722e-01
4.643150463448707654e+01 3.797487268045490194e-01
4.645608500775639982e+01 3.796938190878377251e-01
4.648067811928385851e+01 3.796389178470835901e-01
4.650528397567079253e+01 3.795840230814103156e-01
4.652990258352195951e+01 3.795291347899417689e-01
4.655453394944552059e+01 3.794742529718020951e-01
4.657917808005309723e+01 3.794193776261152729e-01
4.660383498195970020e+01 3.793645087520057246e-01
4.662850466178368691e+01 3.793096463485979286e-01
4.665318712614715224e+01 3.792547904150160298e-01
4.667788238167531034e+01 3.791999409503848950e-01
4.670259043499689966e+01 3.791450979538292243e-01
4.672731129274412609e+01 3.790902614244739399e-01
4.675204496155259193e+01 3.790354313614441306e-01
4.677679144806136691e+01 3.789806077638648851e-01
4.680155075891295269e+01 3.789257906308615143e-01
4.682632290075329706e+01 3.788709799615593843e-01
4.685110788023178685e+01 3.788161757550839726e-01
4.687590570400115553e+01 3.787613780105613115e-01
4.690071637871788113e+01 3.787065867271166009e-01
4.692553991104158939e+01 3.786518019038759841e-01
4.695037630763548719e+01 3.785970235399654937e-01
4.697522557516618491e+01 3.785422516345113286e-01
4.700008772030378879e+01 3.784874861866397433e-01
4.702496274972183699e+01 3.784327271954771033e-01
4.704985067009734223e+01 3.783779746601499960e-01
4.707475148811075627e+01 3.783232285797850647e-01
4.709966521044603383e+01 3.782684889535090633e-01
4.712459184379043364e+01 3.782137557804491346e-01
4.714953139483503719e+01 3.781590290597319770e-01
4.717448387027406653e+01 3.781043087904847888e-01
4.719944927680529645e+01 3.780495949718349902e-01
4.722442762113000470e+01 3.779948876029099458e-01
4.724941890995294358e+01 3.779401866828372425e-01
4.727442314998230444e+01 3.778854922107444669e-01
4.729944034792978869e+01 3.778308041857594834e-01
4.732447051051055098e+01 3.777761226070101563e-01
4.734951364444323474e+01 3.777214474736245720e-01
4.737456975644988688e+01 3.776667787847310942e-01
4.739963885325632020e+01 3.776121165394575874e-01
4.742472094159150942e+01 3.775574607369326374e-01
4.744981602818806010e+01 3.775028113762848858e-01
4.747492411978203108e+01 3.774481684566429185e-01
4.750004522311299837e+01 3.773935319771356545e-01
4.752517934492401253e+01 3.773389019368919017e-01
4.755032649196163419e+01 3.772842783350407458e-01
4.757548667097590567e+01 3.772296611707112723e-01
4.760065988872036513e+01 3.771750504430329554e-01
4.762584615195196847e+01 3.771204461511353800e-01
4.765104546743146585e+01 3.770658482941475764e-01
4.767625784192279781e+01 3.770112568711995182e-01
4.770148328219352862e+01 3.769566718814210127e-01
4.772672179501471845e+01 3.769020933239419224e-01
4.775197338716093753e+01 3.768475211978923878e-01
4.777723806541028750e+01 3.767929555024024935e-01
4.780251583654433034e+01 3.767383962366026573e-01
4.782780670734821626e+01 3.766838433996232416e-01
4.785311068461052741e+01 3.766292969905948307e-01
4.787842777512335601e+01 3.765747570086482865e-01
4.790375798568252463e+01 3.765202234529140823e-01
4.792910132308714566e+01 3.764656963225232467e-01
4.795445779413991261e+01 3.764111756166069189e-01
4.797982740564708593e+01 3.763566613342962386e-01
4.800521016441839350e+01 3.763021534747226227e-01
4.803060607726715858e+01 3.762476520370173216e-01
4.805601515101017185e+01 3.761931570203120856e-01
4.808143739246782644e+01 3.761386684237384981e-01
4.810687280846396874e+01 3.760841862464283647e-01
4.813232140582596230e+01 3.760297104875139351e-01
4.815778319138495078e+01 3.759752411461267929e-01
4.818325817197533212e+01 3.759207782213993543e-01
4.820874635443517775e+01 3.758663217124639244e-01
4.823424774560605499e+01 3.758118716184529196e-01
4.825976235233310518e+01 3.757574279384989224e-01
4.828529018146501528e+01 3.757029906717346823e-01
4.831083123985400363e+01 3.756485598172930040e-01
4.833638553435585550e+01 3.755941353743068034e-01
4.836195307182993020e+01 3.755397173419091628e-01
4.838753385913899052e+01 3.754853057192334975e-01
4.841312790314968595e+01 3.754309005054127235e-01
4.843873521073193444e+01 3.753765016995804227e-01
4.846435578875929906e+01 3.753221093008702325e-01
4.848998964410888846e+01 3.752677233084159014e-01
4.851563678366142085e+01 3.752133437213511780e-01
4.854129721430112454e+01 3.751589705388100326e-01
4.856697094291585870e+01 3.751046037599265470e-01
4.859265797639698548e+01 3.750502433838348582e-01
4.861835832163948368e+01 3.749958894096694362e-01
4.864407198554179246e+01 3.749415418365648622e-01
4.866979897500622343e+01 3.748872006636553289e-01
4.869553929693837091e+01 3.748328658900756949e-01
4.872129295824750272e+01 3.747785375149607634e-01
4.874705996584646073e+01 3.747242155374456152e-01
4.877284032665168212e+01 3.746698999566652200e-01
4.879863404758319234e+01 3.746155907717548250e-01
4.882444113556457665e+01 3.745612879818498442e-01
4.885026159752303698e+01 3.745069915860855803e-01
4.887609544038935638e+01 3.744527015835977801e-01
4.890194267109780668e+01 3.743984179735221907e-01
4.892780329658653926e+01 3.743441407549943922e-01
4.895367732379703085e+01 3.742898699271504093e-01
4.897956475967443168e+01 3.742356054891264883e-01
4.900546561116750865e+01 3.741813474400586537e-01
4.903137988522861690e+01 3.741270957790833740e-01
4.905730758881371401e+01 3.740728505053370623e-01
4.908324872888236001e+01 3.740186116179563536e-01
4.910920331239774583e+01 3.739643791160778274e-01
4.913517134632665062e+01 3.739101529988385075e-01
4.916115283763934229e+01 3.738559332653754730e-01
4.918714779331006071e+01 3.738017199148254144e-01
4.921315622031629289e+01 3.737475129463257439e-01
4.923917812563929175e+01 3.736933123590138184e-01
4.926521351626390555e+01 3.736391181520271054e-01
4.929126239917861341e+01 3.735849303245031838e-01
4.931732478137548981e+01 3.735307488755797434e-01
4.934340066985026851e+01 3.734765738043946404e-01
4.936949007160229286e+01 3.734224051100858977e-01
4.939559299363451572e+01 3.733682427917915381e-01
4.942170944295344981e+01 3.733140868486500286e-01
4.944783942656952291e+01 3.732599372797992809e-01
4.947398295149650949e+01 3.732057940843779842e-01
4.950014002475188590e+01 3.731516572615247718e-01
4.952631065335679494e+01 3.730975268103782772e-01
4.955249484433601737e+01 3.730434027300774114e-01
4.957869260471795769e+01 3.729892850197611409e-01
4.960490394153467975e+01 3.729351736785685434e-01
4.963112886182186401e+01 3.728810687056388073e-01
4.965736737261887868e+01 3.728269701001113989e-01
4.968361948096860914e+01 3.727728778611258398e-01
4.970988519391789850e+01 3.727187919878214295e-01
4.973616451851694364e+01 3.726647124793381338e-01
4.976245746181969309e+01 3.726106393348156409e-01
4.978876403088375469e+01 3.725565725533940276e-01
4.981508423277039554e+01 3.725025121342134260e-01
4.984141807454452788e+01 3.724484580764140240e-01
4.986776556327473031e+01 3.723944103791361759e-01
4.989412670603326205e+01 3.723403690415202916e-01
4.992050150989602031e+01 3.722863340627071138e-01
4.994688998194249052e+01 3.722323054418374966e-01
4.997329212925613717e+01 3.721782831780518497e-01
4.999970795892374298e+01 3.721242672704913601e-01
5.002613747803592759e+01 3.720702577182972148e-01
5.005258069368693441e+01 3.720162545206105453e-01
5.007903761297472300e+01 3.719622576765727606e-01
5.010550824300090511e+01 3.719082671853253252e-01
5.013199259087077309e+01 3.718542830460098148e-01
5.015849066369332832e+01 3.718003052577680267e-01
5.018500246858121727e+01 3.717463338197418143e-01
5.021152801265069598e+01 3.716923687310732527e-01
5.023806730302201373e+01 3.716384099909041394e-01
5.026462034681880198e+01 3.715844575983769382e-01
5.029118715116847227e+01 3.715305115526338353e-01
5.031776772320213809e+01 3.714765718528175165e-01
5.034436207005461483e+01 3.714226384980705009e-01
5.037097019886441984e+01 3.713687114875354744e-01
5.039759211677374395e+01 3.713147908203554004e-01
5.042422783092850835e+01 3.712608764956731311e-01
5.045087734847832195e+01 3.712069685126319074e-01
5.047754067657640320e+01 3.711530668703750813e-01
5.050421782237996382e+01 3.710991715680456160e-01
5.053090879304965455e+01 3.710452826047872521e-01
5.055761359574992042e+01 3.709913999797435080e-01
5.058433223764890840e+01 3.709375236920581798e-01
5.061106472591848160e+01 3.708836537408751743e-01
5.063781106773425478e+01 3.708297901253383433e-01
5.066457127027550911e+01 3.707759328445918712e-01
5.069134534072528453e+01 3.707220818977799981e-01
5.071813328627033712e+01 3.706682372840470752e-01
5.074493511410102542e+01 3.706143990025378421e-01
5.077175083141176515e+01 3.705605670523964279e-01
5.079858044540037554e+01 3.705067414327677944e-01
5.082542396326851986e+01 3.704529221427967922e-01
5.085228139222159172e+01 3.703991091816284387e-01
5.087915273946871508e+01 3.703453025484078620e-01
5.090603801222273717e+01 3.702915022422802460e-01
5.093293721770028526e+01 3.702377082623909965e-01
5.095985036312166727e+01 3.701839206078855748e-01
5.098677745571098541e+01 3.701301392779095534e-01
5.101371850269595143e+01 3.700763642716089485e-01
5.104067351130835561e+01 3.700225955881291662e-01
5.106764248878339174e+01 3.699688332266164448e-01
5.109462544236014026e+01 3.699150771862168563e-01
5.112162237928141906e+01 3.698613274660766392e-01
5.114863330679380482e+01 3.698075840653421986e-01
5.117565823214761878e+01 3.697538469831599950e-01
5.120269716259694093e+01 3.697001162186766554e-01
5.122975010539961715e+01 3.696463917710388625e-01
5.125681706781727343e+01 3.695926736393935763e-01
5.128389805711513816e+01 3.695389618228878681e-01
5.131099308056258224e+01 3.694852563206685869e-01
5.133810214543238715e+01 3.694315571318830815e-01
5.136522525900124236e+01 3.693778642556787561e-01
5.139236242854956060e+01 3.693241776912030150e-01
5.141951366136158441e+01 3.692704974376035953e-01
5.144667896472528668e+01 3.692168234940281790e-01
5.147385834593242748e+01 3.691631558596246143e-01
5.150105181227856121e+01 3.691094945335409161e-01
5.152825937106300813e+01 3.690558395149252102e-01
5.155548102958878331e+01 3.690021908029259001e-01
5.158271679516296615e+01 3.689485483966910007e-01
5.160996667509614610e+01 3.688949122953691373e-01
5.163723067670279931e+01 3.688412824981089355e-01
5.166450880730117490e+01 3.687876590040591873e-01
5.169180107421330916e+01 3.687340418123687957e-01
5.171910748476506825e+01 3.686804309221866083e-01
5.174642804628608417e+01 3.686268263326619166e-01
5.177376276610980455e+01 3.685732280429437902e-01
5.180111165157345710e+01 3.685196360521816317e-01
5.182847471001799278e+01 3.684660503595252323e-01
5.185585194878846238e+01 3.684124709641237172e-01
5.188324337523342678e+01 3.683588978651270995e-01
5.191064899670531929e+01 3.683053310616851705e-01
5.193806882056044572e+01 3.682517705529479990e-01
5.196550285415886350e+01 3.681982163380655981e-01
5.199295110486449545e+01 3.681446684161882588e-01
5.202041358004503735e+01 3.680911267864663827e-01
5.204789028707202903e+01 3.680375914480504274e-01
5.207538123332082591e+01 3.679840624000910165e-01
5.210288642617048538e+01 3.679305396417391072e-01
5.213040587300424278e+01 3.678770231721451012e-01
5.215793958120880092e+01 3.678235129904602330e-01
5.218548755817480611e+01 3.677700090958356260e-01
5.221304981129676293e+01 3.677165114874225704e-01
5.224062634797297022e+01 3.676630201643723006e-01
5.226821717560557801e+01 3.676095351258364397e-01
5.229582230160058032e+01 3.675560563709665551e-01
5.232344173336780102e+01 3.675025838989143256e-01
5.235107547832090091e+01 3.674491177088317073e-01
5.237872354387727114e+01 3.673956577998708228e-01
5.240638593745848084e+01 3.673422041711834618e-01
5.243406266648963054e+01 3.672887568219220245e-01
5.246175373839974299e+01 3.672353157512388000e-01
5.248945916062172756e+01 3.671818809582864107e-01
5.251717894059231639e+01 3.671284524422173678e-01
5.254491308575211406e+01 3.670750302021845712e-01
5.257266160354558338e+01 3.670216142373406987e-01
5.260042450142103831e+01 3.669682045468387610e-01
5.262820178683063688e+01 3.669148011298319911e-01
5.265599346723032426e+01 3.668614039854737885e-01
5.268379955008018811e+01 3.668080131129170529e-01
5.271162004284391145e+01 3.667546285113155169e-01
5.273945495298912789e+01 3.667012501798228019e-01
5.276730428798732220e+01 3.666478781175926405e-01
5.279516805531387291e+01 3.665945123237789316e-01
5.282304626244804524e+01 3.665411527975355743e-01
5.285093891687294843e+01 3.664877995380167452e-01
5.287884602607558548e+01 3.664344525443766765e-01
5.290676759754683900e+01 3.663811118157697111e-01
5.293470363878137164e+01 3.663277773513506363e-01
5.296265415727804537e+01 3.662744491502735178e-01
5.299061916053929622e+01 3.662211272116934202e-01
5.301859865607153210e+01 3.661678115347651308e-01
5.304659265138506896e+01 3.661145021186436588e-01
5.307460115399411649e+01 3.660611989624840690e-01
5.310262417141675684e+01 3.660079020654417037e-01
5.313066171117500858e+01 3.659546114266718497e-01
5.315871378079476273e+01 3.659013270453299604e-01
5.318678038780579698e+01 3.658480489205718222e-01
5.321486153974170463e+01 3.657947770515531660e-01
5.324295724414030673e+01 3.657415114374295562e-01
5.327106750854299122e+01 3.656882520773571676e-01
5.329919234049518195e+01 3.656349989704920644e-01
5.332733174754620364e+01 3.655817521159905326e-01
5.335548573724927479e+01 3.655285115130089690e-01
5.338365431716156451e+01 3.654752771607037709e-01
5.341183749484413568e+01 3.654220490582316683e-01
5.344003527786197338e+01 3.653688272047492802e-01
5.346824767378399201e+01 3.653156115994135034e-01
5.349647469018288604e+01 3.652624022413815119e-01
5.352471633463564871e+01 3.652091991298100915e-01
5.355297261472284021e+01 3.651560022638565828e-01
5.358124353802907081e+01 3.651028116426783821e-01
5.360952911214288719e+01 3.650496272654329410e-01
5.363782934465675822e+01 3.649964491312779891e-01
5.366614424316706078e+01 3.649432772393710889e-01
5.369447381527417917e+01 3.648901115888701918e-01
5.372281806858237729e+01 3.648369521789333048e-01
5.375117701069986254e+01 3.647837990087184901e-01
5.377955064923870054e+01 3.647306520773841987e-01
5.380793899181522733e+01 3.646775113840883820e-01
5.383634204604938844e+01 3.646243769279897684e-01
5.386475981956517245e+01 3.645712487082468645e-01
5.389319231999055404e+01 3.645181267240184542e-01
5.392163955495744432e+01 3.644650109744633770e-01
5.395010153210168369e+01 3.644119014587406946e-01
5.397857825906312002e+01 3.643587981760094130e-01
5.400706974348550915e+01 3.643057011254288158e-01
5.403557599301661440e+01 3.642526103061582421e-01
5.406409701530801470e+01 3.641995257173573641e-01
5.409263281801561618e+01 3.641464473581854100e-01
5.412118340879894163e+01 3.640933752278022739e-01
5.414974879532159235e+01 3.640403093253678501e-01
5.417832898525114871e+01 3.639872496500420329e-01
5.420692398625915587e+01 3.639341962009850495e-01
5.423553380602116647e+01 3.638811489773570718e-01
5.426415845221664824e+01 3.638281079783184935e-01
5.429279793252912611e+01 3.637750732030296530e-01
5.432145225464604010e+01 3.637220446506513327e-01
5.435012142625875242e+01 3.636690223203443151e-01
5.437880545506289565e+01 3.636160062112691604e-01
5.440750434875779717e+01 3.635629963225869843e-01
5.443621811504687713e+01 3.635099926534588466e-01
5.446494676163752757e+01 3.634569952030460849e-01
5.449369029624116934e+01 3.634040039705099256e-01
5.452244872657318808e+01 3.633510189550119285e-01
5.455122206035297694e+01 3.632980401557136529e-01
5.458001030530394360e+01 3.632450675717768807e-01
5.460881346915347478e+01 3.631921012023633932e-01
5.463763155963287232e+01 3.631391410466354164e-01
5.466646458447776524e+01 3.630861871037545097e-01
5.469531255142745607e+01 3.630332393728833429e-01
5.472417546822537560e+01 3.629802978531840862e-01
5.475305334261897627e+01 3.629273625438192430e-01
5.478194618235970381e+01 3.628744334439513719e-01
5.481085399520303980e+01 3.628215105527433093e-01
5.483977678890847329e+01 3.627685938693577250e-01
5.486871457123952212e+01 3.627156833929577884e-01
5.489766734996371866e+01 3.626627791227065023e-01
5.492663513285252463e+01 3.626098810577672582e-01
5.495561792768175025e+01 3.625569891973029479e-01
5.498461574223089343e+01 3.625041035404774070e-01
5.501362858428361591e+01 3.624512240864540824e-01
5.504265646162760817e+01 3.623983508343967541e-01
5.507169938205457527e+01 3.623454837834693132e-01
5.510075735336030789e+01 3.622926229328355396e-01
5.512983038334456865e+01 3.622397682816597131e-01
5.515891847981121288e+01 3.621869198291060021e-01
5.518802165056813180e+01 3.621340775743387419e-01
5.521713990342714595e+01 3.620812415165225451e-01
5.524627324620444568e+01 3.620284116548216358e-01
5.527542168671995881e+01 3.619755879884009597e-01
5.530458523279776983e+01 3.619227705164253517e-01
5.533376389226602754e+01 3.618699592380597019e-01
5.536295767295690951e+01 3.618171541524691226e-01
5.539216658270666471e+01 3.617643552588188927e-01
5.542139062935563487e+01 3.617115625562742909e-01
5.545062982074816915e+01 3.616587760440007626e-01
5.547988416473271656e+01 3.616059957211639753e-01
5.550915366916168381e+01 3.615532215869297628e-01
5.553843834189186879e+01 3.615004536404635149e-01
5.556773819078382104e+01 3.614476918809315098e-01
5.559705322370224678e+01 3.613949363074998034e-01
5.562638344851595917e+01 3.613421869193344516e-01
5.565572887309784278e+01 3.612894437156020100e-01
5.568508950532483226e+01 3.612367066954688122e-01
5.571446535307799053e+01 3.611839758581014137e-01
5.574385642424241638e+01 3.611312512026666477e-01
5.577326272670735818e+01 3.610785327283311807e-01
5.580268426836597229e+01 3.610258204342622901e-01
5.583212105711587725e+01 3.609731143196266423e-01
5.586157310085845040e+01 3.609204143835915701e-01
5.589104040749927549e+01 3.608677206253244063e-01
5.592052298494800056e+01 3.608150330439927056e-01
5.595002084111843743e+01 3.607623516387639118e-01
5.597953398392841962e+01 3.607096764088058016e-01
5.600906242129994439e+01 3.606570073532861520e-01
5.603860616115910176e+01 3.606043444713730173e-01
5.606816521143607446e+01 3.605516877622343408e-01
5.609773958006503847e+01 3.604990372250386210e-01
5.612732927498464619e+01 3.604463928589537458e-01
5.615693430413730880e+01 3.603937546631482691e-01
5.618655467546965099e+01 3.603411226367909670e-01
5.621619039693246123e+01 3.602884967790503379e-01
5.624584147648060650e+01 3.602358770890953243e-01
5.627550792207307495e+01 3.601832635660948134e-01
5.630518974167301138e+01 3.601306562092178587e-01
5.633488694324767465e+01 3.600780550176337358e-01
5.636459953476842344e+01 3.600254599905116648e-01
5.639432752421067363e+01 3.599728711270213655e-01
5.642407091955431042e+01 3.599202884263319469e-01
5.645382972878297778e+01 3.598677118876133507e-01
5.648360395988461136e+01 3.598151415100353523e-01
5.651339362085126794e+01 3.597625772927678933e-01
5.654319871967913969e+01 3.597100192349810821e-01
5.657301926436858963e+01 3.596574673358450824e-01
5.660285526292409486e+01 3.596049215945301691e-01
5.663270672335429623e+01 3.595523820102067836e-01
5.666257365367198418e+01 3.594998485820455336e-01
5.669245606189397790e+01 3.594473213092173602e-01
5.672235395604162278e+01 3.593948001908924827e-01
5.675226734414003715e+01 3.593422852262422307e-01
5.678219623421865236e+01 3.592897764144374895e-01
5.681214063431102090e+01 3.592372737546495887e-01
5.684210055245488746e+01 3.591847772460498023e-01
5.687207599669215341e+01 3.591322868878095154e-01
5.690206697506890521e+01 3.590798026791002795e-01
5.693207349563534336e+01 3.590273246190938683e-01
5.696209556644591743e+01 3.589748527069619444e-01
5.699213319555907731e+01 3.589223869418767809e-01
5.702218639103781328e+01 3.588699273230099296e-01
5.705225516094895966e+01 3.588174738495337746e-01
5.708233951336362821e+01 3.587650265206207001e-01
5.711243945635712294e+01 3.587125853354430349e-01
5.714255499800893290e+01 3.586601502931733854e-01
5.717268614640273228e+01 3.586077213929844132e-01
5.720283290962639455e+01 3.585552986340488912e-01
5.723299529577196409e+01 3.585028820155397589e-01
5.726317331293567747e+01 3.584504715366301220e-01
5.729336696921788530e+01 3.583980671964932530e-01
5.732357627272344303e+01 3.583456689943020912e-01
5.735380123156109278e+01 3.582932769292302977e-01
5.738404185384387546e+01 3.582408910004513669e-01
5.741429814768903128e+01 3.581885112071389599e-01
5.744457012121802819e+01 3.581361375484669041e-01
5.747485778255651923e+01 3.580837700236090826e-01
5.750516113983439226e+01 3.580314086317396005e-01
5.753548020118572737e+01 3.579790533720324519e-01
5.756581497474881104e+01 3.579267042436621304e-01
5.759616546866607223e+01 3.578743612458031853e-01
5.762653169108448026e+01 3.578220243776297216e-01
5.765691365015488401e+01 3.577696936383165660e-01
5.768731135403245958e+01 3.577173690270386008e-01
5.771772481087663209e+01 3.576650505429706528e-01
5.774815402885104021e+01 3.576127381852878262e-01
5.777859901612353610e+01 3.575604319531652808e-01
5.780905978086624941e+01 3.575081318457782320e-01
5.783953633125551619e+01 3.574558378623021171e-01
5.787002867547190732e+01 3.574035500019124845e-01
5.790053682170010774e+01 3.573512682637852156e-01
5.793106077812944932e+01 3.572989926470955813e-01
5.796160055295307245e+01 3.572467231510197960e-01
5.799215615436855842e+01 3.571944597747338523e-01
5.802272759057769491e+01 3.571422025174139092e-01
5.805331486978651867e+01 3.570899513782361812e-01
5.808391800020534390e+01 3.570377063563771047e-01
5.811453699004871254e+01 3.569854674510132830e-01
5.814517184753543688e+01 3.569332346613212636e-01
5.817582258088858538e+01 3.568810079864779272e-01
5.820648919833537605e+01 3.568287874256602099e-01
5.823717170810764543e+01 3.567765729780448813e-01
5.826787011844113806e+01 3.567243646428091552e-01
5.829858443757596831e+01 3.566721624191304119e-01
5.832931467375654222e+01 3.566199663061860314e-01
5.836006083523154331e+01 3.565677763031535052e-01
5.839082293025389703e+01 3.565155924092104356e-01
5.842160096708084183e+01 3.564634146235347023e-01
5.845239495397388652e+01 3.564112429453040742e-01
5.848320489919879606e+01 3.563590773736966533e-01
5.851403081102552761e+01 3.563069179078906523e-01
5.854487269772867819e+01 3.562547645470641178e-01
5.857573056758675989e+01 3.562026172903954846e-01
5.860660442888272570e+01 3.561504761370632988e-01
5.863749428990377766e+01 3.560983410862462728e-01
5.866840015894144500e+01 3.560462121371230637e-01
5.869932204429153444e+01 3.559940892888725505e-01
5.873025995425416568e+01 3.559419725406738899e-01
5.876121389713375720e+01 3.558898618917060719e-01
5.879218388123902628e+01 3.558377573411483641e-01
5.882316991488288949e+01 3.557856588881804227e-01
5.885417200638290325e+01 3.557335665319811824e-01
5.888519016406059592e+01 3.556814802717306878e-01
5.891622439624193674e+01 3.556294001066085952e-01
5.894727471125718665e+01 3.555773260357947274e-01
5.897834111744092667e+01 3.555252580584691291e-01
5.900942362313207923e+01 3.554731961738119561e-01
5.904052223667386556e+01 3.554211403810033643e-01
5.907163696641384121e+01 3.553690906792238424e-01
5.910276782070388180e+01 3.553170470676537684e-01
5.913391480790006938e+01 3.552650095454740753e-01
5.916507793636318269e+01 3.552129781118650298e-01
5.919625721445799371e+01 3.551609527660076759e-01
5.922745265055367980e+01 3.551089335070831132e-01
5.925866425302379525e+01 3.550569203342723301e-01
5.928989203024621446e+01 3.550049132467567037e-01
5.932113599060316744e+01 3.549529122437174999e-01
5.935239614248121853e+01 3.549009173243362070e-01
5.938367249427127348e+01 3.548489284877944794e-01
5.941496505436860076e+01 3.547969457332740273e-01
5.944627383117269659e+01 3.547449690599568939e-01
5.947759883308776807e+01 3.546929984670246783e-01
5.950894006852200135e+01 3.546410339536597567e-01
5.954029754588808032e+01 3.545890755190442278e-01
5.957167127360305159e+01 3.545371231623605790e-01
5.960306126008829608e+01 3.544851768827911864e-01
5.963446751376960009e+01 3.544332366795187039e-01
5.966589004307707711e+01 3.543813025517258408e-01
5.969732885644523890e+01 3.543293744985954730e-01
5.972878396231293863e+01 3.542774525193105317e-01
5.976025536912329983e+01 3.542255366130543925e-01
5.979174308532419957e+01 3.541736267790098203e-01
5.982324711936750106e+01 3.541217230163603569e-01
5.985476747970958655e+01 3.540698253242894888e-01
5.988630417481120105e+01 3.540179337019808137e-01
5.991785721313750201e+01 3.539660481486180399e-01
5.994942660315801675e+01 3.539141686633850425e-01
5.998101235334667081e+01 3.538622952454656967e-01
6.001261447218175960e+01 3.538104278940442105e-01
6.004423296814600519e+01 3.537585666083047364e-01
6.007586784972637162e+01 3.537067113874318158e-01
6.010751912541461195e+01 3.536548622306095457e-01
6.013918680370648673e+01 3.536030191370226339e-01
6.017087089310231818e+01 3.535511821058558990e-01
6.020257140210680546e+01 3.534993511362940488e-01
6.023428833922904602e+01 3.534475262275221796e-01
6.026602171298259947e+01 3.533957073787252767e-01
6.029777153188538108e+01 3.533438945890885474e-01
6.032953780445975411e+01 3.532920878577973656e-01
6.036132053923245877e+01 3.532402871840372161e-01
6.039311974473457667e+01 3.531884925669938058e-01
6.042493542950195717e+01 3.531367040058524531e-01
6.045676760207452816e+01 3.530849214997991425e-01
6.048861627099670812e+01 3.530331450480198585e-01
6.052048144481739911e+01 3.529813746497007521e-01
6.055236313208992982e+01 3.529296103040279187e-01
6.058426134137202013e+01 3.528778520101876759e-01
6.061617608122586631e+01 3.528260997673665633e-01
6.064810736021809845e+01 3.527743535747510650e-01
6.068005518691975197e+01 3.527226134315279427e-01
6.071201956990620374e+01 3.526708793368841244e-01
6.074400051775766940e+01 3.526191512900062608e-01
6.077599803905840048e+01 3.525674292900814466e-01
6.080801214239723151e+01 3.525157133362969986e-01
6.084004283636745924e+01 3.524640034278402334e-01
6.087209012956682841e+01 3.524122995638985789e-01
6.090415403059753885e+01 3.523606017436595184e-01
6.093623454806624551e+01 3.523089099663108126e-01
6.096833169058405844e+01 3.522572242310402224e-01
6.100044546676657120e+01 3.522055445370357307e-01
6.103257588523369037e+01 3.521538708834855425e-01
6.106472295461018973e+01 3.521022032695774739e-01
6.109688668352491447e+01 3.520505416944999522e-01
6.112906708061132122e+01 3.519988861574415151e-01
6.116126415450735010e+01 3.519472366575905897e-01
6.119347791385538216e+01 3.518955931941359916e-01
6.122570836730231747e+01 3.518439557662663697e-01
6.125795552349950412e+01 3.517923243731707617e-01
6.129021939110280925e+01 3.517406990140380940e-01
6.132249997877254089e+01 3.516890796880576819e-01
6.135479729517341241e+01 3.516374663944189516e-01
6.138711134897498312e+01 3.515858591323108850e-01
6.141944214885093345e+01 3.515342579009232415e-01
6.145178970347953396e+01 3.514826626994456693e-01
6.148415402154361686e+01 3.514310735270679831e-01
6.151653511173047661e+01 3.513794903829801086e-01
6.154893298273187696e+01 3.513279132663720827e-01
6.158134764324415755e+01 3.512763421764340532e-01
6.161377910196810603e+01 3.512247771123562234e-01
6.164622736760904331e+01 3.511732180733291298e-01
6.167869244887667435e+01 3.511216650585434196e-01
6.171117435448557842e+01 3.510701180671893518e-01
6.174367309315451990e+01 3.510185770984579068e-01
6.177618867360685329e+01 3.509670421515400651e-01
6.180872110457048763e+01 3.509155132256266962e-01
6.184127039477782262e+01 3.508639903199091137e-01
6.187383655296584095e+01 3.508124734335784645e-01
6.190641958787598753e+01 3.507609625658262287e-01
6.193901950825426184e+01 3.507094577158438864e-01
6.197163632285122503e+01 3.506579588828230842e-01
6.200427004042180812e+01 3.506064660659558019e-01
6.203692066972586616e+01 3.505549792644334639e-01
6.206958821952743222e+01 3.505034984774483831e-01
6.210227269859520050e+01 3.504520237041926500e-01
6.213497411570239137e+01 3.504005549438585221e-01
6.216769247962678691e+01 3.503490921956384230e-01
6.220042779915070952e+01 3.502976354587248320e-01
6.223318008306107174e+01 3.502461847323103949e-01
6.226594934014927674e+01 3.501947400155878132e-01
6.229873557921131777e+01 3.501433013077500100e-01
6.233153880904762190e+01 3.500918686079902420e-01
6.236435903846355444e+01 3.500404419155011548e-01
6.239719627626865162e+01 3.499890212294762271e-01
6.243005053127717474e+01 3.499376065491088816e-01
6.246292181230790419e+01 3.498861978735925415e-01
6.249581012818423176e+01 3.498347952021208518e-01
6.252871548773409671e+01 3.497833985338875684e-01
6.256163789979000711e+01 3.497320078680866140e-01
6.259457737318910375e+01 3.496806232039119111e-01
6.262753391677302517e+01 3.496292445405575489e-01
6.266050753938791473e+01 3.495778718772180604e-01
6.269349824988490383e+01 3.495265052130873684e-01
6.272650605711926630e+01 3.494751445473601725e-01
6.275953096995103664e+01 3.494237898792310615e-01
6.279257299724481811e+01 3.493724412078947350e-01
6.282563214786983252e+01 3.493210985325461149e-01
6.285870843069988467e+01 3.492697618523802339e-01
6.289180185461336237e+01 3.492184311665920693e-01
6.292491242849327904e+01 3.491671064743768760e-01
6.295804016122724533e+01 3.491157877749301308e-01
6.299118506170733411e+01 3.490644750674473662e-01
6.302434713883063466e+01 3.490131683511238370e-01
6.305752640149843558e+01 3.489618676251555196e-01
6.309072285861680029e+01 3.489105728887381686e-01
6.312393651909637526e+01 3.488592841410677603e-01
6.315716739185245387e+01 3.488080013813404934e-01
6.319041548580490542e+01 3.487567246087525108e-01
6.322368080987828876e+01 3.487054538225001221e-01
6.325696337300171024e+01 3.486541890217799144e-01
6.329026318410896579e+01 3.486029302057883084e-01
6.332358025213832775e+01 3.485516773737223906e-01
6.335691458603308490e+01 3.485004305247784706e-01
6.339026619474077506e+01 3.484491896581537462e-01
6.342363508721369669e+01 3.483979547730453596e-01
6.345702127240882362e+01 3.483467258686504531e-01
6.349042475928771978e+01 3.482955029441663353e-01
6.352384555681661027e+01 3.482442859987905370e-01
6.355728367396640976e+01 3.481930750317205892e-01
6.359073911971260884e+01 3.481418700421541890e-01
6.362421190303538765e+01 3.480906710292892003e-01
6.365770203291945961e+01 3.480394779923237092e-01
6.369120951835456879e+01 3.479882909304554683e-01
6.372473436833475091e+01 3.479371098428827858e-01
6.375827659185877394e+01 3.478859347288040804e-01
6.379183619793015225e+01 3.478347655874177158e-01
6.382541319555699033e+01 3.477836024179222774e-01
6.385900759375211067e+01 3.477324452195164617e-01
6.389261940153298269e+01 3.476812939913990763e-01
6.392624862792176543e+01 3.476301487327690398e-01
6.395989528194527907e+01 3.475790094428254928e-01
6.399355937263489125e+01 3.475278761207677425e-01
6.402724090902704290e+01 3.474767487657947074e-01
6.406093990016246664e+01 3.474256273771060832e-01
6.409465635508674097e+01 3.473745119539012882e-01
6.412839028285007714e+01 3.473234024953801291e-01
6.416214169250740440e+01 3.472722990007423571e-01
6.419591059311837000e+01 3.472212014691878901e-01
6.422969699374726815e+01 3.471701098999167567e-01
6.426350090346311106e+01 3.471190242921292080e-01
6.429732233133961472e+01 3.470679446450254946e-01
6.433116128645507104e+01 3.470168709578062005e-01
6.436501777789287360e+01 3.469658032296715211e-01
6.439889181474069346e+01 3.469147414598223178e-01
6.443278340609109023e+01 3.468636856474593411e-01
6.446669256104129886e+01 3.468126357917835634e-01
6.450061928869328653e+01 3.467615918919959572e-01
6.453456359815373844e+01 3.467105539472977171e-01
6.456852549853404355e+01 3.466595219568901487e-01
6.460250499895033727e+01 3.466084959199745574e-01
6.463650210852345879e+01 3.465574758357526375e-01
6.467051683637883741e+01 3.465064617034260830e-01
6.470454919164707519e+01 3.464554535221963660e-01
6.473859918346303743e+01 3.464044512912655693e-01
6.477266682096650641e+01 3.463534550098357201e-01
6.480675211330198238e+01 3.463024646771089010e-01
6.484085506961871204e+01 3.462514802922875279e-01
6.487497569907067430e+01 3.462005018545738499e-01
6.490911401081659449e+01 3.461495293631704495e-01
6.494327001401995858e+01 3.460985628172800199e-01
6.497744371784899897e+01 3.460476022161051990e-01
6.501163513147652395e+01 3.459966475588491797e-01
6.504584426408055720e+01 3.459456988447145442e-01
6.508007112484344248e+01 3.458947560729045967e-01
6.511431572295241210e+01 3.458438192426225855e-01
6.514857806759947323e+01 3.457928883530719810e-01
6.518285816798140786e+01 3.457419634034562539e-01
6.521715603329974442e+01 3.456910443929789856e-01
6.525147167276077198e+01 3.456401313208439241e-01
6.528580509557558287e+01 3.455892241862550396e-01
6.532015631096000163e+01 3.455383229884162466e-01
6.535452532813454241e+01 3.454874277265319038e-01
6.538891215632484943e+01 3.454365383998058703e-01
6.542331680476098654e+01 3.453856550074426157e-01
6.545773928267792030e+01 3.453347775486467208e-01
6.549217959931539212e+01 3.452839060226228218e-01
6.552663776391794670e+01 3.452330404285756105e-01
6.556111378573490356e+01 3.451821807657100005e-01
6.559560767402039971e+01 3.451313270332309058e-01
6.563011943803336123e+01 3.450804792303434620e-01
6.566464908703747483e+01 3.450296373562529717e-01
6.569919663030115942e+01 3.449788014101648481e-01
6.573376207709797825e+01 3.449279713912843381e-01
6.576834543670592836e+01 3.448771472988171327e-01
6.580294671840796639e+01 3.448263291319689228e-01
6.583756593149180958e+01 3.447755168899457323e-01
6.587220308525004953e+01 3.447247105719533633e-01
6.590685818898002424e+01 3.446739101771980063e-01
6.594153125198394605e+01 3.446231157048858518e-01
6.597622228356883056e+01 3.445723271542232014e-01
6.601093129304652507e+01 3.445215445244165786e-01
6.604565828973352382e+01 3.444707678146727847e-01
6.608040328295160748e+01 3.444199970241980657e-01
6.611516628202696211e+01 3.443692321521995559e-01
6.614994729629074754e+01 3.443184731978841118e-01
6.618474633507894112e+01 3.442677201604588677e-01
6.621956340773238026e+01 3.442169730391310134e-01
6.625439852359673409e+01 3.441662318331079051e-01
6.628925169202250345e+01 3.441154965415970102e-01
6.632412292236506346e+01 3.440647671638058513e-01
6.635901222398460675e+01 3.440140436989421735e-01
6.639391960624605815e+01 3.439633261462139435e-01
6.642884507851960052e+01 3.439126145048287952e-01
6.646378865017985049e+01 3.438619087739949176e-01
6.649875033060645535e+01 3.438112089529205551e-01
6.653373012918389406e+01 3.437605150408140076e-01
6.656872805530150572e+01 3.437098270368836861e-01
6.660374411835350372e+01 3.436591449403381682e-01
6.663877832773897580e+01 3.436084687503861979e-01
6.667383069286186981e+01 3.435577984662365192e-01
6.670890122313103632e+01 3.435071340870980428e-01
6.674398992796000130e+01 3.434564756121801232e-01
6.677909681676764819e+01 3.434058230406914491e-01
6.681422189897729425e+01 3.433551763718415972e-01
6.684936518401728733e+01 3.433045356048399777e-01
6.688452668132084966e+01 3.432539007388960561e-01
6.691970640032610618e+01 3.432032717732196314e-01
6.695490435047608457e+01 3.431526487070203357e-01
6.699012054121865845e+01 3.431020315395083009e-01
6.702535498200666098e+01 3.430514202698933812e-01
6.706060768229775704e+01 3.430008148973858750e-01
6.709587865155444319e+01 3.429502154211961917e-01
6.713116789924447403e+01 3.428996218405343521e-01
6.716647543484013738e+01 3.428490341546111542e-01
6.720180126781875174e+01 3.427984523626371738e-01
6.723714540766255254e+01 3.427478764638232644e-01
6.727250786385867798e+01 3.426973064573802241e-01
6.730788864589918319e+01 3.426467423425192393e-01
6.734328776328106869e+01 3.425961841184513301e-01
6.737870522550620933e+01 3.425456317843878495e-01
6.741414104208146796e+01 3.424950853395401507e-01
6.744959522251842543e+01 3.424445447831199751e-01
6.748506777633406273e+01 3.423940101143385650e-01
6.752055871304985146e+01 3.423434813324078285e-01
6.755606804219233652e+01 3.422929584365397848e-01
6.759159577329299395e+01 3.422424414259463976e-01
6.762714191588825940e+01 3.421919302998397416e-01
6.766270647951951389e+01 3.421414250574321136e-01
6.769828947373305539e+01 3.420909256979359214e-01
6.773389090808014146e+01 3.420404322205636838e-01
6.776951079211698925e+01 3.419899446245280306e-01
6.780514913540459077e+01 3.419394629090418136e-01
6.784080594750939497e+01 3.418889870733176073e-01
6.787648123800229882e+01 3.418385171165685965e-01
6.791217501645932941e+01 3.417880530380079107e-01
6.794788729246151604e+01 3.417375948368487903e-01
6.798361807559479075e+01 3.416871425123045869e-01
6.801936737545007361e+01 3.416366960635888739e-01
6.805513520162330110e+01 3.415862554899151138e-01
6.809092156371532667e+01 3.415358207904972132e-01
6.812672647133199177e+01 3.414853919645489122e-01
6.816254993408399798e+01 3.414349690112844504e-01
6.819839196158741856e+01 3.413845519299175124e-01
6.823425256346290269e+01 3.413341407196625599e-01
6.827013174933622963e+01 3.412837353797338880e-01
6.830602952883815249e+01 3.412333359093461249e-01
6.834194591160445498e+01 3.411829423077136769e-01
6.837788090727585200e+01 3.411325545740514498e-01
6.841383452549810329e+01 3.410821727075741272e-01
6.844980677592195661e+01 3.410317967074967815e-01
6.848579766820313353e+01 3.409814265730344851e-01
6.852180721200225832e+01 3.409310623034026433e-01
6.855783541698536965e+01 3.408807038978162174e-01
6.859388229282308203e+01 3.408303513554908348e-01
6.862994784919119695e+01 3.407800046756421231e-01
6.866603209577046130e+01 3.407296638574858205e-01
6.870213504224669521e+01 3.406793289002376657e-01
6.873825669831073526e+01 3.406289998031136745e-01
6.877439707365843446e+01 3.405786765653299741e-01
6.881055617799064805e+01 3.405283591861026360e-01
6.884673402101327611e+01 3.404780476646481202e-01
6.888293061243712145e+01 3.404277420001829979e-01
6.891914596197841547e+01 3.403774421919234516e-01
6.895538007935803648e+01 3.403271482390864411e-01
6.899163297430199293e+01 3.402768601408887039e-01
6.902790465654136653e+01 3.402265778965471998e-01
6.906419513581228387e+01 3.401763015052789996e-01
6.910050442185588793e+01 3.401260309663012849e-01
6.913683252441842342e+01 3.400757662788314040e-01
6.917317945325113726e+01 3.400255074420867607e-01
6.920954521811033544e+01 3.399752544552849254e-01
6.924592982875726932e+01 3.399250073176437459e-01
6.928233329495863302e+01 3.398747660283806260e-01
6.931875562648578182e+01 3.398245305867137467e-01
6.935519683311527217e+01 3.397743009918611778e-01
6.939165692462873380e+01 3.397240772430409894e-01
6.942813591081284130e+01 3.396738593394715289e-01
6.946463380145938515e+01 3.396236472803711992e-01
6.950115060636517228e+01 3.395734410649586255e-01
6.953768633533213972e+01 3.395232406924523216e-01
6.957424099816726937e+01 3.394730461620712458e-01
6.961081460468250270e+01 3.394228574730343562e-01
6.964740716469528081e+01 3.393726746245603887e-01
6.968401868802772015e+01 3.393224976158686346e-01
6.972064918450713833e+01 3.392723264461784405e-01
6.975729866396598311e+01 3.392221611147092086e-01
6.979396713624178972e+01 3.391720016206803967e-01
6.983065461117715245e+01 3.391218479633116845e-01
6.986736109861983834e+01 3.390717001418228627e-01
6.990408660842263089e+01 3.390215581554338331e-01
6.994083115044351473e+01 3.389714220033645531e-01
6.997759473454536305e+01 3.389212916848354795e-01
7.001437737059660549e+01 3.388711671990663477e-01
7.005117906847038967e+01 3.388210485452778364e-01
7.008799983804510703e+01 3.387709357226904583e-01
7.012483968920425070e+01 3.387208287305247811e-01
7.016169863183644395e+01 3.386707275680015949e-01
7.019857667583545435e+01 3.386206322343418007e-01
7.023547383110013698e+01 3.385705427287664104e-01
7.027239010753450543e+01 3.385204590504964917e-01
7.030932551504773187e+01 3.384703811987533340e-01
7.034628006355390539e+01 3.384203091727585044e-01
7.038325376297277103e+01 3.383702429717331261e-01
7.042024662322870654e+01 3.383201825948989327e-01
7.045725865425143297e+01 3.382701280414777689e-01
7.049428986597577307e+01 3.382200793106914793e-01
7.053134026834173653e+01 3.381700364017619642e-01
7.056840987129444898e+01 3.381199993139114568e-01
7.060549868478423718e+01 3.380699680463620793e-01
7.064260671876651543e+01 3.380199425983362871e-01
7.067973398320194178e+01 3.379699229690565354e-01
7.071688048805611970e+01 3.379199091577455571e-01
7.075404624330028014e+01 3.378699011636257521e-01
7.079123125891038626e+01 3.378198989859201862e-01
7.082843554486773030e+01 3.377699026238517033e-01
7.086565911115872041e+01 3.377199120766435358e-01
7.090290196777505116e+01 3.376699273435188609e-01
7.094016412471344779e+01 3.376199484237009663e-01
7.097744559197595038e+01 3.375699753164134176e-01
7.101474637956970071e+01 3.375200080208797249e-01
7.105206649750705594e+01 3.374700465363236201e-01
7.108940595580540389e+01 3.374200908619691130e-01
7.112676476448778828e+01 3.373701409970398246e-01
7.116414293358197085e+01 3.373201969407599865e-01
7.120154047312109924e+01 3.372702586923537749e-01
7.123895739314346542e+01 3.372203262510455324e-01
7.127639370369260519e+01 3.371703996160597683e-01
7.131384941481726969e+01 3.371204787866209918e-01
7.135132453657136864e+01 3.370705637619538786e-01
7.138881907901406976e+01 3.370206545412833266e-01
7.142633305220971351e+01 3.369707511238342335e-01
7.146386646622774208e+01 3.369208535088317746e-01
7.150141933114325354e+01 3.368709616955009034e-01
7.153899165703609242e+01 3.368210756830669617e-01
7.157658345399151756e+01 3.367711954707555133e-01
7.161419473210000319e+01 3.367213210577921223e-01
7.165182550145721052e+01 3.366714524434023526e-01
7.168947577216410139e+01 3.366215896268120455e-01
7.172714555432681038e+01 3.365717326072471538e-01
7.176483485805675855e+01 3.365218813839336853e-01
7.180254369347058230e+01 3.364720359560978702e-01
7.184027207068999132e+01 3.364221963229661605e-01
7.187801999984243650e+01 3.363723624837645088e-01
7.191578749106012935e+01 3.363225344377198112e-01
7.195357455448070993e+01 3.362727121840586308e-01
7.199138120024703369e+01 3.362228957220076975e-01
7.202920743850727092e+01 3.361730850507940183e-01
7.206705327941479311e+01 3.361232801696446004e-01
7.210491873312825817e+01 3.360734810777865622e-01
7.214280380981159624e+01 3.360236877744472439e-01
7.218070851963399548e+01 3.359739002588539858e-01
7.221863287276975996e+01 3.359241185302344612e-01
7.225657687939892071e+01 3.358743425878160660e-01
7.229454054970634047e+01 3.358245724308266400e-01
7.233252389388228210e+01 3.357748080584941341e-01
7.237052692212233751e+01 3.357250494700465548e-01
7.240854964462735666e+01 3.356752966647120751e-01
7.244659207160347592e+01 3.356255496417188122e-01
7.248465421326208968e+01 3.355758084002953279e-01
7.252273607981994985e+01 3.355260729396700170e-01
7.256083768149905211e+01 3.354763432590714967e-01
7.259895902852655070e+01 3.354266193577287725e-01
7.263710013113536945e+01 3.353769012348703504e-01
7.267526099956326391e+01 3.353271888897253472e-01
7.271344164405344657e+01 3.352774823215229349e-01
7.275164207485444479e+01 3.352277815294922858e-01
7.278986230222010079e+01 3.351780865128628495e-01
7.282810233640955744e+01 3.351283972708640757e-01
7.286636218768730089e+01 3.350787138027256362e-01
7.290464186632308952e+01 3.350290361076772028e-01
7.294294138259205340e+01 3.349793641849486137e-01
7.298126074677445274e+01 3.349296980337700957e-01
7.301959996915635998e+01 3.348800376533713208e-01
7.305795906002875029e+01 3.348303830429827377e-01
7.309633802968798477e+01 3.347807342018347398e-01
7.313473688843588150e+01 3.347310911291576652e-01
7.317315564657950233e+01 3.346814538241822401e-01
7.321159431443130927e+01 3.346318222861391356e-01
7.325005290230907917e+01 3.345821965142591892e-01
7.328853142053594638e+01 3.345325765077733493e-01
7.332702987944037432e+01 3.344829622659127866e-01
7.336554828935607020e+01 3.344333537879087825e-01
7.340408666062251086e+01 3.343837510729923412e-01
7.344264500358410430e+01 3.343341541203951328e-01
7.348122332859075811e+01 3.342845629293486609e-01
7.351982164599772318e+01 3.342349774990847067e-01
7.355843996616566471e+01 3.341853978288350513e-01
7.359707829946059121e+01 3.341358239178316425e-01
7.363573665625385445e+01 3.340862557653065945e-01
7.367441504692222054e+01 3.340366933704920216e-01
7.371311348184782730e+01 3.339871367326203710e-01
7.375183197141804214e+01 3.339375858509240902e-01
7.379057052602604472e+01 3.338880407246355153e-01
7.382932915606998847e+01 3.338385013529873713e-01
7.386810787195351224e+01 3.337889677352126050e-01
7.390690668408569763e+01 3.337394398705440524e-01
7.394572560288098373e+01 3.336899177582148823e-01
7.398456463875925238e+01 3.336404013974581528e-01
7.402342380214572870e+01 3.335908907875071439e-01
7.406230310347109480e+01 3.335413859275954129e-01
7.410120255317139026e+01 3.334918868169564066e-01
7.414012216168791269e+01 3.334423934548239599e-01
7.417906193946788562e+01 3.333929058404315193e-01
7.421802189696343532e+01 3.333434239730132531e-01
7.425700204463227294e+01 3.332939478518030518e-01
7.429600239293750974e+01 3.332444774760352502e-01
7.433502295234772816e+01 3.331950128449439608e-01
7.437406373333689658e+01 3.331455539577636848e-01
7.441312474638441188e+01 3.330961008137288681e-01
7.445220600197511374e+01 3.330466534120742894e-01
7.449130751059927036e+01 3.329972117520345609e-01
7.453042928275243639e+01 3.329477758328449610e-01
7.456957132893606399e+01 3.328983456537399355e-01
7.460873365965659332e+01 3.328489212139549847e-01
7.464791628542603519e+01 3.327995025127252204e-01
7.468711921676188581e+01 3.327500895492860877e-01
7.472634246418708415e+01 3.327006823228730870e-01
7.476558603822998350e+01 3.326512808327218851e-01
7.480484994942446519e+01 3.326018850780682046e-01
7.484413420830978225e+01 3.325524950581479899e-01
7.488343882543071572e+01 3.325031107721971302e-01
7.492276381133734731e+01 3.324537322194520139e-01
7.496210917658567041e+01 3.324043593991484746e-01
7.500147493173668067e+01 3.323549923105230675e-01
7.504086108735702965e+01 3.323056309528122920e-01
7.508026765401881164e+01 3.322562753252528145e-01
7.511969464229963478e+01 3.322069254270813010e-01
7.515914206278254994e+01 3.321575812575346398e-01
7.519860992605613603e+01 3.321082428158497746e-01
7.523809824271444313e+01 3.320589101012638711e-01
7.527760702335696408e+01 3.320095831130141506e-01
7.531713627858859184e+01 3.319602618503381120e-01
7.535668601902018793e+01 3.319109463124729209e-01
7.539625625526757347e+01 3.318616364986562428e-01
7.543584699795229653e+01 3.318123324081259651e-01
7.547545825770136219e+01 3.317630340401197531e-01
7.551509004514734613e+01 3.317137413938756607e-01
7.555474237092825263e+01 3.316644544686318530e-01
7.559441524568765658e+01 3.316151732636263283e-01
7.563410868007463250e+01 3.315658977780976402e-01
7.567382268474375451e+01 3.315166280112841202e-01
7.571355727035501104e+01 3.314673639624245438e-01
7.575331244757431648e+01 3.314181056307572981e-01
7.579308822707270110e+01 3.313688530155213252e-01
7.583288461952686532e+01 3.313196061159556227e-01
7.587270163561902336e+01 3.312703649312992438e-01
7.591253928603693168e+01 3.312211294607913525e-01
7.595239758147393161e+01 3.311718997036712797e-01
7.599227653262882143e+01 3.311226756591785225e-01
7.603217615020601272e+01 3.310734573265525782e-01
7.607209644491541667e+01 3.310242447050331660e-01
7.611203742747241563e+01 3.309750377938602273e-01
7.615199910859830368e+01 3.309258365922733702e-01
7.619198149901957606e+01 3.308766410995127583e-01
7.623198460946832711e+01 3.308274513148187213e-01
7.627200845068230706e+01 3.307782672374313671e-01
7.631205303340480839e+01 3.307290888665912476e-01
7.635211836838463739e+01 3.306799162015388593e-01
7.639220446637625628e+01 3.306307492415148652e-01
7.643231133813962686e+01 3.305815879857600392e-01
7.647243899444032422e+01 3.305324324335153219e-01
7.651258744604933781e+01 3.304832825840219312e-01
7.655275670374371089e+01 3.304341384365206413e-01
7.659294677830560261e+01 3.303849999902529477e-01
7.663315768052291332e+01 3.303358672444601796e-01
7.667338942118912826e+01 3.302867401983839435e-01
7.671364201110334591e+01 3.302376188512658461e-01
7.675391546107023544e+01 3.301885032023476607e-01
7.679420978190007929e+01 3.301393932508712714e-01
7.683452498440875900e+01 3.300902889960787290e-01
7.687486107941778357e+01 3.300411904372120842e-01
7.691521807775404795e+01 3.299920975735139428e-01
7.695559599025061459e+01 3.299430104042261891e-01
7.699599482774563342e+01 3.298939289285915399e-01
7.703641460108303818e+01 3.298448531458526012e-01
7.707685532111237592e+01 3.297957830552522007e-01
7.711731699868884959e+01 3.297467186560331665e-01
7.715779964467326124e+01 3.296976599474384373e-01
7.719830326993204039e+01 3.296486069287112297e-01
7.723882788533722987e+01 3.295995595990947602e-01
7.727937350176654263e+01 3.295505179578324118e-01
7.731994013010319122e+01 3.295014820041678449e-01
7.736052778123641360e+01 3.294524517373442207e-01
7.740113646606070574e+01 3.294034271566055883e-01
7.744176619547631901e+01 3.293544082611957191e-01
7.748241698038917491e+01 3.293053950503586069e-01
7.752308883171083664e+01 3.292563875233384119e-01
7.756378176035850913e+01 3.292073856793792386e-01
7.760449577725509585e+01 3.291583895177255248e-01
7.764523089332912775e+01 3.291093990376217082e-01
7.768598711951479174e+01 3.290604142383124486e-01
7.772676446675181694e+01 3.290114351190425723e-01
7.776756294598605734e+01 3.289624616790565725e-01
7.780838256816855392e+01 3.289134939175995531e-01
7.784922334425618828e+01 3.288645318339166734e-01
7.789008528521154062e+01 3.288155754272530928e-01
7.793096840200284703e+01 3.287666246968540817e-01
7.797187270560404215e+01 3.287176796419652436e-01
7.801279820699471657e+01 3.286687402618320153e-01
7.805374491716020202e+01 3.286198065557001669e-01
7.809471284709150041e+01 3.285708785228155238e-01
7.813570200778512742e+01 3.285219561624241336e-01
7.817671241024380890e+01 3.284730394737717663e-01
7.821774406547547187e+01 3.284241284561048024e-01
7.825879698449392663e+01 3.283752231086695117e-01
7.829987117831866783e+01 3.283263234307123302e-01
7.834096665797491710e+01 3.282774294214798050e-01
7.838208343449360882e+01 3.282285410802186498e-01
7.842322151891140436e+01 3.281796584061756339e-01
7.846438092227064942e+01 3.281307813985976929e-01
7.850556165561944511e+01 3.280819100567318736e-01
7.854676373001143475e+01 3.280330443798255557e-01
7.858798715650650024e+01 3.279841843671256196e-01
7.862923194616975309e+01 3.279353300178796671e-01
7.867049811007218807e+01 3.278864813313352444e-01
7.871178565929056958e+01 3.278376383067400646e-01
7.875309460490737479e+01 3.277888009433418404e-01
7.879442495801085045e+01 3.277399692403885068e-01
7.883577672969494188e+01 3.276911431971280542e-01
7.887714993105940664e+01 3.276423228128087506e-01
7.891854457320971505e+01 3.275935080866786975e-01
7.895996066725692231e+01 3.275446990179866069e-01
7.900139822431835057e+01 3.274958956059805804e-01
7.904285725551660846e+01 3.274470978499093854e-01
7.908433777198018788e+01 3.273983057490219006e-01
7.912583978484339298e+01 3.273495193025669492e-01
7.916736330524626908e+01 3.273007385097935207e-01
7.920890834433464534e+01 3.272519633699508268e-01
7.925047491326012050e+01 3.272031938822880237e-01
7.929206302318007715e+01 3.271544300460545451e-01
7.933367268525768168e+01 3.271056718604998803e-01
7.937530391066172797e+01 3.270569193248738515e-01
7.941695671056727690e+01 3.270081724384258370e-01
7.945863109615467579e+01 3.269594312004058256e-01
7.950032707861026893e+01 3.269106956100639172e-01
7.954204466912617022e+01 3.268619656666501005e-01
7.958378387890030581e+01 3.268132413694146421e-01
7.962554471913638565e+01 3.267645227176079747e-01
7.966732720104393195e+01 3.267158097104805314e-01
7.970913133583830756e+01 3.266671023472829671e-01
7.975095713474064496e+01 3.266184006272659368e-01
7.979280460897776095e+01 3.265697045496804840e-01
7.983467376978275354e+01 3.265210141137772082e-01
7.987656462839406402e+01 3.264723293188074305e-01
7.991847719605611644e+01 3.264236501640223054e-01
7.996041148401918974e+01 3.263749766486732651e-01
8.000236750353934667e+01 3.263263087720116307e-01
8.004434526587851906e+01 3.262776465332891118e-01
8.008634478230445097e+01 3.262289899317574182e-01
8.012836606409074136e+01 3.261803389666683151e-01
8.017040912251684404e+01 3.261316936372737341e-01
8.021247396886785452e+01 3.260830539428260511e-01
8.025456061443524902e+01 3.260344198825769757e-01
8.029666907051583280e+01 3.259857914557790504e-01
8.033879934841245074e+01 3.259371686616847064e-01
8.038095145943378839e+01 3.258885514995465416e-01
8.042312541489441458e+01 3.258399399686172648e-01
8.046532122611473881e+01 3.257913340681496406e-01
8.050753890442105387e+01 3.257427337973965997e-01
8.054977846114550744e+01 3.256941391556112397e-01
8.059203990762611625e+01 3.256455501420467136e-01
8.063432325520663824e+01 3.255969667559565073e-01
8.067662851523716938e+01 3.255483889965936628e-01
8.071895569907320578e+01 3.254998168632119437e-01
8.076130481807631156e+01 3.254512503550650027e-01
8.080367588361391995e+01 3.254026894714066032e-01
8.084606890705933324e+01 3.253541342114907309e-01
8.088848389979180808e+01 3.253055845745713159e-01
8.093092087319645600e+01 3.252570405599026215e-01
8.097337983866427180e+01 3.252085021667388554e-01
8.101586080759219044e+01 3.251599693943345026e-01
8.105836379138287384e+01 3.251114422419442151e-01
8.110088880144539303e+01 3.250629207088222561e-01
8.114343584919421914e+01 3.250144047942236658e-01
8.118600494604993401e+01 3.249658944974032626e-01
8.122859610343900272e+01 3.249173898176160868e-01
8.127120933279384474e+01 3.248688907541172899e-01
8.131384464555279123e+01 3.248203973061621341e-01
8.135650205316008510e+01 3.247719094730059930e-01
8.139918156706592356e+01 3.247234272539043509e-01
8.144188319872641557e+01 3.246749506481128589e-01
8.148460695960345390e+01 3.246264796548875564e-01
8.152735286116539726e+01 3.245780142734837614e-01
8.157012091488599026e+01 3.245295545031577911e-01
8.161291113224513083e+01 3.244811003431657404e-01
8.165572352472864281e+01 3.244326517927638154e-01
8.169855810382836125e+01 3.243842088512083888e-01
8.174141488104196185e+01 3.243357715177559997e-01
8.178429386787320254e+01 3.242873397916632427e-01
8.182719507583171037e+01 3.242389136721868237e-01
8.187011851643315197e+01 3.241904931585836702e-01
8.191306420119890674e+01 3.241420782501108211e-01
8.195603214165691952e+01 3.240936689460251485e-01
8.199902234934054945e+01 3.240452652455839688e-01
8.204203483578932321e+01 3.239968671480445983e-01
8.208506961254872181e+01 3.239484746526646308e-01
8.212812669117022324e+01 3.239000877587016047e-01
8.217120608321133091e+01 3.238517064654132249e-01
8.221430780023547413e+01 3.238033307720573073e-01
8.225743185381209344e+01 3.237549606778917788e-01
8.230057825551666895e+01 3.237065961821747884e-01
8.234374701693045040e+01 3.236582372841647626e-01
8.238693814964122453e+01 3.236098839831195728e-01
8.243015166524229187e+01 3.235615362782978677e-01
8.247338757533307785e+01 3.235131941689582957e-01
8.251664589151906171e+01 3.234648576543594500e-01
8.255992662541176230e+01 3.234165267337602012e-01
8.260322978862865284e+01 3.233682014064195309e-01
8.264655539279324614e+01 3.233198816715964208e-01
8.268990344953510885e+01 3.232715675285501300e-01
8.273327397048981879e+01 3.232232589765399178e-01
8.277666696729878026e+01 3.231749560148253764e-01
8.282008245160999138e+01 3.231266586426657650e-01
8.286352043507694987e+01 3.230783668593208979e-01
8.290698092935936359e+01 3.230300806640505895e-01
8.295046394612299423e+01 3.229818000561147651e-01
8.299396949703962889e+01 3.229335250347735164e-01
8.303749759378710849e+01 3.228852555992868800e-01
8.308104824804937039e+01 3.228369917489151697e-01
8.312462147151633474e+01 3.227887334829189214e-01
8.316821727588401814e+01 3.227404808005585601e-01
8.321183567285433469e+01 3.226922337010950104e-01
8.325547667413576391e+01 3.226439921837885860e-01
8.329914029144232757e+01 3.225957562479004337e-01
8.334282653649430017e+01 3.225475258926915889e-01
8.338653542101805272e+01 3.224993011174231428e-01
8.343026695674599580e+01 3.224510819213564083e-01
8.347402115541665069e+01 3.224028683037526988e-01
8.351779802877459247e+01 3.223546602638736602e-01
8.356159758857050690e+01 3.223064578009808834e-01
8.360541984656114778e+01 3.222582609143360699e-01
8.364926481450922324e+01 3.222100696032013656e-01
8.369313250418400685e+01 3.221618838668383611e-01
8.373702292736041386e+01 3.221137037045093687e-01
8.378093609581956969e+01 3.220655291154766453e-01
8.382487202134873883e+01 3.220173600990025586e-01
8.386883071574131066e+01 3.219691966543495876e-01
8.391281219079675679e+01 3.219210387807804330e-01
8.395681645832065954e+01 3.218728864775576848e-01
8.400084353012475447e+01 3.218247397439443769e-01
8.404489341802685942e+01 3.217765985792033767e-01
8.408896613385077501e+01 3.217284629825979958e-01
8.413306168942693830e+01 3.216803329533911571e-01
8.417718009659137124e+01 3.216322084908463386e-01
8.422132136718643380e+01 3.215840895942270183e-01
8.426548551306063928e+01 3.215359762627967855e-01
8.430967254606858319e+01 3.214878684958194510e-01
8.435388247807105699e+01 3.214397662925587151e-01
8.439811532093499125e+01 3.213916696522786665e-01
8.444237108653341295e+01 3.213435785742433382e-01
8.448664978674560189e+01 3.212954930577169854e-01
8.453095143345670692e+01 3.212474131019640300e-01
8.457527603855864129e+01 3.211993387062486716e-01
8.461962361394894572e+01 3.211512698698355539e-01
8.466399417153144213e+01 3.211032065919895429e-01
8.470838772321621946e+01 3.210551488719752822e-01
8.475280428091943463e+01 3.210070967090578042e-01
8.479724385656349739e+01 3.209590501025021969e-01
8.484170646207695654e+01 3.209110090515736036e-01
8.488619210939455684e+01 3.208629735555373896e-01
8.493070081045723896e+01 3.208149436136589761e-01
8.497523257721192635e+01 3.207669192252040613e-01
8.501978742161229263e+01 3.207189003894380108e-01
8.506436535561763890e+01 3.206708871056268007e-01
8.510896639119368956e+01 3.206228793730362958e-01
8.515359054031233654e+01 3.205748771909326389e-01
8.519823781495168191e+01 3.205268805585819725e-01
8.524290822709602367e+01 3.204788894752506057e-01
8.528760178873589837e+01 3.204309039402049031e-01
8.533231851186805272e+01 3.203829239527113959e-01
8.537705840849542938e+01 3.203349495120368373e-01
8.542182149062701058e+01 3.202869806174480916e-01
8.546660777027857137e+01 3.202390172682118008e-01
8.551141725947154271e+01 3.201910594635951068e-01
8.555624997023377887e+01 3.201431072028651514e-01
8.560110591459937268e+01 3.200951604852892429e-01
8.564598510460864134e+01 3.200472193101348006e-01
8.569088755230815480e+01 3.199992836766692994e-01
8.573581326975070738e+01 3.199513535841604361e-01
8.578076226899536039e+01 3.199034290318759077e-01
8.582573456210742791e+01 3.198555100190835776e-01
8.587073016115826363e+01 3.198075965450517533e-01
8.591574907822604246e+01 3.197596886090481316e-01
8.596079132539463785e+01 3.197117862103411867e-01
8.600585691475440342e+01 3.196638893481992261e-01
8.605094585840193133e+01 3.196159980218907792e-01
8.609605816844008075e+01 3.195681122306844868e-01
8.614119385697799203e+01 3.195202319738491004e-01
8.618635293613107251e+01 3.194723572506534826e-01
8.623153541802102495e+01 3.194244880603666070e-01
8.627674131477581909e+01 3.193766244022576140e-01
8.632197063852952112e+01 3.193287662755959211e-01
8.636722340142304688e+01 3.192809136796504466e-01
8.641249961560306758e+01 3.192330666136909412e-01
8.645779929322267776e+01 3.191852250769869337e-01
8.650312244644135262e+01 3.191373890688082304e-01
8.654846908742479172e+01 3.190895585884246377e-01
8.659383922834503267e+01 3.190417336351061284e-01
8.663923288138045109e+01 3.189939142081227863e-01
8.668465005871568962e+01 3.189461003067448064e-01
8.673009077254168631e+01 3.188982919302426056e-01
8.677555503505560353e+01 3.188504890778867118e-01
8.682104285846136804e+01 3.188026917489474865e-01
8.686655425496876148e+01 3.187548999426956797e-01
8.691208923679401721e+01 3.187071136584022080e-01
8.695764781615974925e+01 3.186593328953379878e-01
8.700323000529486706e+01 3.186115576527740467e-01
8.704883581643464652e+01 3.185637879299816344e-01
8.709446526182068737e+01 3.185160237262321115e-01
8.714011835370092740e+01 3.184682650407968940e-01
8.718579510432968505e+01 3.184205118729474537e-01
8.723149552596741785e+01 3.183727642219557619e-01
8.727721963088147561e+01 3.183250220870932345e-01
8.732296743134502037e+01 3.182772854676319541e-01
8.736873893963780802e+01 3.182295543628440027e-01
8.741453416804588983e+01 3.181818287720015737e-01
8.746035312886172619e+01 3.181341086943769159e-01
8.750619583438411553e+01 3.180863941292424446e-01
8.755206229691827957e+01 3.180386850758707973e-01
8.759795252877577809e+01 3.179909815335345558e-01
8.764386654227455153e+01 3.179432835015065240e-01
8.768980434973875049e+01 3.178955909790598389e-01
8.773576596349946044e+01 3.178479039654670824e-01
8.778175139589360754e+01 3.178002224600016690e-01
8.782776065926468334e+01 3.177525464619368467e-01
8.787379376596261693e+01 3.177048759705459746e-01
8.791985072834368964e+01 3.176572109851026893e-01
8.796593155877059189e+01 3.176095515048805717e-01
8.801203626961246584e+01 3.175618975291533141e-01
8.805816487324477748e+01 3.175142490571949416e-01
8.810431738204952978e+01 3.174666060882793683e-01
8.815049380841483639e+01 3.174189686216810080e-01
8.819669416473584533e+01 3.173713366566736638e-01
8.824291846341355949e+01 3.173237101925319714e-01
8.828916671685563244e+01 3.172760892285303447e-01
8.833543893747608422e+01 3.172284737639434193e-01
8.838173513769540079e+01 3.171808637980460532e-01
8.842805532994050566e+01 3.171332593301130487e-01
8.847439952664475982e+01 3.170856603594193746e-01
8.852076774024796180e+01 3.170380668852402217e-01
8.856715998319636185e+01 3.169904789068507256e-01
8.861357626794249143e+01 3.169428964235265211e-01
8.866001660694584530e+01 3.168953194345426883e-01
8.870648101267184416e+01 3.168477479391750284e-01
8.875296949759260201e+01 3.168001819366992322e-01
8.879948207418661354e+01 3.167526214263911566e-01
8.884601875493889622e+01 3.167050664075268807e-01
8.889257955234089081e+01 3.166575168793823170e-01
8.893916447889057508e+01 3.166099728412338776e-01
8.898577354709236431e+01 3.165624342923577528e-01
8.903240676945713972e+01 3.165149012320304656e-01
8.907906415850210635e+01 3.164673736595288722e-01
8.912574572675153206e+01 3.164198515741291629e-01
8.917245148673553956e+01 3.163723349751084157e-01
8.921918145099104436e+01 3.163248238617435981e-01
8.926593563206134263e+01 3.162773182333117883e-01
8.931271404249631019e+01 3.162298180890901755e-01
8.935951669485233140e+01 3.161823234283560602e-01
8.940634360169219974e+01 3.161348342503869091e-01
8.945319477558535937e+01 3.160873505544603002e-01
8.950007022910764931e+01 3.160398723398539222e-01
8.954696997484131771e+01 3.159923996058457418e-01
8.959389402537563285e+01 3.159449323517133368e-01
8.964084239330587423e+01 3.158974705767349511e-01
8.968781509123401463e+01 3.158500142801887733e-01
8.973481213176856386e+01 3.158025634613531030e-01
8.978183352752456869e+01 3.157551181195063505e-01
8.982887929112358449e+01 3.157076782539270376e-01
8.987594943519374624e+01 3.156602438638939079e-01
8.992304397236971170e+01 3.156128149486857049e-01
8.997016291529270404e+01 3.155653915075813387e-01
9.001730627661027029e+01 3.155179735398600527e-01
9.006447406897711971e+01 3.154705610448006459e-01
9.011166630505395858e+01 3.154231540216825280e-01
9.015888299750818646e+01 3.153757524697851644e-01
9.020612415901382519e+01 3.153283563883880203e-01
9.025338980225143359e+01 3.152809657767708384e-01
9.030067993990813591e+01 3.152335806342133062e-01
9.034799458467769284e+01 3.151862009599953329e-01
9.039533374926035947e+01 3.151388267533969390e-01
9.044269744636299890e+01 3.150914580136983112e-01
9.049008568869892599e+01 3.150440947401798586e-01
9.053749848898851837e+01 3.149967369321216015e-01
9.058493585995826436e+01 3.149493845888042265e-01
9.063239781434137399e+01 3.149020377095083645e-01
9.067988436487770798e+01 3.148546962935147575e-01
9.072739552431366405e+01 3.148073603401042586e-01
9.077493130540230482e+01 3.147600298485579984e-01
9.082249172090330092e+01 3.147127048181568854e-01
9.087007678358287421e+01 3.146653852481823277e-01
9.091768650621392567e+01 3.146180711379156780e-01
9.096532090157577954e+01 3.145707624866385110e-01
9.101297998245489396e+01 3.145234592936321794e-01
9.106066376164385190e+01 3.144761615581784797e-01
9.110837225194204336e+01 3.144288692795593199e-01
9.115610546615545218e+01 3.143815824570567186e-01
9.120386341709672706e+01 3.143343010899527501e-01
9.125164611758516742e+01 3.142870251775295998e-01
9.129945358044669490e+01 3.142397547190696749e-01
9.134728581851388185e+01 3.141924897138554384e-01
9.139514284462595128e+01 3.141452301611694087e-01
9.144302467162862058e+01 3.140979760602945481e-01
9.149093131237476939e+01 3.140507274105133195e-01
9.153886277972340224e+01 3.140034842111088520e-01
9.158681908654043013e+01 3.139562464613641080e-01
9.163480024569832949e+01 3.139090141605624940e-01
9.168280627007631267e+01 3.138617873079872500e-01
9.173083717256027114e+01 3.138145659029217827e-01
9.177889296604274705e+01 3.137673499446497205e-01
9.182697366342299006e+01 3.137201394324547477e-01
9.187507927760687210e+01 3.136729343656206592e-01
9.192320982150685893e+01 3.136257347434315834e-01
9.197136530804260701e+01 3.135785405651712043e-01
9.201954575013991189e+01 3.135313518301239277e-01
9.206775116073147558e+01 3.134841685375739928e-01
9.211598155275669342e+01 3.134369906868058608e-01
9.216423693916163984e+01 3.133898182771041041e-01
9.221251733289916785e+01 3.133426513077534059e-01
9.226082274692876695e+01 3.132954897780385051e-01
9.230915319421667675e+01 3.132483336872443624e-01
9.235750868773585864e+01 3.132011830346559944e-01
9.240588924046579677e+01 3.131540378195587504e-01
9.245429486539327968e+01 3.131068980412375358e-01
9.250272557551127761e+01 3.130597636989779775e-01
9.255118138381959625e+01 3.130126347920655916e-01
9.259966230332491932e+01 3.129655113197860605e-01
9.264816834704052440e+01 3.129183932814250668e-01
9.269669952798655288e+01 3.128712806762686816e-01
9.274525585918981108e+01 3.128241735036026983e-01
9.279383735368389807e+01 3.127770717627134101e-01
9.284244402450917732e+01 3.127299754528871101e-01
9.289107588471252086e+01 3.126828845734102580e-01
9.293973294734817614e+01 3.126357991235690914e-01
9.298841522547661498e+01 3.125887191026503475e-01
9.303712273216520146e+01 3.125416445099408191e-01
9.308585548048812086e+01 3.124945753447274099e-01
9.313461348352629443e+01 3.124475116062970792e-01
9.318339675436746461e+01 3.124004532939370082e-01
9.323220530610612400e+01 3.123534004069343784e-01
9.328103915184357220e+01 3.123063529445765929e-01
9.332989830468787318e+01 3.122593109061511107e-01
9.337878277775372737e+01 3.122122742909457238e-01
9.342769258416315381e+01 3.121652430982478910e-01
9.347662773704446693e+01 3.121182173273456262e-01
9.352558824953293026e+01 3.120711969775268324e-01
9.357457413477061436e+01 3.120241820480796902e-01
9.362358540590639677e+01 3.119771725382923799e-01
9.367262207609601887e+01 3.119301684474532488e-01
9.372168415850198642e+01 3.118831697748508103e-01
9.377077166629362637e+01 3.118361765197736335e-01
9.381988461264711532e+01 3.117891886815104541e-01
9.386902301074526633e+01 3.117422062593502297e-01
9.391818687377828212e+01 3.116952292525816404e-01
9.396737621494263237e+01 3.116482576604939214e-01
9.401659104744183537e+01 3.116012914823762525e-01
9.406583138448621639e+01 3.115543307175179799e-01
9.411509723929299298e+01 3.115073753652086164e-01
9.416438862508616126e+01 3.114604254247376192e-01
9.421370555509665223e+01 3.114134808953947786e-01
9.426304804256220393e+01 3.113665417764698851e-01
9.431241610072743242e+01 3.113196080672528954e-01
9.436180974284360445e+01 3.112726797670339884e-01
9.441122898216946169e+01 3.112257568751030656e-01
9.446067383196999856e+01 3.111788393907506389e-01
9.451014430551734335e+01 3.111319273132670538e-01
9.455964041609041715e+01 3.110850206419428776e-01
9.460916217697509012e+01 3.110381193760688445e-01
9.465870960146411051e+01 3.109912235149356885e-01
9.470828270285704775e+01 3.109443330578344211e-01
9.475788149446046305e+01 3.108974480040560540e-01
9.480750598958772457e+01 3.108505683528916541e-01
9.485715620155897909e+01 3.108036941036328438e-01
9.490683214370179144e+01 3.107568252555706345e-01
9.495653382935010711e+01 3.107099618079966485e-01
9.500626127184496283e+01 3.106631037602026746e-01
9.505601448453428759e+01 3.106162511114803348e-01
9.510579348077291684e+01 3.105694038611216956e-01
9.515559827392264935e+01 3.105225620084187121e-01
9.520542887735220461e+01 3.104757255526635062e-01
9.525528530443718012e+01 3.104288944931484218e-01
9.530516756856017935e+01 3.103820688291657470e-01
9.535507568311045645e+01 3.103352485600082700e-01
9.540500966148486839e+01 3.102884336849681679e-01
9.545496951708661015e+01 3.102416242033385063e-01
9.550495526332596796e+01 3.101948201144121287e-01
9.555496691362024819e+01 3.101480214174819894e-01
9.560500448139366370e+01 3.101012281118412650e-01
9.565506798007741907e+01 3.100544401967831321e-01
9.570515742310965379e+01 3.100076576716011001e-01
9.575527282393547068e+01 3.099608805355885677e-01
9.580541419600692166e+01 3.099141087880391554e-01
9.585558155278289405e+01 3.098673424282468725e-01
9.590577490772979274e+01 3.098205814555050619e-01
9.595599427432043171e+01 3.097738258691080104e-01
9.600623966603478721e+01 3.097270756683498383e-01
9.605651109635982721e+01 3.096803308525247211e-01
9.610680857878951144e+01 3.096335914209270568e-01
9.615713212682479138e+01 3.095868573728512985e-01
9.620748175397359603e+01 3.095401287075920105e-01
9.625785747375091717e+01 3.094934054244439792e-01
9.630825929967866728e+01 3.094466875227019909e-01
9.635868724528563689e+01 3.093999750016612205e-01
9.640914132410819093e+01 3.093532678606163988e-01
9.645962154968908919e+01 3.093065660988629229e-01
9.651012793557836744e+01 3.092598697156961896e-01
9.656066049533301054e+01 3.092131787104115404e-01
9.661121924251710880e+01 3.091664930823045943e-01
9.666180419070174423e+01 3.091198128306710258e-01
9.671241535346501905e+01 3.090731379548067315e-01
9.676305274439208404e+01 3.090264684540076634e-01
9.681371637707511013e+01 3.089798043275698292e-01
9.686440626511316054e+01 3.089331455747895694e-01
9.691512242211290129e+01 3.088864921949629472e-01
9.696586486168747854e+01 3.088398441873865252e-01
9.701663359745727178e+01 3.087932015513569217e-01
9.706742864304973750e+01 3.087465642861706994e-01
9.711825001209936659e+01 3.086999323911247539e-01
9.716909771824775532e+01 3.086533058655159811e-01
9.721997177514352018e+01 3.086066847086414433e-01
9.727087219644241145e+01 3.085600689197983693e-01
9.732179899580717120e+01 3.085134584982839323e-01
9.737275218690754741e+01 3.084668534433958054e-01
9.742373178342083406e+01 3.084202537544311618e-01
9.747473779903090474e+01 3.083736594306878964e-01
9.752577024742890899e+01 3.083270704714637378e-01
9.757682914231304494e+01 3.082804868760565808e-01
9.762791449738867300e+01 3.082339086437644871e-01
9.767902632636821636e+01 3.081873357738855734e-01
9.773016464297121786e+01 3.081407682657181790e-01
9.778132946092432576e+01 3.080942061185606984e-01
9.783252079396130796e+01 3.080476493317115816e-01
9.788373865582285305e+01 3.080010979044697228e-01
9.793498306025733768e+01 3.079545518361335166e-01
9.798625402101970394e+01 3.079080111260020236e-01
9.803755155187221249e+01 3.078614757733742491e-01
9.808887566658424362e+01 3.078149457775493092e-01
9.814022637893232570e+01 3.077684211378264867e-01
9.819160370270010674e+01 3.077219018535051753e-01
9.824300765167838279e+01 3.076753879238848799e-01
9.829443823966514060e+01 3.076288793482652162e-01
9.834589548046548657e+01 3.075823761259458555e-01
9.839737938789141936e+01 3.075358782562270243e-01
9.844888997576279621e+01 3.074893857384081719e-01
9.850042725790599718e+01 3.074428985717897467e-01
9.855199124815474931e+01 3.073964167556718641e-01
9.860358196034995615e+01 3.073499402893549726e-01
9.865519940833971191e+01 3.073034691721395206e-01
9.870684360597928730e+01 3.072570034033260677e-01
9.875851456713110110e+01 3.072105429822154510e-01
9.881021230566477698e+01 3.071640879081083964e-01
9.886193683545714350e+01 3.071176381803059630e-01
9.891368817039199257e+01 3.070711937981094319e-01
9.896546632436093205e+01 3.070247547608196403e-01
9.901727131126214942e+01 3.069783210677380914e-01
9.906910314500123604e+01 3.069318927181662882e-01
9.912096183949101658e+01 3.068854697114057339e-01
9.917284740865147796e+01 3.068390520467582649e-01
9.922475986640988310e+01 3.067926397235256619e-01
9.927669922670067137e+01 3.067462327410098166e-01
9.932866550346548706e+01 3.066998310985128984e-01
9.938065871065325041e+01 3.066534347953370210e-01
9.943267886221985918e+01 3.066070438307847978e-01
9.948472597212908397e+01 3.065606582041582873e-01
9.953680005435131761e+01 3.065142779147601027e-01
9.958890112286437102e+01 3.064679029618930794e-01
9.964102919165334526e+01 3.064215333448599976e-01
9.969318427471053212e+01 3.063751690629638036e-01
9.974536638603552774e+01 3.063288101155074994e-01
9.979757553963516159e+01 3.062824565017943090e-01
9.984981174952349647e+01 3.062361082211275676e-01
9.990207502972189957e+01 3.061897652728106656e-01
9.995436539425875822e+01 3.061434276561473267e-01
1.000066828571704036e+02 3.060970953704408304e-01
1.000590274324997750e+02 3.060507684149951779e-01
1.001113991342973009e+02 3.060044467891143705e-01
1.001637979766207138e+02 3.059581304921023537e-01
1.002162239735349942e+02 3.059118195232632953e-01
1.002686771391124410e+02 3.058655138819015296e-01
1.003211574874326573e+02 3.058192135673213907e-01
1.003736650325825082e+02 3.057729185788274906e-01
1.004261997886561772e+02 3.057266289157244410e-01
1.004787617697549393e+02 3.056803445773171868e-01
1.005313509899880273e+02 3.056340655629102843e-01
1.005839674634712964e+02 3.055877918718089559e-01
1.006366112043281902e+02 3.055415235033183130e-01
1.006892822266894427e+02 3.054952604567435781e-01
1.007419805446931207e+02 3.054490027313902512e-01
1.007947061724846236e+02 3.054027503265637766e-01
1.008474591242166554e+02 3.053565032415698766e-01
1.009002394140492669e+02 3.053102614757141064e-01
1.009530470561498561e+02 3.052640250283025214e-01
1.010058820646929405e+02 3.052177938986412875e-01
1.010587444538610384e+02 3.051715680860361268e-01
1.011116342378433330e+02 3.051253475897934275e-01
1.011645514308366529e+02 3.050791324092196888e-01
1.012174960470451168e+02 3.050329225436212432e-01
1.012704681006802048e+02 3.049867179923048677e-01
1.013234676059608290e+02 3.049405187545771723e-01
1.013764945771131778e+02 3.048943248297451003e-01
1.014295490283708858e+02 3.048481362171155951e-01
1.014826309739749206e+02 3.048019529159957663e-01
1.015357404281734546e+02 3.047557749256930570e-01
1.015888774052226182e+02 3.047096022455144104e-01
1.016420419193853917e+02 3.046634348747674914e-01
1.016952339849322300e+02 3.046172728127599094e-01
1.017484536161411199e+02 3.045711160587993849e-01
1.018017008272973527e+02 3.045249646121938047e-01
1.018549756326936517e+02 3.044788184722510560e-01
1.019082780466301585e+02 3.044326776382792477e-01
1.019616080834143901e+02 3.043865421095865997e-01
1.020149657573613382e+02 3.043404118854814988e-01
1.020683510827931286e+02 3.042942869652724980e-01
1.021217640740400299e+02 3.042481673482678173e-01
1.021752047454390038e+02 3.042020530337763984e-01
1.022286731113347145e+02 3.041559440211070720e-01
1.022821691860792725e+02 3.041098403095687241e-01
1.023356929840321925e+02 3.040637418984704632e-01
1.023892445195604211e+02 3.040176487871215083e-01
1.024428238070383799e+02 3.039715609748310787e-01
1.024964308608479513e+02 3.039254784609086713e-01
1.025500656953784357e+02 3.038794012446638382e-01
1.026037283250263670e+02 3.038333293254064649e-01
1.026574187641964215e+02 3.037872627024459926e-01
1.027111370273000972e+02 3.037412013750924733e-01
1.027648831287565372e+02 3.036951453426560699e-01
1.028186570829923880e+02 3.036490946044468342e-01
1.028724589044417428e+02 3.036030491597752068e-01
1.029262886075462262e+02 3.035570090079514616e-01
1.029801462067549096e+02 3.035109741482861501e-01
1.030340317165243391e+02 3.034649445800900458e-01
1.030879451513185785e+02 3.034189203026739223e-01
1.031418865256089958e+02 3.033729013153487197e-01
1.031958558538750168e+02 3.033268876174252671e-01
1.032498531506030304e+02 3.032808792082148930e-01
1.033038784302870852e+02 3.032348760870287596e-01
1.033579317074287474e+02 3.031888782531783622e-01
1.034120129965371291e+02 3.031428857059751958e-01
1.034661223121288174e+02 3.030968984447309222e-01
1.035202596687279453e+02 3.030509164687573143e-01
1.035744250808661917e+02 3.030049397773662556e-01
1.036286185630827106e+02 3.029589683698697411e-01
1.036828401299240312e+02 3.029130022455801541e-01
1.037370897959448683e+02 3.028670414038093228e-01
1.037913675757067722e+02 3.028210858438697972e-01
1.038456734837791231e+02 3.027751355650741272e-01
1.039000075347387906e+02 3.027291905667349736e-01
1.039543697431702753e+02 3.026832508481649975e-01
1.040087601236655530e+02 3.026373164086771927e-01
1.040631786908242304e+02 3.025913872475844424e-01
1.041176254592534036e+02 3.025454633641999069e-01
1.041721004435678140e+02 3.024995447578368579e-01
1.042266036583895499e+02 3.024536314278087890e-01
1.042811351183488711e+02 3.024077233734288050e-01
1.043356948380830147e+02 3.023618205940108439e-01
1.043902828322370482e+02 3.023159230888684545e-01
1.044448991154635280e+02 3.022700308573156303e-01
1.044995437024226987e+02 3.022241438986663087e-01
1.045542166077823794e+02 3.021782622122345385e-01
1.046089178462179632e+02 3.021323857973346461e-01
1.046636474324125032e+02 3.020865146532808465e-01
1.047184053810565842e+02 3.020406487793876882e-01
1.047731917068482232e+02 3.019947881749699414e-01
1.048280064244937506e+02 3.019489328393419880e-01
1.048828495487064032e+02 3.019030827718188204e-01
1.049377210942072765e+02 3.018572379717153753e-01
1.049926210757251255e+02 3.018113984383467563e-01
1.050475495079962798e+02 3.017655641710281778e-01
1.051025064057647711e+02 3.017197351690749652e-01
1.051574917837822483e+02 3.016739114318024995e-01
1.052125056568079486e+02 3.016280929585264947e-01
1.052675480396088545e+02 3.015822797485625539e-01
1.053226189469593095e+02 3.015364718012266687e-01
1.053777183936419988e+02 3.014906691158344976e-01
1.054328463944466279e+02 3.014448716917022542e-01
1.054880029641707324e+02 3.013990795281460966e-01
1.055431881176195787e+02 3.013532926244822940e-01
1.055984018696060787e+02 3.013075109800273932e-01
1.056536442349507894e+02 3.012617345940978852e-01
1.057089152284820130e+02 3.012159634660104279e-01
1.057642148650356688e+02 3.011701975950819565e-01
1.058195431594554066e+02 3.011244369806292398e-01
1.058749001265923653e+02 3.010786816219695461e-01
1.059302857813059688e+02 3.010329315184196997e-01
1.059857001384627608e+02 3.009871866692972464e-01
1.060411432129371576e+02 3.009414470739195102e-01
1.060966150196113347e+02 3.008957127316040370e-01
1.061521155733750845e+02 3.008499836416684836e-01
1.062076448891260583e+02 3.008042598034306736e-01
1.062632029817694672e+02 3.007585412162085414e-01
1.063187898662183670e+02 3.007128278793200216e-01
1.063744055573934872e+02 3.006671197920833816e-01
1.064300500702231034e+02 3.006214169538170000e-01
1.064857234196438611e+02 3.005757193638389224e-01
1.065414256205994832e+02 3.005300270214678604e-01
1.065971566880416788e+02 3.004843399260224701e-01
1.066529166369298736e+02 3.004386580768214632e-01
1.067087054822312950e+02 3.003929814731838288e-01
1.067645232389208729e+02 3.003473101144285007e-01
1.068203699219813387e+02 3.003016439998746900e-01
1.068762455464031689e+02 3.002559831288416081e-01
1.069321501271845847e+02 3.002103275006485772e-01
1.069880836793314245e+02 3.001646771146153636e-01
1.070440462178578969e+02 3.001190319700612341e-01
1.071000377577853868e+02 3.000733920663060661e-01
1.071560583141432375e+02 3.000277574026697924e-01
1.072121079019686221e+02 2.999821279784723460e-01
1.072681865363064304e+02 2.999365037930339373e-01
1.073242942322094677e+02 2.998908848456747211e-01
1.073804310047382415e+02 2.998452711357150746e-01
1.074365968689610895e+02 2.997996626624755412e-01
1.074927918399541937e+02 2.997540594252766644e-01
1.075490159328012680e+02 2.997084614234393762e-01
1.076052691625945528e+02 2.996628686562841648e-01
1.076615515444334505e+02 2.996172811231322397e-01
1.077178630934253931e+02 2.995716988233046441e-01
1.077742038246855856e+02 2.995261217561226430e-01
1.078305737533372053e+02 2.994805499209075572e-01
1.078869728945110893e+02 2.994349833169808739e-01
1.079434012633461037e+02 2.993894219436641357e-01
1.079998588749887745e+02 2.993438658002791630e-01
1.080563457445936422e+02 2.992983148861477205e-01
1.081128618873227651e+02 2.992527692005919615e-01
1.081694073183467708e+02 2.992072287429335953e-01
1.082259820528434631e+02 2.991616935124949972e-01
1.082825861059987886e+02 2.991161635085985426e-01
1.083392194930064818e+02 2.990706387305667180e-01
1.083958822290681923e+02 2.990251191777219542e-01
1.084525743293934852e+02 2.989796048493870706e-01
1.085092958091997133e+02 2.989340957448848868e-01
1.085660466837122158e+02 2.988885918635382777e-01
1.086228269681641336e+02 2.988430932046704513e-01
1.086796366777963669e+02 2.987975997676046158e-01
1.087364758278583281e+02 2.987521115516637571e-01
1.087933444336066486e+02 2.987066285561715828e-01
1.088502425103061313e+02 2.986611507804515786e-01
1.089071700732294659e+02 2.986156782238273966e-01
1.089641271376572860e+02 2.985702108856229109e-01
1.090211137188780981e+02 2.985247487651619958e-01
1.090781298321883810e+02 2.984792918617687474e-01
1.091351754928924862e+02 2.984338401747673730e-01
1.091922507163027092e+02 2.983883937034820799e-01
1.092493555177391329e+02 2.983429524472374639e-01
1.093064899125303526e+02 2.982975164053577877e-01
1.093636539160122538e+02 2.982520855771678692e-01
1.094208475435289500e+02 2.982066599619924707e-01
1.094780708104324844e+02 2.981612395591565212e-01
1.095353237320827873e+02 2.981158243679850606e-01
1.095926063238478463e+02 2.980704143878032397e-01
1.096499186011035647e+02 2.980250096179363206e-01
1.097072605792337896e+02 2.979796100577097318e-01
1.097646322736304114e+02 2.979342157064489571e-01
1.098220336996930087e+02 2.978888265634798693e-01
1.098794648728298426e+02 2.978434426281278968e-01
1.099369258084564791e+02 2.977980638997190233e-01
1.099944165219966834e+02 2.977526903775793432e-01
1.100519370288822643e+02 2.977073220610350068e-01
1.101094873445529743e+02 2.976619589494122198e-01
1.101670674844565667e+02 2.976166010420374097e-01
1.102246774640488240e+02 2.975712483382370599e-01
1.102823172987935720e+02 2.975259008373378200e-01
1.103399870041625661e+02 2.974805585386664508e-01
1.103976865956354203e+02 2.974352214415499907e-01
1.104554160887004457e+02 2.973898895453150892e-01
1.105131754988532293e+02 2.973445628492891180e-01
1.105709648415977284e+02 2.972992413527991706e-01
1.106287841324458299e+02 2.972539250551727297e-01
1.106866333869175207e+02 2.972086139557372775e-01
1.107445126205408172e+02 2.971633080538204075e-01
1.108024218488517931e+02 2.971180073487498241e-01
1.108603610873945229e+02 2.970727118398535094e-01
1.109183303517212096e+02 2.970274215264592788e-01
1.109763296573918439e+02 2.969821364078955583e-01
1.110343590199751702e+02 2.969368564834901636e-01
1.110924184550473086e+02 2.968915817525716316e-01
1.111505079781927066e+02 2.968463122144684441e-01
1.112086276050038549e+02 2.968010478685091380e-01
1.112667773510813589e+02 2.967557887140225836e-01
1.113249572320338814e+02 2.967105347503374846e-01
1.113831672634781711e+02 2.966652859767828776e-01
1.114414074610391054e+02 2.966200423926878549e-01
1.114996778403496194e+02 2.965748039973816197e-01
1.115579784170505491e+02 2.965295707901936528e-01
1.116163092067914846e+02 2.964843427704531020e-01
1.116746702252295051e+02 2.964391199374897257e-01
1.117330614880299891e+02 2.963939022906331711e-01
1.117914830108663864e+02 2.963486898292133076e-01
1.118499348094203611e+02 2.963034825525601712e-01
1.119084168993816633e+02 2.962582804600037423e-01
1.119669292964481713e+02 2.962130835508742233e-01
1.120254720163259066e+02 2.961678918245019276e-01
1.120840450747289907e+02 2.961227052802173909e-01
1.121426484873795317e+02 2.960775239173512596e-01
1.122012822700084058e+02 2.960323477352338473e-01
1.122599464383539924e+02 2.959871767331962444e-01
1.123186410081630697e+02 2.959420109105693752e-01
1.123773659951905017e+02 2.958968502666841638e-01
1.124361214151994375e+02 2.958516948008719782e-01
1.124949072839610551e+02 2.958065445124640203e-01
1.125537236172548177e+02 2.957613994007917135e-01
1.126125704308683311e+02 2.957162594651866483e-01
1.126714477405973298e+02 2.956711247049804703e-01
1.127303555622455917e+02 2.956259951195052138e-01
1.127892939116257196e+02 2.955808707080923581e-01
1.128482628045578338e+02 2.955357514700741595e-01
1.129072622568704816e+02 2.954906374047828188e-01
1.129662922844004100e+02 2.954455285115505925e-01
1.130253529029925943e+02 2.954004247897099034e-01
1.130844441285002091e+02 2.953553262385932299e-01
1.131435659767846289e+02 2.953102328575333280e-01
1.132027184637154420e+02 2.952651446458629536e-01
1.132619016051704932e+02 2.952200616029149738e-01
1.133211154170356281e+02 2.951749837280226441e-01
1.133803599152055739e+02 2.951299110205186649e-01
1.134396351155826324e+02 2.950848434797366249e-01
1.134989410340776033e+02 2.950397811050098351e-01
1.135582776866094434e+02 2.949947238956718287e-01
1.136176450891054515e+02 2.949496718510562498e-01
1.136770432575011682e+02 2.949046249704968536e-01
1.137364722077403343e+02 2.948595832533275618e-01
1.137959319557749893e+02 2.948145466988823515e-01
1.138554225175654295e+02 2.947695153064954221e-01
1.139149439090800371e+02 2.947244890755011393e-01
1.139744961462961186e+02 2.946794680052335358e-01
1.140340792451985408e+02 2.946344520950273105e-01
1.140936932217807680e+02 2.945894413442171067e-01
1.141533380920444642e+02 2.945444357521376788e-01
1.142130138719996495e+02 2.944994353181238367e-01
1.142727205776646002e+02 2.944544400415107233e-01
1.143324582250659205e+02 2.944094499216333150e-01
1.143922268302385135e+02 2.943644649578268657e-01
1.144520264092255672e+02 2.943194851494268516e-01
1.145118569780783844e+02 2.942745104957688040e-01
1.145717185528573197e+02 2.942295409961880881e-01
1.146316111496302312e+02 2.941845766500205683e-01
1.146915347844736459e+02 2.941396174566021093e-01
1.147514894734723754e+02 2.940946634152687422e-01
1.148114752327196157e+02 2.940497145253564981e-01
1.148714920783168054e+02 2.940047707862015747e-01
1.149315400263738383e+02 2.939598321971404471e-01
1.149916190930088504e+02 2.939148987575094796e-01
1.150517292943484478e+02 2.938699704666453694e-01
1.151118706465272652e+02 2.938250473238849247e-01
1.151720431656890469e+02 2.937801293285646764e-01
1.152322468679851681e+02 2.937352164800218213e-01
1.152924817695756587e+02 2.936903087775933341e-01
1.153527478866288760e+02 2.936454062206165228e-01
1.154130452353215617e+02 2.936005088084286396e-01
1.154733738318388703e+02 2.935556165403672702e-01
1.155337336923742981e+02 2.935107294157698887e-01
1.155941248331297828e+02 2.934658474339741918e-01
1.156545472703156463e+02 2.934209705943180979e-01
1.157150010201503534e+02 2.933760988961396921e-01
1.157754860988614780e+02 2.933312323387766707e-01
1.158360025226843248e+02 2.932863709215674519e-01
1.158965503078628672e+02 2.932415146438503428e-01
1.159571294706493916e+02 2.931966635049638170e-01
1.160177400273047397e+02 2.931518175042464036e-01
1.160783819940980806e+02 2.931069766410367428e-01
1.161390553873071099e+02 2.930621409146737522e-01
1.161997602232178224e+02 2.930173103244963495e-01
1.162604965181247962e+02 2.929724848698435635e-01
1.163212642883307240e+02 2.929276645500547560e-01
1.163820635501475067e+02 2.928828493644689002e-01
1.164428943198947479e+02 2.928380393124256353e-01
1.165037566139007623e+02 2.927932343932644343e-01
1.165646504485023485e+02 2.927484346063250475e-01
1.166255758400447746e+02 2.927036399509471698e-01
1.166865328048816934e+02 2.926588504264708845e-01
1.167475213593753267e+02 2.926140660322361642e-01
1.168085415198963801e+02 2.925692867675830922e-01
1.168695933028239580e+02 2.925245126318520295e-01
1.169306767245454921e+02 2.924797436243836701e-01
1.169917918014575804e+02 2.924349797445180421e-01
1.170529385499646224e+02 2.923902209915960615e-01
1.171141169864797718e+02 2.923454673649585334e-01
1.171753271274246089e+02 2.923007188639463183e-01
1.172365689892293688e+02 2.922559754879004434e-01
1.172978425883326423e+02 2.922112372361621579e-01
1.173591479411816465e+02 2.921665041080726000e-01
1.174204850642320821e+02 2.921217761029732962e-01
1.174818539739481764e+02 2.920770532202057179e-01
1.175432546868024843e+02 2.920323354591116694e-01
1.176046872192767552e+02 2.919876228190325662e-01
1.176661515878605968e+02 2.919429152993105459e-01
1.177276478090524279e+02 2.918982128992875791e-01
1.177891758993591651e+02 2.918535156183058032e-01
1.178507358752962801e+02 2.918088234557075222e-01
1.179123277533878991e+02 2.917641364108350954e-01
1.179739515501665608e+02 2.917194544830309932e-01
1.180356072821734728e+02 2.916747776716379636e-01
1.180972949659584117e+02 2.916301059759986436e-01
1.181590146180794676e+02 2.915854393954561696e-01
1.182207662551040102e+02 2.915407779293531232e-01
1.182825498936072961e+02 2.914961215770329184e-01
1.183443655501734355e+02 2.914514703378386917e-01
1.184062132413951218e+02 2.914068242111138574e-01
1.184680929838736319e+02 2.913621831962019959e-01
1.185300047942188115e+02 2.913175472924465770e-01
1.185919486890491896e+02 2.912729164991915143e-01
1.186539246849918925e+02 2.912282908157804995e-01
1.187159327986825872e+02 2.911836702415576128e-01
1.187779730467653962e+02 2.911390547758671565e-01
1.188400454458937787e+02 2.910944444180530444e-01
1.189021500127291091e+02 2.910498391674596896e-01
1.189642867639416011e+02 2.910052390234317277e-01
1.190264557162101084e+02 2.909606439853136273e-01
1.190886568862221964e+02 2.909160540524502458e-01
1.191508902906739564e+02 2.908714692241863298e-01
1.192131559462702768e+02 2.908268894998669030e-01
1.192754538697246005e+02 2.907823148788371004e-01
1.193377840777590535e+02 2.907377453604421125e-01
1.194001465871042029e+02 2.906931809440274073e-01
1.194625414144999951e+02 2.906486216289381752e-01
1.195249685766943628e+02 2.906040674145202174e-01
1.195874280904440923e+02 2.905595183001192239e-01
1.196499199725147093e+02 2.905149742850809402e-01
1.197124442396804085e+02 2.904704353687514451e-01
1.197750009087240812e+02 2.904259015504767616e-01
1.198375899964373446e+02 2.903813728296031349e-01
1.199002115196204272e+02 2.903368492054769212e-01
1.199628654950823545e+02 2.902923306774445322e-01
1.200255519396406072e+02 2.902478172448527127e-01
1.200882708701220878e+02 2.902033089070478189e-01
1.201510223033616711e+02 2.901588056633768731e-01
1.202138062562032275e+02 2.901143075131868976e-01
1.202766227454993810e+02 2.900698144558249147e-01
1.203394717881114389e+02 2.900253264906380024e-01
1.204023534009094618e+02 2.899808436169736825e-01
1.204652676007722931e+02 2.899363658341791994e-01
1.205282144045874446e+02 2.898918931416022970e-01
1.205911938292512531e+02 2.898474255385905529e-01
1.206542058916685392e+02 2.898029630244920440e-01
1.207172506087535879e+02 2.897585055986542923e-01
1.207803279974287847e+02 2.897140532604255414e-01
1.208434380746254675e+02 2.896696060091539793e-01
1.209065808572837710e+02 2.896251638441879606e-01
1.209697563623526122e+02 2.895807267648757843e-01
1.210329646067896761e+02 2.895362947705661938e-01
1.210962056075614584e+02 2.894918678606077656e-01
1.211594793816432230e+02 2.894474460343492428e-01
1.212227859460191013e+02 2.894030292911396463e-01
1.212861253176816376e+02 2.893586176303281632e-01
1.213494975136330396e+02 2.893142110512636478e-01
1.214129025508836008e+02 2.892698095532955094e-01
1.214763404464525536e+02 2.892254131357732128e-01
1.215398112173680829e+02 2.891810217980463338e-01
1.216033148806671136e+02 2.891366355394644483e-01
1.216668514533954379e+02 2.890922543593774097e-01
1.217304209526076590e+02 2.890478782571350713e-01
1.217940233953672475e+02 2.890035072320875087e-01
1.218576587987464848e+02 2.889591412835849638e-01
1.219213271798262781e+02 2.889147804109776785e-01
1.219850285556970988e+02 2.888704246136159504e-01
1.220487629434575751e+02 2.888260738908503544e-01
1.221125303602153878e+02 2.887817282420315212e-01
1.221763308230871701e+02 2.887373876665103034e-01
1.222401643491983236e+02 2.886930521636375535e-01
1.223040309556831886e+02 2.886487217327642907e-01
1.223679306596849443e+02 2.886043963732417561e-01
1.224318634783557371e+02 2.885600760844210799e-01
1.224958294288564815e+02 2.885157608656537254e-01
1.225598285283568174e+02 2.884714507162914332e-01
1.226238607940360339e+02 2.884271456356853891e-01
1.226879262430815487e+02 2.883828456231876114e-01
1.227520248926898887e+02 2.883385506781499519e-01
1.228161567600665904e+02 2.882942607999244289e-01
1.228803218624260722e+02 2.882499759878631718e-01
1.229445202169915916e+02 2.882056962413184764e-01
1.230087518409954868e+02 2.881614215596426387e-01
1.230730167516788640e+02 2.881171519421882876e-01
1.231373149662918962e+02 2.880728873883079411e-01
1.232016465020933396e+02 2.880286278973546166e-01
1.232660113763517415e+02 2.879843734686807766e-01
1.233304096063437925e+02 2.879401241016396051e-01
1.233948412093553912e+02 2.878958797955842308e-01
1.234593062026813755e+02 2.878516405498678932e-01
1.235238046036255923e+02 2.878074063638439428e-01
1.235883364295007993e+02 2.877631772368659524e-01
1.236529016976288204e+02 2.877189531682874946e-01
1.237175004253403614e+02 2.876747341574623085e-01
1.237821326299751377e+02 2.876305202037441888e-01
1.238467983288816043e+02 2.875863113064874299e-01
1.239114975394179794e+02 2.875421074650457154e-01
1.239762302789506663e+02 2.874979086787734506e-01
1.240409965648554191e+02 2.874537149470249853e-01
1.241057964145169024e+02 2.874095262691548358e-01
1.241706298453288042e+02 2.873653426445176295e-01
1.242354968746938653e+02 2.873211640724679938e-01
1.243003975200238074e+02 2.872769905523609446e-01
1.243653317987394189e+02 2.872328220835513313e-01
1.244302997282704553e+02 2.871886586653942253e-01
1.244953013260555110e+02 2.871445002972451421e-01
1.245603366095429863e+02 2.871003469784589868e-01
1.246254055961894665e+02 2.870561987083914968e-01
1.246905083034609305e+02 2.870120554863981321e-01
1.247556447488323528e+02 2.869679173118347415e-01
1.248208149497878452e+02 2.869237841840571179e-01
1.248860189238204867e+02 2.868796561024211655e-01
1.249512566884324656e+02 2.868355330662830660e-01
1.250165282611350079e+02 2.867914150749990010e-01
1.250818336594484919e+02 2.867473021279252632e-01
1.251471729009020208e+02 2.867031942244185339e-01
1.252125460030346318e+02 2.866590913638350502e-01
1.252779529833936465e+02 2.866149935455316600e-01
1.253433938595357091e+02 2.865709007688652110e-01
1.254088686490266014e+02 2.865268130331926622e-01
1.254743773694412283e+02 2.864827303378710832e-01
1.255399200383635758e+02 2.864386526822576551e-01
1.256054966733866820e+02 2.863945800657097251e-01
1.256711072921127936e+02 2.863505124875847518e-01
1.257367519121532382e+02 2.863064499472403046e-01
1.258024305511282535e+02 2.862623924440342305e-01
1.258681432266679110e+02 2.862183399773240433e-01
1.259338899564106953e+02 2.861742925464678122e-01
1.259996707580044699e+02 2.861302501508236062e-01
1.260654856491062503e+02 2.860862127897496054e-01
1.261313346473822179e+02 2.860421804626041564e-01
1.261972177705076632e+02 2.859981531687457168e-01
1.262631350361670854e+02 2.859541309075327997e-01
1.263290864620541498e+02 2.859101136783240849e-01
1.263950720658716591e+02 2.858661014804784184e-01
1.264610918653313121e+02 2.858220943133549241e-01
1.265271458781548262e+02 2.857780921763122817e-01
1.265932341220722748e+02 2.857340950687097814e-01
1.266593566148232384e+02 2.856901029899068245e-01
1.267255133741564066e+02 2.856461159392627569e-01
1.267917044178297061e+02 2.856021339161372019e-01
1.268579297636103007e+02 2.855581569198898384e-01
1.269241894292745059e+02 2.855141849498804008e-01
1.269904834326079168e+02 2.854702180054688454e-01
1.270568117914052664e+02 2.854262560860151843e-01
1.271231745234702828e+02 2.853822991908797624e-01
1.271895716466167414e+02 2.853383473194225917e-01
1.272560031786667878e+02 2.852944004710041837e-01
1.273224691374521456e+02 2.852504586449851609e-01
1.273889695408136902e+02 2.852065218407260905e-01
1.274555044066016762e+02 2.851625900575878170e-01
1.275220737526754249e+02 2.851186632949312405e-01
1.275886775969037217e+02 2.850747415521174277e-01
1.276553159571644187e+02 2.850308248285075008e-01
1.277219888513447472e+02 2.849869131234626929e-01
1.277886962973409481e+02 2.849430064363446813e-01
1.278554383130592385e+02 2.848991047665146437e-01
1.279222149164144184e+02 2.848552081133343128e-01
1.279890261253308097e+02 2.848113164761655325e-01
1.280558719577419708e+02 2.847674298543702021e-01
1.281227524315908397e+02 2.847235482473103874e-01
1.281896675648295627e+02 2.846796716543480987e-01
1.282566173754196939e+02 2.846358000748457351e-01
1.283236018813319959e+02 2.845919335081656953e-01
1.283906211005465536e+02 2.845480719536704339e-01
1.284576750510526040e+02 2.845042154107228494e-01
1.285247637508493881e+02 2.844603638786852851e-01
1.285918872179447590e+02 2.844165173569207505e-01
1.286590454703560908e+02 2.843726758447924219e-01
1.287262385261101656e+02 2.843288393416633086e-01
1.287934664032431158e+02 2.842850078468967534e-01
1.288607291198002827e+02 2.842411813598560988e-01
1.289280266938365571e+02 2.841973598799049094e-01
1.289953591434160387e+02 2.841535434064066945e-01
1.290627264866122630e+02 2.841097319387253517e-01
1.291301287415078036e+02 2.840659254762248342e-01
1.291975659261955229e+02 2.840221240182688733e-01
1.292650380587766961e+02 2.839783275642217553e-01
1.293325451573623468e+02 2.839345361134477108e-01
1.294000872400729065e+02 2.838907496653110818e-01
1.294676643250381289e+02 2.838469682191764876e-01
1.295352764303972037e+02 2.838031917744084920e-01
1.296029235742986714e+02 2.837594203303717699e-01
1.296706057749005652e+02 2.837156538864312738e-01
1.297383230503702407e+02 2.836718924419520116e-01
1.298060754188842907e+02 2.836281359962992132e-01
1.298738628986293975e+02 2.835843845488378867e-01
1.299416855078010258e+02 2.835406380989334285e-01
1.300095432646041900e+02 2.834968966459514017e-01
1.300774361872534541e+02 2.834531601892574249e-01
1.301453642939727331e+02 2.834094287282172275e-01
1.302133276029954914e+02 2.833657022621967059e-01
1.302813261325644874e+02 2.833219807905617560e-01
1.303493599009321144e+02 2.832782643126786071e-01
1.304174289263600599e+02 2.832345528279133773e-01
1.304855332271193333e+02 2.831908463356327399e-01
1.305536728214911193e+02 2.831471448352027021e-01
1.306218477277653562e+02 2.831034483259901036e-01
1.306900579642416744e+02 2.830597568073616732e-01
1.307583035492292254e+02 2.830160702786841953e-01
1.308265845010465966e+02 2.829723887393247872e-01
1.308949008380218970e+02 2.829287121886504552e-01
1.309632525784927566e+02 2.828850406260284278e-01
1.310316397408062414e+02 2.828413740508260998e-01
1.311000623433190526e+02 2.827977124624108662e-01
1.311685204043969861e+02 2.827540558601506215e-01
1.312370139424162687e+02 2.827104042434125941e-01
1.313055429757617958e+02 2.826667576115649561e-01
1.313741075228282682e+02 2.826231159639754908e-01
1.314427076020198797e+02 2.825794793000124816e-01
1.315113432317504589e+02 2.825358476190440449e-01
1.315800144304432990e+02 2.824922209204385193e-01
1.316487212165312712e+02 2.824485992035644100e-01
1.317174636084567965e+02 2.824049824677903331e-01
1.317862416246718169e+02 2.823613707124849048e-01
1.318550552836375971e+02 2.823177639370171854e-01
1.319239046038258039e+02 2.822741621407557910e-01
1.319927896037168011e+02 2.822305653230700040e-01
1.320617103018009004e+02 2.821869734833289955e-01
1.321306667165778777e+02 2.821433866209021590e-01
1.321996588665572006e+02 2.820998047351588323e-01
1.322686867702578581e+02 2.820562278254687416e-01
1.323377504462084460e+02 2.820126558912015025e-01
1.324068499129471661e+02 2.819690889317269522e-01
1.324759851890218840e+02 2.819255269464150393e-01
1.325451562929897307e+02 2.818819699346361007e-01
1.326143632434182962e+02 2.818384178957598629e-01
1.326836060588840098e+02 2.817948708291569404e-01
1.327528847579731064e+02 2.817513287341976702e-01
1.328221993592815409e+02 2.817077916102527224e-01
1.328915498814149032e+02 2.816642594566927116e-01
1.329609363429883899e+02 2.816207322728884743e-01
1.330303587626268325e+02 2.815772100582110138e-01
1.330998171589647541e+02 2.815336928120313886e-01
1.331693115506463130e+02 2.814901805337207685e-01
1.332388419563250750e+02 2.814466732226506562e-01
1.333084083946650651e+02 2.814031708781921104e-01
1.333780108843391758e+02 2.813596734997169113e-01
1.334476494440302474e+02 2.813161810865967283e-01
1.335173240924307834e+02 2.812726936382033971e-01
1.335870348482430359e+02 2.812292111539088646e-01
1.336567817301788637e+02 2.811857336330850776e-01
1.337265647569599025e+02 2.811422610751043716e-01
1.337963839473174232e+02 2.810987934793390264e-01
1.338662393199924736e+02 2.810553308451613774e-01
1.339361308937354522e+02 2.810118731719443153e-01
1.340060586873073589e+02 2.809684204590600087e-01
1.340760227194781180e+02 2.809249727058815149e-01
1.341460230090275445e+02 2.808815299117818354e-01
1.342160595747453158e+02 2.808380920761339161e-01
1.342861324354307726e+02 2.807946591983109252e-01
1.343562416098930044e+02 2.807512312776862529e-01
1.344263871169508775e+02 2.807078083136332891e-01
1.344965689754329787e+02 2.806643903055256462e-01
1.345667872041776434e+02 2.806209772527368251e-01
1.346370418220327281e+02 2.805775691546409933e-01
1.347073328478566907e+02 2.805341660106115964e-01
1.347776603005169136e+02 2.804907678200229126e-01
1.348480241988907835e+02 2.804473745822491093e-01
1.349184245618655780e+02 2.804039862966644647e-01
1.349888614083382663e+02 2.803606029626434237e-01
1.350593347572156802e+02 2.803172245795604867e-01
1.351298446274143998e+02 2.802738511467903759e-01
1.352003910378608396e+02 2.802304826637078139e-01
1.352709740074911906e+02 2.801871191296878005e-01
1.353415935552512224e+02 2.801437605441055023e-01
1.354122497000973055e+02 2.801004069063357527e-01
1.354829424609948205e+02 2.800570582157540511e-01
1.355536718569193226e+02 2.800137144717356752e-01
1.356244379068560590e+02 2.799703756736563465e-01
1.356952406298002529e+02 2.799270418208915645e-01
1.357660800447569045e+02 2.798837129128172174e-01
1.358369561707408195e+02 2.798403889488091933e-01
1.359078690267768081e+02 2.797970699282434914e-01
1.359788186318993439e+02 2.797537558504962774e-01
1.360498050051526491e+02 2.797104467149440499e-01
1.361208281655915755e+02 2.796671425209628636e-01
1.361918881322799848e+02 2.796238432679293839e-01
1.362629849242919988e+02 2.795805489552202761e-01
1.363341185607114880e+02 2.795372595822123163e-01
1.364052890606323558e+02 2.794939751482824475e-01
1.364764964431583110e+02 2.794506956528076680e-01
1.365477407274029815e+02 2.794074210951650872e-01
1.366190219324898862e+02 2.793641514747320365e-01
1.366903400775524631e+02 2.793208867908859583e-01
1.367616951817338133e+02 2.792776270430044616e-01
1.368330872641878102e+02 2.792343722304648224e-01
1.369045163440773081e+02 2.791911223526451491e-01
1.369759824405755069e+02 2.791478774089231618e-01
1.370474855728654404e+02 2.791046373986769691e-01
1.371190257601401470e+02 2.790614023212847350e-01
1.371906030216025840e+02 2.790181721761246791e-01
1.372622173764656281e+02 2.789749469625752987e-01
1.373338688439522173e+02 2.789317266800149797e-01
1.374055574432951516e+02 2.788885113278223860e-01
1.374772831937368949e+02 2.788453009053765141e-01
1.375490461145308814e+02 2.788020954120559169e-01
1.376208462249394984e+02 2.787588948472397021e-01
1.376926835442355355e+02 2.787156992103070885e-01
1.377645580917016446e+02 2.786725085006372948e-01
1.378364698866305957e+02 2.786293227176097065e-01
1.379084189483250498e+02 2.785861418606039308e-01
1.379804052960977572e+02 2.785429659289994642e-01
1.380524289492714161e+02 2.784997949221761915e-01
1.381244899271787858e+02 2.784566288395138867e-01
1.381965882491623177e+02 2.784134676803928232e-01
1.382687239345753483e+02 2.783703114441927196e-01
1.383408970027804230e+02 2.783271601302940712e-01
1.384131074731503475e+02 2.782840137380772072e-01
1.384853553650680453e+02 2.782408722669227341e-01
1.385576406979264164e+02 2.781977357162111475e-01
1.386299634911284500e+02 2.781546040853232760e-01
1.387023237640871400e+02 2.781114773736400592e-01
1.387747215362256270e+02 2.780683555805423257e-01
1.388471568269770273e+02 2.780252387054114038e-01
1.389196296557842913e+02 2.779821267476286217e-01
1.389921400421013118e+02 2.779390197065750301e-01
1.390646880053911616e+02 2.778959175816322347e-01
1.391372735651273729e+02 2.778528203721820078e-01
1.392098967407933969e+02 2.778097280776059552e-01
1.392825575518830021e+02 2.777666406972860713e-01
1.393552560178999045e+02 2.777235582306042394e-01
1.394279921583579664e+02 2.776804806769427314e-01
1.395007659927811687e+02 2.776374080356835972e-01
1.395735775407036101e+02 2.775943403062093862e-01
1.396464268216692517e+02 2.775512774879027034e-01
1.397193138552329970e+02 2.775082195801458207e-01
1.397922386609590433e+02 2.774651665823217317e-01
1.398652012584220188e+02 2.774221184938131524e-01
1.399382016672066982e+02 2.773790753140031873e-01
1.400112399069080027e+02 2.773360370422749965e-01
1.400843159971309717e+02 2.772930036780116847e-01
1.401574299574908764e+02 2.772499752205967449e-01
1.402305818076130777e+02 2.772069516694136149e-01
1.403037715671331682e+02 2.771639330238459542e-01
1.403769992556966031e+02 2.771209192832775892e-01
1.404502648929598649e+02 2.770779104470921239e-01
1.405235684985888156e+02 2.770349065146737177e-01
1.405969100922597192e+02 2.769919074854064744e-01
1.406702896936590719e+02 2.769489133586746088e-01
1.407437073224835729e+02 2.769059241338625021e-01
1.408171629984401250e+02 2.768629398103546468e-01
1.408906567412459196e+02 2.768199603875356463e-01
1.409641885706282096e+02 2.767769858647902148e-01
1.410377585063245931e+02 2.767340162415032889e-01
1.411113665680825875e+02 2.766910515170599716e-01
1.411850127756607662e+02 2.766480916908450327e-01
1.412586971488271104e+02 2.766051367622439083e-01
1.413324197073601169e+02 2.765621867306419790e-01
1.414061804710485717e+02 2.765192415954246252e-01
1.414799794596914921e+02 2.764763013559775606e-01
1.415538166930981276e+02 2.764333660116864433e-01
1.416276921910880162e+02 2.763904355619372089e-01
1.417016059734909845e+02 2.763475100061157930e-01
1.417755580601470911e+02 2.763045893436083533e-01
1.418495484709064556e+02 2.762616735738012141e-01
1.419235772256303107e+02 2.762187626960804221e-01
1.419976443441892684e+02 2.761758567098326345e-01
1.420717498464645985e+02 2.761329556144445085e-01
1.421458937523478596e+02 2.760900594093026461e-01
1.422200760817408991e+02 2.760471680937940375e-01
1.422942968545558813e+02 2.760042816673056176e-01
1.423685560907153160e+02 2.759614001292244878e-01
1.424428538101520303e+02 2.759185234789378049e-01
1.425171900328091112e+02 2.758756517158330035e-01
1.425915647786397926e+02 2.758327848392977399e-01
1.426659780676084495e+02 2.757899228487192822e-01
1.427404299196889781e+02 2.757470657434854533e-01
1.428149203548659045e+02 2.757042135229841318e-01
1.428894493931340435e+02 2.756613661866033627e-01
1.429640170544986972e+02 2.756185237337311911e-01
1.430386233589754568e+02 2.755756861637558286e-01
1.431132683265902585e+02 2.755328534760656534e-01
1.431879519773794698e+02 2.754900256700490990e-01
1.432626743313898317e+02 2.754472027450948213e-01
1.433374354086782034e+02 2.754043847005916978e-01
1.434122352293126426e+02 2.753615715359282179e-01
1.434870738133708130e+02 2.753187632504935367e-01
1.435619511809410369e+02 2.752759598436767541e-01
1.436368673521219819e+02 2.752331613148670808e-01
1.437118223470229168e+02 2.751903676634538942e-01
1.437868161857633140e+02 2.751475788888266272e-01
1.438618488884731903e+02 2.751047949903749346e-01
1.439369204752930216e+02 2.750620159674884158e-01
1.440120309663736293e+02 2.750192418195570587e-01
1.440871803818760384e+02 2.749764725459709624e-01
1.441623687419726139e+02 2.749337081461198373e-01
1.442375960668452421e+02 2.748909486193941154e-01
1.443128623766866099e+02 2.748481939651841177e-01
1.443881676916998629e+02 2.748054441828803318e-01
1.444635120320985777e+02 2.747626992718733008e-01
1.445388954181068755e+02 2.747199592315538452e-01
1.446143178699592795e+02 2.746772240613127303e-01
1.446897794079008293e+02 2.746344937605409431e-01
1.447652800521871370e+02 2.745917683286295818e-01
1.448408198230838480e+02 2.745490477649699668e-01
1.449163987408681180e+02 2.745063320689532516e-01
1.449920168258267381e+02 2.744636212399709230e-01
1.450676740982572426e+02 2.744209152774146898e-01
1.451433705784676818e+02 2.743782141806762054e-01
1.452191062867767073e+02 2.743355179491472895e-01
1.452948812435134300e+02 2.742928265822199840e-01
1.453706954690174769e+02 2.742501400792863309e-01
1.454465489836391328e+02 2.742074584397384829e-01
1.455224418077390851e+02 2.741647816629689260e-01
1.455983739616883668e+02 2.741221097483701463e-01
1.456743454658694645e+02 2.740794426953345186e-01
1.457503563406744433e+02 2.740367805032548620e-01
1.458264066065063389e+02 2.739941231715239955e-01
1.459024962837787029e+02 2.739514706995349602e-01
1.459786253929156885e+02 2.739088230866807971e-01
1.460547939543520215e+02 2.738661803323547139e-01
1.461310019885330291e+02 2.738235424359500292e-01
1.462072495159145831e+02 2.737809093968602836e-01
1.462835365569632700e+02 2.737382812144789623e-01
1.463598631321558514e+02 2.736956578882001057e-01
1.464362292619806567e+02 2.736530394174170322e-01
1.465126349669357921e+02 2.736104258015240043e-01
1.465890802675301927e+02 2.735678170399150066e-01
1.466655651842834800e+02 2.735252131319843572e-01
1.467420897377258768e+02 2.734826140771263181e-01
1.468186539483982358e+02 2.734400198747353739e-01
1.468952578368521245e+02 2.733974305242061198e-01
1.469719014236496832e+02 2.733548460249332623e-01
1.470485847293637676e+02 2.733122663763116189e-01
1.471253077745774931e+02 2.732696915777363400e-01
1.472020705798856852e+02 2.732271216286021875e-01
1.472788731658928612e+02 2.731845565283045341e-01
1.473557155532145373e+02 2.731419962762386966e-01
1.474325977624768598e+02 2.730994408718001587e-01
1.475095198143166897e+02 2.730568903143845150e-01
1.475864817293816884e+02 2.730143446033874155e-01
1.476634835283300617e+02 2.729718037382047879e-01
1.477405252318307873e+02 2.729292677182325044e-01
1.478176068605635862e+02 2.728867365428667147e-01
1.478947284352185250e+02 2.728442102115037904e-01
1.479718899764973514e+02 2.728016887235396593e-01
1.480490915051116474e+02 2.727591720783710261e-01
1.481263330417839938e+02 2.727166602753944846e-01
1.482036146072476868e+02 2.726741533140066842e-01
1.482809362222468508e+02 2.726316511936044962e-01
1.483582979075362687e+02 2.725891539135849029e-01
1.484356996838814950e+02 2.725466614733449422e-01
1.485131415720589416e+02 2.725041738722818740e-01
1.485906235928556782e+02 2.724616911097929584e-01
1.486681457670692907e+02 2.724192131852758991e-01
1.487457081155090464e+02 2.723767400981279008e-01
1.488233106589940746e+02 2.723342718477468893e-01
1.489009534183545895e+02 2.722918084335306799e-01
1.489786364144316622e+02 2.722493498548771984e-01
1.490563596680770786e+02 2.722068961111844820e-01
1.491341232001535104e+02 2.721644472018509009e-01
1.492119270315343726e+02 2.721220031262746586e-01
1.492897711831039089e+02 2.720795638838542918e-01
1.493676556757572484e+02 2.720371294739882817e-01
1.494455805303999796e+02 2.719946998960756646e-01
1.495235457679494573e+02 2.719522751495148105e-01
1.496015514093329557e+02 2.719098552337048669e-01
1.496795974754889187e+02 2.718674401480449254e-01
1.497576839873666472e+02 2.718250298919342445e-01
1.498358109659262141e+02 2.717826244647721379e-01
1.499139784321386912e+02 2.717402238659580305e-01
1.499921864069859225e+02 2.716978280948915137e-01
1.500704349114606373e+02 2.716554371509723453e-01
1.501487239665664788e+02 2.716130510336002835e-01
1.502270535933176347e+02 2.715706697421755855e-01
1.503054238127401163e+02 2.715282932760978429e-01
1.503838346458699107e+02 2.714859216347675352e-01
1.504622861137542316e+02 2.714435548175849755e-01
1.505407782374511214e+02 2.714011928239505878e-01
1.506193110380296503e+02 2.713588356532650181e-01
1.506978845365697453e+02 2.713164833049289681e-01
1.507764987541622475e+02 2.712741357783432505e-01
1.508551537119089403e+02 2.712317930729087889e-01
1.509338494309225496e+02 2.711894551880267290e-01
1.510125859323264308e+02 2.711471221230984385e-01
1.510913632372558482e+02 2.711047938775249522e-01
1.511701813668559851e+02 2.710624704507078042e-01
1.512490403422834504e+02 2.710201518420486400e-01
1.513279401847056533e+02 2.709778380509492157e-01
1.514068809153010591e+02 2.709355290768112878e-01
1.514858625552591604e+02 2.708932249190368902e-01
1.515648851257803074e+02 2.708509255770280011e-01
1.516439486480758774e+02 2.708086310501869320e-01
1.517230531433683609e+02 2.707663413379160500e-01
1.518021986328907360e+02 2.707240564396178328e-01
1.518813851378880315e+02 2.706817763546947031e-01
1.519606126796153944e+02 2.706395010825494718e-01
1.520398812793391983e+02 2.705972306225848945e-01
1.521191909583369011e+02 2.705549649742040597e-01
1.521985417378969316e+02 2.705127041368100005e-01
1.522779336393188032e+02 2.704704481098059721e-01
1.523573666839130851e+02 2.704281968925952295e-01
1.524368408930013175e+02 2.703859504845813055e-01
1.525163562879161248e+02 2.703437088851677883e-01
1.525959128900009318e+02 2.703014720937585436e-01
1.526755107206110154e+02 2.702592401097571040e-01
1.527551498011119406e+02 2.702170129325675019e-01
1.528348301528805848e+02 2.701747905615939360e-01
1.529145517973048811e+02 2.701325729962405497e-01
1.529943147557839040e+02 2.700903602359117639e-01
1.530741190497277557e+02 2.700481522800119993e-01
1.531539647005577081e+02 2.700059491279457879e-01
1.532338517297060321e+02 2.699637507791179947e-01
1.533137801586162539e+02 2.699215572329333179e-01
1.533937500087425292e+02 2.698793684887969557e-01
1.534737613015511783e+02 2.698371845461136620e-01
1.535538140585186966e+02 2.697950054042888013e-01
1.536339083011329762e+02 2.697528310627277381e-01
1.537140440508931079e+02 2.697106615208359481e-01
1.537942213293092948e+02 2.696684967780190179e-01
1.538744401579028249e+02 2.696263368336826449e-01
1.539547005582062695e+02 2.695841816872326935e-01
1.540350025517632275e+02 2.695420313380750832e-01
1.541153461601286097e+02 2.694998857856160113e-01
1.541957314048679848e+02 2.694577450292617860e-01
1.542761583075592284e+02 2.694156090684184379e-01
1.543566268897903342e+02 2.693734779024926085e-01
1.544371371731608917e+02 2.693313515308908834e-01
1.545176891792815752e+02 2.692892299530199596e-01
1.545982829297743422e+02 2.692471131682867558e-01
1.546789184462723483e+02 2.692050011760982464e-01
1.547595957504199191e+02 2.691628939758614059e-01
1.548403148638726350e+02 2.691207915669835415e-01
1.549210758082972461e+02 2.690786939488720164e-01
1.550018786053715019e+02 2.690366011209344710e-01
1.550827232767852877e+02 2.689945130825781572e-01
1.551636098442386924e+02 2.689524298332108820e-01
1.552445383294435430e+02 2.689103513722406191e-01
1.553255087541227795e+02 2.688682776990753420e-01
1.554065211400107103e+02 2.688262088131230243e-01
1.554875755088527569e+02 2.687841447137920281e-01
1.555686718824057380e+02 2.687420854004906046e-01
1.556498102824376986e+02 2.687000308726272824e-01
1.557309907307279957e+02 2.686579811296107012e-01
1.558122132490669003e+02 2.686159361708496673e-01
1.558934778592569899e+02 2.685738959957527650e-01
1.559747845831111022e+02 2.685318606037290778e-01
1.560561334424538416e+02 2.684898299941877453e-01
1.561375244591209253e+02 2.684478041665380177e-01
1.562189576549595813e+02 2.684057831201892563e-01
1.563004330518282359e+02 2.683637668545508781e-01
1.563819506715966838e+02 2.683217553690325774e-01
1.564635105361460603e+02 2.682797486630439376e-01
1.565451126673688123e+02 2.682377467359949863e-01
1.566267570871684427e+02 2.681957495872957509e-01
1.567084438174607328e+02 2.681537572163560923e-01
1.567901728801718946e+02 2.681117696225863156e-01
1.568719442972398213e+02 2.680697868053968924e-01
1.569537580906137180e+02 2.680278087641982387e-01
1.570356142822542438e+02 2.679858354984009372e-01
1.571175128941333980e+02 2.679438670074157369e-01
1.571994539482345772e+02 2.679019032906535536e-01
1.572814374665525179e+02 2.678599443475253583e-01
1.573634634710934961e+02 2.678179901774421778e-01
1.574455319838746732e+02 2.677760407798155384e-01
1.575276430269257446e+02 2.677340961540563558e-01
1.576097966222868081e+02 2.676921562995763226e-01
1.576919927920096427e+02 2.676502212157871319e-01
1.577742315581575951e+02 2.676082909021004208e-01
1.578565129428052671e+02 2.675663653579281043e-01
1.579388369680388564e+02 2.675244445826820971e-01
1.580212036559559294e+02 2.674825285757746474e-01
1.581036130286655066e+02 2.674406173366178918e-01
1.581860651082881191e+02 2.673987108646242450e-01
1.582685599169553541e+02 2.673568091592063434e-01
1.583510974768112760e+02 2.673149122197764904e-01
1.584336778100104652e+02 2.672730200457475447e-01
1.585163009387193540e+02 2.672311326365324202e-01
1.585989668851157717e+02 2.671892499915441421e-01
1.586816756713890300e+02 2.671473721101957910e-01
1.587644273197400651e+02 2.671054989919006140e-01
1.588472218523812103e+02 2.670636306360719692e-01
1.589300592915363097e+02 2.670217670421233813e-01
1.590129396594408320e+02 2.669799082094684306e-01
1.590958629783413016e+02 2.669380541375210858e-01
1.591788292704968626e+02 2.668962048256948716e-01
1.592618385581771179e+02 2.668543602734039233e-01
1.593448908636636077e+02 2.668125204800624317e-01
1.594279862092493829e+02 2.667706854450845877e-01
1.595111246172391191e+02 2.667288551678847486e-01
1.595943061099489455e+02 2.666870296478774938e-01
1.596775307097066445e+02 2.666452088844774027e-01
1.597607984388514808e+02 2.666033928770992767e-01
1.598441093197344003e+02 2.665615816251579173e-01
1.599274633747175187e+02 2.665197751280684590e-01
1.600108606261755710e+02 2.664779733852458699e-01
1.600943010964938651e+02 2.664361763961054508e-01
1.601777848080696458e+02 2.663943841600626139e-01
1.602613117833118679e+02 2.663525966765328268e-01
1.603448820446408831e+02 2.663108139449318346e-01
1.604284956144888952e+02 2.662690359646752714e-01
1.605121525152995900e+02 2.662272627351790488e-01
1.605958527695283067e+02 2.661854942558592452e-01
1.606795963996420653e+02 2.661437305261319386e-01
1.607633834281191412e+02 2.661019715454135404e-01
1.608472138774505140e+02 2.660602173131201842e-01
1.609310877701377365e+02 2.660184678286684479e-01
1.610150051286944688e+02 2.659767230914750757e-01
1.610989659756459389e+02 2.659349831009567566e-01
1.611829703335290844e+02 2.658932478565304014e-01
1.612670182248925528e+02 2.658515173576130874e-01
1.613511096722966442e+02 2.658097916036218367e-01
1.614352446983133405e+02 2.657680705939740040e-01
1.615194233255263043e+02 2.657263543280869444e-01
1.616036455765306812e+02 2.656846428053783460e-01
1.616879114739342072e+02 2.656429360252655636e-01
1.617722210403553333e+02 2.656012339871665073e-01
1.618565742984246185e+02 2.655595366904990873e-01
1.619409712707843596e+02 2.655178441346812690e-01
1.620254119800885917e+02 2.654761563191312956e-01
1.621098964490029744e+02 2.654344732432673548e-01
1.621944247002050474e+02 2.653927949065079117e-01
1.622789967563840605e+02 2.653511213082714315e-01
1.623636126402410014e+02 2.653094524479766014e-01
1.624482723744883401e+02 2.652677883250423863e-01
1.625329759818512230e+02 2.652261289388873622e-01
1.626177234850656532e+02 2.651844742889306605e-01
1.627025149068797134e+02 2.651428243745914681e-01
1.627873502700533379e+02 2.651011791952890828e-01
1.628722295973581708e+02 2.650595387504429135e-01
1.629571529115776798e+02 2.650179030394724800e-01
1.630421202355071557e+02 2.649762720617974132e-01
1.631271315919537130e+02 2.649346458168375662e-01
1.632121870037363180e+02 2.648930243040127364e-01
1.632972864936852773e+02 2.648514075227432762e-01
1.633824300846438859e+02 2.648097954724489278e-01
1.634676177994662680e+02 2.647681881525501546e-01
1.635528496610186266e+02 2.647265855624673092e-01
1.636381256921791021e+02 2.646849877016210772e-01
1.637234459158376296e+02 2.646433945694319778e-01
1.638088103548960532e+02 2.646018061653209186e-01
1.638942190322680688e+02 2.645602224887087517e-01
1.639796719708792239e+02 2.645186435390165514e-01
1.640651691936670034e+02 2.644770693156655028e-01
1.641507107235804028e+02 2.644354998180770133e-01
1.642362965835812929e+02 2.643939350456721571e-01
1.643219267966424866e+02 2.643523749978727855e-01
1.644076013857490466e+02 2.643108196741003613e-01
1.644933203738978591e+02 2.642692690737769023e-01
1.645790837840978327e+02 2.642277231963242046e-01
1.646648916393697561e+02 2.641861820411643413e-01
1.647507439627463270e+02 2.641446456077194416e-01
1.648366407772722084e+02 2.641031138954119672e-01
1.649225821060040005e+02 2.640615869036641583e-01
1.650085679720098710e+02 2.640200646318988653e-01
1.650945983983710619e+02 2.639785470795383837e-01
1.651806734081796435e+02 2.639370342460057306e-01
1.652667930245400782e+02 2.638955261307237565e-01
1.653529572705687656e+02 2.638540227331156451e-01
1.654391661693940421e+02 2.638125240526044690e-01
1.655254197441563235e+02 2.637710300886136339e-01
1.656117180180079629e+02 2.637295408405664343e-01
1.656980610141132786e+02 2.636880563078866091e-01
1.657844487556486683e+02 2.636465764899977304e-01
1.658708812658021543e+02 2.636051013863238146e-01
1.659573585677748326e+02 2.635636309962884893e-01
1.660438806847786850e+02 2.635221653193159930e-01
1.661304476400382555e+02 2.634807043548304528e-01
1.662170594567899968e+02 2.634392481022562738e-01
1.663037161582823842e+02 2.633977965610178607e-01
1.663904177677760288e+02 2.633563497305398404e-01
1.664771643085435073e+02 2.633149076102467845e-01
1.665639558038695611e+02 2.632734701995636528e-01
1.666507922770508969e+02 2.632320374979152944e-01
1.667376737513960165e+02 2.631906095047270577e-01
1.668246002502264957e+02 2.631491862194236808e-01
1.669115717968749379e+02 2.631077676414308453e-01
1.669985884146864805e+02 2.630663537701737886e-01
1.670856501270182832e+02 2.630249446050782480e-01
1.671727569572396135e+02 2.629835401455699051e-01
1.672599089287318463e+02 2.629421403910745525e-01
1.673471060648885498e+02 2.629007453410182049e-01
1.674343483891153141e+02 2.628593549948268770e-01
1.675216359248298943e+02 2.628179693519268056e-01
1.676089686954618401e+02 2.627765884117445605e-01
1.676963467244539174e+02 2.627352121737062118e-01
1.677837700352599200e+02 2.626938406372384960e-01
1.678712386513462320e+02 2.626524738017681493e-01
1.679587525961913173e+02 2.626111116667220746e-01
1.680463118932858890e+02 2.625697542315272304e-01
1.681339165661327684e+02 2.625284014956106304e-01
1.682215666382469692e+02 2.624870534583995108e-01
1.683092621331556984e+02 2.624457101193213293e-01
1.683970030743983841e+02 2.624043714778034886e-01
1.684847894855262496e+02 2.623630375332737241e-01
1.685726213901037909e+02 2.623217082851594384e-01
1.686604988117067307e+02 2.622803837328887000e-01
1.687484217739232406e+02 2.622390638758894665e-01
1.688363903003538269e+02 2.621977487135898621e-01
1.689244044146111605e+02 2.621564382454180664e-01
1.690124641403201338e+02 2.621151324708024810e-01
1.691005695011179739e+02 2.620738313891715632e-01
1.691887205206540727e+02 2.620325349999539921e-01
1.692769172225901286e+02 2.619912433025783915e-01
1.693651596305996918e+02 2.619499562964738848e-01
1.694534477683696707e+02 2.619086739810690956e-01
1.695417816595982288e+02 2.618673963557933138e-01
1.696301613279960918e+02 2.618261234200757737e-01
1.697185867972863207e+02 2.617848551733458207e-01
1.698070580912042828e+02 2.617435916150330222e-01
1.698955752334975955e+02 2.617023327445669456e-01
1.699841382479261824e+02 2.616610785613773249e-01
1.700727471582623593e+02 2.616198290648940605e-01
1.701614019882906916e+02 2.615785842545471640e-01
1.702501027618077387e+02 2.615373441297669799e-01
1.703388495026234182e+02 2.614961086899832976e-01
1.704276422345589594e+02 2.614548779346267393e-01
1.705164809814483249e+02 2.614136518631278161e-01
1.706053657671377550e+02 2.613724304749170946e-01
1.706942966154859391e+02 2.613312137694254744e-01
1.707832735503637878e+02 2.612900017460836888e-01
1.708722965956547455e+02 2.612487944043228594e-01
1.709613657752545350e+02 2.612075917435740524e-01
1.710504811130712426e+02 2.611663937632685561e-01
1.711396426330250904e+02 2.611252004628379364e-01
1.712288503590496873e+02 2.610840118417133704e-01
1.713181043150899825e+02 2.610428278993266460e-01
1.714074045251036864e+02 2.610016486351096066e-01
1.714967510130609867e+02 2.609604740484940955e-01
1.715861438029444059e+02 2.609193041389121226e-01
1.716755829187489724e+02 2.608781389057958644e-01
1.717650683844821344e+02 2.608369783485775528e-01
1.718546002241636756e+02 2.607958224666896974e-01
1.719441784618259987e+02 2.607546712595646965e-01
1.720338031215134720e+02 2.607135247266354483e-01
1.721234742272840492e+02 2.606723828673344068e-01
1.722131918032071098e+02 2.606312456810945810e-01
1.723029558733647377e+02 2.605901131673490911e-01
1.723927664618516644e+02 2.605489853255310573e-01
1.724826235927750133e+02 2.605078621550737661e-01
1.725725272902544134e+02 2.604667436554106152e-01
1.726624775784219992e+02 2.604256298259751690e-01
1.727524744814223823e+02 2.603845206662011025e-01
1.728425180234127083e+02 2.603434161755222020e-01
1.729326082285623727e+02 2.603023163533725315e-01
1.730227451210542142e+02 2.602612211991858215e-01
1.731129287250826110e+02 2.602201307123964136e-01
1.732031590648547876e+02 2.601790448924386490e-01
1.732934361645906733e+02 2.601379637387468691e-01
1.733837600485225039e+02 2.600968872507556928e-01
1.734741307408952764e+02 2.600558154278997391e-01
1.735645482659664083e+02 2.600147482696139045e-01
1.736550126480060214e+02 2.599736857753330854e-01
1.737455239112967149e+02 2.599326279444922894e-01
1.738360820801333659e+02 2.598915747765269124e-01
1.739266871788244657e+02 2.598505262708719621e-01
1.740173392316900731e+02 2.598094824269629455e-01
1.741080382630632073e+02 2.597684432442355917e-01
1.741987842972894498e+02 2.597274087221254080e-01
1.742895773587271151e+02 2.596863788600684009e-01
1.743804174717469664e+02 2.596453536575003551e-01
1.744713046607325566e+02 2.596043331138573884e-01
1.745622389500799443e+02 2.595633172285757850e-01
1.746532203641979777e+02 2.595223060010917737e-01
1.747442489275076412e+02 2.594812994308419163e-01
1.748353246644437320e+02 2.594402975172626635e-01
1.749264475994526720e+02 2.593993002597907438e-01
1.750176177569938147e+02 2.593583076578629965e-01
1.751088351615392753e+02 2.593173197109164274e-01
1.752000998375737595e+02 2.592763364183880426e-01
1.752914118095948197e+02 2.592353577797151809e-01
1.753827711021124571e+02 2.591943837943350704e-01
1.754741777396496332e+02 2.591534144616852164e-01
1.755656317467418432e+02 2.591124497812031802e-01
1.756571331479370315e+02 2.590714897523269111e-01
1.757486819677968697e+02 2.590305343744939148e-01
1.758402782308947678e+02 2.589895836471422519e-01
1.759319219618171246e+02 2.589486375697100939e-01
1.760236131851631853e+02 2.589076961416356681e-01
1.761153519255448430e+02 2.588667593623573127e-01
1.762071382075868371e+02 2.588258272313134767e-01
1.762989720559266118e+02 2.587848997479428315e-01
1.763908534952143725e+02 2.587439769116839927e-01
1.764827825501131429e+02 2.587030587219759648e-01
1.765747592452983667e+02 2.586621451782578074e-01
1.766667836054593010e+02 2.586212362799683584e-01
1.767588556552969408e+02 2.585803320265469551e-01
1.768509754195255255e+02 2.585394324174330460e-01
1.769431429228719423e+02 2.584985374520660795e-01
1.770353581900759821e+02 2.584576471298856704e-01
1.771276212458903387e+02 2.584167614503315447e-01
1.772199321150803257e+02 2.583758804128435949e-01
1.773122908224243304e+02 2.583350040168619355e-01
1.774046973927133877e+02 2.582941322618265145e-01
1.774971518507511234e+02 2.582532651471778351e-01
1.775896542213550902e+02 2.582124026723559562e-01
1.776822045293545216e+02 2.581715448368015475e-01
1.777748027995920381e+02 2.581306916399552231e-01
1.778674490569230500e+02 2.580898430812578193e-01
1.779601433262158139e+02 2.580489991601501165e-01
1.780528856323515470e+02 2.580081598760731731e-01
1.781456760002242845e+02 2.579673252284681584e-01
1.782385144547410505e+02 2.579264952167762970e-01
1.783314010208217155e+02 2.578856698404390357e-01
1.784243357233986842e+02 2.578448490988980435e-01
1.785173185874184298e+02 2.578040329915946560e-01
1.786103496378392492e+02 2.577632215179707642e-01
1.787034288996327120e+02 2.577224146774683144e-01
1.787965563977833199e+02 2.576816124695293087e-01
1.788897321572885915e+02 2.576408148935959153e-01
1.789829562031589205e+02 2.576000219491104692e-01
1.790762285604177180e+02 2.575592336355153056e-01
1.791695492541012982e+02 2.575184499522530368e-01
1.792629183092590210e+02 2.574776708987662754e-01
1.793563357509528089e+02 2.574368964744979671e-01
1.794498016042587096e+02 2.573961266788907798e-01
1.795433158942646514e+02 2.573553615113878812e-01
1.796368786460719491e+02 2.573146009714323834e-01
1.797304898847948209e+02 2.572738450584676762e-01
1.798241496355606728e+02 2.572330937719371491e-01
1.799178579235098141e+02 2.571923471112843584e-01
1.800116147737956283e+02 2.571516050759529715e-01
1.801054202115844873e+02 2.571108676653868219e-01
1.801992742620558658e+02 2.570701348790298546e-01
1.802931769504018291e+02 2.570294067163262919e-01
1.803871283018287386e+02 2.569886831767199675e-01
1.804811283415548360e+02 2.569479642596553259e-01
1.805751770948117212e+02 2.569072499645769225e-01
1.806692745868442103e+02 2.568665402909292572e-01
1.807634208429101648e+02 2.568258352381570520e-01
1.808576158882804634e+02 2.567851348057050842e-01
1.809518597482391442e+02 2.567444389930183535e-01
1.810461524480833759e+02 2.567037477995419703e-01
1.811404940131233161e+02 2.566630612247210452e-01
1.812348844686819973e+02 2.566223792680011329e-01
1.813293238400966629e+02 2.565817019288273437e-01
1.814238121527164935e+02 2.565410292066455100e-01
1.815183494319042268e+02 2.565003611009011864e-01
1.816129357030358449e+02 2.564596976110403714e-01
1.817075709915002619e+02 2.564190387365089530e-01
1.818022553226997502e+02 2.563783844767530962e-01
1.818969887220496560e+02 2.563377348312189108e-01
1.819917712149785132e+02 2.562970897993528396e-01
1.820866028269280150e+02 2.562564493806013255e-01
1.821814835833526729e+02 2.562158135744111442e-01
1.822764135097212943e+02 2.561751823802286832e-01
1.823713926315148797e+02 2.561345557975009402e-01
1.824664209742278729e+02 2.560939338256750242e-01
1.825614985633679055e+02 2.560533164641979331e-01
1.826566254244559957e+02 2.560127037125168870e-01
1.827518015830262073e+02 2.559720955700793832e-01
1.828470270646260190e+02 2.559314920363327528e-01
1.829423018948159267e+02 2.558908931107247708e-01
1.830376260991698416e+02 2.558502987927031014e-01
1.831329997032745496e+02 2.558097090817157415e-01
1.832284227327311328e+02 2.557691239772104663e-01
1.833238952131528379e+02 2.557285434786354950e-01
1.834194171701666107e+02 2.556879675854391576e-01
1.835149886294126702e+02 2.556473962970698399e-01
1.836106096165444512e+02 2.556068296129759276e-01
1.837062801572287469e+02 2.555662675326062505e-01
1.838020002771456518e+02 2.555257100554094163e-01
1.838977700019885333e+02 2.554851571808343103e-01
1.839935893574641170e+02 2.554446089083300953e-01
1.840894583692920605e+02 2.554040652373459896e-01
1.841853770632064027e+02 2.553635261673309897e-01
1.842813454649535743e+02 2.553229916977345360e-01
1.843773636002934779e+02 2.552824618280063462e-01
1.844734314949995735e+02 2.552419365575959720e-01
1.845695491748585937e+02 2.552014158859531867e-01
1.846657166656706011e+02 2.551608998125279304e-01
1.847619339932491016e+02 2.551203883367701986e-01
1.848582011834209595e+02 2.550798814581302643e-01
1.849545182620263688e+02 2.550393791760583451e-01
1.850508852549186258e+02 2.549988814900049916e-01
1.851473021879654084e+02 2.549583883994205324e-01
1.852437690870468998e+02 2.549178999037556848e-01
1.853402859780568406e+02 2.548774160024613322e-01
1.854368528869025283e+02 2.548369366949884141e-01
1.855334698395046473e+02 2.547964619807879805e-01
1.856301368617973253e+02 2.547559918593111372e-01
1.857268539797280766e+02 2.547155263300093231e-01
1.858236212192579728e+02 2.546750653923338659e-01
1.859204386063613867e+02 2.546346090457363709e-01
1.860173061670259358e+02 2.545941572896687211e-01
1.861142239272537040e+02 2.545537101235823552e-01
1.862111919130592241e+02 2.545132675469294892e-01
1.863082101504708135e+02 2.544728295591621170e-01
1.864052786655302612e+02 2.544323961597324546e-01
1.865023974842929988e+02 2.543919673480928845e-01
1.865995666328277878e+02 2.543515431236957891e-01
1.866967861372169466e+02 2.543111234859938286e-01
1.867940560235563794e+02 2.542707084344396629e-01
1.868913763179554337e+02 2.542302979684861741e-01
1.869887470465366448e+02 2.541898920875864110e-01
1.870861682354372419e+02 2.541494907911932555e-01
1.871836399108068179e+02 2.541090940787600339e-01
1.872811620988089203e+02 2.540687019497401278e-01
1.873787348256206542e+02 2.540283144035869745e-01
1.874763581174326816e+02 2.539879314397542331e-01
1.875740320004492503e+02 2.539475530576955631e-01
1.876717565008881650e+02 2.539071792568649566e-01
1.877695316449808445e+02 2.538668100367162395e-01
1.878673574589723216e+02 2.538264453967036260e-01
1.879652339691207885e+02 2.537860853362815527e-01
1.880631612016991880e+02 2.537457298549039564e-01
1.881611391829929971e+02 2.537053789520256064e-01
1.882591679393016761e+02 2.536650326271010503e-01
1.883572474969382711e+02 2.536246908795851129e-01
1.884553778822294987e+02 2.535843537089326194e-01
1.885535591215157751e+02 2.535440211145986167e-01
1.886517912411510167e+02 2.535036930960382073e-01
1.887500742675029528e+02 2.534633696527066604e-01
1.888484082269528699e+02 2.534230507840594115e-01
1.889467931458954126e+02 2.533827364895520629e-01
1.890452290507400051e+02 2.533424267686400499e-01
1.891437159679086335e+02 2.533021216207791970e-01
1.892422539238373815e+02 2.532618210454254948e-01
1.893408429449759751e+02 2.532215250420348784e-01
1.894394830577878679e+02 2.531812336100636163e-01
1.895381742887502980e+02 2.531409467489679210e-01
1.896369166643541178e+02 2.531006644582042275e-01
1.897357102111039353e+02 2.530603867372290816e-01
1.898345549555181719e+02 2.530201135854991401e-01
1.899334509241284934e+02 2.529798450024713929e-01
1.900323981434815437e+02 2.529395809876023304e-01
1.901313966401365860e+02 2.528993215403493311e-01
1.902304464406669524e+02 2.528590666601694403e-01
1.903295475716598162e+02 2.528188163465200367e-01
1.904287000597160500e+02 2.527785705988585541e-01
1.905279039314504246e+02 2.527383294166424821e-01
1.906271592134914385e+02 2.526980927993295878e-01
1.907264659324813749e+02 2.526578607463776383e-01
1.908258241150763865e+02 2.526176332572446226e-01
1.909252337879459276e+02 2.525774103313887520e-01
1.910246949777745726e+02 2.525371919682679045e-01
1.911242077112595155e+02 2.524969781673405689e-01
1.912237720151121323e+02 2.524567689280651783e-01
1.913233879160576691e+02 2.524165642499003326e-01
1.914230554408352987e+02 2.523763641323047979e-01
1.915227746161979212e+02 2.523361685747373406e-01
1.916225454689123353e+02 2.522959775766569490e-01
1.917223680257593230e+02 2.522557911375227224e-01
1.918222423135333372e+02 2.522156092567939267e-01
1.919221683590425300e+02 2.521754319339299943e-01
1.920221461891100319e+02 2.521352591683901356e-01
1.921221758305716492e+02 2.520950909596340606e-01
1.922222573102775982e+02 2.520549273071215901e-01
1.923223906550919082e+02 2.520147682103124342e-01
1.924225758918926203e+02 2.519746136686668025e-01
1.925228130475716171e+02 2.519344636816446270e-01
1.926231021490347644e+02 2.518943182487062282e-01
1.927234432232018833e+02 2.518541773693119823e-01
1.928238362970067215e+02 2.518140410429223763e-01
1.929242813973965838e+02 2.517739092689981750e-01
1.930247785513339238e+02 2.517337820469998655e-01
1.931253277857940702e+02 2.516936593763884344e-01
1.932259291277665625e+02 2.516535412566249796e-01
1.933265826042550373e+02 2.516134276871705433e-01
1.934272882422771147e+02 2.515733186674864452e-01
1.935280460688644553e+02 2.515332141970340607e-01
1.936288561110625892e+02 2.514931142752749316e-01
1.937297183959312008e+02 2.514530189016707107e-01
1.938306329505439578e+02 2.514129280756831619e-01
1.939315998019881135e+02 2.513728417967743267e-01
1.940326189773662122e+02 2.513327600644059689e-01
1.941336905037936162e+02 2.512926828780404076e-01
1.942348144084001831e+02 2.512526102371399062e-01
1.943359907183297821e+02 2.512125421411668946e-01
1.944372194607403230e+02 2.511724785895839140e-01
1.945385006628038411e+02 2.511324195818536720e-01
1.946398343517064689e+02 2.510923651174389315e-01
1.947412205546484074e+02 2.510523151958026222e-01
1.948426592988439268e+02 2.510122698164077848e-01
1.949441506115209961e+02 2.509722289787178484e-01
1.950456945199229324e+02 2.509321926821957427e-01
1.951472910513059844e+02 2.508921609263050634e-01
1.952489402329408961e+02 2.508521337105094617e-01
1.953506420921124800e+02 2.508121110342725335e-01
1.954523966561198165e+02 2.507720928970581520e-01
1.955542039522761115e+02 2.507320792983302460e-01
1.956560640079085829e+02 2.506920702375529109e-01
1.957579768503587729e+02 2.506520657141904085e-01
1.958599425069822928e+02 2.506120657277070007e-01
1.959619610051486234e+02 2.505720702775673936e-01
1.960640323722425649e+02 2.505320793632357379e-01
1.961661566356618778e+02 2.504920929841770727e-01
1.962683338228189882e+02 2.504521111398561040e-01
1.963705639611405331e+02 2.504121338297379262e-01
1.964728470780672751e+02 2.503721610532875230e-01
1.965751832010542728e+02 2.503321928099702665e-01
1.966775723575708241e+02 2.502922290992514176e-01
1.967800145751004379e+02 2.502522699205965151e-01
1.968825098811408338e+02 2.502123152734711531e-01
1.969850583032036013e+02 2.501723651573413143e-01
1.970876598688157912e+02 2.501324195716724264e-01
1.971903146055175284e+02 2.500924785159307495e-01
1.972930225408636602e+02 2.500525419895823775e-01
1.973957837024231878e+02 2.500126099920935707e-01
1.974985981177794940e+02 2.499726825229306726e-01
1.976014658145302576e+02 2.499327595815603043e-01
1.977043868202873682e+02 2.498928411674490591e-01
1.978073611626771537e+02 2.498529272800636691e-01
1.979103888693401530e+02 2.498130179188711164e-01
1.980134699679308881e+02 2.497731130833385216e-01
1.981166044861194280e+02 2.497332127729327278e-01
1.982197924515888872e+02 2.496933169871212166e-01
1.983230338920372162e+02 2.496534257253713585e-01
1.984263288351766903e+02 2.496135389871507460e-01
1.985296773087339943e+02 2.495736567719269716e-01
1.986330793404500525e+02 2.495337790791679056e-01
1.987365349580802842e+02 2.494939059083414457e-01
1.988400441893944333e+02 2.494540372589156840e-01
1.989436070621767101e+02 2.494141731303586851e-01
1.990472236042252234e+02 2.493743135221390683e-01
1.991508938433537423e+02 2.493344584337248426e-01
1.992546178073892520e+02 2.492946078645847940e-01
1.993583955241735453e+02 2.492547618141876253e-01
1.994622270215628532e+02 2.492149202820020948e-01
1.995661123274278168e+02 2.491750832674971827e-01
1.996700514696535436e+02 2.491352507701420083e-01
1.997740444761396077e+02 2.490954227894057460e-01
1.998780913747999932e+02 2.490555993247577649e-01
1.999821921935632076e+02 2.490157803756674615e-01
2.000863469603717704e+02 2.489759659416046489e-01
2.001905557031839464e+02 2.489361560220386960e-01
2.002948184499712454e+02 2.488963506164396655e-01
2.003991352287200982e+02 2.488565497242774538e-01
2.005035060674314025e+02 2.488167533450222346e-01
2.006079309941205793e+02 2.487769614781442096e-01
2.007124100368176016e+02 2.487371741231137745e-01
2.008169432235669660e+02 2.486973912794013530e-01
2.009215305824276356e+02 2.486576129464776463e-01
2.010261721414731824e+02 2.486178391238133278e-01
2.011308679287912469e+02 2.485780698108795150e-01
2.012356179724853860e+02 2.485383050071468258e-01
2.013404223006724010e+02 2.484985447120865720e-01
2.014452809414840146e+02 2.484587889251700377e-01
2.015501939230666721e+02 2.484190376458685900e-01
2.016551612735812284e+02 2.483792908736537353e-01
2.017601830212033178e+02 2.483395486079971459e-01
2.018652591941230412e+02 2.482998108483705779e-01
2.019703898205452219e+02 2.482600775942459537e-01
2.020755749286891501e+02 2.482203488450953066e-01
2.021808145467884685e+02 2.481806246003909477e-01
2.022861087030926228e+02 2.481409048596048272e-01
2.023914574258644450e+02 2.481011896222095614e-01
2.024968607433818875e+02 2.480614788876776555e-01
2.026023186839374830e+02 2.480217726554818092e-01
2.027078312758385152e+02 2.479820709250948052e-01
2.028133985474068766e+02 2.479423736959895930e-01
2.029190205269790965e+02 2.479026809676392606e-01
2.030246972429064840e+02 2.478629927395169241e-01
2.031304287235549850e+02 2.478233090110959491e-01
2.032362149973048417e+02 2.477836297818499511e-01
2.033420560925522693e+02 2.477439550512521294e-01
2.034479520377069264e+02 2.477042848187763768e-01
2.035539028611935635e+02 2.476646190838965589e-01
2.036599085914517673e+02 2.476249578460865963e-01
2.037659692569357901e+02 2.475853011048205765e-01
2.038720848861146919e+02 2.475456488595726978e-01
2.039782555074721699e+02 2.475060011098173529e-01
2.040844811495068427e+02 2.474663578550289900e-01
2.041907618407319376e+02 2.474267190946822237e-01
2.042970976096751485e+02 2.473870848282519186e-01
2.044034884848801426e+02 2.473474550552126339e-01
2.045099344949042006e+02 2.473078297750395116e-01
2.046164356683197809e+02 2.472682089872076661e-01
2.047229920337140925e+02 2.472285926911923226e-01
2.048296036196892373e+02 2.471889808864689009e-01
2.049362704548620968e+02 2.471493735725128760e-01
2.050429925678644167e+02 2.471097707487998896e-01
2.051497699873427791e+02 2.470701724148056666e-01
2.052566027419585453e+02 2.470305785700061540e-01
2.053634908603875999e+02 2.469909892138774377e-01
2.054704343713218861e+02 2.469514043458954367e-01
2.055774333034670178e+02 2.469118239655365421e-01
2.056844876855437860e+02 2.468722480722771728e-01
2.057915975462880169e+02 2.468326766655938032e-01
2.058987629144503444e+02 2.467931097449631572e-01
2.060059838187962669e+02 2.467535473098620147e-01
2.061132602881062610e+02 2.467139893597672662e-01
2.062205923511757248e+02 2.466744358941559689e-01
2.063279800368148926e+02 2.466348869125052912e-01
2.064354233738485789e+02 2.465953424142927342e-01
2.065429223911178269e+02 2.465558023989953551e-01
2.066504771174772657e+02 2.465162668660909051e-01
2.067580875817970139e+02 2.464767358150570520e-01
2.068657538129619979e+02 2.464372092453716578e-01
2.069734758398722647e+02 2.463976871565126403e-01
2.070812536914428108e+02 2.463581695479580558e-01
2.071890873966034974e+02 2.463186564191861549e-01
2.072969769842993344e+02 2.462791477696751885e-01
2.074049224834902247e+02 2.462396435989037125e-01
2.075129239231507086e+02 2.462001439063504216e-01
2.076209813322716116e+02 2.461606486914937331e-01
2.077290947398574588e+02 2.461211579538126470e-01
2.078372641749283218e+02 2.460816716927861636e-01
2.079454896665192223e+02 2.460421899078933383e-01
2.080537712436802735e+02 2.460027125986134489e-01
2.081621089354766241e+02 2.459632397644258561e-01
2.082705027709885144e+02 2.459237714048100598e-01
2.083789527793112484e+02 2.458843075192456151e-01
2.084874589895551651e+02 2.458448481072123271e-01
2.085960214308453260e+02 2.458053931681902504e-01
2.087046401323230498e+02 2.457659427016590237e-01
2.088133151231436671e+02 2.457264967070989792e-01
2.089220464324779130e+02 2.456870551839903660e-01
2.090308340895116430e+02 2.456476181318135721e-01
2.091396781234458331e+02 2.456081855500491240e-01
2.092485785634966931e+02 2.455687574381776872e-01
2.093575354388954395e+02 2.455293337956800381e-01
2.094665487788885230e+02 2.454899146220370643e-01
2.095756186127374860e+02 2.454504999167298473e-01
2.096847449697186789e+02 2.454110896792396634e-01
2.097939278791249080e+02 2.453716839090475110e-01
2.099031673702627643e+02 2.453322826056349992e-01
2.100124634724545842e+02 2.452928857684836539e-01
2.101218162150378816e+02 2.452534933970751396e-01
2.102312256273652338e+02 2.452141054908912876e-01
2.103406917388046224e+02 2.451747220494140400e-01
2.104502145787391214e+02 2.451353430721254500e-01
2.105597941765670953e+02 2.450959685585077652e-01
2.106694305617021712e+02 2.450565985080432607e-01
2.107791237635726134e+02 2.450172329202145727e-01
2.108888738116234265e+02 2.449778717945039763e-01
2.109986807353135418e+02 2.449385151303943020e-01
2.111085445641174942e+02 2.448991629273684634e-01
2.112184653275251662e+02 2.448598151849093740e-01
2.113284430550417596e+02 2.448204719025001697e-01
2.114384777761876819e+02 2.447811330796240414e-01
2.115485695204986598e+02 2.447417987157644026e-01
2.116587183175257678e+02 2.447024688104046941e-01
2.117689241968353429e+02 2.446631433630285513e-01
2.118791871880086148e+02 2.446238223731198869e-01
2.119895073206435541e+02 2.445845058401622529e-01
2.120998846243520290e+02 2.445451937636398121e-01
2.122103191287617392e+02 2.445058861430366715e-01
2.123208108635157032e+02 2.444665829778371324e-01
2.124313598582723728e+02 2.444272842675255797e-01
2.125419661427055473e+02 2.443879900115865367e-01
2.126526297465043456e+02 2.443487002095046379e-01
2.127633506993733761e+02 2.443094148607646288e-01
2.128741290310324814e+02 2.442701339648514769e-01
2.129849647712166529e+02 2.442308575212503441e-01
2.130958579496775087e+02 2.441915855294460869e-01
2.132068085961807640e+02 2.441523179889241724e-01
2.133178167405080217e+02 2.441130548991700122e-01
2.134288824124563178e+02 2.440737962596691568e-01
2.135400056418380927e+02 2.440345420699073231e-01
2.136511864584813054e+02 2.439952923293702558e-01
2.137624248922293191e+02 2.439560470375439494e-01
2.138737209729410154e+02 2.439168061939144261e-01
2.139850747304905951e+02 2.438775697979679580e-01
2.140964861947675502e+02 2.438383378491909836e-01
2.142079553956780273e+02 2.437991103470696641e-01
2.143194823631423276e+02 2.437598872910906878e-01
2.144310671270967532e+02 2.437206686807408262e-01
2.145427097174931248e+02 2.436814545155069345e-01
2.146544101642987528e+02 2.436422447948759507e-01
2.147661684974965794e+02 2.436030395183349795e-01
2.148779847470848949e+02 2.435638386853712645e-01
2.149898589430776781e+02 2.435246422954721879e-01
2.151017911155044544e+02 2.434854503481252153e-01
2.152137812944098414e+02 2.434462628428181175e-01
2.153258295098552821e+02 2.434070797790383323e-01
2.154379357919166296e+02 2.433679011562739081e-01
2.155501001706856528e+02 2.433287269740128655e-01
2.156623226762696959e+02 2.432895572317433086e-01
2.157746033387917919e+02 2.432503919289535355e-01
2.158869421883905488e+02 2.432112310651319276e-01
2.159993392552202067e+02 2.431720746397670052e-01
2.161117945694505522e+02 2.431329226523473996e-01
2.162243081612670892e+02 2.430937751023619642e-01
2.163368800608704987e+02 2.430546319892996909e-01
2.164495102984784580e+02 2.430154933126493777e-01
2.165621989043229689e+02 2.429763590719002941e-01
2.166749459086521199e+02 2.429372292665417654e-01
2.167877513417296598e+02 2.428981038960632277e-01
2.169006152338351399e+02 2.428589829599542005e-01
2.170135376152636013e+02 2.428198664577044252e-01
2.171265185163259446e+02 2.427807543888037267e-01
2.172395579673487873e+02 2.427416467527420130e-01
2.173526559986743223e+02 2.427025435490093863e-01
2.174658126406601468e+02 2.426634447770961711e-01
2.175790279236808544e+02 2.426243504364924142e-01
2.176923018781255621e+02 2.425852605266887452e-01
2.178056345343994167e+02 2.425461750471757660e-01
2.179190259229233959e+02 2.425070939974441897e-01
2.180324760741342232e+02 2.424680173769848679e-01
2.181459850184845095e+02 2.424289451852887911e-01
2.182595527864424980e+02 2.423898774218470331e-01
2.183731794084922626e+02 2.423508140861508897e-01
2.184868649151337081e+02 2.423117551776917122e-01
2.186006093368820871e+02 2.422727006959611296e-01
2.187144127042698187e+02 2.422336506404504652e-01
2.188282750478437606e+02 2.421946050106516812e-01
2.189421963981670558e+02 2.421555638060566285e-01
2.190561767858187068e+02 2.421165270261573244e-01
2.191702162413936321e+02 2.420774946704459252e-01
2.192843147955024392e+02 2.420384667384146982e-01
2.193984724787717369e+02 2.419994432295560771e-01
2.195126893218439648e+02 2.419604241433625791e-01
2.196269653553774219e+02 2.419214094793268599e-01
2.197413006100458404e+02 2.418823992369418807e-01
2.198556951165402609e+02 2.418433934157002696e-01
2.199701489055662194e+02 2.418043920150952097e-01
2.200846620078456795e+02 2.417653950346198843e-01
2.201992344541164073e+02 2.417264024737676154e-01
2.203138662751321704e+02 2.416874143320318635e-01
2.204285575016627092e+02 2.416484306089062006e-01
2.205433081644936806e+02 2.416094513038842817e-01
2.206581182944266857e+02 2.415704764164599838e-01
2.207729879222792988e+02 2.415315059461272396e-01
2.208879170788845556e+02 2.414925398923803146e-01
2.210029057950929712e+02 2.414535782547130860e-01
2.211179541017694703e+02 2.414146210326201525e-01
2.212330620297956330e+02 2.413756682255958907e-01
2.213482296100689553e+02 2.413367198331349273e-01
2.214634568735029063e+02 2.412977758547320273e-01
2.215787438510270988e+02 2.412588362898820671e-01
2.216940905735870331e+02 2.412199011380800340e-01
2.218094970721443246e+02 2.411809703988209985e-01
2.219249633776766473e+02 2.411420440716003089e-01
2.220404895211771930e+02 2.411031221559134519e-01
2.221560755336566615e+02 2.410642046512556369e-01
2.222717214461404751e+02 2.410252915571226839e-01
2.223874272896704554e+02 2.409863828730103574e-01
2.225031930953046242e+02 2.409474785984145329e-01
2.226190188941171471e+02 2.409085787328313077e-01
2.227349047171981056e+02 2.408696832757567796e-01
2.228508505956538670e+02 2.408307922266873236e-01
2.229668565606068569e+02 2.407919055851192591e-01
2.230829226431956158e+02 2.407530233505492390e-01
2.231990488745744017e+02 2.407141455224740545e-01
2.233152352859149516e+02 2.406752721003901918e-01
2.234314819084037822e+02 2.406364030837947754e-01
2.235477887732440934e+02 2.405975384721849020e-01
2.236641559116552003e+02 2.405586782650577238e-01
2.237805833548725332e+02 2.405198224619105873e-01
2.238970711341478648e+02 2.404809710622409780e-01
2.240136192807489977e+02 2.404421240655464642e-01
2.241302278259601337e+02 2.404032814713247257e-01
2.242468968010814478e+02 2.403644432790737195e-01
2.243636262374291164e+02 2.403256094882914862e-01
2.244804161663367665e+02 2.402867800984758717e-01
2.245972666191528901e+02 2.402479551091253052e-01
2.247141776272427478e+02 2.402091345197380490e-01
2.248311492219878573e+02 2.401703183298126987e-01
2.249481814347859370e+02 2.401315065388478220e-01
2.250652742970509905e+02 2.400926991463422366e-01
2.251824278402133928e+02 2.400538961517947878e-01
2.252996420957196619e+02 2.400150975547044874e-01
2.254169170950326873e+02 2.399763033545705415e-01
2.255342528696312456e+02 2.399375135508923507e-01
2.256516494510117639e+02 2.398987281431689822e-01
2.257691068706855333e+02 2.398599471309001974e-01
2.258866251601808415e+02 2.398211705135855909e-01
2.260042043510420342e+02 2.397823982907250073e-01
2.261218444748300840e+02 2.397436304618183744e-01
2.262395455631221353e+02 2.397048670263657311e-01
2.263573076475117318e+02 2.396661079838672825e-01
2.264751307596088452e+02 2.396273533338233175e-01
2.265930149310397610e+02 2.395886030757343188e-01
2.267109601934467378e+02 2.395498572091009915e-01
2.268289665784898261e+02 2.395111157334237351e-01
2.269470341178440549e+02 2.394723786482035599e-01
2.270651628432013638e+02 2.394336459529414485e-01
2.271833527862700919e+02 2.393949176471384388e-01
2.273016039787750344e+02 2.393561937302958187e-01
2.274199164524573860e+02 2.393174742019149037e-01
2.275382902390748825e+02 2.392787590614972038e-01
2.276567253704015741e+02 2.392400483085443119e-01
2.277752218782281091e+02 2.392013419425580156e-01
2.278937797943611088e+02 2.391626399630403244e-01
2.280123991506249581e+02 2.391239423694929145e-01
2.281310799788593897e+02 2.390852491614181008e-01
2.282498223109208482e+02 2.390465603383181703e-01
2.283686261786824048e+02 2.390078758996954933e-01
2.284874916140336722e+02 2.389691958450525511e-01
2.286064186488806911e+02 2.389305201738921025e-01
2.287254073151461569e+02 2.388918488857168787e-01
2.288444576447692214e+02 2.388531819800297773e-01
2.289635696697055778e+02 2.388145194563338902e-01
2.290827434219270913e+02 2.387758613141325315e-01
2.292019789334235611e+02 2.387372075529286819e-01
2.293212762361999353e+02 2.386985581722259331e-01
2.294406353622782433e+02 2.386599131715278765e-01
2.295600563436971697e+02 2.386212725503382148e-01
2.296795392125117701e+02 2.385826363081607338e-01
2.297990840007940392e+02 2.385440044444994412e-01
2.299186907406323428e+02 2.385053769588584005e-01
2.300383594641317870e+02 2.384667538507418139e-01
2.301580902034141332e+02 2.384281351196540222e-01
2.302778829906171723e+02 2.383895207650996995e-01
2.303977378578969706e+02 2.383509107865831311e-01
2.305176548374247147e+02 2.383123051836091855e-01
2.306376339613887581e+02 2.382737039556827585e-01
2.307576752619941374e+02 2.382351071023088573e-01
2.308777787714625163e+02 2.381965146229925723e-01
2.309979445220324692e+02 2.381579265172391602e-01
2.311181725459589700e+02 2.381193427845540722e-01
2.312384628755139886e+02 2.380807634244427595e-01
2.313588155429860365e+02 2.380421884364109231e-01
2.314792305806799391e+02 2.380036178199644581e-01
2.315997080209187402e+02 2.379650515746089823e-01
2.317202478960407177e+02 2.379264896998506684e-01
2.318408502384014582e+02 2.378879321951957448e-01
2.319615150803732888e+02 2.378493790601504398e-01
2.320822424543452769e+02 2.378108302942212315e-01
2.322030323927233439e+02 2.377722858969146535e-01
2.323238849279301235e+02 2.377337458677374338e-01
2.324448000924051314e+02 2.376952102061963279e-01
2.325657779186046810e+02 2.376566789117983414e-01
2.326868184390013425e+02 2.376181519840507017e-01
2.328079216860860754e+02 2.375796294224603034e-01
2.329290876923651297e+02 2.375411112265346514e-01
2.330503164903621780e+02 2.375025973957811953e-01
2.331716081126176618e+02 2.374640879297075791e-01
2.332929625916889620e+02 2.374255828278215019e-01
2.334143799601502565e+02 2.373870820896308298e-01
2.335358602505926342e+02 2.373485857146435674e-01
2.336574034956240666e+02 2.373100937023678580e-01
2.337790097278695214e+02 2.372716060523119008e-01
2.339006789799702233e+02 2.372331227639842555e-01
2.340224112845858997e+02 2.371946438368931487e-01
2.341442066743916541e+02 2.371561692705473900e-01
2.342660651820800695e+02 2.371176990644557059e-01
2.343879868403606395e+02 2.370792332181270723e-01
2.345099716819598257e+02 2.370407717310704376e-01
2.346320197396211142e+02 2.370023146027950278e-01
2.347541310461047601e+02 2.369638618328101520e-01
2.348763056341882418e+02 2.369254134206251750e-01
2.349985435366658635e+02 2.368869693657497111e-01
2.351208447863484707e+02 2.368485296676935692e-01
2.352432094160653833e+02 2.368100943259662805e-01
2.353656374586615243e+02 2.367716633400779314e-01
2.354881289469992112e+02 2.367332367095386358e-01
2.356106839139578710e+02 2.366948144338585636e-01
2.357333023924340125e+02 2.366563965125480784e-01
2.358559844153410836e+02 2.366179829451175998e-01
2.359787300156096705e+02 2.365795737310778246e-01
2.361015392261873274e+02 2.365411688699393944e-01
2.362244120800388316e+02 2.365027683612132003e-01
2.363473486101454171e+02 2.364643722044104113e-01
2.364703488495069905e+02 2.364259803990418074e-01
2.365934128311389770e+02 2.363875929446188351e-01
2.367165405880745084e+02 2.363492098406528297e-01
2.368397321533637410e+02 2.363108310866553208e-01
2.369629875600740547e+02 2.362724566821379768e-01
2.370863068412898542e+02 2.362340866266125772e-01
2.372096900301127960e+02 2.361957209195909846e-01
2.373331371596616179e+02 2.361573595605852838e-01
2.374566482630722533e+02 2.361190025491076150e-01
2.375802233734973470e+02 2.360806498846704238e-01
2.377038625241081036e+02 2.360423015667858504e-01
2.378275657480915299e+02 2.360039575949665624e-01
2.379513330786523113e+02 2.359656179687252830e-01
2.380751645490122996e+02 2.359272826875748463e-01
2.381990601924105704e+02 2.358889517510281975e-01
2.383230200421034795e+02 2.358506251585983926e-01
2.384470441313645779e+02 2.358123029097986267e-01
2.385711324934846687e+02 2.357739850041422891e-01
2.386952851617717783e+02 2.357356714411428245e-01
2.388195021695507307e+02 2.356973622203140106e-01
2.389437835501651080e+02 2.356590573411692369e-01
2.390681293369741809e+02 2.356207568032225586e-01
2.391925395633552398e+02 2.355824606059879478e-01
2.393170142627026848e+02 2.355441687489795155e-01
2.394415534684281965e+02 2.355058812317115391e-01
2.395661572139609348e+02 2.354675980536984070e-01
2.396908255327472261e+02 2.354293192144546465e-01
2.398155584582507629e+02 2.353910447134948958e-01
2.399403560239526882e+02 2.353527745503339041e-01
2.400652182633508858e+02 2.353145087244867817e-01
2.401901452099621395e+02 2.352762472354681944e-01
2.403151368973190927e+02 2.352379900827935022e-01
2.404401933589722091e+02 2.351997372659780650e-01
2.405653146284894603e+02 2.351614887845372148e-01
2.406905007394561267e+02 2.351232446379865892e-01
2.408157517254749393e+02 2.350850048258418534e-01
2.409410676201659669e+02 2.350467693476188114e-01
2.410664484571667856e+02 2.350085382028334613e-01
2.411918942701324227e+02 2.349703113910018570e-01
2.413174050927347309e+02 2.349320889116403299e-01
2.414429809586646059e+02 2.348938707642649892e-01
2.415686219016288590e+02 2.348556569483924439e-01
2.416943279553523212e+02 2.348174474635392750e-01
2.418200991535772459e+02 2.347792423092222580e-01
2.419459355300633376e+02 2.347410414849582516e-01
2.420718371185879505e+02 2.347028449902642255e-01
2.421978039529457192e+02 2.346646528246573715e-01
2.423238360669490703e+02 2.346264649876548813e-01
2.424499334944276541e+02 2.345882814787741966e-01
2.425760962692284011e+02 2.345501022975329808e-01
2.427023244252170855e+02 2.345119274434485923e-01
2.428286179962757672e+02 2.344737569160389445e-01
2.429549770163042126e+02 2.344355907148219786e-01
2.430814015192201509e+02 2.343974288393157190e-01
2.432078915389586484e+02 2.343592712890383289e-01
2.433344471094723076e+02 2.343211180635081659e-01
2.434610682647315798e+02 2.342829691622436428e-01
2.435877550387243105e+02 2.342448245847633392e-01
2.437145074654559949e+02 2.342066843305859181e-01
2.438413255789493235e+02 2.341685483992304029e-01
2.439682094132460008e+02 2.341304167902154287e-01
2.440951590024040740e+02 2.340922895030602413e-01
2.442221743804994389e+02 2.340541665372840863e-01
2.443492555816258971e+02 2.340160478924063481e-01
2.444764026398948715e+02 2.339779335679464389e-01
2.446036155894354351e+02 2.339398235634239931e-01
2.447308944643942823e+02 2.339017178783587836e-01
2.448582392989358993e+02 2.338636165122706667e-01
2.449856501272424509e+02 2.338255194646796931e-01
2.451131269835132684e+02 2.337874267351061075e-01
2.452406699019670100e+02 2.337493383230699051e-01
2.453682789168384488e+02 2.337112542280916638e-01
2.454959540623806902e+02 2.336731744496918506e-01
2.456236953728646029e+02 2.336350989873911543e-01
2.457515028825786203e+02 2.335970278407103751e-01
2.458793766258292237e+02 2.335589610091704516e-01
2.460073166369404589e+02 2.335208984922924336e-01
2.461353229502543059e+02 2.334828402895975097e-01
2.462633956001304227e+02 2.334447864006069795e-01
2.463915346209459187e+02 2.334067368248424756e-01
2.465197400470970308e+02 2.333686915618252422e-01
2.466480119129964521e+02 2.333306506110771894e-01
2.467763502530751509e+02 2.332926139721201442e-01
2.469047551017820012e+02 2.332545816444760445e-01
2.470332264935837259e+02 2.332165536276670226e-01
2.471617644629647828e+02 2.331785299212153217e-01
2.472903690444276776e+02 2.331405105246432685e-01
2.474190402724926798e+02 2.331024954374734115e-01
2.475477781816979359e+02 2.330644846592283548e-01
2.476765828065991286e+02 2.330264781894310078e-01
2.478054541817710970e+02 2.329884760276040023e-01
2.479343923418054487e+02 2.329504781732704699e-01
2.480633973213119248e+02 2.329124846259535420e-01
2.481924691549182853e+02 2.328744953851765442e-01
2.483216078772703099e+02 2.328365104504629135e-01
2.484508135230316839e+02 2.327985298213361143e-01
2.485800861268839128e+02 2.327605534973198886e-01
2.487094257235267776e+02 2.327225814779380342e-01
2.488388323476778226e+02 2.326846137627144595e-01
2.489683060340720431e+02 2.326466503511734618e-01
2.490978468174641307e+02 2.326086912428388664e-01
2.492274547326251479e+02 2.325707364372351926e-01
2.493571298143447166e+02 2.325327859338868763e-01
2.494868720974305631e+02 2.324948397323185478e-01
2.496166816167081777e+02 2.324568978320549206e-01
2.497465584070214959e+02 2.324189602326208470e-01
2.498765025032321603e+02 2.323810269335413459e-01
2.500065139402201453e+02 2.323430979343414637e-01
2.501365927528833026e+02 2.323051732345465248e-01
2.502667389761371624e+02 2.322672528336820474e-01
2.503969526449168654e+02 2.322293367312732171e-01
2.505272337941741227e+02 2.321914249268458297e-01
2.506575824588792614e+02 2.321535174199257090e-01
2.507879986740207130e+02 2.321156142100387343e-01
2.509184824746050992e+02 2.320777152967109513e-01
2.510490338956571179e+02 2.320398206794684892e-01
2.511796529722195714e+02 2.320019303578377268e-01
2.513103397393536227e+02 2.319640443313449873e-01
2.514410942321384539e+02 2.319261625995169551e-01
2.515719164856708687e+02 2.318882851618803975e-01
2.517028065350674808e+02 2.318504120179618599e-01
2.518337644154616441e+02 2.318125431672884429e-01
2.519647901620052153e+02 2.317746786093872469e-01
2.520958838098684680e+02 2.317368183437854834e-01
2.522270453942398092e+02 2.316989623700105028e-01
2.523582749503258640e+02 2.316611106875897941e-01
2.524895725133515612e+02 2.316232632960509852e-01
2.526209381185600193e+02 2.315854201949218150e-01
2.527523718012127460e+02 2.315475813837301333e-01
2.528838735965888418e+02 2.315097468620041232e-01
2.530154435399873591e+02 2.314719166292716068e-01
2.531470816667239774e+02 2.314340906850610169e-01
2.532787880121333899e+02 2.313962690289007584e-01
2.534105626115683378e+02 2.313584516603193475e-01
2.535424055004001502e+02 2.313206385788454666e-01
2.536743167140182891e+02 2.312828297840078817e-01
2.538062962878307189e+02 2.312450252753355529e-01
2.539383442572635090e+02 2.312072250523575512e-01
2.540704606577613731e+02 2.311694291146030034e-01
2.542026455247867034e+02 2.311316374616014524e-01
2.543348988938219009e+02 2.310938500928819972e-01
2.544672208003660501e+02 2.310560670079744028e-01
2.545996112799373634e+02 2.310182882064083787e-01
2.547320703680723284e+02 2.309805136877137732e-01
2.548645981003258782e+02 2.309427434514205735e-01
2.549971945122714203e+02 2.309049774970588498e-01
2.551298596395006939e+02 2.308672158241588668e-01
2.552625935176239977e+02 2.308294584322510279e-01
2.553953961822699625e+02 2.307917053208657920e-01
2.555282676690852668e+02 2.307539564895339512e-01
2.556612080137365410e+02 2.307162119377859921e-01
2.557942172519074120e+02 2.306784716651529843e-01
2.559272954193005489e+02 2.306407356711658863e-01
2.560604425516369247e+02 2.306030039553559063e-01
2.561936586846563273e+02 2.305652765172543639e-01
2.563269438541167347e+02 2.305275533563926060e-01
2.564602980957949399e+02 2.304898344723022574e-01
2.565937214454860964e+02 2.304521198645149982e-01
2.567272139390040024e+02 2.304144095325626196e-01
2.568607756121804186e+02 2.303767034759772181e-01
2.569944065008672851e+02 2.303390016942906127e-01
2.571281066409336518e+02 2.303013041870351219e-01
2.572618760682674974e+02 2.302636109537430920e-01
2.573957148187754456e+02 2.302259219939470358e-01
2.575296229283828211e+02 2.301882373071795773e-01
2.576636004330335368e+02 2.301505568929733958e-01
2.577976473686900363e+02 2.301128807508613927e-01
2.579317637713335216e+02 2.300752088803765805e-01
2.580659496769637258e+02 2.300375412810521103e-01
2.582002051215986285e+02 2.299998779524213000e-01
2.583345301412763888e+02 2.299622188940173562e-01
2.584689247720522758e+02 2.299245641053739297e-01
2.586033890500007715e+02 2.298869135860246438e-01
2.587379230112150026e+02 2.298492673355033433e-01
2.588725266918069110e+02 2.298116253533438735e-01
2.590072001279070264e+02 2.297739876390803848e-01
2.591419433556647505e+02 2.297363541922469998e-01
2.592767564112480159e+02 2.296987250123780910e-01
2.594116393308437409e+02 2.296611000990080309e-01
2.595465921506568634e+02 2.296234794516716360e-01
2.596816149069127277e+02 2.295858630699032787e-01
2.598167076358539589e+02 2.295482509532379423e-01
2.599518703737423380e+02 2.295106431012106374e-01
2.600871031568586318e+02 2.294730395133564305e-01
2.602224060215021950e+02 2.294354401892105821e-01
2.603577790039913680e+02 2.293978451283084918e-01
2.604932221406631925e+02 2.293602543301856145e-01
2.606287354678735824e+02 2.293226677943776270e-01
2.607643190219973235e+02 2.292850855204202620e-01
2.608999728394274484e+02 2.292475075078496127e-01
2.610356969565776240e+02 2.292099337562013284e-01
2.611714914098785130e+02 2.291723642650118076e-01
2.613073562357803894e+02 2.291347990338173102e-01
2.614432914707523992e+02 2.290972380621542626e-01
2.615792971512825034e+02 2.290596813495592299e-01
2.617153733138775920e+02 2.290221288955688606e-01
2.618515199950636543e+02 2.289845806997200250e-01
2.619877372313852675e+02 2.289470367615496771e-01
2.621240250594062786e+02 2.289094970805948537e-01
2.622603835157087246e+02 2.288719616563929804e-01
2.623968126368952767e+02 2.288344304884810665e-01
2.625333124595860568e+02 2.287969035763967318e-01
2.626698830204205706e+02 2.287593809196776240e-01
2.628065243560573663e+02 2.287218625178614739e-01
2.629432365031740346e+02 2.286843483704861513e-01
2.630800194984670384e+02 2.286468384770896645e-01
2.632168733786520534e+02 2.286093328372101330e-01
2.633537981804635706e+02 2.285718314503858706e-01
2.634907939406552941e+02 2.285343343161552465e-01
2.636278606959993454e+02 2.284968414340569631e-01
2.637649984832884797e+02 2.284593528036293619e-01
2.639022073393330174e+02 2.284218684244114228e-01
2.640394873009628895e+02 2.283843882959420146e-01
2.641768384050269560e+02 2.283469124177602838e-01
2.643142606883932899e+02 2.283094407894054045e-01
2.644517541879491773e+02 2.282719734104166343e-01
2.645893189406007195e+02 2.282345102803335080e-01
2.647269549832734583e+02 2.281970513986955607e-01
2.648646623529119211e+02 2.281595967650425771e-01
2.650024410864792230e+02 2.281221463789144810e-01
2.651402912209592841e+02 2.280847002398510015e-01
2.652782127933535889e+02 2.280472583473923953e-01
2.654162058406833467e+02 2.280098207010789468e-01
2.655542703999889227e+02 2.279723873004509682e-01
2.656924065083298387e+02 2.279349581450490492e-01
2.658306142027849432e+02 2.278975332344137517e-01
2.659688935204521272e+02 2.278601125680859152e-01
2.661072444984487220e+02 2.278226961456064348e-01
2.662456671739111016e+02 2.277852839665163442e-01
2.663841615839943984e+02 2.277478760303569549e-01
2.665227277658747198e+02 2.277104723366693007e-01
2.666613657567456812e+02 2.276730728849949426e-01
2.668000755938207362e+02 2.276356776748754418e-01
2.669388573143327790e+02 2.275982867058525261e-01
2.670777109555338029e+02 2.275608999774680063e-01
2.672166365546951852e+02 2.275235174892638601e-01
2.673556341491076296e+02 2.274861392407821759e-01
2.674947037760811099e+02 2.274487652315651809e-01
2.676338454729450405e+02 2.274113954611552413e-01
2.677730592770475369e+02 2.273740299290949729e-01
2.679123452257577469e+02 2.273366686349267418e-01
2.680517033564625535e+02 2.272993115781934415e-01
2.681911337065686780e+02 2.272619587584379652e-01
2.683306363135023958e+02 2.272246101752032899e-01
2.684702112147092521e+02 2.271872658280326140e-01
2.686098584476541191e+02 2.271499257164692198e-01
2.687495780498215368e+02 2.271125898400565279e-01
2.688893700587152580e+02 2.270752581983380425e-01
2.690292345118585331e+02 2.270379307908574618e-01
2.691691714467934844e+02 2.270006076171588172e-01
2.693091809010834368e+02 2.269632886767856406e-01
2.694492629123093934e+02 2.269259739692822686e-01
2.695894175180724801e+02 2.268886634941928160e-01
2.697296447559933199e+02 2.268513572510616749e-01
2.698699446637119195e+02 2.268140552394333209e-01
2.700103172788878965e+02 2.267767574588523682e-01
2.701507626392003090e+02 2.267394639088635144e-01
2.702912807823478261e+02 2.267021745890116236e-01
2.704318717460486710e+02 2.266648894988417540e-01
2.705725355680398820e+02 2.266276086378991583e-01
2.707132722860799277e+02 2.265903320057287840e-01
2.708540819379450681e+02 2.265530596018762166e-01
2.709949645614316296e+02 2.265157914258869865e-01
2.711359201943557196e+02 2.264785274773067347e-01
2.712769488745528861e+02 2.264412677556812414e-01
2.714180506398783450e+02 2.264040122605564531e-01
2.715592255282068663e+02 2.263667609914784551e-01
2.717004735774329447e+02 2.263295139479933882e-01
2.718417948254706857e+02 2.262922711296476430e-01
2.719831893102532376e+02 2.262550325359877212e-01
2.721246570697351785e+02 2.262177981665600135e-01
2.722661981418888786e+02 2.261805680209113545e-01
2.724078125647071715e+02 2.261433420985885789e-01
2.725495003762024453e+02 2.261061203991386881e-01
2.726912616144068693e+02 2.260689029221088220e-01
2.728330963173722239e+02 2.260316896670461762e-01
2.729750045231701279e+02 2.259944806334981682e-01
2.731169862698918109e+02 2.259572758210123267e-01
2.732590415956483980e+02 2.259200752291362357e-01
2.734011705385699429e+02 2.258828788574178958e-01
2.735433731368083272e+02 2.258456867054048911e-01
2.736856494285330541e+02 2.258084987726453885e-01
2.738279994519343745e+02 2.257713150586876105e-01
2.739704232452220936e+02 2.257341355630798352e-01
2.741129208466259684e+02 2.256969602853704793e-01
2.742554922943954239e+02 2.256597892251081816e-01
2.743981376267998371e+02 2.256226223818415533e-01
2.745408568821283097e+02 2.255854597551195384e-01
2.746836500986898386e+02 2.255483013444910256e-01
2.748265173148126905e+02 2.255111471495052644e-01
2.749694585688466759e+02 2.254739971697112544e-01
2.751124738991599656e+02 2.254368514046584671e-01
2.752555633441408531e+02 2.253997098538964294e-01
2.753987269421976976e+02 2.253625725169747518e-01
2.755419647317588669e+02 2.253254393934431554e-01
2.756852767512725109e+02 2.252883104828516114e-01
2.758286630392066741e+02 2.252511857847501187e-01
2.759721236340494102e+02 2.252140652986888425e-01
2.761156585743087248e+02 2.251769490242180316e-01
2.762592678985120642e+02 2.251398369608883232e-01
2.764029516452083044e+02 2.251027291082499382e-01
2.765467098529648524e+02 2.250656254658537359e-01
2.766905425603695790e+02 2.250285260332505199e-01
2.768344498060303067e+02 2.249914308099912885e-01
2.769784316285749242e+02 2.249543397956270674e-01
2.771224880666513855e+02 2.249172529897091044e-01
2.772666191589275400e+02 2.248801703917887584e-01
2.774108249440914165e+02 2.248430920014174716e-01
2.775551054608508821e+02 2.248060178181469360e-01
2.776994607479335855e+02 2.247689478415290099e-01
2.778438908440887189e+02 2.247318820711152743e-01
2.779883957880840057e+02 2.246948205064579207e-01
2.781329756187076896e+02 2.246577631471090575e-01
2.782776303747681936e+02 2.246207099926209316e-01
2.784223600950940067e+02 2.245836610425460678e-01
2.785671648185337972e+02 2.245466162964369072e-01
2.787120445839564127e+02 2.245095757538461689e-01
2.788569994302507098e+02 2.244725394143266828e-01
2.790020293963257245e+02 2.244355072774313342e-01
2.791471345211102175e+02 2.243984793427133972e-01
2.792923148435546068e+02 2.243614556097257851e-01
2.794375704026280687e+02 2.243244360780219382e-01
2.795829012373202431e+02 2.242874207471553805e-01
2.797283073866412906e+02 2.242504096166796357e-01
2.798737888896212667e+02 2.242134026861485330e-01
2.800193457853107475e+02 2.241763999551159015e-01
2.801649781127802612e+02 2.241394014231357645e-01
2.803106859111208564e+02 2.241024070897622011e-01
2.804564692194436475e+02 2.240654169545495400e-01
2.806023280768795303e+02 2.240284310170522764e-01
2.807482625225813990e+02 2.239914492768247112e-01
2.808942725957206790e+02 2.239544717334216173e-01
2.810403583354897137e+02 2.239174983863977952e-01
2.811865197811010830e+02 2.238805292353081844e-01
2.813327569717877736e+02 2.238435642797078351e-01
2.814790699468030652e+02 2.238066035191519365e-01
2.816254587454205307e+02 2.237696469531958721e-01
2.817719234069342065e+02 2.237326945813950252e-01
2.819184639706584790e+02 2.236957464033050291e-01
2.820650804759273456e+02 2.236588024184817391e-01
2.822117729620972000e+02 2.236218626264807607e-01
2.823585414685428532e+02 2.235849270268581990e-01
2.825053860346602619e+02 2.235479956191701589e-01
2.826523066998657328e+02 2.235110684029729400e-01
2.827993035035959792e+02 2.234741453778229248e-01
2.829463764853081784e+02 2.234372265432766069e-01
2.830935256844800278e+02 2.234003118988906744e-01
2.832407511406095182e+02 2.233634014442218985e-01
2.833880528932153311e+02 2.233264951788271613e-01
2.835354309818357592e+02 2.232895931022637614e-01
2.836828854460316052e+02 2.232526952140884702e-01
2.838304163253822594e+02 2.232158015138588358e-01
2.839780236594882581e+02 2.231789120011322680e-01
2.841257074879707147e+02 2.231420266754663984e-01
2.842734678504711496e+02 2.231051455364189140e-01
2.844213047866517172e+02 2.230682685835476686e-01
2.845692183361951493e+02 2.230313958164105992e-01
2.847172085388046980e+02 2.229945272345658924e-01
2.848652754342041362e+02 2.229576628375717628e-01
2.850134190621372454e+02 2.229208026249867303e-01
2.851616394623703741e+02 2.228839465963689814e-01
2.853099366746884584e+02 2.228470947512773970e-01
2.854583107388976941e+02 2.228102470892707188e-01
2.856067616948250247e+02 2.227734036099078274e-01
2.857552895823179142e+02 2.227365643127477701e-01
2.859038944412445744e+02 2.226997291973497606e-01
2.860525763114936808e+02 2.226628982632730680e-01
2.862013352329748841e+02 2.226260715100771836e-01
2.863501712456182986e+02 2.225892489373216265e-01
2.864990843893741612e+02 2.225524305445662765e-01
2.866480747042152757e+02 2.225156163313706803e-01
2.867971422301332609e+02 2.224788062972949676e-01
2.869462870071411658e+02 2.224420004418992403e-01
2.870955090752727301e+02 2.224051987647437112e-01
2.872448084745824417e+02 2.223684012653887876e-01
2.873941852451455361e+02 2.223316079433949877e-01
2.875436394270580536e+02 2.222948187983229129e-01
2.876931710604368391e+02 2.222580338297333313e-01
2.878427801854193149e+02 2.222212530371871775e-01
2.879924668421633669e+02 2.221844764202456080e-01
2.881422310708493910e+02 2.221477039784695018e-01
2.882920729116768257e+02 2.221109357114203209e-01
2.884419924048664825e+02 2.220741716186595271e-01
2.885919895906600345e+02 2.220374116997486102e-01
2.887420645093200733e+02 2.220006559542493096e-01
2.888922172011299949e+02 2.219639043817234758e-01
2.890424477063940571e+02 2.219271569817330703e-01
2.891927560654374929e+02 2.218904137538401933e-01
2.893431423186063398e+02 2.218536746976070839e-01
2.894936065062669854e+02 2.218169398125962311e-01
2.896441486688085547e+02 2.217802090983698460e-01
2.897947688466392151e+02 2.217434825544906951e-01
2.899454670801887914e+02 2.217067601805215726e-01
2.900962434099079701e+02 2.216700419760253837e-01
2.902470978762685263e+02 2.216333279405651169e-01
2.903980305197630400e+02 2.215966180737039548e-01
2.905490413809051802e+02 2.215599123750051913e-01
2.907001305002295339e+02 2.215232108440322867e-01
2.908512979182918343e+02 2.214865134803487567e-01
2.910025436756681074e+02 2.214498202835184781e-01
2.911538678129572304e+02 2.214131312531049389e-01
2.913052703707773503e+02 2.213764463886722933e-01
2.914567513897682716e+02 2.213397656897846122e-01
2.916083109105907738e+02 2.213030891560061053e-01
2.917599489739267824e+02 2.212664167869011766e-01
2.919116656204793117e+02 2.212297485820343135e-01
2.920634608909724648e+02 2.211930845409701141e-01
2.922153348261514338e+02 2.211564246632733433e-01
2.923672874667825567e+02 2.211197689485089046e-01
2.925193188536525781e+02 2.210831173962419793e-01
2.926714290275713211e+02 2.210464700060374155e-01
2.928236180293678785e+02 2.210098267774606717e-01
2.929758858998931714e+02 2.209731877100771236e-01
2.931282326800192095e+02 2.209365528034523962e-01
2.932806584106393188e+02 2.208999220571520872e-01
2.934331631326678007e+02 2.208632954707420992e-01
2.935857468870403295e+02 2.208266730437884184e-01
2.937384097147137254e+02 2.207900547758570309e-01
2.938911516566660680e+02 2.207534406665142279e-01
2.940439727538960142e+02 2.207168307153264952e-01
2.941968730474254130e+02 2.206802249218600132e-01
2.943498525782954403e+02 2.206436232856816004e-01
2.945029113875690996e+02 2.206070258063579648e-01
2.946560495163308246e+02 2.205704324834560082e-01
2.948092670056861948e+02 2.205338433165427436e-01
2.949625638967621626e+02 2.204972583051853507e-01
2.951159402307071105e+02 2.204606774489510923e-01
2.952693960486904530e+02 2.204241007474073977e-01
2.954229313919031483e+02 2.203875282001218072e-01
2.955765463015569594e+02 2.203509598066621944e-01
2.957302408188866707e+02 2.203143955665960441e-01
2.958840149851466208e+02 2.202778354794915072e-01
2.960378688416132036e+02 2.202412795449165961e-01
2.961918024295841860e+02 2.202047277624395727e-01
2.963458157903788219e+02 2.201681801316288101e-01
2.964999089653375677e+02 2.201316366520527645e-01
2.966540819958224233e+02 2.200950973232800589e-01
2.968083349232169326e+02 2.200585621448794549e-01
2.969626677889258417e+02 2.200220311164198250e-01
2.971170806343749859e+02 2.199855042374703751e-01
2.972715735010133358e+02 2.199489815075999222e-01
2.974261464303096432e+02 2.199124629263778941e-01
2.975807994637546017e+02 2.198759484933737463e-01
2.977355326428605053e+02 2.198394382081569620e-01
2.978903460091611919e+02 2.198029320702973299e-01
2.980452396042119290e+02 2.197664300793645831e-01
2.982002134695895847e+02 2.197299322349287043e-01
2.983552676468925711e+02 2.196934385365598152e-01
2.985104021777407866e+02 2.196569489838280376e-01
2.986656171037752188e+02 2.196204635763039648e-01
2.988209124666602179e+02 2.195839823135577462e-01
2.989762883080797451e+02 2.195475051951601420e-01
2.991317446697402147e+02 2.195110322206819120e-01
2.992872815933694710e+02 2.194745633896939552e-01
2.994428991207170156e+02 2.194380987017672813e-01
2.995985972935541213e+02 2.194016381564730112e-01
2.997543761536735474e+02 2.193651817533824600e-01
2.999102357428897676e+02 2.193287294920670538e-01
3.000661761030389698e+02 2.192922813720983299e-01
3.002221972759783171e+02 2.192558373930481030e-01
3.003782993035885056e+02 2.192193975544879381e-01
3.005344822277702974e+02 2.191829618559898440e-01
3.006907460904465097e+02 2.191465302971260243e-01
3.008470909335618444e+02 2.191101028774686266e-01
3.010035167990826608e+02 2.190736795965899930e-01
3.011600237289972029e+02 2.190372604540626600e-01
3.013166117653152583e+02 2.190008454494592194e-01
3.014732809500685562e+02 2.189644345823524019e-01
3.016300313253105401e+02 2.189280278523151047e-01
3.017868629331159127e+02 2.188916252589205302e-01
3.019437758155828533e+02 2.188552268017414926e-01
3.021007700148297204e+02 2.188188324803514162e-01
3.022578455729971552e+02 2.187824422943237535e-01
3.024150025322476836e+02 2.187460562432320121e-01
3.025722409347657162e+02 2.187096743266499221e-01
3.027295608227575485e+02 2.186732965441512966e-01
3.028869622384512468e+02 2.186369228953100319e-01
3.030444452240968189e+02 2.186005533797002742e-01
3.032020098219661577e+02 2.185641879968962531e-01
3.033596560743524719e+02 2.185278267464723922e-01
3.035173840235727880e+02 2.184914696280029489e-01
3.036751937119640274e+02 2.184551166410626521e-01
3.038330851818857923e+02 2.184187677852262865e-01
3.039910584757197967e+02 2.183824230600686922e-01
3.041491136358692984e+02 2.183460824651649312e-01
3.043072507047600084e+02 2.183097460000901491e-01
3.044654697248392381e+02 2.182734136644196021e-01
3.046237707385765248e+02 2.182370854577287689e-01
3.047821537884633472e+02 2.182007613795931278e-01
3.049406189170126140e+02 2.181644414295885459e-01
3.050991661667609947e+02 2.181281256072905572e-01
3.052577955802655651e+02 2.180918139122752508e-01
3.054165072001058547e+02 2.180555063441187158e-01
3.055753010688836184e+02 2.180192029023971800e-01
3.057341772292225528e+02 2.179829035866869824e-01
3.058931357237686370e+02 2.179466083965646284e-01
3.060521765951896782e+02 2.179103173316067621e-01
3.062112998861759365e+02 2.178740303913900833e-01
3.063705056394394433e+02 2.178377475754914860e-01
3.065297938977139438e+02 2.178014688834881418e-01
3.066891647037572284e+02 2.177651943149569724e-01
3.068486181003472097e+02 2.177289238694753160e-01
3.070081541302847654e+02 2.176926575466206770e-01
3.071677728363928850e+02 2.176563953459705603e-01
3.073274742615166701e+02 2.176201372671026923e-01
3.074872584485235620e+02 2.175838833095948277e-01
3.076471254403031139e+02 2.175476334730250261e-01
3.078070752797671616e+02 2.175113877569712917e-01
3.079671080098498237e+02 2.174751461610118786e-01
3.081272236735067054e+02 2.174389086847252628e-01
3.082874223137176273e+02 2.174026753276896706e-01
3.084477039734828168e+02 2.173664460894839112e-01
3.086080686958254660e+02 2.173302209696866549e-01
3.087685165237909359e+02 2.172939999678768497e-01
3.089290475004469272e+02 2.172577830836335266e-01
3.090896616688835365e+02 2.172215703165358280e-01
3.092503590722131435e+02 2.171853616661630348e-01
3.094111397535704668e+02 2.171491571320945668e-01
3.095720037561125650e+02 2.171129567139100103e-01
3.097329511230182675e+02 2.170767604111892013e-01
3.098939818974906188e+02 2.170405682235116429e-01
3.100550961227532412e+02 2.170043801504574765e-01
3.102162938420527212e+02 2.169681961916067603e-01
3.103775750986580420e+02 2.169320163465397466e-01
3.105389399358606966e+02 2.168958406148367990e-01
3.107003883969745175e+02 2.168596689960784474e-01
3.108619205253359041e+02 2.168235014898452218e-01
3.110235363643034816e+02 2.167873380957179852e-01
3.111852359572586693e+02 2.167511788132775452e-01
3.113470193476044869e+02 2.167150236421051535e-01
3.115088865787684540e+02 2.166788725817816175e-01
3.116708376941985534e+02 2.166427256318884387e-01
3.118328727373661877e+02 2.166065827920070075e-01
3.119949917517650988e+02 2.165704440617189086e-01
3.121571947809114818e+02 2.165343094406058377e-01
3.123194818683443259e+02 2.164981789282496016e-01
3.124818530576250168e+02 2.164620525242321736e-01
3.126443083923375639e+02 2.164259302281356656e-01
3.128068479160884863e+02 2.163898120395423286e-01
3.129694716725064723e+02 2.163536979580346353e-01
3.131321797052444822e+02 2.163175879831948367e-01
3.132949720579763380e+02 2.162814821146056832e-01
3.134578487743990536e+02 2.162453803518499251e-01
3.136208098982324373e+02 2.162092826945105073e-01
3.137838554732186935e+02 2.161731891421704299e-01
3.139469855431229348e+02 2.161370996944128875e-01
3.141102001517328404e+02 2.161010143508211578e-01
3.142734993428588268e+02 2.160649331109786853e-01
3.144368831603339913e+02 2.160288559744690806e-01
3.146003516480134863e+02 2.159927829408761213e-01
3.147639048497770773e+02 2.159567140097833904e-01
3.149275428095255052e+02 2.159206491807749984e-01
3.150912655711827597e+02 2.158845884534350834e-01
3.152550731786956817e+02 2.158485318273478393e-01
3.154189656760337357e+02 2.158124793020976262e-01
3.155829431071893509e+02 2.157764308772690265e-01
3.157470055161776941e+02 2.157403865524466224e-01
3.159111529470366690e+02 2.157043463272152184e-01
3.160753854438271446e+02 2.156683102011596465e-01
3.162397030506319311e+02 2.156322781738651828e-01
3.164041058115589635e+02 2.155962502449166873e-01
3.165685937707368680e+02 2.155602264138996027e-01
3.167331669723178038e+02 2.155242066803993717e-01
3.168978254604767812e+02 2.154881910440015758e-01
3.170625692794118891e+02 2.154521795042919352e-01
3.172273984733439534e+02 2.154161720608562813e-01
3.173923130865167650e+02 2.153801687132806120e-01
3.175573131631969659e+02 2.153441694611510082e-01
3.177223987476742764e+02 2.153081743040537455e-01
3.178875698842606994e+02 2.152721832415753489e-01
3.180528266172929648e+02 2.152361962733020107e-01
3.182181689911291187e+02 2.152002133988205335e-01
3.183835970501505130e+02 2.151642346177177201e-01
3.185491108387619192e+02 2.151282599295804843e-01
3.187147104013906755e+02 2.150922893339958508e-01
3.188803957824874828e+02 2.150563228305510388e-01
3.190461670265258363e+02 2.150203604188333506e-01
3.192120241780024799e+02 2.149844020984301995e-01
3.193779672814371224e+02 2.149484478689292488e-01
3.195439963813718123e+02 2.149124977299182726e-01
3.197101115223737793e+02 2.148765516809849063e-01
3.198763127490313423e+02 2.148406097217172572e-01
3.200426001059565806e+02 2.148046718517034326e-01
3.202089736377845952e+02 2.147687380705317062e-01
3.203754333891737929e+02 2.147328083777904628e-01
3.205419794048056019e+02 2.146968827730682261e-01
3.207086117293845859e+02 2.146609612559536306e-01
3.208753304076386712e+02 2.146250438260355053e-01
3.210421354843187487e+02 2.145891304829027346e-01
3.212090270041982194e+02 2.145532212261445637e-01
3.213760050120759502e+02 2.145173160553498493e-01
3.215430695527717262e+02 2.144814149701080863e-01
3.217102206711293206e+02 2.144455179700087422e-01
3.218774584120158693e+02 2.144096250546414228e-01
3.220447828203215863e+02 2.143737362235958455e-01
3.222121939409601055e+02 2.143378514764618381e-01
3.223796918188682525e+02 2.143019708128294232e-01
3.225472764990060455e+02 2.142660942322887341e-01
3.227149480263569785e+02 2.142302217344300430e-01
3.228827064459271128e+02 2.141943533188438720e-01
3.230505518027478047e+02 2.141584889851204654e-01
3.232184841418718406e+02 2.141226287328506506e-01
3.233865035083758812e+02 2.140867725616252271e-01
3.235546099473600634e+02 2.140509204710351332e-01
3.237228035039478300e+02 2.140150724606713906e-01
3.238910842232861000e+02 2.139792285301252706e-01
3.240594521505450984e+02 2.139433886789880446e-01
3.242279073309184128e+02 2.139075529068512338e-01
3.243964498096231637e+02 2.138717212133064149e-01
3.245650796318992661e+02 2.138358935979454978e-01
3.247337968430119304e+02 2.138000700603600313e-01
3.249026014882479103e+02 2.137642506001422027e-01
3.250714936129181183e+02 2.137284352168841162e-01
3.252404732623569430e+02 2.136926239101780423e-01
3.254095404819221926e+02 2.136568166796164181e-01
3.255786953169952085e+02 2.136210135247917918e-01
3.257479378129809788e+02 2.135852144452968504e-01
3.259172680153077408e+02 2.135494194407243640e-01
3.260866859694276627e+02 2.135136285106672971e-01
3.262561917208154227e+02 2.134778416547188640e-01
3.264257853149715061e+02 2.134420588724720014e-01
3.265954667974178847e+02 2.134062801635202011e-01
3.267652362137008595e+02 2.133705055274569273e-01
3.269350936093901510e+02 2.133347349638758383e-01
3.271050390300792969e+02 2.132989684723706203e-01
3.272750725213854253e+02 2.132632060525352091e-01
3.274451941289492538e+02 2.132274477039635963e-01
3.276154038984350905e+02 2.131916934262499674e-01
3.277857018755311174e+02 2.131559432189885639e-01
3.279560881059482540e+02 2.131201970817739322e-01
3.281265626354233405e+02 2.130844550142004246e-01
3.282971255097148173e+02 2.130487170158628096e-01
3.284677767746054542e+02 2.130129830863559393e-01
3.286385164759018949e+02 2.129772532252747486e-01
3.288093446594343732e+02 2.129415274322143115e-01
3.289802613710569972e+02 2.129058057067699239e-01
3.291512666566475218e+02 2.128700880485368541e-01
3.293223605621075762e+02 2.128343744571106477e-01
3.294935431333624365e+02 2.127986649320869339e-01
3.296648144163606844e+02 2.127629594730615914e-01
3.298361744570766518e+02 2.127272580796302492e-01
3.300076233015064417e+02 2.126915607513891193e-01
3.301791609956707134e+02 2.126558674879343025e-01
3.303507875856139435e+02 2.126201782888621217e-01
3.305225031174044830e+02 2.125844931537690108e-01
3.306943076371346706e+02 2.125488120822515148e-01
3.308662011909204352e+02 2.125131350739063729e-01
3.310381838249019211e+02 2.124774621283303799e-01
3.312102555852429759e+02 2.124417932451205526e-01
3.313824165181308672e+02 2.124061284238741021e-01
3.315546666697786691e+02 2.123704676641879896e-01
3.317270060864214543e+02 2.123348109656597316e-01
3.318994348143189654e+02 2.122991583278868166e-01
3.320719528997547627e+02 2.122635097504669277e-01
3.322445603890366215e+02 2.122278652329978033e-01
3.324172573284960208e+02 2.121922247750773760e-01
3.325900437644888257e+02 2.121565883763036342e-01
3.327629197433946047e+02 2.121209560362748159e-01
3.329358853116170280e+02 2.120853277545892424e-01
3.331089405155832992e+02 2.120497035308454292e-01
3.332820854017465990e+02 2.120140833646417533e-01
3.334553200165820499e+02 2.119784672555770078e-01
3.336286444065896717e+02 2.119428552032500968e-01
3.338020586182935858e+02 2.119072472072599522e-01
3.339755626982420154e+02 2.118716432672057282e-01
3.341491566930072281e+02 2.118360433826866618e-01
3.343228406491855935e+02 2.118004475533021291e-01
3.344966146133978100e+02 2.117648557786516728e-01
3.346704786322886207e+02 2.117292680583349185e-01
3.348444327525263020e+02 2.116936843919518252e-01
3.350184770208052782e+02 2.116581047791020187e-01
3.351926114838421995e+02 2.116225292193856800e-01
3.353668361883786133e+02 2.115869577124030732e-01
3.355411511811802256e+02 2.115513902577544347e-01
3.357155565090370715e+02 2.115158268550403065e-01
3.358900522187632873e+02 2.114802675038612023e-01
3.360646383571974525e+02 2.114447122038178861e-01
3.362393149712023046e+02 2.114091609545112049e-01
3.364140821076649672e+02 2.113736137555422279e-01
3.365889398134959265e+02 2.113380706065121351e-01
3.367638881356323850e+02 2.113025315070219678e-01
3.369389271210334869e+02 2.112669964566732672e-01
3.371140568166837284e+02 2.112314654550675186e-01
3.372892772695916506e+02 2.111959385018064017e-01
3.374645885267902372e+02 2.111604155964917906e-01
3.376399906353370284e+02 2.111248967387255315e-01
3.378154836423137795e+02 2.110893819281097483e-01
3.379910675948265748e+02 2.110538711642466758e-01
3.381667425400061120e+02 2.110183644467385766e-01
3.383425085250066786e+02 2.109828617751881297e-01
3.385183655970091650e+02 2.109473631491976253e-01
3.386943138032166871e+02 2.109118685683699923e-01
3.388703531908577702e+02 2.108763780323080483e-01
3.390464838071851545e+02 2.108408915406148332e-01
3.392227056994761938e+02 2.108054090928935254e-01
3.393990189150326842e+02 2.107699306887473867e-01
3.395754235011810920e+02 2.107344563277797900e-01
3.397519195052722125e+02 2.106989860095943579e-01
3.399285069746814543e+02 2.106635197337947130e-01
3.401051859568080999e+02 2.106280574999848387e-01
3.402819564990780918e+02 2.105925993077684133e-01
3.404588186489397685e+02 2.105571451567496977e-01
3.406357724538669345e+02 2.105216950465328696e-01
3.408128179613578368e+02 2.104862489767222733e-01
3.409899552189353358e+02 2.104508069469224474e-01
3.411671842741470755e+02 2.104153689567379859e-01
3.413445051745650858e+02 2.103799350057736495e-01
3.415219179677863508e+02 2.103445050936343375e-01
3.416994227014323542e+02 2.103090792199250880e-01
3.418770194231484538e+02 2.102736573842512169e-01
3.420547081806070651e+02 2.102382395862176789e-01
3.422324890215029427e+02 2.102028258254300952e-01
3.424103619935564780e+02 2.101674161014940589e-01
3.425883271445126184e+02 2.101320104140152190e-01
3.427663845221411520e+02 2.100966087625994461e-01
3.429445341742366509e+02 2.100612111468526666e-01
3.431227761486182999e+02 2.100258175663810289e-01
3.433011104931302953e+02 2.099904280207907370e-01
3.434795372556414463e+02 2.099550425096882167e-01
3.436580564840446641e+02 2.099196610326800605e-01
3.438366682262599170e+02 2.098842835893726944e-01
3.440153725302297971e+02 2.098489101793729605e-01
3.441941694439224761e+02 2.098135408022877846e-01
3.443730590153310231e+02 2.097781754577242308e-01
3.445520412924732341e+02 2.097428141452895300e-01
3.447311163233920297e+02 2.097074568645909132e-01
3.449102841561550008e+02 2.096721036152358608e-01
3.450895448388547493e+02 2.096367543968319924e-01
3.452688984196087745e+02 2.096014092089869552e-01
3.454483449465589047e+02 2.095660680513088125e-01
3.456278844678738551e+02 2.095307309234052118e-01
3.458075170317453626e+02 2.094953978248844662e-01
3.459872426863906867e+02 2.094600687553547780e-01
3.461670614800522117e+02 2.094247437144245994e-01
3.463469734609972193e+02 2.093894227017024101e-01
3.465269786775180592e+02 2.093541057167968844e-01
3.467070771779320921e+02 2.093187927593168352e-01
3.468872690105817469e+02 2.092834838288711585e-01
3.470675542238344065e+02 2.092481789250689450e-01
3.472479328660819533e+02 2.092128780475195349e-01
3.474284049857434411e+02 2.091775811958319353e-01
3.476089706312607177e+02 2.091422883696157919e-01
3.477896298511016653e+02 2.091069995684806948e-01
3.479703826937592339e+02 2.090717147920364005e-01
3.481512292077513848e+02 2.090364340398927490e-01
3.483321694416213745e+02 2.090011573116597743e-01
3.485132034439374706e+02 2.089658846069476217e-01
3.486943312632932361e+02 2.089306159253665196e-01
3.488755529483073587e+02 2.088953512665268908e-01
3.490568685476230826e+02 2.088600906300394355e-01
3.492382781099107660e+02 2.088248340155145488e-01
3.494197816838641302e+02 2.087895814225631808e-01
3.496013793182027030e+02 2.087543328507962814e-01
3.497830710616713645e+02 2.087190882998249397e-01
3.499648569630400630e+02 2.086838477692603555e-01
3.501467370711042122e+02 2.086486112587138952e-01
3.503287114346844078e+02 2.086133787677970364e-01
3.505107801026265975e+02 2.085781502961214229e-01
3.506929431238019106e+02 2.085429258432987820e-01
3.508752005471063740e+02 2.085077054089411186e-01
3.510575524214632424e+02 2.084724889926602431e-01
3.512399987958190763e+02 2.084372765940684102e-01
3.514225397191464140e+02 2.084020682127779300e-01
3.516051752404433728e+02 2.083668638484011681e-01
3.517879054087333088e+02 2.083316635005507955e-01
3.519707302730650440e+02 2.082964671688394276e-01
3.521536498825126955e+02 2.082612748528799296e-01
3.523366642861760170e+02 2.082260865522852500e-01
3.525197735331800573e+02 2.081909022666685316e-01
3.527029776726747059e+02 2.081557219956430838e-01
3.528862767538373646e+02 2.081205457388220492e-01
3.530696708258689114e+02 2.080853734958190426e-01
3.532531599379962017e+02 2.080502052662477341e-01
3.534367441394718981e+02 2.080150410497218771e-01
3.536204234795739580e+02 2.079798808458553638e-01
3.538041980076059758e+02 2.079447246542622529e-01
3.539880677728971818e+02 2.079095724745567420e-01
3.541720328248021019e+02 2.078744243063531394e-01
3.543560932127010688e+02 2.078392801492658648e-01
3.545402489859999946e+02 2.078041400029095043e-01
3.547245001941295754e+02 2.077690038668989214e-01
3.549088468865483605e+02 2.077338717408487301e-01
3.550932891127383186e+02 2.076987436243740159e-01
3.552778269222078507e+02 2.076636195170898924e-01
3.554624603644909371e+02 2.076284994186116395e-01
3.556471894891471948e+02 2.075933833285546204e-01
3.558320143457621043e+02 2.075582712465343649e-01
3.560169349839466122e+02 2.075231631721665693e-01
3.562019514533375855e+02 2.074880591050669576e-01
3.563870638035974707e+02 2.074529590448515315e-01
3.565722720844137825e+02 2.074178629911364591e-01
3.567575763455019455e+02 2.073827709435376310e-01
3.569429766366010313e+02 2.073476829016715761e-01
3.571284730074764298e+02 2.073125988651547402e-01
3.573140655079196222e+02 2.072775188336037078e-01
3.574997541877475555e+02 2.072424428066352298e-01
3.576855390968033248e+02 2.072073707838661960e-01
3.578714202849554908e+02 2.071723027649136073e-01
3.580573978020988761e+02 2.071372387493945477e-01
3.582434716981538259e+02 2.071021787369263512e-01
3.584296420230659237e+02 2.070671227271265458e-01
3.586159088268088908e+02 2.070320707196124377e-01
3.588022721593800952e+02 2.069970227140018049e-01
3.589887320708035077e+02 2.069619787099124253e-01
3.591752886111291900e+02 2.069269387069623545e-01
3.593619418304328406e+02 2.068919027047695924e-01
3.595486917788165329e+02 2.068568707029523890e-01
3.597355385064079201e+02 2.068218427011290772e-01
3.599224820633607465e+02 2.067868186989181567e-01
3.601095224998549043e+02 2.067517986959382659e-01
3.602966598660952968e+02 2.067167826918082929e-01
3.604838942123151924e+02 2.066817706861468762e-01
3.606712255887717902e+02 2.066467626785730982e-01
3.608586540457489491e+02 2.066117586687061802e-01
3.610461796335564486e+02 2.065767586561654545e-01
3.612338024025304435e+02 2.065417626405702811e-01
3.614215224030328955e+02 2.065067706215402421e-01
3.616093396854521416e+02 2.064717825986950861e-01
3.617972543002022690e+02 2.064367985716545895e-01
3.619852662977237969e+02 2.064018185400387784e-01
3.621733757284825970e+02 2.063668425034678455e-01
3.623615826429728486e+02 2.063318704615617893e-01
3.625498870917126055e+02 2.062969024139411078e-01
3.627382891252470358e+02 2.062619383602263268e-01
3.629267887941472850e+02 2.062269783000380552e-01
3.631153861490109307e+02 2.061920222329970964e-01
3.633040812404615281e+02 2.061570701587243926e-01
3.634928741191491213e+02 2.061221220768409135e-01
3.636817648357497887e+02 2.060871779869679066e-01
3.638707534409659843e+02 2.060522378887267025e-01
3.640598399855256844e+02 2.060173017817388263e-01
3.642490245201852872e+02 2.059823696656256642e-01
3.644383070957254631e+02 2.059474415400090186e-01
3.646276877629537694e+02 2.059125174045107753e-01
3.648171665727041386e+02 2.058775972587529035e-01
3.650067435758368788e+02 2.058426811023575942e-01
3.651964188232385595e+02 2.058077689349470385e-01
3.653861923658223532e+02 2.057728607561436218e-01
3.655760642545274095e+02 2.057379565655699238e-01
3.657660345403197653e+02 2.057030563628486353e-01
3.659561032741908662e+02 2.056681601476025856e-01
3.661462705071606365e+02 2.056332679194545487e-01
3.663365362902735569e+02 2.055983796780277151e-01
3.665269006746011087e+02 2.055634954229452194e-01
3.667173637112413189e+02 2.055286151538304740e-01
3.669079254513185901e+02 2.054937388703068912e-01
3.670985859459839844e+02 2.054588665719981888e-01
3.672893452464149391e+02 2.054239982585280011e-01
3.674802034038154375e+02 2.053891339295202401e-01
3.676711604694159519e+02 2.053542735845989287e-01
3.678622164944729320e+02 2.053194172233883674e-01
3.680533715302714768e+02 2.052845648455125238e-01
3.682446256281210140e+02 2.052497164505960037e-01
3.684359788393583699e+02 2.052148720382633296e-01
3.686274312153469737e+02 2.051800316081391906e-01
3.688189828074769139e+02 2.051451951598484147e-01
3.690106336671647682e+02 2.051103626930159685e-01
3.692023838458538876e+02 2.050755342072669574e-01
3.693942333950142256e+02 2.050407097022265701e-01
3.695861823661423955e+02 2.050058891775202174e-01
3.697782308107611016e+02 2.049710726327734767e-01
3.699703787804217541e+02 2.049362600676117585e-01
3.701626263267004333e+02 2.049014514816609456e-01
3.703549735012004476e+02 2.048666468745469205e-01
3.705474203555522195e+02 2.048318462458957601e-01
3.707399669414126606e+02 2.047970495953335968e-01
3.709326133104654559e+02 2.047622569224867572e-01
3.711253595144211772e+02 2.047274682269817070e-01
3.713182056050171127e+02 2.046926835084449947e-01
3.715111516340174376e+02 2.046579027665033079e-01
3.717041976532123613e+02 2.046231260007836672e-01
3.718973437144211402e+02 2.045883532109127878e-01
3.720905898694877578e+02 2.045535843965178846e-01
3.722839361702837095e+02 2.045188195572262280e-01
3.724773826687073779e+02 2.044840586926651993e-01
3.726709294166839754e+02 2.044493018024623743e-01
3.728645764661659427e+02 2.044145488862453008e-01
3.730583238691322094e+02 2.043797999436418322e-01
3.732521716775888763e+02 2.043450549742799327e-01
3.734461199435690446e+02 2.043103139777875665e-01
3.736401687191319070e+02 2.042755769537931421e-01
3.738343180563659303e+02 2.042408439019246791e-01
3.740285680073843082e+02 2.042061148218107802e-01
3.742229186243279742e+02 2.041713897130801036e-01
3.744173699593649758e+02 2.041366685753613075e-01
3.746119220646903045e+02 2.041019514082832720e-01
3.748065749925260093e+02 2.040672382114750438e-01
3.750013287951213101e+02 2.040325289845657253e-01
3.751961835247522572e+02 2.039978237271846129e-01
3.753911392337222992e+02 2.039631224389611142e-01
3.755861959743610328e+02 2.039284251195248587e-01
3.757813537990274426e+02 2.038937317685053652e-01
3.759766127601055814e+02 2.038590423855324574e-01
3.761719729100070708e+02 2.038243569702361813e-01
3.763674343011709880e+02 2.037896755222465273e-01
3.765629969860634105e+02 2.037549980411937911e-01
3.767586610171777579e+02 2.037203245267082963e-01
3.769544264470343933e+02 2.036856549784205606e-01
3.771502933281813057e+02 2.036509893959611572e-01
3.773462617131933143e+02 2.036163277789608816e-01
3.775423316546718979e+02 2.035816701270507512e-01
3.777385032052480938e+02 2.035470164398615334e-01
3.779347764175779503e+02 2.035123667170244954e-01
3.781311513443454260e+02 2.034777209581709601e-01
3.783276280382619916e+02 2.034430791629323609e-01
3.785242065520662322e+02 2.034084413309402706e-01
3.787208869385241883e+02 2.033738074618263447e-01
3.789176692504291850e+02 2.033391775552224612e-01
3.791145535406018894e+02 2.033045516107606365e-01
3.793115398618904806e+02 2.032699296280728873e-01
3.795086282671695130e+02 2.032353116067916465e-01
3.797058188093435547e+02 2.032006975465490139e-01
3.799031115413420139e+02 2.031660874469776445e-01
3.801005065161226639e+02 2.031314813077101378e-01
3.802980037866706198e+02 2.030968791283793151e-01
3.804956034059985086e+02 2.030622809086181091e-01
3.806933054271463561e+02 2.030276866480595632e-01
3.808911099031818708e+02 2.029930963463368321e-01
3.810890168872000459e+02 2.029585100030832368e-01
3.812870264323235006e+02 2.029239276179322926e-01
3.814851385917015705e+02 2.028893491905177093e-01
3.816833534185134340e+02 2.028547747204728635e-01
3.818816709659635080e+02 2.028202042074318534e-01
3.820800912872847448e+02 2.027856376510286107e-01
3.822786144357374383e+02 2.027510750508973170e-01
3.824772404646096220e+02 2.027165164066722092e-01
3.826759694272167849e+02 2.026819617179876909e-01
3.828748013769022123e+02 2.026474109844782767e-01
3.830737363670368154e+02 2.026128642057787033e-01
3.832727744510190746e+02 2.025783213815236794e-01
3.834719156822744139e+02 2.025437825113483581e-01
3.836711601142583277e+02 2.025092475948875315e-01
3.838705078004516054e+02 2.024747166317765468e-01
3.840699587943635720e+02 2.024401896216507235e-01
3.842695131495312353e+02 2.024056665641455754e-01
3.844691709195193994e+02 2.023711474588966996e-01
3.846689321579206648e+02 2.023366323055398042e-01
3.848687969183552013e+02 2.023021211037108746e-01
3.850687652544712023e+02 2.022676138530458689e-01
3.852688372199444871e+02 2.022331105531809670e-01
3.854690128684781598e+02 2.021986112037525984e-01
3.856692922538052244e+02 2.021641158043968600e-01
3.858696754296843210e+02 2.021296243547504867e-01
3.860701624499026821e+02 2.020951368544502136e-01
3.862707533682755070e+02 2.020606533031328034e-01
3.864714482386457348e+02 2.020261737004352687e-01
3.866722471148842715e+02 2.019916980459947053e-01
3.868731500508901036e+02 2.019572263394483203e-01
3.870741571005897868e+02 2.019227585804335146e-01
3.872752683179382416e+02 2.018882947685877727e-01
3.874764837569172187e+02 2.018538349035488844e-01
3.876778034715390504e+02 2.018193789849543340e-01
3.878792275158415350e+02 2.017849270124422167e-01
3.880807559438912904e+02 2.017504789856505165e-01
3.882823888097830718e+02 2.017160349042174394e-01
3.884841261676394879e+02 2.016815947677813303e-01
3.886859680716113985e+02 2.016471585759805896e-01
3.888879145758775167e+02 2.016127263284538396e-01
3.890899657346448066e+02 2.015782980248397860e-01
3.892921216021480859e+02 2.015438736647773010e-01
3.894943822326498548e+02 2.015094532479054790e-01
3.896967476804428543e+02 2.014750367738631920e-01
3.898992179998454617e+02 2.014406242422898397e-01
3.901017932452053856e+02 2.014062156528247938e-01
3.903044734708982446e+02 2.013718110051076204e-01
3.905072587313277950e+02 2.013374102987779413e-01
3.907101490809261009e+02 2.013030135334755999e-01
3.909131445741533639e+02 2.012686207088405232e-01
3.911162452654980939e+02 2.012342318245128048e-01
3.913194512094769948e+02 2.011998468801325379e-01
3.915227624606341692e+02 2.011654658753403435e-01
3.917261790735444720e+02 2.011310888097763150e-01
3.919297011028086217e+02 2.010967156830812952e-01
3.921333286030563841e+02 2.010623464948959604e-01
3.923370616289457757e+02 2.010279812448611814e-01
3.925409002351634058e+02 2.009936199326180228e-01
3.927448444764239071e+02 2.009592625578075775e-01
3.929488944074704477e+02 2.009249091200711879e-01
3.931530500830745041e+02 2.008905596190502796e-01
3.933573115580360309e+02 2.008562140543863617e-01
3.935616788871824383e+02 2.008218724257212762e-01
3.937661521253719457e+02 2.007875347326965876e-01
3.939707313274889771e+02 2.007532009749543600e-01
3.941754165484471173e+02 2.007188711521367130e-01
3.943802078431883160e+02 2.006845452638858773e-01
3.945851052666831151e+02 2.006502233098442500e-01
3.947901088739304214e+02 2.006159052896542561e-01
3.949952187199577907e+02 2.005815912029586257e-01
3.952004348598212573e+02 2.005472810494000335e-01
3.954057573486051638e+02 2.005129748286214597e-01
3.956111862414219900e+02 2.004786725402659953e-01
3.958167215934149112e+02 2.004443741839766202e-01
3.960223634597533078e+02 2.004100797593967587e-01
3.962281118956360046e+02 2.003757892661698625e-01
3.964339669562903623e+02 2.003415027039395224e-01
3.966399286969725608e+02 2.003072200723493845e-01
3.968459971729671452e+02 2.002729413710433726e-01
3.970521724395874230e+02 2.002386665996654380e-01
3.972584545521753512e+02 2.002043957578597266e-01
3.974648435661017061e+02 2.001701288452704675e-01
3.976713395367649468e+02 2.001358658615421948e-01
3.978779425195948534e+02 2.001016068063191933e-01
3.980846525700472966e+02 2.000673516792461915e-01
3.982914697436078200e+02 2.000331004799680568e-01
3.984983940957907862e+02 1.999988532081296566e-01
3.987054256821391505e+02 1.999646098633761082e-01
3.989125645582248012e+02 1.999303704453525565e-01
3.991198107796483896e+02 1.998961349537043963e-01
3.993271644020393296e+02 1.998619033880770501e-01
3.995346254810559117e+02 1.998276757481161625e-01
3.997421940723844500e+02 1.997934520334676001e-01
3.999498702317425227e+02 1.997592322437769241e-01
4.001576540148741969e+02 1.997250163786903066e-01
4.003655454775532121e+02 1.996908044378539193e-01
4.005735446755822409e+02 1.996565964209140176e-01
4.007816516647927756e+02 1.996223923275170231e-01
4.009898665010454124e+02 1.995881921573094686e-01
4.011981892402295671e+02 1.995539959099380534e-01
4.014066199382635887e+02 1.995198035850496154e-01
4.016151586510948164e+02 1.994856151822911039e-01
4.018238054346990111e+02 1.994514307013097176e-01
4.020325603450830272e+02 1.994172501417524335e-01
4.022414234382806058e+02 1.993830735032667278e-01
4.024503947703550466e+02 1.993489007855001327e-01
4.026594743973989239e+02 1.993147319881002355e-01
4.028686623755338587e+02 1.992805671107148180e-01
4.030779587609105192e+02 1.992464061529918007e-01
4.032873636097085068e+02 1.992122491145791874e-01
4.034968769781368678e+02 1.991780959951251762e-01
4.037064989224335250e+02 1.991439467942780484e-01
4.039162294988647659e+02 1.991098015116863906e-01
4.041260687637286537e+02 1.990756601469985398e-01
4.043360167733497974e+02 1.990415226998632492e-01
4.045460735840827624e+02 1.990073891699294661e-01
4.047562392523115591e+02 1.989732595568460827e-01
4.049665138344492448e+02 1.989391338602622961e-01
4.051768973869380943e+02 1.989050120798273036e-01
4.053873899662497138e+02 1.988708942151904968e-01
4.055979916288849836e+02 1.988367802660014061e-01
4.058087024313740017e+02 1.988026702319097005e-01
4.060195224302753445e+02 1.987685641125652714e-01
4.062304516821793641e+02 1.987344619076178154e-01
4.064414902437034129e+02 1.987003636167175014e-01
4.066526381714948002e+02 1.986662692395144980e-01
4.068638955222302229e+02 1.986321787756591961e-01
4.070752623526159368e+02 1.985980922248019864e-01
4.072867387193874151e+02 1.985640095865935373e-01
4.074983246793094054e+02 1.985299308606846003e-01
4.077100202891764411e+02 1.984958560467259547e-01
4.079218256058122734e+02 1.984617851443686298e-01
4.081337406860691317e+02 1.984277181532639878e-01
4.083457655868314760e+02 1.983936550730629189e-01
4.085579003650107097e+02 1.983595959034170353e-01
4.087701450775482499e+02 1.983255406439778656e-01
4.089824997814154131e+02 1.982914892943971052e-01
4.091949645336127901e+02 1.982574418543265882e-01
4.094075393911707010e+02 1.982233983234181762e-01
4.096202244111487971e+02 1.981893587013240365e-01
4.098330196506365155e+02 1.981553229876963640e-01
4.100459251667527383e+02 1.981212911821875200e-01
4.102589410166451671e+02 1.980872632844500880e-01
4.104720672574935634e+02 1.980532392941365127e-01
4.106853039465050301e+02 1.980192192108995719e-01
4.108986511409168543e+02 1.979852030343922653e-01
4.111121088979961087e+02 1.979511907642675927e-01
4.113256772750396522e+02 1.979171824001786650e-01
4.115393563293739021e+02 1.978831779417788150e-01
4.117531461183549482e+02 1.978491773887215144e-01
4.119670466993686659e+02 1.978151807406602902e-01
4.121810581298308875e+02 1.977811879972488363e-01
4.123951804671859236e+02 1.977471991581412070e-01
4.126094137689107129e+02 1.977132142229910405e-01
4.128237580925093653e+02 1.976792331914525858e-01
4.130382134955165725e+02 1.976452560631800914e-01
4.132527800354968690e+02 1.976112828378279451e-01
4.134674577700446889e+02 1.975773135150506454e-01
4.136822467567842523e+02 1.975433480945028575e-01
4.138971470533696220e+02 1.975093865758393574e-01
4.141121587174848173e+02 1.974754289587150879e-01
4.143272818068437005e+02 1.974414752427850472e-01
4.145425163791890668e+02 1.974075254277046221e-01
4.147578624922965105e+02 1.973735795131288384e-01
4.149733202039686830e+02 1.973396374987133051e-01
4.151888895720392725e+02 1.973056993841136031e-01
4.154045706543717529e+02 1.972717651689854523e-01
4.156203635088597252e+02 1.972378348529847392e-01
4.158362681934267471e+02 1.972039084357674332e-01
4.160522847660263324e+02 1.971699859169897262e-01
4.162684132846421790e+02 1.971360672963078375e-01
4.164846538072878275e+02 1.971021525733781810e-01
4.167010063920063203e+02 1.970682417478574200e-01
4.169174710968729300e+02 1.970343348194019961e-01
4.171340479799908962e+02 1.970004317876687949e-01
4.173507370994941539e+02 1.969665326523148130e-01
4.175675385135467650e+02 1.969326374129971025e-01
4.177844522803430891e+02 1.968987460693729097e-01
4.180014784581074991e+02 1.968648586210995366e-01
4.182186171050946655e+02 1.968309750678344794e-01
4.184358682795893856e+02 1.967970954092353730e-01
4.186532320399065270e+02 1.967632196449599913e-01
4.188707084443905728e+02 1.967293477746663022e-01
4.190882975514186910e+02 1.966954797980121072e-01
4.193059994193956754e+02 1.966616157146556798e-01
4.195238141067575270e+02 1.966277555242553210e-01
4.197417416719705443e+02 1.965938992264694429e-01
4.199597821735311527e+02 1.965600468209565965e-01
4.201779356699664163e+02 1.965261983073755270e-01
4.203962022198333557e+02 1.964923536853850627e-01
4.206145818817196869e+02 1.964585129546441156e-01
4.208330747142431960e+02 1.964246761148118470e-01
4.210516807760513416e+02 1.963908431655476128e-01
4.212704001258245512e+02 1.963570141065104913e-01
4.214892328222709921e+02 1.963231889373601435e-01
4.217081789241302658e+02 1.962893676577562585e-01
4.219272384901722717e+02 1.962555502673585250e-01
4.221464115791974336e+02 1.962217367658269096e-01
4.223656982500365871e+02 1.961879271528214619e-01
4.225850985615512059e+02 1.961541214280023426e-01
4.228046125726330615e+02 1.961203195910298513e-01
4.230242403422046209e+02 1.960865216415645096e-01
4.232439819292179664e+02 1.960527275792669777e-01
4.234638373926581494e+02 1.960189374037977494e-01
4.236838067915385295e+02 1.959851511148177905e-01
4.239038901849036733e+02 1.959513687119880665e-01
4.241240876318287860e+02 1.959175901949697651e-01
4.243443991914197113e+02 1.958838155634241296e-01
4.245648249228130453e+02 1.958500448170124864e-01
4.247853648851757384e+02 1.958162779553964949e-01
4.250060191377056071e+02 1.957825149782377316e-01
4.252267877396311633e+02 1.957487558851980225e-01
4.254476707502106478e+02 1.957150006759393879e-01
4.256686682287357826e+02 1.956812493501237371e-01
4.258897802345260857e+02 1.956475019074133126e-01
4.261110068269330782e+02 1.956137583474705233e-01
4.263323480653388060e+02 1.955800186699577781e-01
4.265538040091560106e+02 1.955462828745377635e-01
4.267753747178284129e+02 1.955125509608731660e-01
4.269970602508304864e+02 1.954788229286268941e-01
4.272188606676675704e+02 1.954450987774619675e-01
4.274407760278756427e+02 1.954113785070415166e-01
4.276628063910208652e+02 1.953776621170289773e-01
4.278849518167029373e+02 1.953439496070874526e-01
4.281072123645494685e+02 1.953102409768807113e-01
4.283295880942202984e+02 1.952765362260723558e-01
4.285520790654057919e+02 1.952428353543263218e-01
4.287746853378275773e+02 1.952091383613064612e-01
4.289974069712380924e+02 1.951754452466769318e-01
4.292202440254205840e+02 1.951417560101019189e-01
4.294431965601895058e+02 1.951080706512458296e-01
4.296662646353901778e+02 1.950743891697731824e-01
4.298894483108982172e+02 1.950407115653486345e-01
4.301127476466227222e+02 1.950070378376367874e-01
4.303361627025012126e+02 1.949733679863026592e-01
4.305596935385033248e+02 1.949397020110112677e-01
4.307833402146295612e+02 1.949060399114278253e-01
4.310071027909116879e+02 1.948723816872175718e-01
4.312309813274124508e+02 1.948387273380459972e-01
4.314549758842258029e+02 1.948050768635787022e-01
4.316790865214767905e+02 1.947714302634813710e-01
4.319033132993216668e+02 1.947377875374198264e-01
4.321276562779470396e+02 1.947041486850601966e-01
4.323521155175731110e+02 1.946705137060683599e-01
4.325766910784488459e+02 1.946368826001106944e-01
4.328013830208553259e+02 1.946032553668535781e-01
4.330261914051047825e+02 1.945696320059634998e-01
4.332511162915407112e+02 1.945360125171071708e-01
4.334761577405380422e+02 1.945023968999513575e-01
4.337013158125026280e+02 1.944687851541630208e-01
4.339265905678720401e+02 1.944351772794091493e-01
4.341519820671148864e+02 1.944015732753569814e-01
4.343774903707302997e+02 1.943679731416739775e-01
4.346031155392515757e+02 1.943343768780273484e-01
4.348288576332405455e+02 1.943007844840847764e-01
4.350547167132912136e+02 1.942671959595140829e-01
4.352806928400293032e+02 1.942336113039830614e-01
4.355067860741116306e+02 1.942000305171597829e-01
4.357329964762268446e+02 1.941664535987123186e-01
4.359593241070945169e+02 1.941328805483089892e-01
4.361857690274661081e+02 1.940993113656181990e-01
4.364123312981245135e+02 1.940657460503084353e-01
4.366390109798829258e+02 1.940321846020485741e-01
4.368658081335890415e+02 1.939986270205071583e-01
4.370927228201193202e+02 1.939650733053532305e-01
4.373197551003827925e+02 1.939315234562559165e-01
4.375469050353196394e+02 1.938979774728843974e-01
4.377741726859022151e+02 1.938644353549080768e-01
4.380015581131339104e+02 1.938308971019963578e-01
4.382290613780501189e+02 1.937973627138189492e-01
4.384566825417177256e+02 1.937638321900455596e-01
4.386844216652351633e+02 1.937303055303460919e-01
4.389122788097317880e+02 1.936967827343906989e-01
4.391402540363713456e+02 1.936632638018492836e-01
4.393683474063464018e+02 1.936297487323922761e-01
4.395965589808822642e+02 1.935962375256901069e-01
4.398248888212359589e+02 1.935627301814133172e-01
4.400533369886962305e+02 1.935292266992326427e-01
4.402819035445836562e+02 1.934957270788189021e-01
4.405105885502504748e+02 1.934622313198430810e-01
4.407393920670807574e+02 1.934287394219762479e-01
4.409683141564904076e+02 1.933952513848896937e-01
4.411973548799262517e+02 1.933617672082548755e-01
4.414265142988697903e+02 1.933282868917430286e-01
4.416557924748314008e+02 1.932948104350259710e-01
4.418851894693544864e+02 1.932613378377754654e-01
4.421147053440141121e+02 1.932278690996634407e-01
4.423443401604176302e+02 1.931944042203619094e-01
4.425740939802038838e+02 1.931609431995430781e-01
4.428039668650439467e+02 1.931274860368792368e-01
4.430339588766407246e+02 1.930940327320428695e-01
4.432640700767291264e+02 1.930605832847065717e-01
4.434943005270752678e+02 1.930271376945431050e-01
4.437246502894797118e+02 1.929936959612251757e-01
4.439551194257726365e+02 1.929602580844258786e-01
4.441857079978169622e+02 1.929268240638182808e-01
4.444164160675077824e+02 1.928933938990756991e-01
4.446472436967721364e+02 1.928599675898715060e-01
4.448781909475694079e+02 1.928265451358792404e-01
4.451092578818907555e+02 1.927931265367725522e-01
4.453404445617597389e+02 1.927597117922252301e-01
4.455717510492318070e+02 1.927263009019112572e-01
4.458031774063940134e+02 1.926928938655047829e-01
4.460347236953680294e+02 1.926594906826797626e-01
4.462663899783050283e+02 1.926260913531106789e-01
4.464981763173893228e+02 1.925926958764719588e-01
4.467300827748375696e+02 1.925593042524382792e-01
4.469621094128984282e+02 1.925259164806843171e-01
4.471942562938530159e+02 1.924925325608849991e-01
4.474265234800146800e+02 1.924591524927152519e-01
4.476589110337291118e+02 1.924257762758503354e-01
4.478914190173741758e+02 1.923924039099654260e-01
4.481240474933592282e+02 1.923590353947361442e-01
4.483567965241287538e+02 1.923256707298377222e-01
4.485896661721566829e+02 1.922923099149460302e-01
4.488226564999504831e+02 1.922589529497368277e-01
4.490557675700497384e+02 1.922255998338860961e-01
4.492889994450267750e+02 1.921922505670699277e-01
4.495223521874860353e+02 1.921589051489645539e-01
4.497558258600646468e+02 1.921255635792462890e-01
4.499894205254319672e+02 1.920922258575916697e-01
4.502231362462899256e+02 1.920588919836772879e-01
4.504569730853721694e+02 1.920255619571800687e-01
4.506909311054474756e+02 1.919922357777766042e-01
4.509250103693143501e+02 1.919589134451440693e-01
4.511592109398047796e+02 1.919255949589596666e-01
4.513935328797835496e+02 1.918922803189006265e-01
4.516279762521475618e+02 1.918589695246444571e-01
4.518625411198268580e+02 1.918256625758686662e-01
4.520972275457835394e+02 1.917923594722509562e-01
4.523320355930128471e+02 1.917590602134691957e-01
4.525669653245422523e+02 1.917257647992013647e-01
4.528020168034312292e+02 1.916924732291256928e-01
4.530371900927746651e+02 1.916591855029201041e-01
4.532724852556972337e+02 1.916259016202631893e-01
4.535079023553572597e+02 1.915926215808333999e-01
4.537434414549460939e+02 1.915593453843094096e-01
4.539791026176875448e+02 1.915260730303699754e-01
4.542148859068382194e+02 1.914928045186940209e-01
4.544507913856874666e+02 1.914595398489605804e-01
4.546868191175576612e+02 1.914262790208488552e-01
4.549229691658037495e+02 1.913930220340381572e-01
4.551592415938126805e+02 1.913597688882080761e-01
4.553956364650071009e+02 1.913265195830379239e-01
4.556321538428395570e+02 1.912932741182075680e-01
4.558687937907967012e+02 1.912600324933968199e-01
4.561055563723977002e+02 1.912267947082857134e-01
4.563424416511949744e+02 1.911935607625543654e-01
4.565794496907736857e+02 1.911603306558830317e-01
4.568165805547519653e+02 1.911271043879521347e-01
4.570538343067811411e+02 1.910938819584421244e-01
4.572912110105451688e+02 1.910606633670337284e-01
4.575287107297604052e+02 1.910274486134078409e-01
4.577663335281786772e+02 1.909942376972451339e-01
4.580040794695823365e+02 1.909610306182268347e-01
4.582419486177876706e+02 1.909278273760341149e-01
4.584799410366439929e+02 1.908946279703483129e-01
4.587180567900336996e+02 1.908614324008508778e-01
4.589562959418722699e+02 1.908282406672234810e-01
4.591946585561082088e+02 1.907950527691478215e-01
4.594331446967236161e+02 1.907618687063057095e-01
4.596717544277331058e+02 1.907286884783792325e-01
4.599104878131839769e+02 1.906955120850506724e-01
4.601493449171595103e+02 1.906623395260019505e-01
4.603883258037730570e+02 1.906291708009157093e-01
4.606274305371725291e+02 1.905960059094744252e-01
4.608666591815388074e+02 1.905628448513607964e-01
4.611060118010861402e+02 1.905296876262576600e-01
4.613454884600620858e+02 1.904965342338479084e-01
4.615850892227472855e+02 1.904633846738146841e-01
4.618248141534561455e+02 1.904302389458411571e-01
4.620646633165358708e+02 1.903970970496107196e-01
4.623046367763665216e+02 1.903639589848069580e-01
4.625447345973639699e+02 1.903308247511132645e-01
4.627849568439747827e+02 1.902976943482134753e-01
4.630253035806800881e+02 1.902645677757914822e-01
4.632657748719941537e+02 1.902314450335313711e-01
4.635063707824646713e+02 1.901983261211172282e-01
4.637470913766730973e+02 1.901652110382333616e-01
4.639879367192339146e+02 1.901320997845642180e-01
4.642289068747954275e+02 1.900989923597943554e-01
4.644700019080393645e+02 1.900658887636084704e-01
4.647112218836798547e+02 1.900327889956915095e-01
4.649525668664677482e+02 1.899996930557281416e-01
4.651940369211842494e+02 1.899666009434036740e-01
4.654356321126452940e+02 1.899335126584032474e-01
4.656773525057003553e+02 1.899004282004123079e-01
4.659191981652323875e+02 1.898673475691163293e-01
4.661611691561583370e+02 1.898342707642008964e-01
4.664032655434283470e+02 1.898011977853518717e-01
4.666454873920264959e+02 1.897681286322550898e-01
4.668878347669704567e+02 1.897350633045966073e-01
4.671303077333106444e+02 1.897020018020627030e-01
4.673729063561339672e+02 1.896689441243394891e-01
4.676156307005583699e+02 1.896358902711134664e-01
4.678584808317364150e+02 1.896028402420712466e-01
4.681014568148544299e+02 1.895697940368995249e-01
4.683445587151324503e+02 1.895367516552851628e-01
4.685877865978245040e+02 1.895037130969151051e-01
4.688311405282181568e+02 1.894706783614764634e-01
4.690746205716350232e+02 1.894376474486565431e-01
4.693182267934305969e+02 1.894046203581426502e-01
4.695619592589931131e+02 1.893715970896225065e-01
4.698058180337475846e+02 1.893385776427834177e-01
4.700498031831502885e+02 1.893055620173133280e-01
4.702939147726920055e+02 1.892725502129002091e-01
4.705381528678977361e+02 1.892395422292320606e-01
4.707825175343265300e+02 1.892065380659970486e-01
4.710270088375709747e+02 1.891735377228835335e-01
4.712716268432581046e+02 1.891405411995799590e-01
4.715163716170487760e+02 1.891075484957749075e-01
4.717612432246377807e+02 1.890745596111571003e-01
4.720062417317531072e+02 1.890415745454155361e-01
4.722513672041596919e+02 1.890085932982389361e-01
4.724966197076536218e+02 1.889756158693165489e-01
4.727419993080662266e+02 1.889426422583376231e-01
4.729875060712626009e+02 1.889096724649916015e-01
4.732331400631422298e+02 1.888767064889679825e-01
4.734789013496386474e+02 1.888437443299564311e-01
4.737247899967196645e+02 1.888107859876467232e-01
4.739708060703871979e+02 1.887778314617288011e-01
4.742169496366773842e+02 1.887448807518927463e-01
4.744632207616594428e+02 1.887119338578288619e-01
4.747096195114401098e+02 1.886789907792272569e-01
4.749561459521572715e+02 1.886460515157784845e-01
4.752028001499840002e+02 1.886131160671731533e-01
4.754495821711275312e+02 1.885801844331020105e-01
4.756964920818298879e+02 1.885472566132559424e-01
4.759435299483669155e+02 1.885143326073259185e-01
4.761906958370492475e+02 1.884814124150030745e-01
4.764379898142213960e+02 1.884484960359787131e-01
4.766854119462625476e+02 1.884155834699442478e-01
4.769329622995853697e+02 1.883826747165913140e-01
4.771806409406398188e+02 1.883497697756113254e-01
4.774284479359071725e+02 1.883168686466962505e-01
4.776763833519044624e+02 1.882839713295379747e-01
4.779244472551828267e+02 1.882510778238286331e-01
4.781726397123282482e+02 1.882181881292604164e-01
4.784209607899608159e+02 1.881853022455256541e-01
4.786694105547356912e+02 1.881524201723168421e-01
4.789179890733420280e+02 1.881195419093265597e-01
4.791666964125038248e+02 1.880866674562476082e-01
4.794155326389786751e+02 1.880537968127729553e-01
4.796644978195615749e+02 1.880209299785953747e-01
4.799135920210793529e+02 1.879880669534081117e-01
4.801628153103943646e+02 1.879552077369045227e-01
4.804121677544036970e+02 1.879223523287779085e-01
4.806616494200388843e+02 1.878895007287219310e-01
4.809112603742664191e+02 1.878566529364301962e-01
4.811610006840872984e+02 1.878238089515965881e-01
4.814108704165374206e+02 1.877909687739149625e-01
4.816608696386871316e+02 1.877581324030795362e-01
4.819109984176409966e+02 1.877252998387845540e-01
4.821612568205409275e+02 1.876924710807241214e-01
4.824116449145607248e+02 1.876596461285929274e-01
4.826621627669102850e+02 1.876268249820855216e-01
4.829128104448338377e+02 1.875940076408966761e-01
4.831635880156109124e+02 1.875611941047213016e-01
4.834144955465558269e+02 1.875283843732543920e-01
4.836655331050174027e+02 1.874955784461911079e-01
4.839167007583798750e+02 1.874627763232268041e-01
4.841679985740620964e+02 1.874299780040568075e-01
4.844194266195169689e+02 1.873971834883768617e-01
4.846709849622352522e+02 1.873643927758823768e-01
4.849226736697398223e+02 1.873316058662693462e-01
4.851744928095894238e+02 1.872988227592337074e-01
4.854264424493778165e+02 1.872660434544715646e-01
4.856785226567339464e+02 1.872332679516791332e-01
4.859307334993216045e+02 1.872004962505527670e-01
4.861830750448397680e+02 1.871677283507889589e-01
4.864355473610224294e+02 1.871349642520843681e-01
4.866881505156386538e+02 1.871022039541357929e-01
4.869408845764918965e+02 1.870694474566401422e-01
4.871937496114234136e+02 1.870366947592942974e-01
4.874467456883066916e+02 1.870039458617955286e-01
4.876998728750514829e+02 1.869712007638411055e-01
4.879531312396028397e+02 1.869384594651284648e-01
4.882065208499407163e+02 1.869057219653551816e-01
4.884600417740805938e+02 1.868729882642189699e-01
4.887136940800729121e+02 1.868402583614176271e-01
4.889674778360036385e+02 1.868075322566492003e-01
4.892213931099938691e+02 1.867748099496117087e-01
4.894754399701992043e+02 1.867420914400035326e-01
4.897296184848131020e+02 1.867093767275228300e-01
4.899839287220619894e+02 1.866766658118681754e-01
4.902383707502082189e+02 1.866439586927382543e-01
4.904929446375496127e+02 1.866112553698318077e-01
4.907476504524194638e+02 1.865785558428477431e-01
4.910024882631863647e+02 1.865458601114850790e-01
4.912574581382544352e+02 1.865131681754430282e-01
4.915125601460630946e+02 1.864804800344208591e-01
4.917677943550874033e+02 1.864477956881180620e-01
4.920231608338368687e+02 1.864151151362342662e-01
4.922786596508595949e+02 1.863824383784689898e-01
4.925342908747358592e+02 1.863497654145221394e-01
4.927900545740828306e+02 1.863170962440937606e-01
4.930459508175531482e+02 1.862844308668838988e-01
4.933019796738349214e+02 1.862517692825928217e-01
4.935581412116520141e+02 1.862191114909208800e-01
4.938144354997637606e+02 1.861864574915686465e-01
4.940708626069651928e+02 1.861538072842366942e-01
4.943274226020869833e+02 1.861211608686258179e-01
4.945841155539944793e+02 1.860885182444370622e-01
4.948409415315916817e+02 1.860558794113712222e-01
4.950979006038155603e+02 1.860232443691295923e-01
4.953549928396393511e+02 1.859906131174134669e-01
4.956122183080723858e+02 1.859579856559243349e-01
4.958695770781596366e+02 1.859253619843637129e-01
4.961270692189818305e+02 1.858927421024333670e-01
4.963846947996554491e+02 1.858601260098350916e-01
4.966424538893330123e+02 1.858275137062709026e-01
4.969003465572027380e+02 1.857949051914428995e-01
4.971583728724875186e+02 1.857623004650534593e-01
4.974165329044494683e+02 1.857296995268047091e-01
4.976748267223833295e+02 1.856971023763992756e-01
4.979332543956209634e+02 1.856645090135398135e-01
4.981918159935300423e+02 1.856319194379290605e-01
4.984505115855139934e+02 1.855993336492700041e-01
4.987093412410126234e+02 1.855667516472656597e-01
4.989683050295014368e+02 1.855341734316191538e-01
4.992274030204919200e+02 1.855015990020338901e-01
4.994866352835318821e+02 1.854690283582132448e-01
4.997460018882037502e+02 1.854364614998609828e-01
5.000055029041294574e+02 1.854038984266805357e-01
5.002651384009636217e+02 1.853713391383758624e-01
5.005249084483981505e+02 1.853387836346509498e-01
5.007848131161611036e+02 1.853062319152099235e-01
5.010448524740165794e+02 1.852736839797570478e-01
5.013050265917649426e+02 1.852411398279966426e-01
5.015653355392424828e+02 1.852085994596332774e-01
5.018257793863220400e+02 1.851760628743715775e-01
5.020863582029122654e+02 1.851435300719163624e-01
5.023470720589574512e+02 1.851110010519726456e-01
5.026079210244408841e+02 1.850784758142451636e-01
5.028689051693791612e+02 1.850459543584392907e-01
5.031300245638262254e+02 1.850134366842603462e-01
5.033912792778720586e+02 1.849809227914137599e-01
5.036526693816434204e+02 1.849484126796051287e-01
5.039141949453031089e+02 1.849159063485401322e-01
5.041758560390503021e+02 1.848834037979246170e-01
5.044376527331205580e+02 1.848509050274645960e-01
5.046995850977859845e+02 1.848184100368661931e-01
5.049616532033538192e+02 1.847859188258357821e-01
5.052238571201711466e+02 1.847534313940794315e-01
5.054861969186181341e+02 1.847209477413038203e-01
5.057486726691125227e+02 1.846884678672156277e-01
5.060112844421088312e+02 1.846559917715215882e-01
5.062740323080975031e+02 1.846235194539286306e-01
5.065369163376059873e+02 1.845910509141438227e-01
5.067999366011982261e+02 1.845585861518743154e-01
5.070630931694745982e+02 1.845261251668274538e-01
5.073263861130720329e+02 1.844936679587106665e-01
5.075898155026632139e+02 1.844612145272316595e-01
5.078533814089604448e+02 1.844287648720978889e-01
5.081170839027095667e+02 1.843963189930173385e-01
5.083809230546942217e+02 1.843638768896979918e-01
5.086448989357344885e+02 1.843314385618479434e-01
5.089090116166873941e+02 1.842990040091754544e-01
5.091732611684466292e+02 1.842665732313888971e-01
5.094376476619424921e+02 1.842341462281968101e-01
5.097021711681422858e+02 1.842017229993077876e-01
5.099668317580498069e+02 1.841693035444306736e-01
5.102316295027047772e+02 1.841368878632744788e-01
5.104965644731868792e+02 1.841044759555479637e-01
5.107616367406094469e+02 1.840720678209604722e-01
5.110268463761236717e+02 1.840396634592212921e-01
5.112921934509175799e+02 1.840072628700399060e-01
5.115576780362163163e+02 1.839748660531258517e-01
5.118233002032817467e+02 1.839424730081888615e-01
5.120890600234126850e+02 1.839100837349387785e-01
5.123549575679450072e+02 1.838776982330855569e-01
5.126209929082513099e+02 1.838453165023393454e-01
5.128871661157403423e+02 1.838129385424104867e-01
5.131534772618609850e+02 1.837805643530091293e-01
5.134199264180959972e+02 1.837481939338458659e-01
5.136865136559661096e+02 1.837158272846314000e-01
5.139532390470293421e+02 1.836834644050764354e-01
5.142201026628805494e+02 1.836511052948919531e-01
5.144871045751517613e+02 1.836187499537889067e-01
5.147542448555122974e+02 1.835863983814785549e-01
5.150215235756684251e+02 1.835540505776721565e-01
5.152889408073637014e+02 1.835217065420811922e-01
5.155564966223776082e+02 1.834893662744173370e-01
5.158241910925302136e+02 1.834570297743920442e-01
5.160920242896755781e+02 1.834246970417172939e-01
5.163599962857059609e+02 1.833923680761050112e-01
5.166281071525510242e+02 1.833600428772673707e-01
5.168963569621774923e+02 1.833277214449165471e-01
5.171647457865897195e+02 1.832954037787649648e-01
5.174332736978290086e+02 1.832630898785251039e-01
5.177019407679742926e+02 1.832307797439095831e-01
5.179707470691415665e+02 1.831984733746312155e-01
5.182396926734835461e+02 1.831661707704029807e-01
5.185087776531929649e+02 1.831338719309376917e-01
5.187780020804973447e+02 1.831015768559486334e-01
5.190473660276622923e+02 1.830692855451491186e-01
5.193168695669911585e+02 1.830369979982525708e-01
5.195865127708245836e+02 1.830047142149725525e-01
5.198562957115406107e+02 1.829724341950227928e-01
5.201262184615551405e+02 1.829401579381171039e-01
5.203962810933211358e+02 1.829078854439694091e-01
5.206664836793296445e+02 1.828756167122938814e-01
5.209368262921076393e+02 1.828433517428048327e-01
5.212073090042233616e+02 1.828110905352163806e-01
5.214779318882791586e+02 1.827788330892431701e-01
5.217486950169162583e+02 1.827465794045997904e-01
5.220195984628132919e+02 1.827143294810010532e-01
5.222906422986868620e+02 1.826820833181617976e-01
5.225618265972909740e+02 1.826498409157971126e-01
5.228331514314176047e+02 1.826176022736220872e-01
5.231046168738963615e+02 1.825853673913520603e-01
5.233762229975942546e+02 1.825531362687024817e-01
5.236479698754154697e+02 1.825209089053889677e-01
5.239198575803050062e+02 1.824886853011270238e-01
5.241918861852424243e+02 1.824564654556325161e-01
5.244640557632461650e+02 1.824242493686214772e-01
5.247363663873726409e+02 1.823920370398099677e-01
5.250088181307158948e+02 1.823598284689142146e-01
5.252814110664079408e+02 1.823276236556505836e-01
5.255541452676187646e+02 1.822954225997355515e-01
5.258270208075563232e+02 1.822632253008857062e-01
5.261000377594663178e+02 1.822310317588178574e-01
5.263731961966315112e+02 1.821988419732489817e-01
5.266464961923758210e+02 1.821666559438958333e-01
5.269199378200577257e+02 1.821344736704757217e-01
5.271935211530750394e+02 1.821022951527058731e-01
5.274672462648637747e+02 1.820701203903037912e-01
5.277411132288974613e+02 1.820379493829869244e-01
5.280151221186882822e+02 1.820057821304730261e-01
5.282892730077861643e+02 1.819736186324798777e-01
5.285635659697791198e+02 1.819414588887254269e-01
5.288380010782935869e+02 1.819093028989277328e-01
5.291125784069928386e+02 1.818771506628051593e-01
5.293872980295816433e+02 1.818450021800758210e-01
5.296621600197997850e+02 1.818128574504582484e-01
5.299371644514261561e+02 1.817807164736711112e-01
5.302123113982780751e+02 1.817485792494331065e-01
5.304876009342109455e+02 1.817164457774631259e-01
5.307630331331185971e+02 1.816843160574801719e-01
5.310386080689331720e+02 1.816521900892033858e-01
5.313143258156250113e+02 1.816200678723520479e-01
5.315901864472028819e+02 1.815879494066454936e-01
5.318661900377126130e+02 1.815558346918034749e-01
5.321423366612418704e+02 1.815237237275453830e-01
5.324186263919134490e+02 1.814916165135910808e-01
5.326950593038895931e+02 1.814595130496605702e-01
5.329716354713709734e+02 1.814274133354738805e-01
5.332483549685968001e+02 1.813953173707512356e-01
5.335252178698444823e+02 1.813632251552128871e-01
5.338022242494301963e+02 1.813311366885794196e-01
5.340793741817086584e+02 1.812990519705713066e-01
5.343566677410730108e+02 1.812669710009093549e-01
5.346341050019536851e+02 1.812348937793144821e-01
5.349116860388232908e+02 1.812028203055074949e-01
5.351894109261895665e+02 1.811707505792095885e-01
5.354672797385999274e+02 1.811386846001420414e-01
5.357452925506405563e+02 1.811066223680262433e-01
5.360234494369361755e+02 1.810745638825836945e-01
5.363017504721502746e+02 1.810425091435360623e-01
5.365801957309848831e+02 1.810104581506050969e-01
5.368587852881807976e+02 1.809784109035127431e-01
5.371375192185178093e+02 1.809463674019810564e-01
5.374163975968129989e+02 1.809143276457323424e-01
5.376954204979256247e+02 1.808822916344886289e-01
5.379745879967505289e+02 1.808502593679724990e-01
5.382539001682224580e+02 1.808182308459065635e-01
5.385333570873149256e+02 1.807862060680134608e-01
5.388129588290402125e+02 1.807541850340160794e-01
5.390927054684497080e+02 1.807221677436374185e-01
5.393725970806335681e+02 1.806901541966005054e-01
5.396526337407207166e+02 1.806581443926286445e-01
5.399328155238794125e+02 1.806261383314451685e-01
5.402131425053153180e+02 1.805941360127737150e-01
5.404936147602766141e+02 1.805621374363376441e-01
5.407742323640471795e+02 1.805301426018608990e-01
5.410549953919507971e+02 1.804981515090673116e-01
5.413359039193506987e+02 1.804661641576809639e-01
5.416169580216487702e+02 1.804341805474259652e-01
5.418981577742861191e+02 1.804022006780266751e-01
5.421795032527429612e+02 1.803702245492074530e-01
5.424609945325387343e+02 1.803382521606928524e-01
5.427426316892316436e+02 1.803062835122076213e-01
5.430244147984183201e+02 1.802743186034767020e-01
5.433063439357379139e+02 1.802423574342247592e-01
5.435884191768651590e+02 1.802104000041769849e-01
5.438706405975152620e+02 1.801784463130586267e-01
5.441530082734426514e+02 1.801464963605950431e-01
5.444355222804410914e+02 1.801145501465117038e-01
5.447181826943435681e+02 1.800826076705341894e-01
5.450009895910222895e+02 1.800506689323883025e-01
5.452839430463889130e+02 1.800187339317998736e-01
5.455670431363943180e+02 1.799868026684948996e-01
5.458502899370276964e+02 1.799548751421997106e-01
5.461336835243210999e+02 1.799229513526402480e-01
5.464172239743422779e+02 1.798910312995430916e-01
5.467009113631999071e+02 1.798591149826347657e-01
5.469847457670417725e+02 1.798272024016419335e-01
5.472687272620554495e+02 1.797952935562913968e-01
5.475528559244676217e+02 1.797633884463100684e-01
5.478371318305448767e+02 1.797314870714250279e-01
5.481215550565930243e+02 1.796995894313634656e-01
5.484061256789575509e+02 1.796676955258526831e-01
5.486908437740222553e+02 1.796358053546202871e-01
5.489757094182141373e+02 1.796039189173936346e-01
5.492607226879962354e+02 1.795720362139005266e-01
5.495458836598722883e+02 1.795401572438688476e-01
5.498311924103859383e+02 1.795082820070265650e-01
5.501166490161202773e+02 1.794764105031017853e-01
5.504022535536981877e+02 1.794445427318227537e-01
5.506880060997820010e+02 1.794126786929178818e-01
5.509739067310741802e+02 1.793808183861156924e-01
5.512599555243168652e+02 1.793489618111447637e-01
5.515461525562903944e+02 1.793171089677340069e-01
5.518324979038188758e+02 1.792852598556121391e-01
5.521189916437624561e+02 1.792534144745082381e-01
5.524056338530224366e+02 1.792215728241515205e-01
5.526924246085399091e+02 1.791897349042712861e-01
5.529793639872956419e+02 1.791579007145969460e-01
5.532664520663106487e+02 1.791260702548580774e-01
5.535536889226458470e+02 1.790942435247843412e-01
5.538410746334014902e+02 1.790624205241056199e-01
5.541286092757186452e+02 1.790306012525518520e-01
5.544162929267766913e+02 1.789987857098531976e-01
5.547041256637983224e+02 1.789669738957397060e-01
5.549921075640432946e+02 1.789351658099417874e-01
5.552802387048121773e+02 1.789033614521899906e-01
5.555685191634457851e+02 1.788715608222148645e-01
5.558569490173248369e+02 1.788397639197471523e-01
5.561455283438704100e+02 1.788079707445178190e-01
5.564342572205433726e+02 1.787761812962577745e-01
5.567231357248450649e+02 1.787443955746982061e-01
5.570121639343167317e+02 1.787126135795703841e-01
5.573013419265387256e+02 1.786808353106058289e-01
5.575906697791351689e+02 1.786490607675358111e-01
5.578801475697670185e+02 1.786172899500921285e-01
5.581697753761361582e+02 1.785855228580065790e-01
5.584595532759852858e+02 1.785537594910110992e-01
5.587494813470972304e+02 1.785219998488377369e-01
5.590395596672949523e+02 1.784902439312186784e-01
5.593297883144417710e+02 1.784584917378862767e-01
5.596201673664415921e+02 1.784267432685729404e-01
5.599106969012385662e+02 1.783949985230112723e-01
5.602013769968159522e+02 1.783632575009340970e-01
5.604922077312010060e+02 1.783315202020740453e-01
5.607831891824580453e+02 1.782997866261641917e-01
5.610743214286928833e+02 1.782680567729376386e-01
5.613656045480516923e+02 1.782363306421276550e-01
5.616570386187214581e+02 1.782046082334675929e-01
5.619486237189292979e+02 1.781728895466909712e-01
5.622403599269432561e+02 1.781411745815313641e-01
5.625322473210716225e+02 1.781094633377225955e-01
5.628242859796636139e+02 1.780777558149985451e-01
5.631164759811074418e+02 1.780460520130933977e-01
5.634088174038356556e+02 1.780143519317409773e-01
5.637013103263180938e+02 1.779826555706757740e-01
5.639939548270663181e+02 1.779509629296321394e-01
5.642867509846324765e+02 1.779192740083447022e-01
5.645796988776095304e+02 1.778875888065480915e-01
5.648727985846311412e+02 1.778559073239771304e-01
5.651660501843716702e+02 1.778242295603667533e-01
5.654594537555464058e+02 1.777925555154520609e-01
5.657530093769112227e+02 1.777608851889682373e-01
5.660467171272618998e+02 1.777292185806507163e-01
5.663405770854382126e+02 1.776975556902347930e-01
5.666345893303175671e+02 1.776658965174561233e-01
5.669287539408193197e+02 1.776342410620504464e-01
5.672230709959037540e+02 1.776025893237536402e-01
5.675175405745720809e+02 1.775709413023016658e-01
5.678121627558662112e+02 1.775392969974307067e-01
5.681069376188694378e+02 1.775076564088769737e-01
5.684018652427057532e+02 1.774760195363768167e-01
5.686969457065403049e+02 1.774443863796668075e-01
5.689921790895779168e+02 1.774127569384836567e-01
5.692875654710680919e+02 1.773811312125639639e-01
5.695831049302978499e+02 1.773495092016447172e-01
5.698787975465965019e+02 1.773178909054629326e-01
5.701746433993345136e+02 1.772862763237557926e-01
5.704706425679233917e+02 1.772546654562606183e-01
5.707667951318157975e+02 1.772230583027148421e-01
5.710631011705055471e+02 1.771914548628559793e-01
5.713595607635279521e+02 1.771598551364217677e-01
5.716561739904590240e+02 1.771282591231500003e-01
5.719529409309151333e+02 1.770966668227788032e-01
5.722498616645575567e+02 1.770650782350459140e-01
5.725469362710852010e+02 1.770334933596897642e-01
5.728441648302392650e+02 1.770019121964486186e-01
5.731415474218025565e+02 1.769703347450609920e-01
5.734390841255990381e+02 1.769387610052655102e-01
5.737367750214940543e+02 1.769071909768009099e-01
5.740346201893946727e+02 1.768756246594059833e-01
5.743326197092487746e+02 1.768440620528198282e-01
5.746307736610461916e+02 1.768125031567814864e-01
5.749290821248167731e+02 1.767809479710303888e-01
5.752275451806353885e+02 1.767493964953056329e-01
5.755261629086149924e+02 1.767178487293469269e-01
5.758249353889111717e+02 1.766863046728938680e-01
5.761238627017208955e+02 1.766547643256862754e-01
5.764229449272829697e+02 1.766232276874639961e-01
5.767221821458775821e+02 1.765916947579671270e-01
5.770215744378267573e+02 1.765601655369358203e-01
5.773211218834936744e+02 1.765286400241103670e-01
5.776208245632836906e+02 1.764971182192312249e-01
5.779206825576422943e+02 1.764656001220390458e-01
5.782206959470605625e+02 1.764340857322743150e-01
5.785208648120672024e+02 1.764025750496779343e-01
5.788211892332343496e+02 1.763710680739908887e-01
5.791216692911756354e+02 1.763395648049542741e-01
5.794223050665466417e+02 1.763080652423092420e-01
5.797230966400444458e+02 1.762765693857972216e-01
5.800240440924081895e+02 1.762450772351596140e-01
5.803251475044187373e+02 1.762135887901380704e-01
5.806264069568990180e+02 1.761821040504742697e-01
5.809278225307124330e+02 1.761506230159102515e-01
5.812293943067679720e+02 1.761191456861877502e-01
5.815311223660129372e+02 1.760876720610490276e-01
5.818330067894377180e+02 1.760562021402363175e-01
5.821350476580747682e+02 1.760247359234920206e-01
5.824372450529986054e+02 1.759932734105586205e-01
5.827395990553254705e+02 1.759618146011787954e-01
5.830421097462141233e+02 1.759303594950953342e-01
5.833447772068648192e+02 1.758989080920511094e-01
5.836476015185203323e+02 1.758674603917891877e-01
5.839505827624641370e+02 1.758360163940528298e-01
5.842537210200252957e+02 1.758045760985851025e-01
5.845570163725719794e+02 1.757731395051295442e-01
5.848604689015148779e+02 1.757417066134297212e-01
5.851640786883077681e+02 1.757102774232292830e-01
5.854678458144459228e+02 1.756788519342721289e-01
5.857717703614671336e+02 1.756474301463021304e-01
5.860758524109515974e+02 1.756160120590634088e-01
5.863800920445214615e+02 1.755845976723001411e-01
5.866844893438415056e+02 1.755531869857566429e-01
5.869890443906173232e+02 1.755217799991775629e-01
5.872937572666006645e+02 1.754903767123072444e-01
5.875986280535819333e+02 1.754589771248904750e-01
5.879036568333953028e+02 1.754275812366721532e-01
5.882088436879170104e+02 1.753961890473972884e-01
5.885141886990660396e+02 1.753648005568109458e-01
5.888196919488037793e+02 1.753334157646583846e-01
5.891253535191337960e+02 1.753020346706850030e-01
5.894311734921026300e+02 1.752706572746362823e-01
5.897371519497989993e+02 1.752392835762578704e-01
5.900432889743531177e+02 1.752079135752956651e-01
5.903495846479411284e+02 1.751765472714952865e-01
5.906560390527786240e+02 1.751451846646028820e-01
5.909626522711243979e+02 1.751138257543646548e-01
5.912694243852803311e+02 1.750824705405268078e-01
5.915763554775909370e+02 1.750511190228358216e-01
5.918834456304430205e+02 1.750197712010382323e-01
5.921906949262665876e+02 1.749884270748806592e-01
5.924981034475339357e+02 1.749570866441099715e-01
5.928056712767604495e+02 1.749257499084730383e-01
5.931133984965027821e+02 1.748944168677170896e-01
5.934212851893640845e+02 1.748630875215890501e-01
5.937293314379867297e+02 1.748317618698363995e-01
5.940375373250572011e+02 1.748004399122065344e-01
5.943459029333047283e+02 1.747691216484470456e-01
5.946544283455012874e+02 1.747378070783056625e-01
5.949631136444621688e+02 1.747064962015301981e-01
5.952719589130449549e+02 1.746751890178686317e-01
5.955809642341507697e+02 1.746438855270691093e-01
5.958901296907233700e+02 1.746125857288798044e-01
5.961994553657483493e+02 1.745812896230491684e-01
5.965089413422580265e+02 1.745499972093254859e-01
5.968185877033238285e+02 1.745187084874575134e-01
5.971283945320619750e+02 1.744874234571939520e-01
5.974383619116312047e+02 1.744561421182836969e-01
5.977484899252335708e+02 1.744248644704757545e-01
5.980587786561144412e+02 1.743935905135192421e-01
5.983692281875620438e+02 1.743623202471634159e-01
5.986798386029078074e+02 1.743310536711577263e-01
5.989906099855265893e+02 1.742997907852515960e-01
5.993015424188348561e+02 1.742685315891948639e-01
5.996126359862961408e+02 1.742372760827370914e-01
5.999238907714137667e+02 1.742060242656282287e-01
6.002353068577353952e+02 1.741747761376183368e-01
6.005468843288517746e+02 1.741435316984576431e-01
6.008586232683971957e+02 1.741122909478963754e-01
6.011705237600493774e+02 1.740810538856849832e-01
6.014825858875290123e+02 1.740498205115739994e-01
6.017948097346007899e+02 1.740185908253141511e-01
6.021071953850722593e+02 1.739873648266562212e-01
6.024197429227934890e+02 1.739561425153512697e-01
6.027324524316614998e+02 1.739249238911501350e-01
6.030453239956131029e+02 1.738937089538041547e-01
6.033583576986301296e+02 1.738624977030646113e-01
6.036715536247374985e+02 1.738312901386830089e-01
6.039849118580040113e+02 1.738000862604109076e-01
6.042984324825418980e+02 1.737688860680000336e-01
6.046121155825069309e+02 1.737376895612022243e-01
6.049259612420987651e+02 1.737064967397694559e-01
6.052399695455603705e+02 1.736753076034538434e-01
6.055541405771771224e+02 1.736441221520077238e-01
6.058684744212820306e+02 1.736129403851832398e-01
6.061829711622478953e+02 1.735817623027329504e-01
6.064976308844927644e+02 1.735505879044095257e-01
6.068124536724781137e+02 1.735194171899656912e-01
6.071274396107093025e+02 1.734882501591543391e-01
6.074425887837355731e+02 1.734570868117284448e-01
6.077579012761497097e+02 1.734259271474411779e-01
6.080733771725887209e+02 1.733947711660457636e-01
6.083890165577331572e+02 1.733636188672956213e-01
6.087048195163064293e+02 1.733324702509443649e-01
6.090207861330795822e+02 1.733013253167454415e-01
6.093369164928634518e+02 1.732701840644527147e-01
6.096532106805146896e+02 1.732390464938201036e-01
6.099696687809336026e+02 1.732079126046016382e-01
6.102862908790642678e+02 1.731767823965514874e-01
6.106030770598953268e+02 1.731456558694239312e-01
6.109200274084588500e+02 1.731145330229734158e-01
6.112371420098315866e+02 1.730834138569544711e-01
6.115544209491338279e+02 1.730522983711217933e-01
6.118718643115292934e+02 1.730211865652302727e-01
6.121894721822289966e+02 1.729900784390346613e-01
6.125072446464846507e+02 1.729589739922900715e-01
6.128251817895935574e+02 1.729278732247517547e-01
6.131432836968967877e+02 1.728967761361749900e-01
6.134615504537800916e+02 1.728656827263152784e-01
6.137799821456733298e+02 1.728345929949281490e-01
6.140985788580504732e+02 1.728035069417693248e-01
6.144173406764298306e+02 1.727724245665946401e-01
6.147362676863741626e+02 1.727413458691600401e-01
6.150553599734893169e+02 1.727102708492217753e-01
6.153746176234291170e+02 1.726791995065358187e-01
6.156940407218880864e+02 1.726481318408585874e-01
6.160136293546063371e+02 1.726170678519466095e-01
6.163333836073687735e+02 1.725860075395564963e-01
6.166533035660041833e+02 1.725549509034449425e-01
6.169733893163862604e+02 1.725238979433688369e-01
6.172936409444330366e+02 1.724928486590851517e-01
6.176140585361071089e+02 1.724618030503510258e-01
6.179346421774156397e+02 1.724307611169236809e-01
6.182553919544091059e+02 1.723997228585606445e-01
6.185763079531863013e+02 1.723686882750191385e-01
6.188973902598867198e+02 1.723376573660569400e-01
6.192186389606961257e+02 1.723066301314318260e-01
6.195400541418447347e+02 1.722756065709016293e-01
6.198616358896074416e+02 1.722445866842244044e-01
6.201833842903037066e+02 1.722135704711582893e-01
6.205052994302981233e+02 1.721825579314615606e-01
6.208273813959996232e+02 1.721515490648925784e-01
6.211496302738622717e+02 1.721205438712099245e-01
6.214720461503833349e+02 1.720895423501723476e-01
6.217946291121088507e+02 1.720585445015384018e-01
6.221173792456261253e+02 1.720275503250670857e-01
6.224402966375682809e+02 1.719965598205174806e-01
6.227633813746133455e+02 1.719655729876487515e-01
6.230866335434844814e+02 1.719345898262201744e-01
6.234100532309497567e+02 1.719036103359911916e-01
6.237336405238220323e+02 1.718726345167213287e-01
6.240573955089593028e+02 1.718416623681702504e-01
6.243813182732645828e+02 1.718106938900978431e-01
6.247054089036844289e+02 1.717797290822641043e-01
6.250296674872146241e+02 1.717487679444288373e-01
6.253540941108919924e+02 1.717178104763524005e-01
6.256786888617998557e+02 1.716868566777950689e-01
6.260034518270663284e+02 1.716559065485173119e-01
6.263283830938653409e+02 1.716249600882797099e-01
6.266534827494151614e+02 1.715940172968429545e-01
6.269787508809801011e+02 1.715630781739678756e-01
6.273041875758690367e+02 1.715321427194154424e-01
6.276297929214363194e+02 1.715012109329467072e-01
6.279555670050804110e+02 1.714702828143230551e-01
6.282815099142489998e+02 1.714393583633055385e-01
6.286076217364305876e+02 1.714084375796557647e-01
6.289339025591613108e+02 1.713775204631353133e-01
6.292603524700216440e+02 1.713466070135059305e-01
6.295869715566383320e+02 1.713156972305294456e-01
6.299137599066827988e+02 1.712847911139678547e-01
6.302407176078723978e+02 1.712538886635832647e-01
6.305678447479698434e+02 1.712229898791378657e-01
6.308951414147829837e+02 1.711920947603940979e-01
6.312226076961645731e+02 1.711612033071144845e-01
6.315502436800160240e+02 1.711303155190614378e-01
6.318780494542808128e+02 1.710994313959978419e-01
6.322060251069493688e+02 1.710685509376865254e-01
6.325341707260573685e+02 1.710376741438905390e-01
6.328624863996865315e+02 1.710068010143729333e-01
6.331909722159639387e+02 1.709759315488970366e-01
6.335196282630623728e+02 1.709450657472261770e-01
6.338484546292004325e+02 1.709142036091238770e-01
6.341774514026421912e+02 1.708833451343537702e-01
6.345066186716965149e+02 1.708524903226797398e-01
6.348359565247216096e+02 1.708216391738654472e-01
6.351654650501178594e+02 1.707907916876749976e-01
6.354951443363323733e+02 1.707599478638725521e-01
6.358249944718586448e+02 1.707291077022223824e-01
6.361550155452354147e+02 1.706982712024888715e-01
6.364852076450478080e+02 1.706674383644365689e-01
6.368155708599265381e+02 1.706366091878301072e-01
6.371461052785484753e+02 1.706057836724342858e-01
6.374768109896361921e+02 1.705749618180139593e-01
6.378076880819571670e+02 1.705441436243343434e-01
6.381387366443286737e+02 1.705133290911603205e-01
6.384699567656102772e+02 1.704825182182573007e-01
6.388013485347084952e+02 1.704517110053906936e-01
6.391329120405763433e+02 1.704209074523260758e-01
6.394646473722127666e+02 1.703901075588290792e-01
6.397965546186626398e+02 1.703593113246655300e-01
6.401286338690175626e+02 1.703285187496013098e-01
6.404608852124146097e+02 1.702977298334024669e-01
6.407933087380373536e+02 1.702669445758352162e-01
6.411259045351143868e+02 1.702361629766659668e-01
6.414586726929243241e+02 1.702053850356608777e-01
6.417916133007881854e+02 1.701746107525866636e-01
6.421247264480746253e+02 1.701438401272099832e-01
6.424580122241983418e+02 1.701130731592976619e-01
6.427914707186207579e+02 1.700823098486166363e-01
6.431251020208493401e+02 1.700515501949339259e-01
6.434589062204382799e+02 1.700207941980167725e-01
6.437928834069878121e+02 1.699900418576324734e-01
6.441270336701447832e+02 1.699592931735484924e-01
6.444613570996011731e+02 1.699285481455324598e-01
6.447958537850994389e+02 1.698978067733518948e-01
6.451305238164244429e+02 1.698670690567747055e-01
6.454653672834090230e+02 1.698363349955688550e-01
6.458003842759326290e+02 1.698056045895024180e-01
6.461355748839210946e+02 1.697748778383436075e-01
6.464709391973470929e+02 1.697441547418607199e-01
6.468064773062295671e+02 1.697134352998222462e-01
6.471421893006345272e+02 1.696827195119967602e-01
6.474780752706743669e+02 1.696520073781529192e-01
6.478141353065069552e+02 1.696212988980597691e-01
6.481503694983409787e+02 1.695905940714859672e-01
6.484867779364276430e+02 1.695598928982007259e-01
6.488233607110662433e+02 1.695291953779732852e-01
6.491601179126033685e+02 1.694985015105729687e-01
6.494970496314317643e+02 1.694678112957692384e-01
6.498341559579915838e+02 1.694371247333316954e-01
6.501714369827692508e+02 1.694064418230300517e-01
6.505088927962987100e+02 1.693757625646341580e-01
6.508465234891602904e+02 1.693450869579140039e-01
6.511843291519804779e+02 1.693144150026398009e-01
6.515223098754362354e+02 1.692837466985814832e-01
6.518604657502477266e+02 1.692530820455095952e-01
6.521987968671833187e+02 1.692224210431945708e-01
6.525373033170586723e+02 1.691917636914070100e-01
6.528759851907362872e+02 1.691611099899176518e-01
6.532148425791259569e+02 1.691304599384973739e-01
6.535538755731843139e+02 1.690998135369171096e-01
6.538930842639153980e+02 1.690691707849479863e-01
6.542324687423702017e+02 1.690385316823612705e-01
6.545720290996456470e+02 1.690078962289283948e-01
6.549117654268900424e+02 1.689772644244205979e-01
6.552516778152946699e+02 1.689466362686096734e-01
6.555917663560994697e+02 1.689160117612673040e-01
6.559320311405916755e+02 1.688853909021653388e-01
6.562724722601058147e+02 1.688547736910758490e-01
6.566130898060239360e+02 1.688241601277708781e-01
6.569538838697751544e+02 1.687935502120226638e-01
6.572948545428363332e+02 1.687629439436035828e-01
6.576360019167310611e+02 1.687323413222861779e-01
6.579773260830298796e+02 1.687017423478431311e-01
6.583188271333541479e+02 1.686711470200469298e-01
6.586605051593691087e+02 1.686405553386706446e-01
6.590023602527884350e+02 1.686099673034871793e-01
6.593443925053737757e+02 1.685793829142696876e-01
6.596866020089340736e+02 1.685488021707914619e-01
6.600289888553257924e+02 1.685182250728257947e-01
6.603715531364532580e+02 1.684876516201462560e-01
6.607142949442682038e+02 1.684570818125264158e-01
6.610572143707698842e+02 1.684265156497400662e-01
6.614003115080043926e+02 1.683959531315611657e-01
6.617435864480690952e+02 1.683653942577634788e-01
6.620870392831051277e+02 1.683348390281212970e-01
6.624306701053029656e+02 1.683042874424088009e-01
6.627744790069006058e+02 1.682737395004003933e-01
6.631184660801837936e+02 1.682431952018705879e-01
6.634626314174863637e+02 1.682126545465940370e-01
6.638069751111898995e+02 1.681821175343454211e-01
6.641514972537239601e+02 1.681515841648996701e-01
6.644961979375655119e+02 1.681210544380317973e-01
6.648410772552387016e+02 1.680905283535170103e-01
6.651861352993192895e+02 1.680600059111303779e-01
6.655313721624273740e+02 1.680294871106473298e-01
6.658767879372318248e+02 1.679989719518434066e-01
6.662223827164500563e+02 1.679684604344942600e-01
6.665681565928472310e+02 1.679379525583755972e-01
6.669141096592366011e+02 1.679074483232633197e-01
6.672602420084797359e+02 1.678769477289334677e-01
6.676065537334860664e+02 1.678464507751621093e-01
6.679530449272133410e+02 1.678159574617255623e-01
6.682997156826660330e+02 1.677854677884002554e-01
6.686465660929007981e+02 1.677549817549625344e-01
6.689935962510188574e+02 1.677244993611891055e-01
6.693408062501706581e+02 1.676940206068567030e-01
6.696881961835548509e+02 1.676635454917422552e-01
6.700357661444185169e+02 1.676330740156227461e-01
6.703835162260573952e+02 1.676026061782752985e-01
6.707314465218149735e+02 1.675721419794771738e-01
6.710795571250835110e+02 1.675416814190057724e-01
6.714278481293035838e+02 1.675112244966385777e-01
6.717763196279627209e+02 1.674807712121533509e-01
6.721249717146012017e+02 1.674503215653276034e-01
6.724738044828034162e+02 1.674198755559393459e-01
6.728228180262038904e+02 1.673894331837665339e-01
6.731720124384853534e+02 1.673589944485873726e-01
6.735213878133795333e+02 1.673285593501800395e-01
6.738709442446663616e+02 1.672981278883229894e-01
6.742206818261743138e+02 1.672677000627946775e-01
6.745706006517808646e+02 1.672372758733737530e-01
6.749207008154119194e+02 1.672068553198389484e-01
6.752709824110405634e+02 1.671764384019692740e-01
6.756214455326929738e+02 1.671460251195434898e-01
6.759720902744398927e+02 1.671156154723408283e-01
6.763229167304017437e+02 1.670852094601405768e-01
6.766739249947482904e+02 1.670548070827221065e-01
6.770251151616979541e+02 1.670244083398648716e-01
6.773764873255175871e+02 1.669940132313485481e-01
6.777280415805237226e+02 1.669636217569528680e-01
6.780797780210807559e+02 1.669332339164577017e-01
6.784316967416028774e+02 1.669028497096430586e-01
6.787837978365512299e+02 1.668724691362891421e-01
6.791360814004403892e+02 1.668420921961759895e-01
6.794885475278293825e+02 1.668117188890841096e-01
6.798411963133281688e+02 1.667813492147939836e-01
6.801940278515953651e+02 1.667509831730862035e-01
6.805470422373387009e+02 1.667206207637415560e-01
6.809002395653149051e+02 1.666902619865408830e-01
6.812536199303301601e+02 1.666599068412651929e-01
6.816071834272393062e+02 1.666295553276956054e-01
6.819609301509466377e+02 1.665992074456133232e-01
6.823148601964041973e+02 1.665688631947999099e-01
6.826689736586175741e+02 1.665385225750365128e-01
6.830232706326368088e+02 1.665081855861049454e-01
6.833777512135633287e+02 1.664778522277869099e-01
6.837324154965473326e+02 1.664475224998642755e-01
6.840872635767887004e+02 1.664171964021190220e-01
6.844422955495365386e+02 1.663868739343332681e-01
6.847975115100889525e+02 1.663565550962892436e-01
6.851529115537938424e+02 1.663262398877693171e-01
6.855084957760485622e+02 1.662959283085559403e-01
6.858642642722982146e+02 1.662656203584318426e-01
6.862202171380416758e+02 1.662353160371795591e-01
6.865763544688231832e+02 1.662050153445820411e-01
6.869326763602377923e+02 1.661747182804222400e-01
6.872891829079302397e+02 1.661444248444832739e-01
6.876458742075946020e+02 1.661141350365483438e-01
6.880027503549747507e+02 1.660838488564008453e-01
6.883598114458641248e+02 1.660535663038242293e-01
6.887170575761057307e+02 1.660232873786020857e-01
6.890744888415922560e+02 1.659930120805181153e-01
6.894321053382649325e+02 1.659627404093563241e-01
6.897899071621184248e+02 1.659324723649003852e-01
6.901478944091934409e+02 1.659022079469345545e-01
6.905060671755815065e+02 1.658719471552430602e-01
6.908644255574240560e+02 1.658416899896101859e-01
6.912229696509126597e+02 1.658114364498203819e-01
6.915816995522878869e+02 1.657811865356583203e-01
6.919406153578413523e+02 1.657509402469086179e-01
6.922997171639136695e+02 1.657206975833561413e-01
6.926590050668954746e+02 1.656904585447858957e-01
6.930184791632266297e+02 1.656602231309829698e-01
6.933781395494002027e+02 1.656299913417324243e-01
6.937379863219558729e+02 1.655997631768196532e-01
6.940980195774843651e+02 1.655695386360301058e-01
6.944582394126265399e+02 1.655393177191493703e-01
6.948186459240733939e+02 1.655091004259631460e-01
6.951792392085657184e+02 1.654788867562572430e-01
6.955400193628950092e+02 1.654486767098175826e-01
6.959009864839023294e+02 1.654184702864302525e-01
6.962621406684794465e+02 1.653882674858814239e-01
6.966234820135665586e+02 1.653580683079575453e-01
6.969850106161583199e+02 1.653278727524447878e-01
6.973467265732958822e+02 1.652976808191298497e-01
6.977086299820715567e+02 1.652674925077994017e-01
6.980707209396282451e+02 1.652373078182402810e-01
6.984329995431590987e+02 1.652071267502393248e-01
6.987954658899076321e+02 1.651769493035836756e-01
6.991581200771679505e+02 1.651467754780604480e-01
6.995209622022842950e+02 1.651166052734569789e-01
6.998839923626513837e+02 1.650864386895606328e-01
7.002472106557133884e+02 1.650562757261591074e-01
7.006106171789687096e+02 1.650261163830398226e-01
7.009742120299622457e+02 1.649959606599906980e-01
7.013379953062909635e+02 1.649658085567995980e-01
7.017019671056021934e+02 1.649356600732546085e-01
7.020661275255940836e+02 1.649055152091438159e-01
7.024304766640152593e+02 1.648753739642555560e-01
7.027950146186650500e+02 1.648452363383782204e-01
7.031597414873934895e+02 1.648151023313003116e-01
7.035246573681012023e+02 1.647849719428104709e-01
7.038897623587383805e+02 1.647548451726976171e-01
7.042550565573098993e+02 1.647247220207503637e-01
7.046205400618675867e+02 1.646946024867578795e-01
7.049862129705151119e+02 1.646644865705092775e-01
7.053520753814070758e+02 1.646343742717938374e-01
7.057181273927491247e+02 1.646042655904009222e-01
7.060843691027977229e+02 1.645741605261200058e-01
7.064508006098600390e+02 1.645440590787407564e-01
7.068174220122944007e+02 1.645139612480529256e-01
7.071842334085101811e+02 1.644838670338463760e-01
7.075512348969660934e+02 1.644537764359111920e-01
7.079184265761763299e+02 1.644236894540372362e-01
7.082858085447016947e+02 1.643936060880149264e-01
7.086533809011557423e+02 1.643635263376346245e-01
7.090211437442029592e+02 1.643334502026867205e-01
7.093890971725589907e+02 1.643033776829619097e-01
7.097572412849905277e+02 1.642733087782508594e-01
7.101255761803156474e+02 1.642432434883444869e-01
7.104941019574035863e+02 1.642131818130336818e-01
7.108628187151747397e+02 1.641831237521095832e-01
7.112317265525991843e+02 1.641530693053635248e-01
7.116008255687031578e+02 1.641230184725865904e-01
7.119701158625591688e+02 1.640929712535703355e-01
7.123395975332929311e+02 1.640629276481063992e-01
7.127092706800817723e+02 1.640328876559864202e-01
7.130791354021537245e+02 1.640028512770022873e-01
7.134491917987888883e+02 1.639728185109458891e-01
7.138194399693182959e+02 1.639427893576093087e-01
7.141898800131248208e+02 1.639127638167847678e-01
7.145605120296428368e+02 1.638827418882645437e-01
7.149313361183566258e+02 1.638527235718411912e-01
7.153023523788062903e+02 1.638227088673070708e-01
7.156735609105795675e+02 1.637926977744549040e-01
7.160449618133168315e+02 1.637626902930775508e-01
7.164165551867102977e+02 1.637326864229678991e-01
7.167883411305037953e+02 1.637026861639190312e-01
7.171603197444928810e+02 1.636726895157240291e-01
7.175324911285248390e+02 1.636426964781762805e-01
7.179048553824985675e+02 1.636127070510691173e-01
7.182774126063650328e+02 1.635827212341960935e-01
7.186501629001249967e+02 1.635527390273510129e-01
7.190231063638360638e+02 1.635227604303273463e-01
7.193962430976029054e+02 1.634927854429191196e-01
7.197695732015836256e+02 1.634628140649203865e-01
7.201430967759882833e+02 1.634328462961252282e-01
7.205168139210787785e+02 1.634028821363279482e-01
7.208907247371689664e+02 1.633729215853229055e-01
7.212648293246249978e+02 1.633429646429046256e-01
7.216391277838645237e+02 1.633130113088676616e-01
7.220136202153574914e+02 1.632830615830068166e-01
7.223883067196246657e+02 1.632531154651170602e-01
7.227631873972428593e+02 1.632231729549931398e-01
7.231382623488370882e+02 1.631932340524302749e-01
7.235135316750854599e+02 1.631632987572236848e-01
7.238889954767186055e+02 1.631333670691687276e-01
7.242646538545193380e+02 1.631034389880608726e-01
7.246405069093227667e+02 1.630735145136957276e-01
7.250165547420157282e+02 1.630435936458689561e-01
7.253927974535381509e+02 1.630136763843764158e-01
7.257692351448815771e+02 1.629837627290141033e-01
7.261458679170888217e+02 1.629538526795781539e-01
7.265226958712595433e+02 1.629239462358645363e-01
7.268997191085408076e+02 1.628940433976697189e-01
7.272769377301341365e+02 1.628641441647900867e-01
7.276543518372933477e+02 1.628342485370222192e-01
7.280319615313246686e+02 1.628043565141628068e-01
7.284097669135869637e+02 1.627744680960086510e-01
7.287877680854913933e+02 1.627445832823566640e-01
7.291659651485016411e+02 1.627147020730038973e-01
7.295443582041343689e+02 1.626848244677474853e-01
7.299229473539571700e+02 1.626549504663848400e-01
7.303017326995944813e+02 1.626250800687131515e-01
7.306807143427192841e+02 1.625952132745300260e-01
7.310598923850583333e+02 1.625653500836331256e-01
7.314392669283918167e+02 1.625354904958201951e-01
7.318188380745517634e+02 1.625056345108891742e-01
7.321986059254237489e+02 1.624757821286380022e-01
7.325785705829457584e+02 1.624459333488648405e-01
7.329587321491084140e+02 1.624160881713679616e-01
7.333390907259558844e+02 1.623862465959456935e-01
7.337196464155828153e+02 1.623564086223966141e-01
7.341003993201420599e+02 1.623265742505191622e-01
7.344813495418345610e+02 1.622967434801121378e-01
7.348624971829157175e+02 1.622669163109744239e-01
7.352438423456937926e+02 1.622370927429049314e-01
7.356253851325304822e+02 1.622072727757027932e-01
7.360071256458400057e+02 1.621774564091672532e-01
7.363890639880901290e+02 1.621476436430975554e-01
7.367712002618013685e+02 1.621178344772932212e-01
7.371535345695475598e+02 1.620880289115537720e-01
7.375360670139542663e+02 1.620582269456790347e-01
7.379187976977044627e+02 1.620284285794685863e-01
7.383017267235301233e+02 1.619986338127224756e-01
7.386848541942176780e+02 1.619688426452407237e-01
7.390681802126071034e+02 1.619390550768235459e-01
7.394517048815914677e+02 1.619092711072711854e-01
7.398354283041172721e+02 1.618794907363841074e-01
7.402193505831843368e+02 1.618497139639627769e-01
7.406034718218458011e+02 1.618199407898078812e-01
7.409877921232083509e+02 1.617901712137201908e-01
7.413723115904303995e+02 1.617604052355006983e-01
7.417570303267286818e+02 1.617306428549501740e-01
7.421419484353684766e+02 1.617008840718698881e-01
7.425270660196702011e+02 1.616711288860610551e-01
7.429123831830080462e+02 1.616413772973250562e-01
7.432979000288095222e+02 1.616116293054633835e-01
7.436836166605559129e+02 1.615818849102776678e-01
7.440695331817820488e+02 1.615521441115695955e-01
7.444556496960764207e+02 1.615224069091409920e-01
7.448419663070812931e+02 1.614926733027938488e-01
7.452284831184908853e+02 1.614629432923304075e-01
7.456152002340578520e+02 1.614332168775525767e-01
7.460021177575840738e+02 1.614034940582628752e-01
7.463892357929269110e+02 1.613737748342636280e-01
7.467765544439971563e+02 1.613440592053574929e-01
7.471640738147597176e+02 1.613143471713471278e-01
7.475517940092332765e+02 1.612846387320353292e-01
7.479397151314907433e+02 1.612549338872250049e-01
7.483278372856584610e+02 1.612252326367192012e-01
7.487161605759168879e+02 1.611955349803211035e-01
7.491046851064991188e+02 1.611658409178340634e-01
7.494934109816967975e+02 1.611361504490612662e-01
7.498823383058510217e+02 1.611064635738063411e-01
7.502714671833581406e+02 1.610767802918729452e-01
7.506607977186693006e+02 1.610471006030647634e-01
7.510503300162891946e+02 1.610174245071857579e-01
7.514400641807769716e+02 1.609877520040398635e-01
7.518300003167456680e+02 1.609580830934312090e-01
7.522201385288628899e+02 1.609284177751640066e-01
7.526104789218502447e+02 1.608987560490426350e-01
7.530010216004822041e+02 1.608690979148716393e-01
7.533917666695921298e+02 1.608394433724553985e-01
7.537827142340629507e+02 1.608097924215987629e-01
7.541738643988336435e+02 1.607801450621065276e-01
7.545652172688976407e+02 1.607505012937835986e-01
7.549567729493024899e+02 1.607208611164351042e-01
7.553485315451505357e+02 1.606912245298661723e-01
7.557404931615982377e+02 1.606615915338821254e-01
7.561326579038568525e+02 1.606319621282883692e-01
7.565250258771919789e+02 1.606023363128904757e-01
7.569175971869223076e+02 1.605727140874941561e-01
7.573103719384257602e+02 1.605430954519049824e-01
7.577033502371299392e+02 1.605134804059289710e-01
7.580965321885190633e+02 1.604838689493721382e-01
7.584899178981319210e+02 1.604542610820405835e-01
7.588835074715617566e+02 1.604246568037405729e-01
7.592773010144566115e+02 1.603950561142784281e-01
7.596712986325195516e+02 1.603654590134606928e-01
7.600655004315079850e+02 1.603358655010939382e-01
7.604599065172344581e+02 1.603062755769849024e-01
7.608545169955648362e+02 1.602766892409405175e-01
7.612493319724241019e+02 1.602471064927675215e-01
7.616443515537880558e+02 1.602175273322730964e-01
7.620395758456883186e+02 1.601879517592644242e-01
7.624350049542119905e+02 1.601583797735488535e-01
7.628306389855008547e+02 1.601288113749337882e-01
7.632264780457519464e+02 1.600992465632267436e-01
7.636225222412169842e+02 1.600696853382354568e-01
7.640187716782030520e+02 1.600401276997676370e-01
7.644152264630721447e+02 1.600105736476312435e-01
7.648118867022401446e+02 1.599810231816343742e-01
7.652087525021822785e+02 1.599514763015849328e-01
7.656058239694244776e+02 1.599219330072913225e-01
7.660031012105496302e+02 1.598923932985618634e-01
7.664005843321955354e+02 1.598628571752050975e-01
7.667982734410556986e+02 1.598333246370295946e-01
7.671961686438781953e+02 1.598037956838441187e-01
7.675942700474672620e+02 1.597742703154574617e-01
7.679925777586819322e+02 1.597447485316786375e-01
7.683910918844366051e+02 1.597152303323166878e-01
7.687898125317000222e+02 1.596857157171809316e-01
7.691887398075003830e+02 1.596562046860804662e-01
7.695878738189171600e+02 1.596266972388247773e-01
7.699872146730865552e+02 1.595971933752235172e-01
7.703867624772007048e+02 1.595676930950862549e-01
7.707865173385067692e+02 1.595381963982228368e-01
7.711864793643080702e+02 1.595087032844431096e-01
7.715866486619629541e+02 1.594792137535571419e-01
7.719870253388858146e+02 1.594497278053750577e-01
7.723876095025464110e+02 1.594202454397070923e-01
7.727884012604689588e+02 1.593907666563637304e-01
7.731894007202376997e+02 1.593612914551552628e-01
7.735906079894883760e+02 1.593318198358923410e-01
7.739920231759139142e+02 1.593023517983857551e-01
7.743936463872627201e+02 1.592728873424462954e-01
7.747954777313393606e+02 1.592434264678849465e-01
7.751975173160044505e+02 1.592139691745127483e-01
7.755997652491740837e+02 1.591845154621409353e-01
7.760022216388204015e+02 1.591550653305807694e-01
7.764048865929717067e+02 1.591256187796437349e-01
7.768077602197106444e+02 1.590961758091413991e-01
7.772108426271801136e+02 1.590667364188852739e-01
7.776141339235750820e+02 1.590373006086871766e-01
7.780176342171479291e+02 1.590078683783590630e-01
7.784213436162065136e+02 1.589784397277128891e-01
7.788252622291158787e+02 1.589490146565608331e-01
7.792293901642963192e+02 1.589195931647150728e-01
7.796337275302247463e+02 1.588901752519879806e-01
7.800382744354343458e+02 1.588607609181920677e-01
7.804430309885142378e+02 1.588313501631399005e-01
7.808479972981085666e+02 1.588019429866442955e-01
7.812531734729221853e+02 1.587725393885178748e-01
7.816585596217119019e+02 1.587431393685736492e-01
7.820641558532920499e+02 1.587137429266247401e-01
7.824699622765339200e+02 1.586843500624842418e-01
7.828759790003646231e+02 1.586549607759654978e-01
7.832822061337682271e+02 1.586255750668819076e-01
7.836886437857847341e+02 1.585961929350469812e-01
7.840952920655112166e+02 1.585668143802743402e-01
7.845021510821007951e+02 1.585374394023778000e-01
7.849092209447620689e+02 1.585080680011712873e-01
7.853165017627645739e+02 1.584787001764685899e-01
7.857239936454299141e+02 1.584493359280839120e-01
7.861316967021377877e+02 1.584199752558314578e-01
7.865396110423247364e+02 1.583906181595256257e-01
7.869477367754839179e+02 1.583612646389808143e-01
7.873560740111654468e+02 1.583319146940115885e-01
7.877646228589757129e+02 1.583025683244326520e-01
7.881733834285785179e+02 1.582732255300587920e-01
7.885823558296939382e+02 1.582438863107049343e-01
7.889915401720978707e+02 1.582145506661862266e-01
7.894009365656273758e+02 1.581852185963175950e-01
7.898105451201718097e+02 1.581558901009144091e-01
7.902203659456791911e+02 1.581265651797920391e-01
7.906303991521547232e+02 1.580972438327659657e-01
7.910406448496601115e+02 1.580679260596518365e-01
7.914511031483141323e+02 1.580386118602653545e-01
7.918617741582933149e+02 1.580093012344223613e-01
7.922726579898303498e+02 1.579799941819388376e-01
7.926837547532156805e+02 1.579506907026308193e-01
7.930950645587951158e+02 1.579213907963146757e-01
7.935065875169765377e+02 1.578920944628064149e-01
7.939183237382201241e+02 1.578628017019225727e-01
7.943302733330449428e+02 1.578335125134797123e-01
7.947424364120273594e+02 1.578042268972944806e-01
7.951548130858009245e+02 1.577749448531836352e-01
7.955674034650566000e+02 1.577456663809640725e-01
7.959802076605428738e+02 1.577163914804528000e-01
7.963932257830655317e+02 1.576871201514668808e-01
7.968064579434876578e+02 1.576578523938235721e-01
7.972199042527279289e+02 1.576285882073403255e-01
7.976335648217681182e+02 1.575993275918343706e-01
7.980474397616419537e+02 1.575700705471233809e-01
7.984615291834427353e+02 1.575408170730250856e-01
7.988758331983211747e+02 1.575115671693572417e-01
7.992903519174853955e+02 1.574823208359378002e-01
7.997050854522017289e+02 1.574530780725847401e-01
8.001200339137932360e+02 1.574238388791162901e-01
8.005351974136417539e+02 1.573946032553506513e-01
8.009505760631860767e+02 1.573653712011062189e-01
8.013661699739211599e+02 1.573361427162016102e-01
8.017819792574051689e+02 1.573069178004551927e-01
8.021980040252486788e+02 1.572776964536858058e-01
8.026142443891219500e+02 1.572484786757122610e-01
8.030307004607529962e+02 1.572192644663535643e-01
8.034473723519276973e+02 1.571900538254287216e-01
8.038642601744902549e+02 1.571608467527569608e-01
8.042813640403423960e+02 1.571316432481575376e-01
8.046986840614438279e+02 1.571024433114498742e-01
8.051162203498125791e+02 1.570732469424535038e-01
8.055339730175229533e+02 1.570440541409882096e-01
8.059519421767122367e+02 1.570148649068734137e-01
8.063701279395709207e+02 1.569856792399292322e-01
8.067885304183490689e+02 1.569564971399755593e-01
8.072071497253555208e+02 1.569273186068325110e-01
8.076259859729566415e+02 1.568981436403202867e-01
8.080450392735773448e+02 1.568689722402592523e-01
8.084643097397007523e+02 1.568398044064697738e-01
8.088837974838683067e+02 1.568106401387724946e-01
8.093035026186797722e+02 1.567814794369880027e-01
8.097234252567915291e+02 1.567523223009372468e-01
8.101435655109235086e+02 1.567231687304408705e-01
8.105639234938489608e+02 1.566940187253199612e-01
8.109844993184009354e+02 1.566648722853957454e-01
8.114052930974713718e+02 1.566357294104893660e-01
8.118263049440108716e+02 1.566065901004221883e-01
8.122475349710280170e+02 1.565774543550157161e-01
8.126689832915901661e+02 1.565483221740914810e-01
8.130906500188234531e+02 1.565191935574712367e-01
8.135125352659124474e+02 1.564900685049767370e-01
8.139346391460990162e+02 1.564609470164300131e-01
8.143569617726880097e+02 1.564318290916529020e-01
8.147795032590387336e+02 1.564027147304676846e-01
8.152022637185708618e+02 1.563736039326965588e-01
8.156252432647620481e+02 1.563444966981619444e-01
8.160484420111497457e+02 1.563153930266863167e-01
8.164718600713297292e+02 1.562862929180922622e-01
8.168954975589566629e+02 1.562571963722025337e-01
8.173193545877441011e+02 1.562281033888399395e-01
8.177434312714649423e+02 1.561990139678274270e-01
8.181677277239485875e+02 1.561699281089881375e-01
8.185922440590892393e+02 1.561408458121450460e-01
8.190169803908345330e+02 1.561117670771215715e-01
8.194419368331930400e+02 1.560826919037410221e-01
8.198671135002326764e+02 1.560536202918270110e-01
8.202925105060800206e+02 1.560245522412030683e-01
8.207181279649209955e+02 1.559954877516930016e-01
8.211439659910008686e+02 1.559664268231205908e-01
8.215700246986237971e+02 1.559373694553098655e-01
8.219963042021532829e+02 1.559083156480848553e-01
8.224228046160104668e+02 1.558792654012698953e-01
8.228495260546809504e+02 1.558502187146890428e-01
8.232764686327043364e+02 1.558211755881667993e-01
8.237036324646815046e+02 1.557921360215276940e-01
8.241310176652724522e+02 1.557631000145963951e-01
8.245586243491969753e+02 1.557340675671976815e-01
8.249864526312342150e+02 1.557050386791563601e-01
8.254145026262225429e+02 1.556760133502974042e-01
8.258427744490597888e+02 1.556469915804459536e-01
8.262712682147040368e+02 1.556179733694271761e-01
8.266999840381702143e+02 1.555889587170665167e-01
8.271289220345389595e+02 1.555599476231891709e-01
8.275580823189447983e+02 1.555309400876207782e-01
8.279874650065836477e+02 1.555019361101870334e-01
8.284170702127113373e+02 1.554729356907136595e-01
8.288468980526436098e+02 1.554439388290265178e-01
8.292769486417553253e+02 1.554149455249516643e-01
8.297072220954819386e+02 1.553859557783151546e-01
8.301377185293180219e+02 1.553569695889432112e-01
8.305684380588185149e+02 1.553279869566621396e-01
8.309993807995959969e+02 1.552990078812985508e-01
8.314305468673287578e+02 1.552700323626787227e-01
8.318619363777493163e+02 1.552410604006294326e-01
8.322935494466522641e+02 1.552120919949774858e-01
8.327253861898918785e+02 1.551831271455497707e-01
8.331574467233829182e+02 1.551541658521732314e-01
8.335897311630997137e+02 1.551252081146750339e-01
8.340222396250769634e+02 1.550962539328823997e-01
8.344549722254095059e+02 1.550673033066226336e-01
8.348879290802523201e+02 1.550383562357232070e-01
8.353211103058188201e+02 1.550094127200117855e-01
8.357545160183877897e+02 1.549804727593158127e-01
8.361881463342932648e+02 1.549515363534632040e-01
8.366220013699310130e+02 1.549226035022818193e-01
8.370560812417572834e+02 1.548936742055996851e-01
8.374903860662889201e+02 1.548647484632449389e-01
8.379249159601024530e+02 1.548358262750457737e-01
8.383596710398356890e+02 1.548069076408305489e-01
8.387946514221863481e+02 1.547779925604277351e-01
8.392298572239126315e+02 1.547490810336658307e-01
8.396652885618316304e+02 1.547201730603736947e-01
8.401009455528262606e+02 1.546912686403798809e-01
8.405368283138349170e+02 1.546623677735133595e-01
8.409729369618576129e+02 1.546334704596031839e-01
8.414092716139559798e+02 1.546045766984784631e-01
8.418458323872516758e+02 1.545756864899684169e-01
8.422826193989270678e+02 1.545467998339023763e-01
8.427196327662256863e+02 1.545179167301098389e-01
8.431568726064513157e+02 1.544890371784203575e-01
8.435943390369690178e+02 1.544601611786635964e-01
8.440320321752022892e+02 1.544312887306694415e-01
8.444699521386414744e+02 1.544024198342676124e-01
8.449080990448320563e+02 1.543735544892881895e-01
8.453464730113822725e+02 1.543446926955613085e-01
8.457850741559612970e+02 1.543158344529172166e-01
8.462239025962994674e+02 1.542869797611862437e-01
8.466629584501877162e+02 1.542581286201988311e-01
8.471022418354788215e+02 1.542292810297855588e-01
8.475417528700857019e+02 1.542004369897770899e-01
8.479814916719828943e+02 1.541715965000042265e-01
8.484214583592042800e+02 1.541427595602979650e-01
8.488616530498499060e+02 1.541139261704891072e-01
8.493020758620763218e+02 1.540850963304088717e-01
8.497427269141023771e+02 1.540562700398884766e-01
8.501836063242087675e+02 1.540274472987592513e-01
8.506247142107370109e+02 1.539986281068526919e-01
8.510660506920902435e+02 1.539698124640003496e-01
8.515076158867329923e+02 1.539410003700338314e-01
8.519494099131910616e+02 1.539121918247849941e-01
8.523914328900517603e+02 1.538833868280856665e-01
8.528336849359617418e+02 1.538545853797680385e-01
8.532761661696349620e+02 1.538257874796639113e-01
8.537188767098413109e+02 1.537969931276056690e-01
8.541618166754141157e+02 1.537682023234256401e-01
8.546049861852479808e+02 1.537394150669562365e-01
8.550483853582995835e+02 1.537106313580300643e-01
8.554920143135869921e+02 1.536818511964797018e-01
8.559358731701898932e+02 1.536530745821380328e-01
8.563799620472498191e+02 1.536243015148378299e-01
8.568242810639701474e+02 1.535955319944121711e-01
8.572688303396138281e+02 1.535667660206942176e-01
8.577136099935114544e+02 1.535380035935169640e-01
8.581586201450500084e+02 1.535092447127138493e-01
8.586038609136794548e+02 1.534804893781183122e-01
8.590493324189128543e+02 1.534517375895639024e-01
8.594950347803243176e+02 1.534229893468842254e-01
8.599409681175501419e+02 1.533942446499130807e-01
8.603871325502885838e+02 1.533655034984843235e-01
8.608335281983002005e+02 1.533367658924319477e-01
8.612801551814071672e+02 1.533080318315900303e-01
8.617270136194924817e+02 1.532793013157928708e-01
8.621741036325062169e+02 1.532505743448745739e-01
8.626214253404552892e+02 1.532218509186696609e-01
8.630689788634110755e+02 1.531931310370126254e-01
8.635167643215063435e+02 1.531644146997381550e-01
8.639647818349368436e+02 1.531357019066809655e-01
8.644130315239600577e+02 1.531069926576759388e-01
8.648615135088964507e+02 1.530782869525579848e-01
8.653102279101283330e+02 1.530495847911622076e-01
8.657591748481004288e+02 1.530208861733237946e-01
8.662083544433181714e+02 1.529921910988781275e-01
8.666577668163548651e+02 1.529634995676604214e-01
8.671074120878411122e+02 1.529348115795062246e-01
8.675572903784711798e+02 1.529061271342512240e-01
8.680074018090028858e+02 1.528774462317311067e-01
8.684577465002554391e+02 1.528487688717817261e-01
8.689083245731117131e+02 1.528200950542390191e-01
8.693591361485165407e+02 1.527914247789390334e-01
8.698101813474777373e+02 1.527627580457179279e-01
8.702614602910659869e+02 1.527340948544120003e-01
8.707129731004123414e+02 1.527054352048576868e-01
8.711647198967165195e+02 1.526767790968912852e-01
8.716167008012354245e+02 1.526481265303495094e-01
8.720689159352909883e+02 1.526194775050690455e-01
8.725213654202674434e+02 1.525908320208867464e-01
8.729740493776121184e+02 1.525621900776394646e-01
8.734269679288355519e+02 1.525335516751642473e-01
8.738801211955110375e+02 1.525049168132982524e-01
8.743335092992749651e+02 1.524762854918787491e-01
8.747871323618263659e+02 1.524476577107430342e-01
8.752409905049261170e+02 1.524190334697287097e-01
8.756950838504033072e+02 1.523904127686731280e-01
8.761494125201447787e+02 1.523617956074140578e-01
8.766039766361022885e+02 1.523331819857893232e-01
8.770587763202909173e+02 1.523045719036367762e-01
8.775138116947888420e+02 1.522759653607944630e-01
8.779690828817375632e+02 1.522473623571004298e-01
8.784245900033421321e+02 1.522187628923929448e-01
8.788803331818704692e+02 1.521901669665103318e-01
8.793363125396540454e+02 1.521615745792910257e-01
8.797925281990860640e+02 1.521329857305736555e-01
8.802489802826285086e+02 1.521044004201966282e-01
8.807056689128012295e+02 1.520758186479988783e-01
8.811625942121895605e+02 1.520472404138192291e-01
8.816197563034423865e+02 1.520186657174966427e-01
8.820771553092719159e+02 1.519900945588702201e-01
8.825347913524541354e+02 1.519615269377791733e-01
8.829926645558289238e+02 1.519329628540627142e-01
8.834507750422992558e+02 1.519044023075603322e-01
8.839091229348321122e+02 1.518758452981114615e-01
8.843677083564563191e+02 1.518472918255559245e-01
8.848265314302699380e+02 1.518187418897331276e-01
8.852855922794295793e+02 1.517901954904830597e-01
8.857448910271571094e+02 1.517616526276456546e-01
8.862044277967382868e+02 1.517331133010609567e-01
8.866642027115231031e+02 1.517045775105691219e-01
8.871242158949253280e+02 1.516760452560104167e-01
8.875844674704223962e+02 1.516475165372251632e-01
8.880449575615560889e+02 1.516189913540538781e-01
8.885056862919319656e+02 1.515904697063371609e-01
8.889666537852182273e+02 1.515619515939157502e-01
8.894278601651520830e+02 1.515334370166302735e-01
8.898893055555296314e+02 1.515049259743217192e-01
8.903509900802132506e+02 1.514764184668310476e-01
8.908129138631290971e+02 1.514479144939994693e-01
8.912750770282675603e+02 1.514194140556681389e-01
8.917374796996836039e+02 1.513909171516784058e-01
8.922001220014960836e+02 1.513624237818717022e-01
8.926630040578885428e+02 1.513339339460895716e-01
8.931261259931086443e+02 1.513054476441736407e-01
8.935894879314668060e+02 1.512769648759657859e-01
8.940530899973429086e+02 1.512484856413076895e-01
8.945169323151765184e+02 1.512200099400413389e-01
8.949810150094729124e+02 1.511915377720088882e-01
8.954453382048020558e+02 1.511630691370524915e-01
8.959099020257987149e+02 1.511346040350144138e-01
8.963747065971620032e+02 1.511061424657370866e-01
8.968397520436554942e+02 1.510776844290629695e-01
8.973050384901077905e+02 1.510492299248347159e-01
8.977705660614118415e+02 1.510207789528949796e-01
8.982363348825241474e+02 1.509923315130866917e-01
8.987023450784704437e+02 1.509638876052526169e-01
8.991685967743366064e+02 1.509354472292358251e-01
8.996350900952747907e+02 1.509070103848794697e-01
9.001018251665018397e+02 1.508785770720267871e-01
9.005688021133000802e+02 1.508501472905211527e-01
9.010360210610161857e+02 1.508217210402059971e-01
9.015034821350620859e+02 1.507932983209248623e-01
9.019711854609147395e+02 1.507648791325214288e-01
9.024391311641157927e+02 1.507364634748394605e-01
9.029073193702704430e+02 1.507080513477229433e-01
9.033757502050544872e+02 1.506796427510156411e-01
9.038444237942029531e+02 1.506512376845617340e-01
9.043133402635185121e+02 1.506228361482054301e-01
9.047824997388684096e+02 1.505944381417910205e-01
9.052519023461853749e+02 1.505660436651629075e-01
9.057215482114676206e+02 1.505376527181655766e-01
9.061914374607782747e+02 1.505092653006436521e-01
9.066615702202459488e+02 1.504808814124418692e-01
9.071319466160647380e+02 1.504525010534050189e-01
9.076025667744920611e+02 1.504241242233781695e-01
9.080734308218565047e+02 1.503957509222061117e-01
9.085445388845464549e+02 1.503673811497341084e-01
9.090158910890177140e+02 1.503390149058073666e-01
9.094874875617915677e+02 1.503106521902712878e-01
9.099593284294548994e+02 1.502822930029712734e-01
9.104314138186603031e+02 1.502539373437529191e-01
9.109037438561256295e+02 1.502255852124618762e-01
9.113763186686348945e+02 1.501972366089438793e-01
9.118491383830374843e+02 1.501688915330448293e-01
9.123222031262467908e+02 1.501405499846107938e-01
9.127955130252473737e+02 1.501122119634876739e-01
9.132690682070845014e+02 1.500838774695217315e-01
9.137428687988705178e+02 1.500555465025592561e-01
9.142169149277842735e+02 1.500272190624466484e-01
9.146912067210696478e+02 1.499988951490304201e-01
9.151657443060374817e+02 1.499705747621571383e-01
9.156405278100638725e+02 1.499422579016735368e-01
9.161155573605913105e+02 1.499139445674264326e-01
9.165908330851281107e+02 1.498856347592626981e-01
9.170663551112467076e+02 1.498573284770295111e-01
9.175421235665918402e+02 1.498290257205737719e-01
9.180181385788678199e+02 1.498007264897427970e-01
9.184944002758480792e+02 1.497724307843839031e-01
9.189709087853714209e+02 1.497441386043446010e-01
9.194476642353433817e+02 1.497158499494723460e-01
9.199246667537354369e+02 1.496875648196148434e-01
9.204019164685859096e+02 1.496592832146197982e-01
9.208794135079986063e+02 1.496310051343350822e-01
9.213571580001448638e+02 1.496027305786086226e-01
9.218351500732594559e+02 1.495744595472886518e-01
9.223133898556499162e+02 1.495461920402230416e-01
9.227918774756843732e+02 1.495179280572602465e-01
9.232706130617996223e+02 1.494896675982485823e-01
9.237495967424987384e+02 1.494614106630365313e-01
9.242288286463515306e+02 1.494331572514726592e-01
9.247083089019942008e+02 1.494049073634056701e-01
9.251880376381300266e+02 1.493766609986843241e-01
9.256680149835286784e+02 1.493484181571575475e-01
9.261482410670265608e+02 1.493201788386742945e-01
9.266287160175252211e+02 1.492919430430837691e-01
9.271094399639983976e+02 1.492637107702349808e-01
9.275904130354809922e+02 1.492354820199773002e-01
9.280716353610770284e+02 1.492072567921601534e-01
9.285531070699570364e+02 1.491790350866330772e-01
9.290348282913585081e+02 1.491508169032456088e-01
9.295167991545861241e+02 1.491226022418475350e-01
9.299990197890116406e+02 1.490943911022886148e-01
9.304814903240733202e+02 1.490661834844188294e-01
9.309642108892771830e+02 1.490379793880881043e-01
9.314471816141940508e+02 1.490097788131467815e-01
9.319304026284676183e+02 1.489815817594447867e-01
9.324138740618034262e+02 1.489533882268326004e-01
9.328975960439755681e+02 1.489251982151606479e-01
9.333815687048257814e+02 1.488970117242794378e-01
9.338657921742629924e+02 1.488688287540396726e-01
9.343502665822633162e+02 1.488406493042920276e-01
9.348349920588706254e+02 1.488124733748873718e-01
9.353199687341956405e+02 1.487843009656766302e-01
9.358051967384168393e+02 1.487561320765108941e-01
9.362906762017784104e+02 1.487279667072413936e-01
9.367764072545973022e+02 1.486998048577191645e-01
9.372623900272525361e+02 1.486716465277956589e-01
9.377486246501928235e+02 1.486434917173223291e-01
9.382351112539338374e+02 1.486153404261507660e-01
9.387218499690598037e+02 1.485871926541326160e-01
9.392088409262214554e+02 1.485590484011196644e-01
9.396960842561385334e+02 1.485309076669636963e-01
9.401835800895975126e+02 1.485027704515167746e-01
9.406713285574531938e+02 1.484746367546309065e-01
9.411593297906258613e+02 1.484465065761584046e-01
9.416475839201098097e+02 1.484183799159512762e-01
9.421360910769612929e+02 1.483902567738620837e-01
9.426248513923061410e+02 1.483621371497432229e-01
9.431138649973388510e+02 1.483340210434473116e-01
9.436031320233209954e+02 1.483059084548270234e-01
9.440926526015829268e+02 1.482777993837351427e-01
9.445824268635224144e+02 1.482496938300245370e-01
9.450724549406058941e+02 1.482215917935481853e-01
9.455627369643676730e+02 1.481934932741592048e-01
9.460532730664083374e+02 1.481653982717108520e-01
9.465440633784022566e+02 1.481373067860562442e-01
9.470351080320865549e+02 1.481092188170488322e-01
9.475264071592686150e+02 1.480811343645421219e-01
9.480179608918235772e+02 1.480530534283897026e-01
9.485097693616954757e+02 1.480249760084453026e-01
9.490018327008964434e+02 1.479969021045626498e-01
9.494941510415073935e+02 1.479688317165956668e-01
9.499867245156769968e+02 1.479407648443983592e-01
9.504795532556231592e+02 1.479127014878248159e-01
9.509726373936299524e+02 1.478846416467293479e-01
9.514659770620557993e+02 1.478565853209660441e-01
9.519595723933218778e+02 1.478285325103894099e-01
9.524534235199203067e+02 1.478004832148539227e-01
9.529475305744115303e+02 1.477724374342141711e-01
9.534418936894245462e+02 1.477443951683249379e-01
9.539365129976577009e+02 1.477163564170409227e-01
9.544313886318773257e+02 1.476883211802170748e-01
9.549265207249192144e+02 1.476602894577083713e-01
9.554219094096874869e+02 1.476322612493699560e-01
9.559175548191535654e+02 1.476042365550571389e-01
9.564134570863635645e+02 1.475762153746249528e-01
9.569096163444264675e+02 1.475481977079289853e-01
9.574060327265224259e+02 1.475201835548246576e-01
9.579027063659003716e+02 1.474921729151676408e-01
9.583996373958785853e+02 1.474641657888136059e-01
9.588968259498443558e+02 1.474361621756183904e-01
9.593942721612538662e+02 1.474081620754378597e-01
9.598919761636328758e+02 1.473801654881280176e-01
9.603899380905760381e+02 1.473521724135449795e-01
9.608881580757450820e+02 1.473241828515450824e-01
9.613866362528773379e+02 1.472961968019844137e-01
9.618853727557733464e+02 1.472682142647194492e-01
9.623843677183049294e+02 1.472402352396066927e-01
9.628836212744135992e+02 1.472122597265027588e-01
9.633831335581096482e+02 1.471842877252644011e-01
9.638829047034730593e+02 1.471563192357483452e-01
9.643829348446539598e+02 1.471283542578115389e-01
9.648832241158709166e+02 1.471003927913109577e-01
9.653837726514127553e+02 1.470724348361037159e-01
9.658845805856359448e+02 1.470444803920471222e-01
9.663856480529721011e+02 1.470165294589982630e-01
9.668869751879168462e+02 1.469885820368146412e-01
9.673885621250373106e+02 1.469606381253537597e-01
9.678904089989706563e+02 1.469326977244732046e-01
9.683925159444237352e+02 1.469047608340306732e-01
9.688948830961727481e+02 1.468768274538839735e-01
9.693975105890642681e+02 1.468488975838909971e-01
9.699003985580146718e+02 1.468209712239097187e-01
9.704035471380100262e+02 1.467930483737982517e-01
9.709069564641047236e+02 1.467651290334149039e-01
9.714106266714285312e+02 1.467372132026177334e-01
9.719145578951760172e+02 1.467093008812652144e-01
9.724187502706130317e+02 1.466813920692158768e-01
9.729232039330762518e+02 1.466534867663283059e-01
9.734279190179719308e+02 1.466255849724611426e-01
9.739328956607770351e+02 1.465976866874732221e-01
9.744381339970378804e+02 1.465697919112233794e-01
9.749436341623719500e+02 1.465419006435706439e-01
9.754493962924664174e+02 1.465140128843740730e-01
9.759554205230771231e+02 1.464861286334929458e-01
9.764617069900363049e+02 1.464582478907863194e-01
9.769682558292399790e+02 1.464303706561136953e-01
9.774750671766570349e+02 1.464024969293345191e-01
9.779821411683270753e+02 1.463746267103084031e-01
9.784894779403597340e+02 1.463467599988949597e-01
9.789970776289355854e+02 1.463188967949539676e-01
9.795049403703052349e+02 1.462910370983453445e-01
9.800130663007905696e+02 1.462631809089290080e-01
9.805214555567835077e+02 1.462353282265650145e-01
9.810301082747449755e+02 1.462074790511136424e-01
9.815390245912128648e+02 1.461796333824349481e-01
9.820482046427889600e+02 1.461517912203893765e-01
9.825576485661489414e+02 1.461239525648373727e-01
9.830673564980382935e+02 1.460961174156394926e-01
9.835773285752743504e+02 1.460682857726564032e-01
9.840875649347444778e+02 1.460404576357487993e-01
9.845980657134073226e+02 1.460126330047775700e-01
9.851088310482929273e+02 1.459848118796036598e-01
9.856198610765013655e+02 1.459569942600880965e-01
9.861311559352029690e+02 1.459291801460920746e-01
9.866427157616442400e+02 1.459013695374766495e-01
9.871545406931369371e+02 1.458735624341032655e-01
9.876666308670663739e+02 1.458457588358333390e-01
9.881789864208889185e+02 1.458179587425283974e-01
9.886916074921317659e+02 1.457901621540500237e-01
9.892044942183938474e+02 1.457623690702599950e-01
9.897176467373454898e+02 1.457345794910200887e-01
9.902310651867276192e+02 1.457067934161922484e-01
9.907447497043535805e+02 1.456790108456384458e-01
9.912587004281051577e+02 1.456512317792208744e-01
9.917729174959424654e+02 1.456234562168015889e-01
9.922874010458904195e+02 1.455956841582429495e-01
9.928021512160477187e+02 1.455679156034073718e-01
9.933171681445847980e+02 1.455401505521572991e-01
9.938324519697433743e+02 1.455123890043553969e-01
9.943480028298370144e+02 1.454846309598642751e-01
9.948638208632510214e+02 1.454568764185467655e-01
9.953799062084423213e+02 1.454291253802657280e-01
9.958962590039395764e+02 1.454013778448841332e-01
9.964128793883410253e+02 1.453736338122651739e-01
9.969297675003231234e+02 1.453458932822717931e-01
9.974469234786282641e+02 1.453181562547673500e-01
9.979643474620719417e+02 1.452904227296152040e-01
9.984820395895426373e+02 1.452626927066788254e-01
9.990000000000000000e+02 1.452349661858217678e-01
9.995182288324763249e+02 1.452072431669076402e-01
1.000036726226075302e+03 1.451795236498002462e-01
1.000555492319973268e+03 1.451518076343633612e-01
1.001074527253418410e+03 1.451240951204609830e-01
1.001593831165729057e+03 1.450963861079572204e-01
1.002113404196301872e+03 1.450686805967159598e-01
1.002633246484599681e+03 1.450409785866015600e-01
1.003153358170159777e+03 1.450132800774783237e-01
1.003673739392591301e+03 1.449855850692106651e-01
1.004194390291576383e+03 1.449578935616631092e-01
1.004715311006868660e+03 1.449302055547002643e-01
1.005236501678295213e+03 1.449025210481867665e-01
1.005757962445754970e+03 1.448748400419874738e-01
1.006279693449219394e+03 1.448471625359672721e-01
1.006801694828730433e+03 1.448194885299912416e-01
1.007323966724409047e+03 1.447918180239242403e-01
1.007846509276442362e+03 1.447641510176315705e-01
1.008369322625092423e+03 1.447364875109784788e-01
1.008892406910693921e+03 1.447088275038303229e-01
1.009415762273653741e+03 1.446811709960526271e-01
1.009939388854452432e+03 1.446535179875108879e-01
1.010463286793642510e+03 1.446258684780707404e-01
1.010987456231850274e+03 1.445982224675979866e-01
1.011511897309773872e+03 1.445705799559584281e-01
1.012036610168182733e+03 1.445429409430181167e-01
1.012561594947925869e+03 1.445153054286428540e-01
1.013086851789918683e+03 1.444876734126988860e-01
1.013612380835151043e+03 1.444600448950524862e-01
1.014138182224687284e+03 1.444324198755698452e-01
1.014664256099663476e+03 1.444047983541174585e-01
1.015190602601290038e+03 1.443771803305617940e-01
1.015717221870849357e+03 1.443495658047694863e-01
1.016244114049697828e+03 1.443219547766071975e-01
1.016771279279265059e+03 1.442943472459417009e-01
1.017298717701051828e+03 1.442667432126399918e-01
1.017826429456638152e+03 1.442391426765688156e-01
1.018354414687671238e+03 1.442115456375953897e-01
1.018882673535874233e+03 1.441839520955868481e-01
1.019411206143043501e+03 1.441563620504104082e-01
1.019940012651048619e+03 1.441287755019334815e-01
1.020469093201833175e+03 1.441011924500234520e-01
1.020998447937413744e+03 1.440736128945479255e-01
1.021528076999880795e+03 1.440460368353744802e-01
1.022057980531398471e+03 1.440184642723708330e-01
1.022588158674202532e+03 1.439908952054049784e-01
1.023118611570608891e+03 1.439633296343445223e-01
1.023649339363000308e+03 1.439357675590576258e-01
1.024180342193835941e+03 1.439082089794123664e-01
1.024711620205648615e+03 1.438806538952769609e-01
1.025243173541045053e+03 1.438531023065196535e-01
1.025775002342705875e+03 1.438255542130088827e-01
1.026307106753385597e+03 1.437980096146130593e-01
1.026839486915913085e+03 1.437704685112007885e-01
1.027372142973190421e+03 1.437429309026407032e-01
1.027905075068192446e+03 1.437153967888016581e-01
1.028438283343973808e+03 1.436878661695523141e-01
1.028971767943657369e+03 1.436603390447616646e-01
1.029505529010442388e+03 1.436328154142987867e-01
1.030039566687601791e+03 1.436052952780327852e-01
1.030573881118483087e+03 1.435777786358328756e-01
1.031108472446507903e+03 1.435502654875683570e-01
1.031643340815172678e+03 1.435227558331086395e-01
1.032178486368047743e+03 1.434952496723232163e-01
1.032713909248777782e+03 1.434677470050816639e-01
1.033249609601080010e+03 1.434402478312537532e-01
1.033785587568752590e+03 1.434127521507090885e-01
1.034321843295661665e+03 1.433852599633175795e-01
1.034858376925749781e+03 1.433577712689492467e-01
1.035395188603034740e+03 1.433302860674740831e-01
1.035932278471608470e+03 1.433028043587622480e-01
1.036469646675637705e+03 1.432753261426839841e-01
1.037007293359363985e+03 1.432478514191095897e-01
1.037545218667103427e+03 1.432203801879095018e-01
1.038083422743246956e+03 1.431929124489542127e-01
1.038621905732258483e+03 1.431654482021144370e-01
1.039160667778682637e+03 1.431379874472606673e-01
1.039699709027133395e+03 1.431105301842637845e-01
1.040239029622300905e+03 1.430830764129946420e-01
1.040778629708950803e+03 1.430556261333242596e-01
1.041318509431923530e+03 1.430281793451236294e-01
1.041858668936134563e+03 1.430007360482639378e-01
1.042399108366575092e+03 1.429732962426164544e-01
1.042939827868310658e+03 1.429458599280524489e-01
1.043480827586482292e+03 1.429184271044433852e-01
1.044022107666304009e+03 1.428909977716608937e-01
1.044563668253071910e+03 1.428635719295763273e-01
1.045105509492150077e+03 1.428361495780615387e-01
1.045647631528981037e+03 1.428087307169882969e-01
1.046190034509082352e+03 1.427813153462285101e-01
1.046732718578046843e+03 1.427539034656541139e-01
1.047275683881542591e+03 1.427264950751371553e-01
1.047818930565313622e+03 1.426990901745498752e-01
1.048362458775179675e+03 1.426716887637644038e-01
1.048906268657035071e+03 1.426442908426531764e-01
1.049450360356848478e+03 1.426168964110886561e-01
1.049994734020670421e+03 1.425895054689432229e-01
1.050539389794620547e+03 1.425621180160895340e-01
1.051084327824896491e+03 1.425347340524002748e-01
1.051629548257771830e+03 1.425073535777482692e-01
1.052175051239595405e+03 1.424799765920064243e-01
1.052720836916792450e+03 1.424526030950476474e-01
1.053266905435863691e+03 1.424252330867450400e-01
1.053813256943386023e+03 1.423978665669717314e-01
1.054359891586012054e+03 1.423705035356009896e-01
1.054906809510468747e+03 1.423431439925062214e-01
1.055454010863565145e+03 1.423157879375606949e-01
1.056001495792179867e+03 1.422884353706379557e-01
1.056549264443269749e+03 1.422610862916116603e-01
1.057097316963868252e+03 1.422337407003554655e-01
1.057645653501084553e+03 1.422063985967431943e-01
1.058194274202104452e+03 1.421790599806486699e-01
1.058743179214189695e+03 1.421517248519459098e-01
1.059292368684678422e+03 1.421243932105089036e-01
1.059841842760985401e+03 1.420970650562118354e-01
1.060391601590599294e+03 1.420697403889290555e-01
1.060941645321091528e+03 1.420424192085346371e-01
1.061491974100104244e+03 1.420151015149030971e-01
1.062042588075357571e+03 1.419877873079089803e-01
1.062593487394648264e+03 1.419604765874268315e-01
1.063144672205849929e+03 1.419331693533313621e-01
1.063696142656913025e+03 1.419058656054973111e-01
1.064247898895863955e+03 1.418785653437995287e-01
1.064799941070806653e+03 1.418512685681130314e-01
1.065352269329921000e+03 1.418239752783127527e-01
1.065904883821461908e+03 1.417966854742740146e-01
1.066457784693767962e+03 1.417693991558717781e-01
1.067010972095247553e+03 1.417421163229814485e-01
1.067564446174388195e+03 1.417148369754784587e-01
1.068118207079754711e+03 1.416875611132382140e-01
1.068672254959988777e+03 1.416602887361363416e-01
1.069226589963808919e+03 1.416330198440484966e-01
1.069781212240010746e+03 1.416057544368504173e-01
1.070336121937467396e+03 1.415784925144179529e-01
1.070891319205128639e+03 1.415512340766269805e-01
1.071446804192019499e+03 1.415239791233537103e-01
1.072002577047248678e+03 1.414967276544739083e-01
1.072558637919996045e+03 1.414694796698639789e-01
1.073114986959519911e+03 1.414422351694001601e-01
1.073671624315157260e+03 1.414149941529588006e-01
1.074228550136321473e+03 1.413877566204163883e-01
1.074785764572503695e+03 1.413605225716494662e-01
1.075343267773272601e+03 1.413332920065346332e-01
1.075901059888274176e+03 1.413060649249485989e-01
1.076459141067232622e+03 1.412788413267682397e-01
1.077017511459946491e+03 1.412516212118705150e-01
1.077576171216299144e+03 1.412244045801321901e-01
1.078135120486245341e+03 1.411971914314304466e-01
1.078694359419818966e+03 1.411699817656424383e-01
1.079253888167132345e+03 1.411427755826454022e-01
1.079813706878375115e+03 1.411155728823166866e-01
1.080373815703814898e+03 1.410883736645337505e-01
1.080934214793797537e+03 1.410611779291740531e-01
1.081494904298746178e+03 1.410339856761151922e-01
1.082055884369162413e+03 1.410067969052348769e-01
1.082617155155623095e+03 1.409796116164109547e-01
1.083178716808790568e+03 1.409524298095211070e-01
1.083740569479398118e+03 1.409252514844433479e-01
1.084302713318258839e+03 1.408980766410557750e-01
1.084865148476265176e+03 1.408709052792364302e-01
1.085427875104386658e+03 1.408437373988635499e-01
1.085990893353671481e+03 1.408165729998154259e-01
1.086554203375246516e+03 1.407894120819704331e-01
1.087117805320316393e+03 1.407622546452070855e-01
1.087681699340163959e+03 1.407351006894038969e-01
1.088245885586149143e+03 1.407079502144396310e-01
1.088810364209715772e+03 1.406808032201927738e-01
1.089375135362380661e+03 1.406536597065422833e-01
1.089940199195740661e+03 1.406265196733670342e-01
1.090505555861471294e+03 1.405993831205460398e-01
1.091071205511326752e+03 1.405722500479583414e-01
1.091637148297139674e+03 1.405451204554831468e-01
1.092203384370821823e+03 1.405179943429996359e-01
1.092769913884363405e+03 1.404908717103872107e-01
1.093336736989833298e+03 1.404637525575252455e-01
1.093903853839377007e+03 1.404366368842933921e-01
1.094471264585225981e+03 1.404095246905709693e-01
1.095038969379683294e+03 1.403824159762378232e-01
1.095606968375133420e+03 1.403553107411736889e-01
1.096175261724039729e+03 1.403282089852584125e-01
1.096743849578944719e+03 1.403011107083719233e-01
1.097312732092469787e+03 1.402740159103942619e-01
1.097881909417315910e+03 1.402469245912055240e-01
1.098451381706262509e+03 1.402198367506859167e-01
1.099021149112168359e+03 1.401927523887157301e-01
1.099591211787969769e+03 1.401656715051753654e-01
1.100161569886688085e+03 1.401385940999451407e-01
1.100732223561418323e+03 1.401115201729056514e-01
1.101303172965335989e+03 1.400844497239375208e-01
1.101874418251696625e+03 1.400573827529214554e-01
1.102445959573834898e+03 1.400303192597383006e-01
1.103017797085165512e+03 1.400032592442688462e-01
1.103589930939182068e+03 1.399762027063941039e-01
1.104162361289457522e+03 1.399491496459950857e-01
1.104735088289645091e+03 1.399221000629529699e-01
1.105308112093475302e+03 1.398950539571490459e-01
1.105881432854764398e+03 1.398680113284644089e-01
1.106455050727402295e+03 1.398409721767805702e-01
1.107028965865360760e+03 1.398139365019789582e-01
1.107603178422690917e+03 1.397869043039411674e-01
1.108177688553524376e+03 1.397598755825487926e-01
1.108752496412072105e+03 1.397328503376836228e-01
1.109327602152625332e+03 1.397058285692274193e-01
1.109903005929555093e+03 1.396788102770620821e-01
1.110478707897312233e+03 1.396517954610695944e-01
1.111054708210425815e+03 1.396247841211321339e-01
1.111631007023511302e+03 1.395977762571316283e-01
1.112207604491258053e+03 1.395707718689503940e-01
1.112784500768437056e+03 1.395437709564708029e-01
1.113361696009900470e+03 1.395167735195751713e-01
1.113939190370579809e+03 1.394897795581460376e-01
1.114516984005487529e+03 1.394627890720659680e-01
1.115095077069716126e+03 1.394358020612176119e-01
1.115673469718438355e+03 1.394088185254836743e-01
1.116252162106907690e+03 1.393818384647469988e-01
1.116831154390455595e+03 1.393548618788905680e-01
1.117410446724500844e+03 1.393278887677971700e-01
1.117990039264536108e+03 1.393009191313500095e-01
1.118569932166136823e+03 1.392739529694322076e-01
1.119150125584958460e+03 1.392469902819269967e-01
1.119730619676738570e+03 1.392200310687177200e-01
1.120311414597294061e+03 1.391930753296877488e-01
1.120892510502523010e+03 1.391661230647206204e-01
1.121473907548404441e+03 1.391391742736998449e-01
1.122055605890998322e+03 1.391122289565090986e-01
1.122637605686442839e+03 1.390852871130322521e-01
1.123219907090963943e+03 1.390583487431528709e-01
1.123802510260862391e+03 1.390314138467549643e-01
1.124385415352521250e+03 1.390044824237225696e-01
1.124968622522404985e+03 1.389775544739396684e-01
1.125552131927059690e+03 1.389506299972904924e-01
1.126135943723111723e+03 1.389237089936592173e-01
1.126720058067269520e+03 1.388967914629302136e-01
1.127304475116321555e+03 1.388698774049878237e-01
1.127889195027138840e+03 1.388429668197165567e-01
1.128474217956670373e+03 1.388160597070010882e-01
1.129059544061954057e+03 1.387891560667258162e-01
1.129645173500101919e+03 1.387622558987756383e-01
1.130231106428309886e+03 1.387353592030352856e-01
1.130817343003854830e+03 1.387084659793897112e-01
1.131403883384096162e+03 1.386815762277238961e-01
1.131990727726473779e+03 1.386546899479228212e-01
1.132577876188509890e+03 1.386278071398717171e-01
1.133165328927807877e+03 1.386009278034557590e-01
1.133753086102053203e+03 1.385740519385602332e-01
1.134341147869010229e+03 1.385471795450706756e-01
1.134929514386532674e+03 1.385203106228722891e-01
1.135518185812548381e+03 1.384934451718507764e-01
1.136107162305070005e+03 1.384665831918917289e-01
1.136696444022191599e+03 1.384397246828809047e-01
1.137286031122089753e+03 1.384128696447040063e-01
1.137875923763022001e+03 1.383860180772470139e-01
1.138466122103329099e+03 1.383591699803958519e-01
1.139056626301432971e+03 1.383323253540365005e-01
1.139647436515837853e+03 1.383054841980551342e-01
1.140238552905128017e+03 1.382786465123380659e-01
1.140829975627976864e+03 1.382518122967713314e-01
1.141421704843133057e+03 1.382249815512413826e-01
1.142013740709429385e+03 1.381981542756347270e-01
1.142606083385781403e+03 1.381713304698378164e-01
1.143198733031187203e+03 1.381445101337373249e-01
1.143791689804726502e+03 1.381176932672198987e-01
1.144384953865562466e+03 1.380908798701723228e-01
1.144978525372940112e+03 1.380640699424813822e-01
1.145572404486186997e+03 1.380372634840340840e-01
1.146166591364710939e+03 1.380104604947175184e-01
1.146761086168009570e+03 1.379836609744185538e-01
1.147355889055656007e+03 1.379568649230244470e-01
1.147951000187308637e+03 1.379300723404224827e-01
1.148546419722707924e+03 1.379032832264999731e-01
1.149142147821678009e+03 1.378764975811443416e-01
1.149738184644125340e+03 1.378497154042430672e-01
1.150334530350039358e+03 1.378229366956836843e-01
1.150931185099492268e+03 1.377961614553539216e-01
1.151528149052639264e+03 1.377693896831414522e-01
1.152125422369716489e+03 1.377426213789341991e-01
1.152723005211049667e+03 1.377158565426198633e-01
1.153320897737041150e+03 1.376890951740865066e-01
1.153919100108178327e+03 1.376623372732221906e-01
1.154517612485031805e+03 1.376355828399150050e-01
1.155116435028255637e+03 1.376088318740532057e-01
1.155715567898586869e+03 1.375820843755250766e-01
1.156315011256846219e+03 1.375553403442189571e-01
1.156914765263936943e+03 1.375285997800233251e-01
1.157514830080846650e+03 1.375018626828266866e-01
1.158115205868643443e+03 1.374751290525177694e-01
1.158715892788486144e+03 1.374483988889850516e-01
1.159316891001609974e+03 1.374216721921173445e-01
1.159918200669336102e+03 1.373949489618035702e-01
1.160519821953069595e+03 1.373682291979326231e-01
1.161121755014298287e+03 1.373415129003935087e-01
1.161724000014594594e+03 1.373148000690752879e-01
1.162326557115614150e+03 1.372880907038671328e-01
1.162929426479096719e+03 1.372613848046582985e-01
1.163532608266865736e+03 1.372346823713380959e-01
1.164136102640825811e+03 1.372079834037960022e-01
1.164739909762973411e+03 1.371812879019213005e-01
1.165344029795380720e+03 1.371545958656036068e-01
1.165948462900207232e+03 1.371279072947326483e-01
1.166553209239695889e+03 1.371012221891980409e-01
1.167158268976173986e+03 1.370745405488896507e-01
1.167763642272052948e+03 1.370478623736972601e-01
1.168369329289828329e+03 1.370211876635108739e-01
1.168975330192079582e+03 1.369945164182204966e-01
1.169581645141470972e+03 1.369678486377162163e-01
1.170188274300748390e+03 1.369411843218883706e-01
1.170795217832749131e+03 1.369145234706269088e-01
1.171402475900387799e+03 1.368878660838223627e-01
1.172010048666665853e+03 1.368612121613651256e-01
1.172617936294669335e+03 1.368345617031456185e-01
1.173226138947568415e+03 1.368079147090545122e-01
1.173834656788618304e+03 1.367812711789823665e-01
1.174443489981158336e+03 1.367546311128199632e-01
1.175052638688613115e+03 1.367279945104580841e-01
1.175662103074491142e+03 1.367013613717875942e-01
1.176271883302384140e+03 1.366747316966995529e-01
1.176881979535975006e+03 1.366481054850847976e-01
1.177492391939024628e+03 1.366214827368345541e-01
1.178103120675381206e+03 1.365948634518399651e-01
1.178714165908977975e+03 1.365682476299923398e-01
1.179325527803832756e+03 1.365416352711829873e-01
1.179937206524048406e+03 1.365150263753033277e-01
1.180549202233813048e+03 1.364884209422448924e-01
1.181161515097399842e+03 1.364618189718992125e-01
1.181774145279166987e+03 1.364352204641579858e-01
1.182387092943555672e+03 1.364086254189129654e-01
1.183000358255099400e+03 1.363820338360557938e-01
1.183613941378409208e+03 1.363554457154784738e-01
1.184227842478184812e+03 1.363288610570728976e-01
1.184842061719210506e+03 1.363022798607311514e-01
1.185456599266356534e+03 1.362757021263452939e-01
1.186071455284577951e+03 1.362491278538075778e-01
1.186686629938915758e+03 1.362225570430102006e-01
1.187302123394496903e+03 1.361959896938455261e-01
1.187917935816532463e+03 1.361694258062059459e-01
1.188534067370318326e+03 1.361428653799840738e-01
1.189150518221242237e+03 1.361163084150722735e-01
1.189767288534771069e+03 1.360897549113632699e-01
1.190384378476459233e+03 1.360632048687497597e-01
1.191001788211947542e+03 1.360366582871246066e-01
1.191619517906962074e+03 1.360101151663805907e-01
1.192237567727315536e+03 1.359835755064106866e-01
1.192855937838905675e+03 1.359570393071079519e-01
1.193474628407716637e+03 1.359305065683654168e-01
1.194093639599818744e+03 1.359039772900763332e-01
1.194712971581365764e+03 1.358774514721339532e-01
1.195332624518605144e+03 1.358509291144314457e-01
1.195952598577862545e+03 1.358244102168623402e-01
1.196572893925552989e+03 1.357978947793200275e-01
1.197193510728177216e+03 1.357713828016980928e-01
1.197814449152322368e+03 1.357448742838901767e-01
1.198435709364662216e+03 1.357183692257899477e-01
1.199057291531956707e+03 1.356918676272911573e-01
1.199679195821051735e+03 1.356653694882876959e-01
1.200301422398880732e+03 1.356388748086734819e-01
1.200923971432459894e+03 1.356123835883425721e-01
1.201546843088900687e+03 1.355858958271888570e-01
1.202170037535392566e+03 1.355594115251065879e-01
1.202793554939214800e+03 1.355329306819899882e-01
1.203417395467733286e+03 1.355064532977333092e-01
1.204041559288400549e+03 1.354799793722309686e-01
1.204666046568755974e+03 1.354535089053773844e-01
1.205290857476425572e+03 1.354270418970670575e-01
1.205915992179122213e+03 1.354005783471946001e-01
1.206541450844646079e+03 1.353741182556546796e-01
1.207167233640881477e+03 1.353476616223421303e-01
1.207793340735807078e+03 1.353212084471515364e-01
1.208419772297481813e+03 1.352947587299779264e-01
1.209046528494053064e+03 1.352683124707162177e-01
1.209673609493756430e+03 1.352418696692614664e-01
1.210301015464914144e+03 1.352154303255088119e-01
1.210928746575935747e+03 1.351889944393533660e-01
1.211556802995318094e+03 1.351625620106904346e-01
1.212185184891645576e+03 1.351361330394152960e-01
1.212813892433589217e+03 1.351097075254234225e-01
1.213442925789906212e+03 1.350832854686103146e-01
1.214072285129447209e+03 1.350568668688713891e-01
1.214701970621144028e+03 1.350304517261023129e-01
1.215331982434018073e+03 1.350040400401987806e-01
1.215962320737178288e+03 1.349776318110565976e-01
1.216592985699821611e+03 1.349512270385715695e-01
1.217223977491232063e+03 1.349248257226396408e-01
1.217855296280781886e+03 1.348984278631567835e-01
1.218486942237930862e+03 1.348720334600190529e-01
1.219118915532226765e+03 1.348456425131225600e-01
1.219751216333302636e+03 1.348192550223636377e-01
1.220383844810887012e+03 1.347928709876383691e-01
1.221016801134788693e+03 1.347664904088431703e-01
1.221650085474907200e+03 1.347401132858744854e-01
1.222283698001229595e+03 1.347137396186288139e-01
1.222917638883832069e+03 1.346873694070026828e-01
1.223551908292877897e+03 1.346610026508927582e-01
1.224186506398619031e+03 1.346346393501957894e-01
1.224821433371395642e+03 1.346082795048084979e-01
1.225456689381635897e+03 1.345819231146277439e-01
1.226092274599854363e+03 1.345555701795505821e-01
1.226728189196660878e+03 1.345292206994738171e-01
1.227364433342746224e+03 1.345028746742945869e-01
1.228001007208892815e+03 1.344765321039100570e-01
1.228637910965970832e+03 1.344501929882174207e-01
1.229275144784939130e+03 1.344238573271139825e-01
1.229912708836845468e+03 1.343975251204971022e-01
1.230550603292826281e+03 1.343711963682641675e-01
1.231188828324105998e+03 1.343448710703127602e-01
1.231827384101998632e+03 1.343185492265403791e-01
1.232466270797903917e+03 1.342922308368448003e-01
1.233105488583318220e+03 1.342659159011234948e-01
1.233745037629819308e+03 1.342396044192743776e-01
1.234384918109076125e+03 1.342132963911953358e-01
1.235025130192846518e+03 1.341869918167842568e-01
1.235665674052977693e+03 1.341606906959391388e-01
1.236306549861405529e+03 1.341343930285580632e-01
1.236947757790155265e+03 1.341080988145391950e-01
1.237589298011341270e+03 1.340818080537806711e-01
1.238231170697167272e+03 1.340555207461808507e-01
1.238873376019923398e+03 1.340292368916381205e-01
1.239515914151996640e+03 1.340029564900507564e-01
1.240158785265855613e+03 1.339766795413173117e-01
1.240801989534061704e+03 1.339504060453363954e-01
1.241445527129264292e+03 1.339241360020065885e-01
1.242089398224203933e+03 1.338978694112266388e-01
1.242733602991709176e+03 1.338716062728952660e-01
1.243378141604699067e+03 1.338453465869113845e-01
1.244023014236181780e+03 1.338190903531738529e-01
1.244668221059255302e+03 1.337928375715816409e-01
1.245313762247105160e+03 1.337665882420339680e-01
1.245959637973013287e+03 1.337403423644297207e-01
1.246605848410345061e+03 1.337140999386681739e-01
1.247252393732557266e+03 1.336878609646486304e-01
1.247899274113196952e+03 1.336616254422703931e-01
1.248546489725901210e+03 1.336353933714328757e-01
1.249194040744396489e+03 1.336091647520355197e-01
1.249841927342500185e+03 1.335829395839779332e-01
1.250490149694119054e+03 1.335567178671596689e-01
1.251138707973250575e+03 1.335304996014804180e-01
1.251787602353979310e+03 1.335042847868400107e-01
1.252436833010488044e+03 1.334780734231381105e-01
1.253086400117041649e+03 1.334518655102747142e-01
1.253736303847998670e+03 1.334256610481497074e-01
1.254386544377807240e+03 1.333994600366631700e-01
1.255037121881006442e+03 1.333732624757151541e-01
1.255688036532225624e+03 1.333470683652058786e-01
1.256339288506184630e+03 1.333208777050355065e-01
1.256990877977693572e+03 1.332946904951043954e-01
1.257642805121653737e+03 1.332685067353129027e-01
1.258295070113053953e+03 1.332423264255615247e-01
1.258947673126981726e+03 1.332161495657506189e-01
1.259600614338607329e+03 1.331899761557808204e-01
1.260253893923194937e+03 1.331638061955527641e-01
1.260907512056098767e+03 1.331376396849671961e-01
1.261561468912764440e+03 1.331114766239248903e-01
1.262215764668728525e+03 1.330853170123266760e-01
1.262870399499618543e+03 1.330591608500734657e-01
1.263525373581152508e+03 1.330330081370662276e-01
1.264180687089139838e+03 1.330068588732060686e-01
1.264836340199479082e+03 1.329807130583941510e-01
1.265492333088166561e+03 1.329545706925314708e-01
1.266148665931282949e+03 1.329284317755193845e-01
1.266805338905002145e+03 1.329022963072592212e-01
1.267462352185590134e+03 1.328761642876523652e-01
1.268119705949403397e+03 1.328500357166002843e-01
1.268777400372889815e+03 1.328239105940044740e-01
1.269435435632589815e+03 1.327977889197665129e-01
1.270093811905134089e+03 1.327716706937881186e-01
1.270752529367245415e+03 1.327455559159709531e-01
1.271411588195735476e+03 1.327194445862169281e-01
1.272070988567515542e+03 1.326933367044277057e-01
1.272730730659580104e+03 1.326672322705053364e-01
1.273390814649018921e+03 1.326411312843517598e-01
1.274051240713012930e+03 1.326150337458691097e-01
1.274712009028834927e+03 1.325889396549594090e-01
1.275373119773849794e+03 1.325628490115249303e-01
1.276034573125514271e+03 1.325367618154679183e-01
1.276696369261376731e+03 1.325106780666906736e-01
1.277358508359078314e+03 1.324845977650956075e-01
1.278020990596348611e+03 1.324585209105852701e-01
1.278683816151017936e+03 1.324324475030619896e-01
1.279346985201000507e+03 1.324063775424284550e-01
1.280010497924305810e+03 1.323803110285872997e-01
1.280674354499034735e+03 1.323542479614412681e-01
1.281338555103381395e+03 1.323281883408931880e-01
1.282003099915631992e+03 1.323021321668458317e-01
1.282667989114164584e+03 1.322760794392021932e-01
1.283333222877450225e+03 1.322500301578652393e-01
1.283998801384052513e+03 1.322239843227379918e-01
1.284664724812624627e+03 1.321979419337236950e-01
1.285330993341920021e+03 1.321719029907253151e-01
1.285997607150777640e+03 1.321458674936462074e-01
1.286664566418131017e+03 1.321198354423896992e-01
1.287331871323006908e+03 1.320938068368591456e-01
1.287999522044524383e+03 1.320677816769580126e-01
1.288667518761895963e+03 1.320417599625897942e-01
1.289335861654426481e+03 1.320157416936580674e-01
1.290004550901513767e+03 1.319897268700664927e-01
1.290673586682648875e+03 1.319637154917187583e-01
1.291342969177413124e+03 1.319377075585187464e-01
1.292012698565488790e+03 1.319117030703700622e-01
1.292682775026643412e+03 1.318857020271767266e-01
1.293353198740740027e+03 1.318597044288426778e-01
1.294023969887735348e+03 1.318337102752719925e-01
1.294695088647678858e+03 1.318077195663687196e-01
1.295366555200713947e+03 1.317817323020370746e-01
1.296038369727076770e+03 1.317557484821812175e-01
1.296710532407097389e+03 1.317297681067054471e-01
1.297383043421198636e+03 1.317037911755141177e-01
1.298055902949895199e+03 1.316778176885117779e-01
1.298729111173802266e+03 1.316518476456026709e-01
1.299402668273621202e+03 1.316258810466914286e-01
1.300076574430149549e+03 1.315999178916827106e-01
1.300750829824278753e+03 1.315739581804811209e-01
1.301425434636993486e+03 1.315480019129914302e-01
1.302100389049372779e+03 1.315220490891184646e-01
1.302775693242588886e+03 1.314960997087670225e-01
1.303451347397909103e+03 1.314701537718420965e-01
1.304127351696693040e+03 1.314442112782486238e-01
1.304803706320392848e+03 1.314182722278917637e-01
1.305480411450562315e+03 1.313923366206764531e-01
1.306157467268841629e+03 1.313664044565079625e-01
1.306834873956966931e+03 1.313404757352915342e-01
1.307512631696769176e+03 1.313145504569324662e-01
1.308190740670173909e+03 1.312886286213361120e-01
1.308869201059199895e+03 1.312627102284079639e-01
1.309548013045961397e+03 1.312367952780534586e-01
1.310227176812666130e+03 1.312108837701781716e-01
1.310906692541617076e+03 1.311849757046877341e-01
1.311586560415207714e+03 1.311590710814879157e-01
1.312266780615935659e+03 1.311331699004842644e-01
1.312947353326384246e+03 1.311072721615826886e-01
1.313628278729233671e+03 1.310813778646890415e-01
1.314309557007259855e+03 1.310554870097092872e-01
1.314991188343332396e+03 1.310295995965494176e-01
1.315673172920416619e+03 1.310037156251154800e-01
1.316355510921571977e+03 1.309778350953135773e-01
1.317038202529952969e+03 1.309519580070499234e-01
1.317721247928808907e+03 1.309260843602307323e-01
1.318404647301482100e+03 1.309002141547624398e-01
1.319088400831416720e+03 1.308743473905512045e-01
1.319772508702144933e+03 1.308484840675035454e-01
1.320456971097296446e+03 1.308226241855259542e-01
1.321141788200595556e+03 1.307967677445249777e-01
1.321826960195862966e+03 1.307709147444072739e-01
1.322512487267013285e+03 1.307450651850794732e-01
1.323198369598057297e+03 1.307192190664483167e-01
1.323884607373101062e+03 1.306933763884206290e-01
1.324571200776345677e+03 1.306675371509032624e-01
1.325258149992085237e+03 1.306417013538032357e-01
1.325945455204717746e+03 1.306158689970272901e-01
1.326633116598728293e+03 1.305900400804826389e-01
1.327321134358699965e+03 1.305642146040763563e-01
1.328009508669312027e+03 1.305383925677155998e-01
1.328698239715339469e+03 1.305125739713076105e-01
1.329387327681653005e+03 1.304867588147596846e-01
1.330076772753218393e+03 1.304609470979791186e-01
1.330766575115098703e+03 1.304351388208733753e-01
1.331456734952451598e+03 1.304093339833499177e-01
1.332147252450528185e+03 1.303835325853163751e-01
1.332838127794684397e+03 1.303577346266800996e-01
1.333529361170363700e+03 1.303319401073488870e-01
1.334220952763108471e+03 1.303061490272304224e-01
1.334912902758556584e+03 1.302803613862325016e-01
1.335605211342442999e+03 1.302545771842629208e-01
1.336297878700598631e+03 1.302287964212296145e-01
1.336990905018950571e+03 1.302030190970404899e-01
1.337684290483522318e+03 1.301772452116035650e-01
1.338378035280433778e+03 1.301514747648269410e-01
1.339072139595898761e+03 1.301257077566188580e-01
1.339766603616235443e+03 1.300999441868872508e-01
1.340461427527850446e+03 1.300741840555404982e-01
1.341156611517250212e+03 1.300484273624869236e-01
1.341852155771037133e+03 1.300226741076348780e-01
1.342548060475910233e+03 1.299969242908927958e-01
1.343244325818666539e+03 1.299711779121691668e-01
1.343940951986198343e+03 1.299454349713725365e-01
1.344637939165495482e+03 1.299196954684114780e-01
1.345335287543644881e+03 1.298939594031947031e-01
1.346032997307827372e+03 1.298682267756310349e-01
1.346731068645329287e+03 1.298424975856290464e-01
1.347429501743525407e+03 1.298167718330976439e-01
1.348128296789890328e+03 1.297910495179457890e-01
1.348827453971996420e+03 1.297653306400823880e-01
1.349526973477512456e+03 1.297396151994164859e-01
1.350226855494205438e+03 1.297139031958571553e-01
1.350927100209938772e+03 1.296881946293135246e-01
1.351627707812673407e+03 1.296624894996948052e-01
1.352328678490468064e+03 1.296367878069102364e-01
1.353030012431476052e+03 1.296110895508691963e-01
1.353731709823956180e+03 1.295853947314809240e-01
1.354433770856256615e+03 1.295597033486548810e-01
1.355136195716826478e+03 1.295340154023005563e-01
1.355838984594211524e+03 1.295083308923275500e-01
1.356542137677055962e+03 1.294826498186454067e-01
1.357245655154101541e+03 1.294569721811637819e-01
1.357949537214188013e+03 1.294312979797924146e-01
1.358653784046252667e+03 1.294056272144410991e-01
1.359358395839330797e+03 1.293799598850196297e-01
1.360063372782552960e+03 1.293542959914379953e-01
1.360768715065156130e+03 1.293286355336059346e-01
1.361474422876467088e+03 1.293029785114336028e-01
1.362180496405913118e+03 1.292773249248309886e-01
1.362886935843019728e+03 1.292516747737082750e-01
1.363593741377411334e+03 1.292260280579755616e-01
1.364300913198809667e+03 1.292003847775431424e-01
1.365008451497035367e+03 1.291747449323212837e-01
1.365716356462007525e+03 1.291491085222203350e-01
1.366424628283742777e+03 1.291234755471507012e-01
1.367133267152354620e+03 1.290978460070229261e-01
1.367842273258062960e+03 1.290722199017473315e-01
1.368551646791177518e+03 1.290465972312345999e-01
1.369261387942109877e+03 1.290209779953953584e-01
1.369971496901370301e+03 1.289953621941402617e-01
1.370681973859567734e+03 1.289697498273800758e-01
1.371392819007409798e+03 1.289441408950255941e-01
1.372104032535702572e+03 1.289185353969876657e-01
1.372815614635351949e+03 1.288929333331772231e-01
1.373527565497362048e+03 1.288673347035051986e-01
1.374239885312833394e+03 1.288417395078827465e-01
1.374952574272973834e+03 1.288161477462207161e-01
1.375665632569081936e+03 1.287905594184303171e-01
1.376379060392558131e+03 1.287649745244228150e-01
1.377092857934902668e+03 1.287393930641093920e-01
1.377807025387714248e+03 1.287138150374013967e-01
1.378521562942690707e+03 1.286882404442101224e-01
1.379236470791630381e+03 1.286626692844470288e-01
1.379951749126429831e+03 1.286371015580235477e-01
1.380667398139085662e+03 1.286115372648512500e-01
1.381383418021690886e+03 1.285859764048417619e-01
1.382099808966446517e+03 1.285604189779065432e-01
1.382816571165645428e+03 1.285348649839573865e-01
1.383533704811681673e+03 1.285093144229060014e-01
1.384251210097050262e+03 1.284837672946641807e-01
1.384969087214345109e+03 1.284582235991438282e-01
1.385687336356260403e+03 1.284326833362568199e-01
1.386405957715589921e+03 1.284071465059151151e-01
1.387124951485227257e+03 1.283816131080307288e-01
1.387844317858166733e+03 1.283560831425157311e-01
1.388564057027498620e+03 1.283305566092823591e-01
1.389284169186423014e+03 1.283050335082425719e-01
1.390004654528230503e+03 1.282795138393087175e-01
1.390725513246315813e+03 1.282539976023930606e-01
1.391446745534172578e+03 1.282284847974079767e-01
1.392168351585396067e+03 1.282029754242658415e-01
1.392890331593680912e+03 1.281774694828791139e-01
1.393612685752822699e+03 1.281519669731602806e-01
1.394335414256716831e+03 1.281264678950219116e-01
1.395058517299359892e+03 1.281009722483765767e-01
1.395781995074845554e+03 1.280754800331371235e-01
1.396505847777377085e+03 1.280499912492160108e-01
1.397230075601249382e+03 1.280245058965261140e-01
1.397954678740861254e+03 1.279990239749802527e-01
1.398679657390712237e+03 1.279735454844913300e-01
1.399405011745402589e+03 1.279480704249722767e-01
1.400130741999633301e+03 1.279225987963360511e-01
1.400856848348206086e+03 1.278971305984956952e-01
1.401583330986024521e+03 1.278716658313643340e-01
1.402310190108092002e+03 1.278462044948550647e-01
1.403037425909510830e+03 1.278207465888812067e-01
1.403765038585492675e+03 1.277952921133558017e-01
1.404493028331342430e+03 1.277698410681922803e-01
1.405221395342467986e+03 1.277443934533039338e-01
1.405950139814379327e+03 1.277189492686042482e-01
1.406679261942687390e+03 1.276935085140066262e-01
1.407408761923105203e+03 1.276680711894245812e-01
1.408138639951445839e+03 1.276426372947717103e-01
1.408868896223624915e+03 1.276172068299616380e-01
1.409599530935659459e+03 1.275917797949079613e-01
1.410330544283664722e+03 1.275663561895245823e-01
1.411061936463866914e+03 1.275409360137250148e-01
1.411793707672584787e+03 1.275155192674231885e-01
1.412525858106241685e+03 1.274901059505330336e-01
1.413258387961363042e+03 1.274646960629684245e-01
1.413991297434575699e+03 1.274392896046433743e-01
1.414724586722609274e+03 1.274138865754718963e-01
1.415458256022294563e+03 1.273884869753680316e-01
1.416192305530564454e+03 1.273630908042459875e-01
1.416926735444453698e+03 1.273376980620199439e-01
1.417661545961096863e+03 1.273123087486041916e-01
1.418396737277739248e+03 1.272869228639128547e-01
1.419132309591719377e+03 1.272615404078603352e-01
1.419868263100480817e+03 1.272361613803610625e-01
1.420604598001569912e+03 1.272107857813294662e-01
1.421341314492635092e+03 1.271854136106800315e-01
1.422078412771427111e+03 1.271600448683273266e-01
1.422815893035799718e+03 1.271346795541858921e-01
1.423553755483708755e+03 1.271093176681704073e-01
1.424292000313212611e+03 1.270839592101955795e-01
1.425030627722469944e+03 1.270586041801762267e-01
1.425769637909749690e+03 1.270332525780270005e-01
1.426509031073416281e+03 1.270079044036627469e-01
1.427248807411938515e+03 1.269825596569984505e-01
1.427988967123889324e+03 1.269572183379490127e-01
1.428729510407943280e+03 1.269318804464294737e-01
1.429470437462878863e+03 1.269065459823548458e-01
1.430211748487576870e+03 1.268812149456402250e-01
1.430953443681021781e+03 1.268558873362007622e-01
1.431695523242300851e+03 1.268305631539516365e-01
1.432437987370601832e+03 1.268052423988082489e-01
1.433180836265223888e+03 1.267799250706856395e-01
1.433924070125561457e+03 1.267546111694992927e-01
1.434667689151114473e+03 1.267293006951646095e-01
1.435411693541487239e+03 1.267039936475969630e-01
1.436156083496386373e+03 1.266786900267119209e-01
1.436900859215622631e+03 1.266533898324249952e-01
1.437646020899110681e+03 1.266280930646518088e-01
1.438391568746867733e+03 1.266027997233079572e-01
1.439137502959015592e+03 1.265775098083091188e-01
1.439883823735776105e+03 1.265522233195711943e-01
1.440630531277484806e+03 1.265269402570097512e-01
1.441377625784570682e+03 1.265016606205406902e-01
1.442125107457570721e+03 1.264763844100799672e-01
1.442872976497125592e+03 1.264511116255434275e-01
1.443621233103979648e+03 1.264258422668471105e-01
1.444369877478981607e+03 1.264005763339070554e-01
1.445118909823083868e+03 1.263753138266393017e-01
1.445868330337342968e+03 1.263500547449599998e-01
1.446618139222920718e+03 1.263247990887853278e-01
1.447368336681078745e+03 1.262995468580316027e-01
1.448118922913192137e+03 1.262742980526148917e-01
1.448869898120732842e+03 1.262490526724516227e-01
1.449621262505278310e+03 1.262238107174581403e-01
1.450373016268511719e+03 1.261985721875509281e-01
1.451125159612219932e+03 1.261733370826463585e-01
1.451877692738295082e+03 1.261481054026610260e-01
1.452630615848733441e+03 1.261228771475114141e-01
1.453383929145636557e+03 1.260976523171142005e-01
1.454137632831209885e+03 1.260724309113859798e-01
1.454891727107761199e+03 1.260472129302435684e-01
1.455646212177711959e+03 1.260219983736035332e-01
1.456401088243579807e+03 1.259967872413827461e-01
1.457156355507989701e+03 1.259715795334980792e-01
1.457912014173672333e+03 1.259463752498664046e-01
1.458668064443463209e+03 1.259211743904046221e-01
1.459424506520302657e+03 1.258959769550297980e-01
1.460181340607236280e+03 1.258707829436588599e-01
1.460938566907414952e+03 1.258455923562089573e-01
1.461696185624095506e+03 1.258204051925972122e-01
1.462454196960635954e+03 1.257952214527408574e-01
1.463212601120509134e+03 1.257700411365569593e-01
1.463971398307284971e+03 1.257448642439628061e-01
1.464730588724640711e+03 1.257196907748757697e-01
1.465490172576360237e+03 1.256945207292131939e-01
1.466250150066332253e+03 1.256693541068924502e-01
1.467010521398551646e+03 1.256441909078310215e-01
1.467771286777118803e+03 1.256190311319463626e-01
1.468532446406239842e+03 1.255938747791560672e-01
1.469294000490226836e+03 1.255687218493776458e-01
1.470055949233494630e+03 1.255435723425289141e-01
1.470818292840573122e+03 1.255184262585272437e-01
1.471581031516089070e+03 1.254932835972905614e-01
1.472344165464778143e+03 1.254681443587365719e-01
1.473107694891482652e+03 1.254430085427831187e-01
1.473871620001150632e+03 1.254178761493480176e-01
1.474635940998836077e+03 1.253927471783492231e-01
1.475400658089699846e+03 1.253676216297046619e-01
1.476165771479008754e+03 1.253424995033323164e-01
1.476931281372136027e+03 1.253173807991502242e-01
1.477697187974558574e+03 1.252922655170765898e-01
1.478463491491868581e+03 1.252671536570293120e-01
1.479230192129755551e+03 1.252420452189267064e-01
1.479997290094019036e+03 1.252169402026869494e-01
1.480764785590564998e+03 1.251918386082283008e-01
1.481532678825406038e+03 1.251667404354691038e-01
1.482300970004661394e+03 1.251416456843276737e-01
1.483069659334557628e+03 1.251165543547224368e-01
1.483838747021428162e+03 1.250914664465717918e-01
1.484608233271712379e+03 1.250663819597942761e-01
1.485378118291954706e+03 1.250413008943084547e-01
1.486148402288815532e+03 1.250162232500327542e-01
1.486919085469052334e+03 1.249911490268858644e-01
1.487690168039534228e+03 1.249660782247864477e-01
1.488461650207236062e+03 1.249410108436532080e-01
1.489233532179240910e+03 1.249159468834048908e-01
1.490005814162739171e+03 1.248908863439602834e-01
1.490778496365028104e+03 1.248658292252382146e-01
1.491551578993512294e+03 1.248407755271575964e-01
1.492325062255704779e+03 1.248157252496372993e-01
1.493098946359221827e+03 1.247906783925964297e-01
1.493873231511797712e+03 1.247656349559537609e-01
1.494647917921263797e+03 1.247405949396284824e-01
1.495423005795563540e+03 1.247155583435396453e-01
1.496198495342747719e+03 1.246905251676064114e-01
1.496974386770974206e+03 1.246654954117479563e-01
1.497750680288509784e+03 1.246404690758835115e-01
1.498527376103728557e+03 1.246154461599323082e-01
1.499304474425113085e+03 1.245904266638136748e-01
1.500081975461253251e+03 1.245654105874469814e-01
1.500859879420844663e+03 1.245403979307516951e-01
1.501638186512699804e+03 1.245153886936470472e-01
1.502416896945730286e+03 1.244903828760526299e-01
1.503196010928959595e+03 1.244653804778879519e-01
1.503975528671518532e+03 1.244403814990725915e-01
1.504755450382647268e+03 1.244153859395261408e-01
1.505535776271693749e+03 1.243903937991682473e-01
1.506316506548114603e+03 1.243654050779185866e-01
1.507097641421475373e+03 1.243404197756969032e-01
1.507879181101449149e+03 1.243154378924229558e-01
1.508661125797816112e+03 1.242904594280166558e-01
1.509443475720473089e+03 1.242654843823976646e-01
1.510226231079416721e+03 1.242405127554859906e-01
1.511009392084756428e+03 1.242155445472015590e-01
1.511792958946709632e+03 1.241905797574643366e-01
1.512576931875602895e+03 1.241656183861943458e-01
1.513361311081871690e+03 1.241406604333116642e-01
1.514146096776060858e+03 1.241157058987363837e-01
1.514931289168823923e+03 1.240907547823886375e-01
1.515716888470924005e+03 1.240658070841886285e-01
1.516502894893230405e+03 1.240408628040566563e-01
1.517289308646729978e+03 1.240159219419127989e-01
1.518076129942511216e+03 1.239909844976774672e-01
1.518863358991773794e+03 1.239660504712710165e-01
1.519650996005827437e+03 1.239411198626138161e-01
1.520439041196091239e+03 1.239161926716263046e-01
1.521227494774094112e+03 1.238912688982289345e-01
1.522016356951474108e+03 1.238663485423422139e-01
1.522805627939979331e+03 1.238414316038867063e-01
1.523595307951467248e+03 1.238165180827829892e-01
1.524385397197902421e+03 1.237916079789518065e-01
1.525175895891368555e+03 1.237667012923135967e-01
1.525966804244049854e+03 1.237417980227891873e-01
1.526758122468243073e+03 1.237168981702993220e-01
1.527549850776355697e+03 1.236920017347648004e-01
1.528341989380905488e+03 1.236671087161064359e-01
1.529134538494519120e+03 1.236422191142450833e-01
1.529927498329934679e+03 1.236173329291016809e-01
1.530720869099999845e+03 1.235924501605971393e-01
1.531514651017673032e+03 1.235675708086524521e-01
1.532308844296019515e+03 1.235426948731887659e-01
1.533103449148224399e+03 1.235178223541269216e-01
1.533898465787574196e+03 1.234929532513881073e-01
1.534693894427468649e+03 1.234680875648934972e-01
1.535489735281418689e+03 1.234432252945642516e-01
1.536285988563045521e+03 1.234183664403215724e-01
1.537082654486080628e+03 1.233935110020867587e-01
1.537879733264366678e+03 1.233686589797810679e-01
1.538677225111857524e+03 1.233438103733258406e-01
1.539475130242617524e+03 1.233189651826424732e-01
1.540273448870818811e+03 1.232941234076524450e-01
1.541072181210753570e+03 1.232692850482770136e-01
1.541871327476816305e+03 1.232444501044377833e-01
1.542670887883515661e+03 1.232196185760562751e-01
1.543470862645471016e+03 1.231947904630540380e-01
1.544271251977413385e+03 1.231699657653526625e-01
1.545072056094184745e+03 1.231451444828738084e-01
1.545873275210738711e+03 1.231203266155391496e-01
1.546674909542139631e+03 1.230955121632703875e-01
1.547476959303564399e+03 1.230707011259892930e-01
1.548279424710297462e+03 1.230458935036177481e-01
1.549082305977744454e+03 1.230210892960773850e-01
1.549885603321413328e+03 1.229962885032901410e-01
1.550689316956926632e+03 1.229714911251779397e-01
1.551493447100019239e+03 1.229466971616627186e-01
1.552297993966536751e+03 1.229219066126664706e-01
1.553102957772437776e+03 1.228971194781111609e-01
1.553908338733791879e+03 1.228723357579188796e-01
1.554714137066781632e+03 1.228475554520116891e-01
1.555520352987700335e+03 1.228227785603117211e-01
1.556326986712951566e+03 1.227980050827412323e-01
1.557134038459059411e+03 1.227732350192222432e-01
1.557941508442651639e+03 1.227484683696770523e-01
1.558749396880470385e+03 1.227237051340279578e-01
1.559557703989371248e+03 1.226989453121972301e-01
1.560366429986321464e+03 1.226741889041072370e-01
1.561175575088400592e+03 1.226494359096803599e-01
1.561985139512801652e+03 1.226246863288389943e-01
1.562795123476829076e+03 1.225999401615055912e-01
1.563605527197900528e+03 1.225751974076026429e-01
1.564416350893542813e+03 1.225504580670527949e-01
1.565227594781405742e+03 1.225257221397783591e-01
1.566039259079240992e+03 1.225009896257020642e-01
1.566851344004918246e+03 1.224762605247465136e-01
1.567663849776418147e+03 1.224515348368343942e-01
1.568476776611835248e+03 1.224268125618884068e-01
1.569290124729377567e+03 1.224020936998312520e-01
1.570103894347364985e+03 1.223773782505857416e-01
1.570918085684231301e+03 1.223526662140746318e-01
1.571732698958523770e+03 1.223279575902208177e-01
1.572547734388899016e+03 1.223032523789472359e-01
1.573363192194136900e+03 1.222785505801766148e-01
1.574179072593121418e+03 1.222538521938319883e-01
1.574995375804852301e+03 1.222291572198363485e-01
1.575812102048443194e+03 1.222044656581127015e-01
1.576629251543122336e+03 1.221797775085840948e-01
1.577446824508229838e+03 1.221550927711736179e-01
1.578264821163220631e+03 1.221304114458043877e-01
1.579083241727662653e+03 1.221057335323995630e-01
1.579902086421238209e+03 1.220810590308823163e-01
1.580721355463740338e+03 1.220563879411759589e-01
1.581541049075085084e+03 1.220317202632035664e-01
1.582361167475292859e+03 1.220070559968885332e-01
1.583181710884502081e+03 1.219823951421541569e-01
1.584002679522963717e+03 1.219577376989238043e-01
1.584824073611044696e+03 1.219330836671208701e-01
1.585645893369224723e+03 1.219084330466687766e-01
1.586468139018098555e+03 1.218837858374909738e-01
1.587290810778375089e+03 1.218591420395109676e-01
1.588113908870877594e+03 1.218345016526522634e-01
1.588937433516540295e+03 1.218098646768385196e-01
1.589761384936421564e+03 1.217852311119931447e-01
1.590585763351685500e+03 1.217606009580398524e-01
1.591410568983612848e+03 1.217359742149022872e-01
1.592235802053600082e+03 1.217113508825041490e-01
1.593061462783157822e+03 1.216867309607691655e-01
1.593887551393911053e+03 1.216621144496210921e-01
1.594714068107600724e+03 1.216375013489836981e-01
1.595541013146082150e+03 1.216128916587808223e-01
1.596368386731325245e+03 1.215882853789363033e-01
1.597196189085412243e+03 1.215636825093741463e-01
1.598024420430549753e+03 1.215390830500180513e-01
1.598853080989050568e+03 1.215144870007920791e-01
1.599682170983344804e+03 1.214898943616202209e-01
1.600511690635978994e+03 1.214653051324264543e-01
1.601341640169614266e+03 1.214407193131348678e-01
1.602172019807027255e+03 1.214161369036695082e-01
1.603002829771110555e+03 1.213915579039545195e-01
1.603834070284871586e+03 1.213669823139140042e-01
1.604665741571433273e+03 1.213424101334721616e-01
1.605497843854031316e+03 1.213178413625532887e-01
1.606330377356027384e+03 1.212932760010814320e-01
1.607163342300888189e+03 1.212687140489809440e-01
1.607996738912199817e+03 1.212441555061761489e-01
1.608830567413664312e+03 1.212196003725913573e-01
1.609664828029099681e+03 1.211950486481509076e-01
1.610499520982439890e+03 1.211705003327792352e-01
1.611334646497734411e+03 1.211459554264007477e-01
1.612170204799150042e+03 1.211214139289398944e-01
1.613006196110968403e+03 1.210968758403211804e-01
1.613842620657585030e+03 1.210723411604691796e-01
1.614679478663521195e+03 1.210478098893082999e-01
1.615516770353404809e+03 1.210232820267631709e-01
1.616354495951983154e+03 1.209987575727584364e-01
1.617192655684120609e+03 1.209742365272186981e-01
1.618031249774797288e+03 1.209497188900686415e-01
1.618870278449110629e+03 1.209252046612329795e-01
1.619709741932274255e+03 1.209006938406364112e-01
1.620549640449618664e+03 1.208761864282037329e-01
1.621389974226591221e+03 1.208516824238597132e-01
1.622230743488752296e+03 1.208271818275292731e-01
1.623071948461790043e+03 1.208026846391370424e-01
1.623913589371498574e+03 1.207781908586080394e-01
1.624755666443793643e+03 1.207537004858671437e-01
1.625598179904706058e+03 1.207292135208393180e-01
1.626441129980385995e+03 1.207047299634494975e-01
1.627284516897099820e+03 1.206802498136226864e-01
1.628128340881230315e+03 1.206557730712839172e-01
1.628972602159279177e+03 1.206312997363582495e-01
1.629817300957864290e+03 1.206068298087707713e-01
1.630662437503718365e+03 1.205823632884466812e-01
1.631508012023701212e+03 1.205579001753109281e-01
1.632354024744780190e+03 1.205334404692887940e-01
1.633200475894044303e+03 1.205089841703054498e-01
1.634047365698698513e+03 1.204845312782861638e-01
1.634894694386068068e+03 1.204600817931561624e-01
1.635742462183593716e+03 1.204356357148407414e-01
1.636590669318835353e+03 1.204111930432652106e-01
1.637439316019470425e+03 1.203867537783549352e-01
1.638288402513294386e+03 1.203623179200352528e-01
1.639137929028217286e+03 1.203378854682316673e-01
1.639987895792277641e+03 1.203134564228694331e-01
1.640838303033621514e+03 1.202890307838740819e-01
1.641689150980517525e+03 1.202646085511710899e-01
1.642540439861351388e+03 1.202401897246859891e-01
1.643392169904628417e+03 1.202157743043442972e-01
1.644244341338971026e+03 1.201913622900716017e-01
1.645096954393120996e+03 1.201669536817934897e-01
1.645950009295939026e+03 1.201425484794355764e-01
1.646803506276402913e+03 1.201181466829235045e-01
1.647657445563607325e+03 1.200937482921830696e-01
1.648511827386775167e+03 1.200693533071397479e-01
1.649366651975237573e+03 1.200449617277193903e-01
1.650221919558448235e+03 1.200205735538477508e-01
1.651077630365980212e+03 1.199961887854506248e-01
1.651933784627524801e+03 1.199718074224537939e-01
1.652790382572892895e+03 1.199474294647831091e-01
1.653647424432013850e+03 1.199230549123644490e-01
1.654504910434937074e+03 1.198986837651236648e-01
1.655362840811830438e+03 1.198743160229867183e-01
1.656221215792978001e+03 1.198499516858796410e-01
1.657080035608793196e+03 1.198255907537282006e-01
1.657939300489798825e+03 1.198012332264584839e-01
1.658799010666640697e+03 1.197768791039965364e-01
1.659659166370083540e+03 1.197525283862683892e-01
1.660519767831012132e+03 1.197281810732001156e-01
1.661380815280431761e+03 1.197038371647178162e-01
1.662242308949465041e+03 1.196794966607476335e-01
1.663104249069357138e+03 1.196551595612157098e-01
1.663966635871470999e+03 1.196308258660482293e-01
1.664829469587287349e+03 1.196064955751714731e-01
1.665692750448416064e+03 1.195821686885115143e-01
1.666556478686577293e+03 1.195578452059946617e-01
1.667420654533615107e+03 1.195335251275472244e-01
1.668285278221493172e+03 1.195092084530954973e-01
1.669150349982295893e+03 1.194848951825658034e-01
1.670015870048226816e+03 1.194605853158844933e-01
1.670881838651611133e+03 1.194362788529779867e-01
1.671748256024893635e+03 1.194119757937726484e-01
1.672615122400640075e+03 1.193876761381949259e-01
1.673482438011533077e+03 1.193633798861713502e-01
1.674350203090385548e+03 1.193390870376282442e-01
1.675218417870121812e+03 1.193147975924921805e-01
1.676087082583789879e+03 1.192905115506897040e-01
1.676956197464558045e+03 1.192662289121473457e-01
1.677825762745716474e+03 1.192419496767917059e-01
1.678695778660675387e+03 1.192176738445493572e-01
1.679566245442965737e+03 1.191934014153469557e-01
1.680437163326240579e+03 1.191691323891111293e-01
1.681308532544273021e+03 1.191448667657685756e-01
1.682180353330954858e+03 1.191206045452460477e-01
1.683052625920308401e+03 1.190963457274701182e-01
1.683925350546467826e+03 1.190720903123675956e-01
1.684798527443690773e+03 1.190478382998652607e-01
1.685672156846358348e+03 1.190235896898899082e-01
1.686546238988971027e+03 1.189993444823683466e-01
1.687420774106151839e+03 1.189751026772274123e-01
1.688295762432645233e+03 1.189508642743939831e-01
1.689171204203317757e+03 1.189266292737949232e-01
1.690047099653156920e+03 1.189023976753571521e-01
1.690923449017269149e+03 1.188781694790076865e-01
1.691800252530892521e+03 1.188539446846733072e-01
1.692677510429377207e+03 1.188297232922810448e-01
1.693555222948197979e+03 1.188055053017579576e-01
1.694433390322953073e+03 1.187812907130310208e-01
1.695312012789361233e+03 1.187570795260272927e-01
1.696191090583264440e+03 1.187328717406738454e-01
1.697070623940626319e+03 1.187086673568977652e-01
1.697950613097533278e+03 1.186844663746261658e-01
1.698831058290193596e+03 1.186602687937861472e-01
1.699711959754934696e+03 1.186360746143050177e-01
1.700593317728216562e+03 1.186118838361097244e-01
1.701475132446612406e+03 1.185876964591275617e-01
1.702357404146819817e+03 1.185635124832857823e-01
1.703240133065660530e+03 1.185393319085115971e-01
1.704123319440078376e+03 1.185151547347322726e-01
1.705006963507139744e+03 1.184909809618751170e-01
1.705891065504034259e+03 1.184668105898674245e-01
1.706775625668074554e+03 1.184426436186365172e-01
1.707660644236695816e+03 1.184184800481097727e-01
1.708546121447453288e+03 1.183943198782146100e-01
1.709432057538035224e+03 1.183701631088782819e-01
1.710318452746243111e+03 1.183460097400282768e-01
1.711205307310004855e+03 1.183218597715920140e-01
1.712092621467371600e+03 1.182977132034969681e-01
1.712980395456518409e+03 1.182735700356706138e-01
1.713868629515742668e+03 1.182494302680404535e-01
1.714757323883466825e+03 1.182252939005339759e-01
1.715646478798235421e+03 1.182011609330787388e-01
1.716536094498717375e+03 1.181770313656023141e-01
1.717426171223701658e+03 1.181529051980323569e-01
1.718316709212111618e+03 1.181287824302962863e-01
1.719207708702983382e+03 1.181046630623217991e-01
1.720099169935481314e+03 1.180805470940365504e-01
1.720991093148892560e+03 1.180564345253682090e-01
1.721883478582629550e+03 1.180323253562444302e-01
1.722776326476227950e+03 1.180082195865929384e-01
1.723669637069348028e+03 1.179841172163414165e-01
1.724563410601773285e+03 1.179600182454176305e-01
1.725457647313413418e+03 1.179359226737493188e-01
1.726352347444296583e+03 1.179118305012644002e-01
1.727247511234587591e+03 1.178877417278904327e-01
1.728143138924564710e+03 1.178636563535553350e-01
1.729039230754633763e+03 1.178395743781869565e-01
1.729935786965325860e+03 1.178154958017131465e-01
1.730832807797296255e+03 1.177914206240617823e-01
1.731730293491325028e+03 1.177673488451607547e-01
1.732628244288317092e+03 1.177432804649379550e-01
1.733526660429302410e+03 1.177192154833213433e-01
1.734425542155435551e+03 1.176951539002388525e-01
1.735324889707992497e+03 1.176710957156185400e-01
1.736224703328385431e+03 1.176470409293881997e-01
1.737124983258140219e+03 1.176229895414759585e-01
1.738025729738911878e+03 1.175989415518098047e-01
1.738926943012480479e+03 1.175748969603177957e-01
1.739828623320751831e+03 1.175508557669280030e-01
1.740730770905756344e+03 1.175268179715684702e-01
1.741633386009650621e+03 1.175027835741673105e-01
1.742536468874716775e+03 1.174787525746526506e-01
1.743440019743361290e+03 1.174547249729525900e-01
1.744344038858114118e+03 1.174307007689954080e-01
1.745248526461640722e+03 1.174066799627090513e-01
1.746153482796722301e+03 1.173826625540217855e-01
1.747058908106268746e+03 1.173586485428618625e-01
1.747964802633316367e+03 1.173346379291574509e-01
1.748871166621026987e+03 1.173106307128368164e-01
1.749778000312688846e+03 1.172866268938281831e-01
1.750685303951715923e+03 1.172626264720598582e-01
1.751593077781648617e+03 1.172386294474601076e-01
1.752501322046153291e+03 1.172146358199572247e-01
1.753410036989019090e+03 1.171906455894796556e-01
1.754319222854172494e+03 1.171666587559555134e-01
1.755228879885655260e+03 1.171426753193132442e-01
1.756139008327639203e+03 1.171186952794812525e-01
1.757049608424423468e+03 1.170947186363879011e-01
1.757960680420432482e+03 1.170707453899615946e-01
1.758872224560218228e+03 1.170467755401307652e-01
1.759784241088459567e+03 1.170228090868238036e-01
1.760696730249961320e+03 1.169988460299692251e-01
1.761609692289655868e+03 1.169748863694954621e-01
1.762523127452598828e+03 1.169509301053310996e-01
1.763437035983983151e+03 1.169269772374044308e-01
1.764351418129119111e+03 1.169030277656440964e-01
1.765266274133446586e+03 1.168790816899785978e-01
1.766181604242532785e+03 1.168551390103365062e-01
1.767097408702072698e+03 1.168311997266463648e-01
1.768013687757888647e+03 1.168072638388367723e-01
1.768930441655929826e+03 1.167833313468362860e-01
1.769847670642273215e+03 1.167594022505735463e-01
1.770765374963123577e+03 1.167354765499771657e-01
1.771683554864808912e+03 1.167115542449758681e-01
1.772602210593796144e+03 1.166876353354981272e-01
1.773521342396669525e+03 1.166637198214726945e-01
1.774440950520143588e+03 1.166398077028282659e-01
1.775361035211062244e+03 1.166158989794935236e-01
1.776281596716395825e+03 1.165919936513971911e-01
1.777202635283243580e+03 1.165680917184679921e-01
1.778124151158832547e+03 1.165441931806346643e-01
1.779046144590517997e+03 1.165202980378259590e-01
1.779968615825782990e+03 1.164964062899706415e-01
1.780891565112235185e+03 1.164725179369976299e-01
1.781814992697622756e+03 1.164486329788354813e-01
1.782738898829809386e+03 1.164247514154131274e-01
1.783663283756792453e+03 1.164008732466593754e-01
1.784588147726696889e+03 1.163769984725030737e-01
1.785513490987776777e+03 1.163531270928730849e-01
1.786439313788414211e+03 1.163292591076982574e-01
1.787365616377120659e+03 1.163053945169074954e-01
1.788292399002536740e+03 1.162815333204296614e-01
1.789219661913430173e+03 1.162576755181936872e-01
1.790147405358695778e+03 1.162338211101285740e-01
1.791075629587367985e+03 1.162099700961630733e-01
1.792004334848597864e+03 1.161861224762262279e-01
1.792933521391671320e+03 1.161622782502469836e-01
1.793863189466002041e+03 1.161384374181543139e-01
1.794793339321133317e+03 1.161145999798772199e-01
1.795723971206738497e+03 1.160907659353446891e-01
1.796655085372619169e+03 1.160669352844857227e-01
1.797586682068706750e+03 1.160431080272293497e-01
1.798518761545062262e+03 1.160192841635046268e-01
1.799451324051873144e+03 1.159954636932406663e-01
1.800384369839466899e+03 1.159716466163663445e-01
1.801317899158289720e+03 1.159478329328108431e-01
1.802251912258921266e+03 1.159240226425032327e-01
1.803186409392071937e+03 1.159002157453726117e-01
1.804121390808580600e+03 1.158764122413480785e-01
1.805056856759416860e+03 1.158526121303587869e-01
1.805992807495681063e+03 1.158288154123338354e-01
1.806929243268602704e+03 1.158050220872023639e-01
1.807866164329541334e+03 1.157812321548935541e-01
1.808803570929983835e+03 1.157574456153366432e-01
1.809741463321558058e+03 1.157336624684606463e-01
1.810679841756011456e+03 1.157098827141948144e-01
1.811618706485225630e+03 1.156861063524683708e-01
1.812558057761211785e+03 1.156623333832105249e-01
1.813497895836113230e+03 1.156385638063504862e-01
1.814438220962202877e+03 1.156147976218174916e-01
1.815379033391884832e+03 1.155910348295407925e-01
1.816320333377693714e+03 1.155672754294496535e-01
1.817262121172295338e+03 1.155435194214733119e-01
1.818204397028482390e+03 1.155197668055411575e-01
1.819147161199190350e+03 1.154960175815822748e-01
1.820090413937473386e+03 1.154722717495260814e-01
1.821034155496521635e+03 1.154485293093018561e-01
1.821978386129656201e+03 1.154247902608389331e-01
1.822923106090329611e+03 1.154010546040666330e-01
1.823868315632125359e+03 1.153773223389143038e-01
1.824814015008758133e+03 1.153535934653112799e-01
1.825760204474075181e+03 1.153298679831869233e-01
1.826706884282053352e+03 1.153061458924706101e-01
1.827654054686800237e+03 1.152824271930917854e-01
1.828601715942563260e+03 1.152587118849796727e-01
1.829549868303712628e+03 1.152349999680637588e-01
1.830498512024753154e+03 1.152112914422734474e-01
1.831447647360321525e+03 1.151875863075381562e-01
1.832397274565186990e+03 1.151638845637873027e-01
1.833347393894249990e+03 1.151401862109503182e-01
1.834298005602543753e+03 1.151164912489566344e-01
1.835249109945232931e+03 1.150927996777357520e-01
1.836200707177615413e+03 1.150691114972170748e-01
1.837152797555116649e+03 1.150454267073301867e-01
1.838105381333306468e+03 1.150217453080043806e-01
1.839058458767875891e+03 1.149980672991692265e-01
1.840012030114650770e+03 1.149743926807542393e-01
1.840966095629591791e+03 1.149507214526889060e-01
1.841920655568790835e+03 1.149270536149027411e-01
1.842875710188472340e+03 1.149033891673252733e-01
1.843831259744994668e+03 1.148797281098860035e-01
1.844787304494848058e+03 1.148560704425145018e-01
1.845743844694655536e+03 1.148324161651402969e-01
1.846700880601170866e+03 1.148087652776930284e-01
1.847658412471289921e+03 1.147851177801020722e-01
1.848616440562032039e+03 1.147614736722970957e-01
1.849574965130553437e+03 1.147378329542076691e-01
1.850533986434142889e+03 1.147141956257633766e-01
1.851493504730222412e+03 1.146905616868938160e-01
1.852453520276348854e+03 1.146669311375285716e-01
1.853414033330210259e+03 1.146433039775972551e-01
1.854375044149630412e+03 1.146196802070294646e-01
1.855336552992565885e+03 1.145960598257548396e-01
1.856298560117102170e+03 1.145724428337030892e-01
1.857261065781471416e+03 1.145488292308036588e-01
1.858224070244027416e+03 1.145252190169862849e-01
1.859187573763261526e+03 1.145016121921806074e-01
1.860151576597799703e+03 1.144780087563162935e-01
1.861116079006401151e+03 1.144544087093229828e-01
1.862081081247959901e+03 1.144308120511303567e-01
1.863046583581503683e+03 1.144072187816680825e-01
1.864012586266194376e+03 1.143836289008658552e-01
1.864979089561328465e+03 1.143600424086533285e-01
1.865946093726332947e+03 1.143364593049603084e-01
1.866913599020780794e+03 1.143128795897162958e-01
1.867881605704367985e+03 1.142893032628510691e-01
1.868850114036928289e+03 1.142657303242943789e-01
1.869819124278431218e+03 1.142421607739759065e-01
1.870788636688980205e+03 1.142185946118253886e-01
1.871758651528813743e+03 1.141950318377725482e-01
1.872729169058305160e+03 1.141714724517471219e-01
1.873700189537962842e+03 1.141479164536788188e-01
1.874671713228430235e+03 1.141243638434974172e-01
1.875643740390481298e+03 1.141008146211327373e-01
1.876616271285037783e+03 1.140772687865143353e-01
1.877589306173144223e+03 1.140537263395720730e-01
1.878562845315984532e+03 1.140301872802357147e-01
1.879536888974878138e+03 1.140066516084350251e-01
1.880511437411280212e+03 1.139831193240997825e-01
1.881486490886780302e+03 1.139595904271597515e-01
1.882462049663104835e+03 1.139360649175447104e-01
1.883438114002115071e+03 1.139125427951844516e-01
1.884414684165807785e+03 1.138890240600087811e-01
1.885391760416312763e+03 1.138655087119475606e-01
1.886369343015906225e+03 1.138419967509304020e-01
1.887347432226988758e+03 1.138184881768872225e-01
1.888326028312101244e+03 1.137949829897478005e-01
1.889305131533920303e+03 1.137714811894419698e-01
1.890284742155258982e+03 1.137479827758995365e-01
1.891264860439066069e+03 1.137244877490503070e-01
1.892245486648427459e+03 1.137009961088241150e-01
1.893226621046563878e+03 1.136775078551507945e-01
1.894208263896834296e+03 1.136540229879601516e-01
1.895190415462728652e+03 1.136305415071821451e-01
1.896173076007886948e+03 1.136070634127463730e-01
1.897156245796071744e+03 1.135835887045828080e-01
1.898139925091187706e+03 1.135601173826212840e-01
1.899124114157276836e+03 1.135366494467916210e-01
1.900108813258516420e+03 1.135131848970237084e-01
1.901094022659221537e+03 1.134897237332473663e-01
1.902079742623844140e+03 1.134662659553924424e-01
1.903065973416973520e+03 1.134428115633888123e-01
1.904052715303334935e+03 1.134193605571663377e-01
1.905039968547788249e+03 1.133959129366549357e-01
1.906027733415341800e+03 1.133724687017843430e-01
1.907016010171129437e+03 1.133490278524844630e-01
1.908004799080426210e+03 1.133255903886851851e-01
1.908994100408645409e+03 1.133021563103163709e-01
1.909983914421336522e+03 1.132787256173079238e-01
1.910974241384187962e+03 1.132552983095896776e-01
1.911965081563025251e+03 1.132318743870915356e-01
1.912956435223811241e+03 1.132084538497433457e-01
1.913948302632647483e+03 1.131850366974750249e-01
1.914940684055769225e+03 1.131616229302165183e-01
1.915933579759561098e+03 1.131382125478975348e-01
1.916926990010534382e+03 1.131148055504480471e-01
1.917920915075342236e+03 1.130914019377979307e-01
1.918915355220775837e+03 1.130680017098770890e-01
1.919910310713765057e+03 1.130446048666153974e-01
1.920905781821377786e+03 1.130212114079427593e-01
1.921901768810820386e+03 1.129978213337890502e-01
1.922898271949437913e+03 1.129744346440841457e-01
1.923895291504712986e+03 1.129510513387579629e-01
1.924892827744264423e+03 1.129276714177405022e-01
1.925890880935860878e+03 1.129042948809614172e-01
1.926889451347397198e+03 1.128809217283507360e-01
1.927888539246911932e+03 1.128575519598383342e-01
1.928888144902582781e+03 1.128341855753541012e-01
1.929888268582725459e+03 1.128108225748279403e-01
1.930888910555795064e+03 1.127874629581897409e-01
1.931890071090385845e+03 1.127641067253694063e-01
1.932891750455232113e+03 1.127407538762968120e-01
1.933893948919205968e+03 1.127174044109018614e-01
1.934896666751315706e+03 1.126940583291145409e-01
1.935899904220720828e+03 1.126707156308645597e-01
1.936903661596708162e+03 1.126473763160819180e-01
1.937907939148709147e+03 1.126240403846964777e-01
1.938912737146292557e+03 1.126007078366381559e-01
1.939918055859169954e+03 1.125773786718368280e-01
1.940923895557190008e+03 1.125540528902223836e-01
1.941930256510342133e+03 1.125307304917247120e-01
1.942937138988756260e+03 1.125074114762737026e-01
1.943944543262701245e+03 1.124840958437992589e-01
1.944952469602583506e+03 1.124607835942313394e-01
1.945960918278959753e+03 1.124374747274996533e-01
1.946969889562516073e+03 1.124141692435341733e-01
1.947979383724083391e+03 1.123908671422647748e-01
1.948989401034630646e+03 1.123675684236213612e-01
1.949999941765269796e+03 1.123442730875338080e-01
1.951011006187251951e+03 1.123209811339319769e-01
1.952022594571968966e+03 1.122976925627457295e-01
1.953034707190953668e+03 1.122744073739049692e-01
1.954047344315879400e+03 1.122511255673395575e-01
1.955060506218555929e+03 1.122278471429794533e-01
1.956074193170946501e+03 1.122045721007543517e-01
1.957088405445142598e+03 1.121813004405941977e-01
1.958103143313381679e+03 1.121580321624288529e-01
1.959118407048041490e+03 1.121347672661881928e-01
1.960134196921640978e+03 1.121115057518020652e-01
1.961150513206840742e+03 1.120882476192003319e-01
1.962167356176443036e+03 1.120649928683128266e-01
1.963184726103389721e+03 1.120417414990694249e-01
1.964202623260765449e+03 1.120184935113999608e-01
1.965221047921793343e+03 1.119952489052343791e-01
1.966240000359847954e+03 1.119720076805023334e-01
1.967259480848435032e+03 1.119487698371337409e-01
1.968279489661205162e+03 1.119255353750584631e-01
1.969300027071951718e+03 1.119023042942063062e-01
1.970321093354609275e+03 1.118790765945071181e-01
1.971342688783253834e+03 1.118558522758907187e-01
1.972364813632105097e+03 1.118326313382869142e-01
1.973387468175523281e+03 1.118094137816255523e-01
1.974410652688011623e+03 1.117861996058364116e-01
1.975434367444211148e+03 1.117629888108494229e-01
1.976458612718917493e+03 1.117397813965941983e-01
1.977483388787056811e+03 1.117165773630006270e-01
1.978508695923701680e+03 1.116933767099985014e-01
1.979534534404066790e+03 1.116701794375176415e-01
1.980560904503509846e+03 1.116469855454878118e-01
1.981587806497531119e+03 1.116237950338388046e-01
1.982615240661774124e+03 1.116006079025004122e-01
1.983643207272023801e+03 1.115774241514023990e-01
1.984671706604210158e+03 1.115542437804745296e-01
1.985700738934400761e+03 1.115310667896466656e-01
1.986730304538818245e+03 1.115078931788484051e-01
1.987760403693817125e+03 1.114847229480095681e-01
1.988791036675898340e+03 1.114615560970599328e-01
1.989822203761706533e+03 1.114383926259292223e-01
1.990853905228029589e+03 1.114152325345471872e-01
1.991886141351799097e+03 1.113920758228435781e-01
1.992918912410090115e+03 1.113689224907481040e-01
1.993952218680120268e+03 1.113457725381905017e-01
1.994986060439252697e+03 1.113226259651004801e-01
1.996020437964989014e+03 1.112994827714078455e-01
1.997055351534986585e+03 1.112763429570421542e-01
1.998090801427035558e+03 1.112532065219331706e-01
1.999126787919073195e+03 1.112300734660105900e-01
2.000163311289180683e+03 1.112069437892041213e-01
2.001200371815584504e+03 1.111838174914434180e-01
2.002237969776653927e+03 1.111606945726582030e-01
2.003276105450903287e+03 1.111375750327781159e-01
2.004314779116990849e+03 1.111144588717328241e-01
2.005353991053720392e+03 1.110913460894519811e-01
2.006393741540033943e+03 1.110682366858653514e-01
2.007434030855032233e+03 1.110451306609023941e-01
2.008474859277947644e+03 1.110220280144928323e-01
2.009516227088161486e+03 1.109989287465662916e-01
2.010558134565199907e+03 1.109758328570524255e-01
2.011600581988733666e+03 1.109527403458808181e-01
2.012643569638578811e+03 1.109296512129810813e-01
2.013687097794695774e+03 1.109065654582828409e-01
2.014731166737190961e+03 1.108834830817156947e-01
2.015775776746314932e+03 1.108604040832092130e-01
2.016820928102460130e+03 1.108373284626930910e-01
2.017866621086176792e+03 1.108142562200967046e-01
2.018912855978147491e+03 1.107911873553496934e-01
2.019959633059204634e+03 1.107681218683816554e-01
2.021006952610326834e+03 1.107450597591221053e-01
2.022054814912636630e+03 1.107220010275006133e-01
2.023103220247403897e+03 1.106989456734467220e-01
2.024152168896044031e+03 1.106758936968899182e-01
2.025201661140117949e+03 1.106528450977597444e-01
2.026251697261332083e+03 1.106297998759857154e-01
2.027302277541534750e+03 1.106067580314974153e-01
2.028353402262734107e+03 1.105837195642241644e-01
2.029405071707070420e+03 1.105606844740955330e-01
2.030457286156834925e+03 1.105376527610409804e-01
2.031510045894465293e+03 1.105146244249899934e-01
2.032563351202545618e+03 1.104915994658720452e-01
2.033617202363805518e+03 1.104685778836165672e-01
2.034671599661122400e+03 1.104455596781530047e-01
2.035726543377520102e+03 1.104225448494107614e-01
2.036782033796167752e+03 1.103995333973192966e-01
2.037838071200378863e+03 1.103765253218081110e-01
2.038894655873624970e+03 1.103535206228064142e-01
2.039951788099512669e+03 1.103305193002436790e-01
2.041009468161799987e+03 1.103075213540493232e-01
2.042067696344390697e+03 1.102845267841526949e-01
2.043126472931337275e+03 1.102615355904831701e-01
2.044185798206838172e+03 1.102385477729701108e-01
2.045245672455239855e+03 1.102155633315428374e-01
2.046306095961035680e+03 1.101925822661307119e-01
2.047367069008867020e+03 1.101696045766630550e-01
2.048428591883518038e+03 1.101466302630692701e-01
2.049490664869932971e+03 1.101236593252784696e-01
2.050553288253192022e+03 1.101006917632200433e-01
2.051616462318526374e+03 1.100777275768232699e-01
2.052680187351314999e+03 1.100547667660174422e-01
2.053744463637085573e+03 1.100318093307318112e-01
2.054809291461513112e+03 1.100088552708956280e-01
2.055874671110421332e+03 1.099859045864381296e-01
2.056940602869780832e+03 1.099629572772885672e-01
2.058007087025711371e+03 1.099400133433761223e-01
2.059074123864476405e+03 1.099170727846301432e-01
2.060141713672501282e+03 1.098941356009796033e-01
2.061209856736345955e+03 1.098712017923537954e-01
2.062278553342723171e+03 1.098482713586818871e-01
2.063347803778495290e+03 1.098253442998930463e-01
2.064417608330672010e+03 1.098024206159164406e-01
2.065487967286413095e+03 1.097795003066811825e-01
2.066558880933026103e+03 1.097565833721163980e-01
2.067630349557967747e+03 1.097336698121512272e-01
2.068702373448844355e+03 1.097107596267147683e-01
2.069774952893405498e+03 1.096878528157361893e-01
2.070848088179564456e+03 1.096649493791444080e-01
2.071921779595370026e+03 1.096420493168685645e-01
2.072996027429024252e+03 1.096191526288377155e-01
2.074070831968878792e+03 1.095962593149809039e-01
2.075146193503435370e+03 1.095733693752271726e-01
2.076222112321344866e+03 1.095504828095055366e-01
2.077298588711406865e+03 1.095275996177449973e-01
2.078375622962571924e+03 1.095047197998745558e-01
2.079453215363939307e+03 1.094818433558231718e-01
2.080531366204754249e+03 1.094589702855199159e-01
2.081610075774425241e+03 1.094361005888935673e-01
2.082689344362497195e+03 1.094132342658731549e-01
2.083769172258669187e+03 1.093903713163875829e-01
2.084849559752791265e+03 1.093675117403657970e-01
2.085930507134863092e+03 1.093446555377366736e-01
2.087012014695034395e+03 1.093218027084291166e-01
2.088094082723605879e+03 1.092989532523719887e-01
2.089176711511028770e+03 1.092761071694941521e-01
2.090259901347903906e+03 1.092532644597244557e-01
2.091343652524979461e+03 1.092304251229918310e-01
2.092427965333166867e+03 1.092075891592248910e-01
2.093512840063514432e+03 1.091847565683525673e-01
2.094598277007226898e+03 1.091619273503036114e-01
2.095684276455659528e+03 1.091391015050068164e-01
2.096770838700318563e+03 1.091162790323909615e-01
2.097857964032860764e+03 1.090934599323847704e-01
2.098945652745094776e+03 1.090706442049169805e-01
2.100033905128980223e+03 1.090478318499163296e-01
2.101122721476628612e+03 1.090250228673114996e-01
2.102212102080296518e+03 1.090022172570312697e-01
2.103302047232407403e+03 1.089794150190041555e-01
2.104392557225522069e+03 1.089566161531588667e-01
2.105483632352357290e+03 1.089338206594240993e-01
2.106575272905781276e+03 1.089110285377284382e-01
2.107667479178815029e+03 1.088882397880005098e-01
2.108760251464630528e+03 1.088654544101689270e-01
2.109853590056551639e+03 1.088426724041622745e-01
2.110947495248055020e+03 1.088198937699090957e-01
2.112041967332768309e+03 1.087971185073379754e-01
2.113137006604468297e+03 1.087743466163775125e-01
2.114232613357095488e+03 1.087515780969560558e-01
2.115328787884731355e+03 1.087288129490022043e-01
2.116425530481612441e+03 1.087060511724444456e-01
2.117522841442129447e+03 1.086832927672112536e-01
2.118620721060824053e+03 1.086605377332310884e-01
2.119719169632391640e+03 1.086377860704323822e-01
2.120818187451680387e+03 1.086150377787435534e-01
2.121917774813690357e+03 1.085922928580930341e-01
2.123017932013574864e+03 1.085695513084092012e-01
2.124118659346636377e+03 1.085468131296205146e-01
2.125219957108342896e+03 1.085240783216551846e-01
2.126321825594302936e+03 1.085013468844416018e-01
2.127424265100281900e+03 1.084786188179081012e-01
2.128527275922198896e+03 1.084558941219830042e-01
2.129630858356126282e+03 1.084331727965946041e-01
2.130735012698290120e+03 1.084104548416711666e-01
2.131839739245069268e+03 1.083877402571409299e-01
2.132945038292997197e+03 1.083650290429321733e-01
2.134050910138760173e+03 1.083423211989730933e-01
2.135157355079194076e+03 1.083196167251919834e-01
2.136264373411302131e+03 1.082969156215168594e-01
2.137371965432228535e+03 1.082742178878759870e-01
2.138480131439273919e+03 1.082515235241975071e-01
2.139588871729895800e+03 1.082288325304095467e-01
2.140698186601704037e+03 1.082061449064402325e-01
2.141808076352463104e+03 1.081834606522176639e-01
2.142918541280091631e+03 1.081607797676699262e-01
2.144029581682663320e+03 1.081381022527250629e-01
2.145141197858406031e+03 1.081154281073111317e-01
2.146253390105696781e+03 1.080927573313562456e-01
2.147366158723081753e+03 1.080700899247882124e-01
2.148479504009248103e+03 1.080474258875351312e-01
2.149593426263042602e+03 1.080247652195249763e-01
2.150707925783465726e+03 1.080021079206856804e-01
2.151823002869674383e+03 1.079794539909451900e-01
2.152938657820979643e+03 1.079568034302314239e-01
2.154054890936847187e+03 1.079341562384722453e-01
2.155171702516899586e+03 1.079115124155955591e-01
2.156289092860913570e+03 1.078888719615292147e-01
2.157407062268815935e+03 1.078662348762011169e-01
2.158525611040704007e+03 1.078436011595389349e-01
2.159644739476816085e+03 1.078209708114705456e-01
2.160764447877550992e+03 1.077983438319237153e-01
2.161884736543463077e+03 1.077757202208262099e-01
2.163005605775262666e+03 1.077530999781057680e-01
2.164127055873815607e+03 1.077304831036901001e-01
2.165249087140143729e+03 1.077078695975069306e-01
2.166371699875424838e+03 1.076852594594839146e-01
2.167494894380993628e+03 1.076626526895487074e-01
2.168618670958334405e+03 1.076400492876290610e-01
2.169743029909103825e+03 1.076174492536523947e-01
2.170867971535099514e+03 1.075948525875464190e-01
2.171993496138280989e+03 1.075722592892386781e-01
2.173119604020762836e+03 1.075496693586567576e-01
2.174246295484817892e+03 1.075270827957281877e-01
2.175373570832875430e+03 1.075044996003804709e-01
2.176501430367520243e+03 1.074819197725411096e-01
2.177629874391494923e+03 1.074593433121375785e-01
2.178758903207698950e+03 1.074367702190973384e-01
2.179888517119183234e+03 1.074142004933478917e-01
2.181018716429170581e+03 1.073916341348164910e-01
2.182149501441027041e+03 1.073690711434306111e-01
2.183280872458279646e+03 1.073465115191176156e-01
2.184412829784613677e+03 1.073239552618048542e-01
2.185545373723871762e+03 1.073014023714196491e-01
2.186678504580052959e+03 1.072788528478892944e-01
2.187812222657314578e+03 1.072563066911410845e-01
2.188946528259972183e+03 1.072337639011022997e-01
2.190081421692497770e+03 1.072112244777001372e-01
2.191216903259517039e+03 1.071886884208619189e-01
2.192352973265828041e+03 1.071661557305146756e-01
2.193489632016371615e+03 1.071436264065856320e-01
2.194626879816252767e+03 1.071211004490019852e-01
2.195764716970733389e+03 1.070985778576908354e-01
2.196903143785234079e+03 1.070760586325792824e-01
2.198042160565333688e+03 1.070535427735944262e-01
2.199181767616769321e+03 1.070310302806633113e-01
2.200321965245436786e+03 1.070085211537129821e-01
2.201462753757390146e+03 1.069860153926704555e-01
2.202604133458837623e+03 1.069635129974628035e-01
2.203746104656159787e+03 1.069410139680168348e-01
2.204888667655882273e+03 1.069185183042595522e-01
2.206031822764693970e+03 1.068960260061179030e-01
2.207175570289443385e+03 1.068735370735187790e-01
2.208319910537136820e+03 1.068510515063890581e-01
2.209464843814940650e+03 1.068285693046556045e-01
2.210610370430180865e+03 1.068060904682452128e-01
2.211756490690341252e+03 1.067836149970847193e-01
2.212903204903065671e+03 1.067611428911008908e-01
2.214050513376153503e+03 1.067386741502205777e-01
2.215198416417576482e+03 1.067162087743703386e-01
2.216346914335451856e+03 1.066937467634769821e-01
2.217496007438062861e+03 1.066712881174671501e-01
2.218645696033850527e+03 1.066488328362675542e-01
2.219795980431416865e+03 1.066263809198048085e-01
2.220946860939523958e+03 1.066039323680055412e-01
2.222098337867092596e+03 1.065814871807963249e-01
2.223250411523205457e+03 1.065590453581037322e-01
2.224403082217103929e+03 1.065366068998542803e-01
2.225556350258185375e+03 1.065141718059746251e-01
2.226710215956022694e+03 1.064917400763910060e-01
2.227864679620332481e+03 1.064693117110300513e-01
2.229019741560999591e+03 1.064468867098181393e-01
2.230175402088067585e+03 1.064244650726817315e-01
2.231331661511741459e+03 1.064020467995472063e-01
2.232488520142386278e+03 1.063796318903409144e-01
2.233645978290529001e+03 1.063572203449891923e-01
2.234804036266856201e+03 1.063348121634183768e-01
2.235962694382216341e+03 1.063124073455547353e-01
2.237121952947613863e+03 1.062900058913246321e-01
2.238281812274229651e+03 1.062676078006541264e-01
2.239442272673389652e+03 1.062452130734695133e-01
2.240603334456587618e+03 1.062228217096969629e-01
2.241764997935477822e+03 1.062004337092626732e-01
2.242927263421876432e+03 1.061780490720927450e-01
2.244090131227761049e+03 1.061556677981133068e-01
2.245253601665271162e+03 1.061332898872504177e-01
2.246417675046707700e+03 1.061109153394301508e-01
2.247582351684533478e+03 1.060885441545785374e-01
2.248747631891369110e+03 1.060661763326216506e-01
2.249913515980010288e+03 1.060438118734853136e-01
2.251080004263401406e+03 1.060214507770955439e-01
2.252247097054653750e+03 1.059990930433782619e-01
2.253414794667040496e+03 1.059767386722593879e-01
2.254583097413998075e+03 1.059543876636647591e-01
2.255752005609124353e+03 1.059320400175202265e-01
2.256921519566179086e+03 1.059096957337516270e-01
2.258091639599087102e+03 1.058873548122847147e-01
2.259262366021933303e+03 1.058650172530452710e-01
2.260433699148962205e+03 1.058426830559590914e-01
2.261605639294594312e+03 1.058203522209517355e-01
2.262778186773400193e+03 1.057980247479489572e-01
2.263951341900116859e+03 1.057757006368763991e-01
2.265125104989645024e+03 1.057533798876597042e-01
2.266299476357049116e+03 1.057310625002244320e-01
2.267474456317555450e+03 1.057087484744961836e-01
2.268650045186554962e+03 1.056864378104004631e-01
2.269826243279601385e+03 1.056641305078628162e-01
2.271003050912412618e+03 1.056418265668086914e-01
2.272180468400864811e+03 1.056195259871636621e-01
2.273358496061011920e+03 1.055972287688529410e-01
2.274537134209057967e+03 1.055749349118020597e-01
2.275716383161375234e+03 1.055526444159363419e-01
2.276896243234500616e+03 1.055303572811811530e-01
2.278076714745133813e+03 1.055080735074618026e-01
2.279257798010140050e+03 1.054857930947035727e-01
2.280439493346547806e+03 1.054635160428316898e-01
2.281621801071549726e+03 1.054412423517714220e-01
2.282804721502503526e+03 1.054189720214479264e-01
2.283988254956926994e+03 1.053967050517864712e-01
2.285172401752515270e+03 1.053744414427120329e-01
2.286357162207114470e+03 1.053521811941497827e-01
2.287542536638741240e+03 1.053299243060248080e-01
2.288728525365575933e+03 1.053076707782621552e-01
2.289915128705963525e+03 1.052854206107868423e-01
2.291102346978414971e+03 1.052631738035238740e-01
2.292290180501605391e+03 1.052409303563981852e-01
2.293478629594375889e+03 1.052186902693347248e-01
2.294667694575732185e+03 1.051964535422583863e-01
2.295857375764840981e+03 1.051742201750941047e-01
2.297047673481048150e+03 1.051519901677665791e-01
2.298238588043850541e+03 1.051297635202006892e-01
2.299430119772916896e+03 1.051075402323212171e-01
2.300622268988079668e+03 1.050853203040529177e-01
2.301815036009338655e+03 1.050631037353204900e-01
2.303008421156858731e+03 1.050408905260486331e-01
2.304202424750970295e+03 1.050186806761619907e-01
2.305397047112170185e+03 1.049964741855852202e-01
2.306592288561121677e+03 1.049742710542428681e-01
2.307788149418649027e+03 1.049520712820596335e-01
2.308984630005757026e+03 1.049298748689598410e-01
2.310181730643603260e+03 1.049076818148680923e-01
2.311379451653514934e+03 1.048854921197088647e-01
2.312577793356987058e+03 1.048633057834065796e-01
2.313776756075681533e+03 1.048411228058856587e-01
2.314976340131425786e+03 1.048189431870704819e-01
2.316176545846214594e+03 1.047967669268853735e-01
2.317377373542209625e+03 1.047745940252546720e-01
2.318578823541739439e+03 1.047524244821026462e-01
2.319780896167295396e+03 1.047302582973536206e-01
2.320983591741549390e+03 1.047080954709316558e-01
2.322186910587326565e+03 1.046859360027610208e-01
2.323390853027624416e+03 1.046637798927658597e-01
2.324595419385607329e+03 1.046416271408702886e-01
2.325800609984607490e+03 1.046194777469984377e-01
2.327006425148124436e+03 1.045973317110742984e-01
2.328212865199826410e+03 1.045751890330219452e-01
2.329419930463547189e+03 1.045530497127653557e-01
2.330627621263291076e+03 1.045309137502284796e-01
2.331835937923222900e+03 1.045087811453353360e-01
2.333044880767691211e+03 1.044866518980096526e-01
2.334254450121198261e+03 1.044645260081753513e-01
2.335464646308419560e+03 1.044424034757562847e-01
2.336675469654197968e+03 1.044202843006762499e-01
2.337886920483545055e+03 1.043981684828589884e-01
2.339098999121641100e+03 1.043760560222282280e-01
2.340311705893834642e+03 1.043539469187076824e-01
2.341525041125642929e+03 1.043318411722209821e-01
2.342739005142751921e+03 1.043097387826917855e-01
2.343953598271011288e+03 1.042876397500437646e-01
2.345168820836453961e+03 1.042655440742003004e-01
2.346384673165268396e+03 1.042434517550849954e-01
2.347601155583814943e+03 1.042213627926213554e-01
2.348818268418625848e+03 1.041992771867328305e-01
2.350036011996399338e+03 1.041771949373428707e-01
2.351254386644005990e+03 1.041551160443748292e-01
2.352473392688483727e+03 1.041330405077520865e-01
2.353693030457040550e+03 1.041109683273979403e-01
2.354913300277054077e+03 1.040888995032357156e-01
2.356134202476066548e+03 1.040668340351887100e-01
2.357355737381805739e+03 1.040447719231799989e-01
2.358577905322152674e+03 1.040227131671328381e-01
2.359800706625164366e+03 1.040006577669703725e-01
2.361024141619067905e+03 1.039786057226157329e-01
2.362248210632259543e+03 1.039565570339919809e-01
2.363472913993306975e+03 1.039345117010221781e-01
2.364698252030947515e+03 1.039124697236293027e-01
2.365924225074088554e+03 1.038904311017363469e-01
2.367150833451808467e+03 1.038683958352662473e-01
2.368378077493350702e+03 1.038463639241420100e-01
2.369605957528145154e+03 1.038243353682862941e-01
2.370834473885775878e+03 1.038023101676220361e-01
2.372063626896004280e+03 1.037802883220720479e-01
2.373293416888762295e+03 1.037582698315590440e-01
2.374523844194152844e+03 1.037362546960058085e-01
2.375754909142448923e+03 1.037142429153349865e-01
2.376986612064095880e+03 1.036922344894692372e-01
2.378218953289710043e+03 1.036702294183311918e-01
2.379451933150078730e+03 1.036482277018434123e-01
2.380685551976155693e+03 1.036262293399285439e-01
2.381919810099082042e+03 1.036042343325088988e-01
2.383154707850153954e+03 1.035822426795070528e-01
2.384390245560845869e+03 1.035602543808454568e-01
2.385626423562803211e+03 1.035382694364464784e-01
2.386863242187842843e+03 1.035162878462324854e-01
2.388100701767954888e+03 1.034943096101258175e-01
2.389338802635299999e+03 1.034723347280487316e-01
2.390577545122212086e+03 1.034503631999235118e-01
2.391816929561197412e+03 1.034283950256723456e-01
2.393056956284928219e+03 1.034064302052175033e-01
2.394297625626265472e+03 1.033844687384809502e-01
2.395538937918226566e+03 1.033625106253849013e-01
2.396780893494007614e+03 1.033405558658513773e-01
2.398023492686976624e+03 1.033186044598024267e-01
2.399266735830675316e+03 1.032966564071600424e-01
2.400510623258815940e+03 1.032747117078461618e-01
2.401755155305286735e+03 1.032527703617827086e-01
2.403000332304146923e+03 1.032308323688915508e-01
2.404246154589629441e+03 1.032088977290945425e-01
2.405492622496135482e+03 1.031869664423135380e-01
2.406739736358254049e+03 1.031650385084701693e-01
2.407987496510733308e+03 1.031431139274862074e-01
2.409235903288500140e+03 1.031211926992833539e-01
2.410484957026653319e+03 1.030992748237832546e-01
2.411734658060467154e+03 1.030773603009075001e-01
2.412985006725388757e+03 1.030554491305777087e-01
2.414236003357039408e+03 1.030335413127153460e-01
2.415487648291213645e+03 1.030116368472419608e-01
2.416739941863880631e+03 1.029897357340789771e-01
2.417992884411179148e+03 1.029678379731479021e-01
2.419246476269435789e+03 1.029459435643699378e-01
2.420500717775137673e+03 1.029240525076664942e-01
2.421755609264950181e+03 1.029021648029589120e-01
2.423011151075714679e+03 1.028802804501683932e-01
2.424267343544446248e+03 1.028583994492161952e-01
2.425524187008334138e+03 1.028365218000234643e-01
2.426781681804742220e+03 1.028146475025113749e-01
2.428039828271211263e+03 1.027927765566010176e-01
2.429298626745454385e+03 1.027709089622134420e-01
2.430558077565356598e+03 1.027490447192697526e-01
2.431818181068991180e+03 1.027271838276907767e-01
2.433078937594593754e+03 1.027053262873975081e-01
2.434340347480578203e+03 1.026834720983108851e-01
2.435602411065534852e+03 1.026616212603517347e-01
2.436865128688230470e+03 1.026397737734408983e-01
2.438128500687604628e+03 1.026179296374991612e-01
2.439392527402775613e+03 1.025960888524472397e-01
2.440657209173034971e+03 1.025742514182058501e-01
2.441922546337852054e+03 1.025524173346956391e-01
2.443188539236865836e+03 1.025305866018373230e-01
2.444455188209906282e+03 1.025087592195512987e-01
2.445722493596964796e+03 1.024869351877581852e-01
2.446990455738215132e+03 1.024651145063784907e-01
2.448259074974005216e+03 1.024432971753326677e-01
2.449528351644860777e+03 1.024214831945411130e-01
2.450798286091483533e+03 1.023996725639241961e-01
2.452068878654751643e+03 1.023778652834022862e-01
2.453340129675721073e+03 1.023560613528956276e-01
2.454612039495621957e+03 1.023342607723244924e-01
2.455884608455859507e+03 1.023124635416091666e-01
2.457157836898028108e+03 1.022906696606696447e-01
2.458431725163886313e+03 1.022688791294261296e-01
2.459706273595372750e+03 1.022470919477987128e-01
2.460981482534605220e+03 1.022253081157074167e-01
2.462257352323877058e+03 1.022035276330722636e-01
2.463533883305660311e+03 1.021817504998131787e-01
2.464811075822603925e+03 1.021599767158501010e-01
2.466088930217534198e+03 1.021382062811028862e-01
2.467367446833455688e+03 1.021164391954913764e-01
2.468646626013545756e+03 1.020946754589354410e-01
2.469926468101173668e+03 1.020729150713546307e-01
2.471206973439872399e+03 1.020511580326687595e-01
2.472488142373357277e+03 1.020294043427974889e-01
2.473769975245523256e+03 1.020076540016603972e-01
2.475052472400442184e+03 1.019859070091770764e-01
2.476335634182364174e+03 1.019641633652670770e-01
2.477619460935718052e+03 1.019424230698498524e-01
2.478903953005111362e+03 1.019206861228448835e-01
2.480189110735330360e+03 1.018989525241715266e-01
2.481474934471334564e+03 1.018772222737492766e-01
2.482761424558277213e+03 1.018554953714972261e-01
2.484048581341475256e+03 1.018337718173347589e-01
2.485336405166430723e+03 1.018120516111810925e-01
2.486624896378822996e+03 1.017903347529554303e-01
2.487914055324511992e+03 1.017686212425768788e-01
2.489203882349536798e+03 1.017469110799645582e-01
2.490494377800114307e+03 1.017252042650375055e-01
2.491785542022642858e+03 1.017035007977147437e-01
2.493077375363698593e+03 1.016818006779152267e-01
2.494369878170033644e+03 1.016601039055579636e-01
2.495663050788593864e+03 1.016384104805616445e-01
2.496956893566491090e+03 1.016167204028452092e-01
2.498251406851019510e+03 1.015950336723274450e-01
2.499546590989656579e+03 1.015733502889270695e-01
2.500842446330057555e+03 1.015516702525628007e-01
2.502138973220058688e+03 1.015299935631532730e-01
2.503436172007676305e+03 1.015083202206171209e-01
2.504734043041106816e+03 1.014866502248728958e-01
2.506032586668728072e+03 1.014649835758391072e-01
2.507331803239091641e+03 1.014433202734343342e-01
2.508631693100947359e+03 1.014216603175768228e-01
2.509932256603208771e+03 1.014000037081850408e-01
2.511233494094974503e+03 1.013783504451773315e-01
2.512535405925527357e+03 1.013567005284719685e-01
2.513837992444327483e+03 1.013350539579872256e-01
2.515141254001019206e+03 1.013134107336412931e-01
2.516445190945425111e+03 1.012917708553523338e-01
2.517749803627551955e+03 1.012701343230384410e-01
2.519055092397585213e+03 1.012485011366176940e-01
2.520361057605889073e+03 1.012268712960082001e-01
2.521667699603023266e+03 1.012052448011277472e-01
2.522975018739713960e+03 1.011836216518943732e-01
2.524283015366874679e+03 1.011620018482259353e-01
2.525591689835599936e+03 1.011403853900402633e-01
2.526901042497167509e+03 1.011187722772551867e-01
2.528211073703036163e+03 1.010971625097883964e-01
2.529521783804847473e+03 1.010755560875576109e-01
2.530833173154424458e+03 1.010539530104804795e-01
2.532145242103772489e+03 1.010323532784745959e-01
2.533457991005075201e+03 1.010107568914576232e-01
2.534771420210714041e+03 1.009891638493468774e-01
2.536085530073236441e+03 1.009675741520599246e-01
2.537400320945378553e+03 1.009459877995141641e-01
2.538715793180059336e+03 1.009244047916269538e-01
2.540031947130380559e+03 1.009028251283156513e-01
2.541348783149626342e+03 1.008812488094975035e-01
2.542666301591265437e+03 1.008596758350897293e-01
2.543984502808948491e+03 1.008381062050095200e-01
2.545303387156508961e+03 1.008165399191740252e-01
2.546622954987960384e+03 1.007949769775003807e-01
2.547943206657513201e+03 1.007734173799054861e-01
2.549264142519547477e+03 1.007518611263063801e-01
2.550585762928631084e+03 1.007303082166200181e-01
2.551908068239516524e+03 1.007087586507632998e-01
2.553231058807139561e+03 1.006872124286530695e-01
2.554554734986619678e+03 1.006656695502061161e-01
2.555879097133260984e+03 1.006441300153391866e-01
2.557204145602550852e+03 1.006225938239689865e-01
2.558529880750162192e+03 1.006010609760121660e-01
2.559856302931946175e+03 1.005795314713854166e-01
2.561183412503954060e+03 1.005580053100051108e-01
2.562511209822405817e+03 1.005364824917878708e-01
2.563839695243711958e+03 1.005149630166501107e-01
2.565168869124466710e+03 1.004934468845082723e-01
2.566498731821449837e+03 1.004719340952787143e-01
2.567829283691625733e+03 1.004504246488777258e-01
2.569160525092144326e+03 1.004289185452215821e-01
2.570492456380338808e+03 1.004074157842265030e-01
2.571825077913730183e+03 1.003859163658086390e-01
2.573158390050017715e+03 1.003644202898842097e-01
2.574492393147102121e+03 1.003429275563690881e-01
2.575827087563054192e+03 1.003214381651793830e-01
2.577162473656135262e+03 1.002999521162310642e-01
2.578498551784791744e+03 1.002784694094400464e-01
2.579835322307657407e+03 1.002569900447221884e-01
2.581172785583550194e+03 1.002355140219933077e-01
2.582510941971474949e+03 1.002140413411692077e-01
2.583849791830622507e+03 1.001925720021655530e-01
2.585189335520369241e+03 1.001711060048980362e-01
2.586529573400272966e+03 1.001496433492823773e-01
2.587870505830093862e+03 1.001281840352339220e-01
2.589212133169762183e+03 1.001067280626683209e-01
2.590554455779400541e+03 1.000852754315010307e-01
2.591897474019317997e+03 1.000638261416474384e-01
2.593241188250009145e+03 1.000423801930229450e-01
2.594585598832157757e+03 1.000209375855428406e-01
2.595930706126632685e+03 9.999949831912240128e-02
2.597276510494490140e+03 9.997806239367684755e-02
2.598623012296974593e+03 9.995662980912133067e-02
2.599970211895509692e+03 9.993520056537104346e-02
2.601318109651725990e+03 9.991377466234087346e-02
2.602666705927422299e+03 9.989235209994591635e-02
2.604016001084592517e+03 9.987093287810115683e-02
2.605365995485416533e+03 9.984951699672146852e-02
2.606716689492262503e+03 9.982810445572173896e-02
2.608068083467686847e+03 9.980669525501673078e-02
2.609420177774432887e+03 9.978528939452123436e-02
2.610772972775433118e+03 9.976388687414990131e-02
2.612126468833807849e+03 9.974248769381743873e-02
2.613480666312858830e+03 9.972109185343849824e-02
2.614835565576093813e+03 9.969969935292745389e-02
2.616191166987191991e+03 9.967831019219890176e-02
2.617547470910026732e+03 9.965692437116725755e-02
2.618904477708660124e+03 9.963554188974693693e-02
2.620262187747342068e+03 9.961416274785225844e-02
2.621620601390512547e+03 9.959278694539749899e-02
2.622979719002799357e+03 9.957141448229692160e-02
2.624339540949019465e+03 9.955004535846467828e-02
2.625700067594179018e+03 9.952867957381490716e-02
2.627061299303467877e+03 9.950731712826176023e-02
2.628423236442281905e+03 9.948595802171909808e-02
2.629785879376189314e+03 9.946460225410097555e-02
2.631149228470953403e+03 9.944324982532129487e-02
2.632513284092527101e+03 9.942190073529393046e-02
2.633878046607052966e+03 9.940055498393268740e-02
2.635243516380863184e+03 9.937921257115132911e-02
2.636609693780480484e+03 9.935787349686356351e-02
2.637976579172616312e+03 9.933653776098301524e-02
2.639344172924173108e+03 9.931520536342329508e-02
2.640712475402237487e+03 9.929387630409804155e-02
2.642081486974102972e+03 9.927255058292056011e-02
2.643451208007236801e+03 9.925122819980439215e-02
2.644821638869302660e+03 9.922990915466289863e-02
2.646192779928154323e+03 9.920859344740941277e-02
2.647564631551836101e+03 9.918728107795721227e-02
2.648937194108582844e+03 9.916597204621951933e-02
2.650310467966821307e+03 9.914466635210951451e-02
2.651684453495167418e+03 9.912336399554028121e-02
2.653059151062429919e+03 9.910206497642490286e-02
2.654434561037602634e+03 9.908076929467644900e-02
2.655810683789885843e+03 9.905947695020771160e-02
2.657187519688656721e+03 9.903818794293166305e-02
2.658565069103487986e+03 9.901690227276115086e-02
2.659943332404143803e+03 9.899561993960896700e-02
2.661322309960580696e+03 9.897434094338782018e-02
2.662702002142947094e+03 9.895306528401040524e-02
2.664082409321582418e+03 9.893179296138933376e-02
2.665463531867017991e+03 9.891052397543717567e-02
2.666845370149977953e+03 9.888925832606645927e-02
2.668227924541372431e+03 9.886799601318971287e-02
2.669611195412320285e+03 9.884673703671914557e-02
2.670995183134116814e+03 9.882548139656721631e-02
2.672379888078254226e+03 9.880422909264620357e-02
2.673765310616418901e+03 9.878298012486834423e-02
2.675151451120486854e+03 9.876173449314583352e-02
2.676538309962531002e+03 9.874049219739076955e-02
2.677925887514812985e+03 9.871925323751522263e-02
2.679314184149789980e+03 9.869801761343120761e-02
2.680703200240111528e+03 9.867678532505071154e-02
2.682092936158614066e+03 9.865555637228567987e-02
2.683483392278345036e+03 9.863433075504780823e-02
2.684874568972526959e+03 9.861310847324895879e-02
2.686266466614582896e+03 9.859188952680086881e-02
2.687659085578129179e+03 9.857067391561522007e-02
2.689052426236975407e+03 9.854946163960361105e-02
2.690446488965123535e+03 9.852825269867762636e-02
2.691841274136771972e+03 9.850704709274878124e-02
2.693236782126311937e+03 9.848584482172847987e-02
2.694633013308327463e+03 9.846464588552816810e-02
2.696029968057593123e+03 9.844345028405922238e-02
2.697427646749093128e+03 9.842225801723276934e-02
2.698826049757989495e+03 9.840106908496014382e-02
2.700225177459644783e+03 9.837988348715245857e-02
2.701625030229614822e+03 9.835870122372086799e-02
2.703025608443651436e+03 9.833752229457640159e-02
2.704426912477701080e+03 9.831634669963006112e-02
2.705828942707903934e+03 9.829517443879276506e-02
2.707231699510596172e+03 9.827400551197540413e-02
2.708635183262309056e+03 9.825283991908879966e-02
2.710039394339761657e+03 9.823167766004381463e-02
2.711444333119887688e+03 9.821051873475096505e-02
2.712849999979796848e+03 9.818936314312097513e-02
2.714256395296802111e+03 9.816821088506445803e-02
2.715663519448410170e+03 9.814706196049194364e-02
2.717071372812324626e+03 9.812591636931390637e-02
2.718479955766444164e+03 9.810477411144075122e-02
2.719889268688863467e+03 9.808363518678285542e-02
2.721299311957873215e+03 9.806249959525048521e-02
2.722710085951960082e+03 9.804136733675392068e-02
2.724121591049801282e+03 9.802023841120338643e-02
2.725533827630286396e+03 9.799911281850888500e-02
2.726946796072486450e+03 9.797799055858054385e-02
2.728360496755672102e+03 9.795687163132835162e-02
2.729774930059312283e+03 9.793575603666231089e-02
2.731190096363072371e+03 9.791464377449225764e-02
2.732605996046813743e+03 9.789353484472804179e-02
2.734022629490595136e+03 9.787242924727942994e-02
2.735439997074672192e+03 9.785132698205614710e-02
2.736858099179497458e+03 9.783022804896783498e-02
2.738276936185714931e+03 9.780913244792417693e-02
2.739696508474183702e+03 9.778804017883453714e-02
2.741116816425941579e+03 9.776695124160850181e-02
2.742537860422231461e+03 9.774586563615543511e-02
2.743959640844492242e+03 9.772478336238474284e-02
2.745382158074361541e+03 9.770370442020569202e-02
2.746805412493673884e+03 9.768262880952752192e-02
2.748229404484462066e+03 9.766155653025941630e-02
2.749654134428957605e+03 9.764048758231050340e-02
2.751079602709588471e+03 9.761942196558982821e-02
2.752505809708976813e+03 9.759835968000646345e-02
2.753932755809958508e+03 9.757730072546919042e-02
2.755360441395552698e+03 9.755624510188697085e-02
2.756788866848980433e+03 9.753519280916861378e-02
2.758218032553663761e+03 9.751414384722290052e-02
2.759647938893221180e+03 9.749309821595848746e-02
2.761078586251471279e+03 9.747205591528404489e-02
2.762509975012432278e+03 9.745101694510811818e-02
2.763942105560319305e+03 9.742998130533925272e-02
2.765374978279548486e+03 9.740894899588586897e-02
2.766808593554727850e+03 9.738792001665647069e-02
2.768242951770683248e+03 9.736689436755920080e-02
2.769678053312421980e+03 9.734587204850242426e-02
2.771113898565158252e+03 9.732485305939435338e-02
2.772550487914302721e+03 9.730383740014313110e-02
2.773987821745467954e+03 9.728282507065684481e-02
2.775425900444467061e+03 9.726181607084352643e-02
2.776864724397310965e+03 9.724081040061112458e-02
2.778304293990212500e+03 9.721980805986756013e-02
2.779744609609582767e+03 9.719880904852067072e-02
2.781185671642029774e+03 9.717781336647829393e-02
2.782627480474376625e+03 9.715682101364801759e-02
2.784070036493631505e+03 9.713583198993756829e-02
2.785513340087008601e+03 9.711484629525453383e-02
2.786957391641920822e+03 9.709386392950644651e-02
2.788402191545984806e+03 9.707288489260078312e-02
2.789847740187016370e+03 9.705190918444492332e-02
2.791294037953032785e+03 9.703093680494626061e-02
2.792741085232250953e+03 9.700996775401204975e-02
2.794188882413091505e+03 9.698900203154951771e-02
2.795637429884169251e+03 9.696803963746590538e-02
2.797086728034317730e+03 9.694708057166813442e-02
2.798536777252554202e+03 9.692612483406332080e-02
2.799987577928103747e+03 9.690517242455845559e-02
2.801439130450394259e+03 9.688422334306040495e-02
2.802891435209052815e+03 9.686327758947607669e-02
2.804344492593911127e+03 9.684233516371221206e-02
2.805798302995001904e+03 9.682139606567552459e-02
2.807252866802559311e+03 9.680046029527268614e-02
2.808708184407020326e+03 9.677952785241028533e-02
2.810164256199018382e+03 9.675859873699493852e-02
2.811621082569407463e+03 9.673767294893292901e-02
2.813078663909225270e+03 9.671675048813076214e-02
2.814537000609719144e+03 9.669583135449476285e-02
2.815996093062338787e+03 9.667491554793122832e-02
2.817455941658736720e+03 9.665400306834634470e-02
2.818916546790768280e+03 9.663309391564627038e-02
2.820377908850491622e+03 9.661218808973709438e-02
2.821840028230169537e+03 9.659128559052485019e-02
2.823302905322266270e+03 9.657038641791544642e-02
2.824766540519444789e+03 9.654949057181490268e-02
2.826230934214588615e+03 9.652859805212887778e-02
2.827696086800767262e+03 9.650770885876319705e-02
2.829161998671260335e+03 9.648682299162356091e-02
2.830628670219550258e+03 9.646594045061564204e-02
2.832096101839324092e+03 9.644506123564497435e-02
2.833564293924473077e+03 9.642418534661706397e-02
2.835033246869092636e+03 9.640331278343738930e-02
2.836502961067481010e+03 9.638244354601128994e-02
2.837973436914142894e+03 9.636157763424410549e-02
2.839444674803780345e+03 9.634071504804112007e-02
2.840916675131316879e+03 9.631985578730740960e-02
2.842389438291864735e+03 9.629899985194814716e-02
2.843862964680745790e+03 9.627814724186836703e-02
2.845337254693487466e+03 9.625729795697308966e-02
2.846812308725820913e+03 9.623645199716722443e-02
2.848288127173682824e+03 9.621560936235562522e-02
2.849764710433216806e+03 9.619477005244307655e-02
2.851242058900768825e+03 9.617393406733432126e-02
2.852720172972892669e+03 9.615310140693401897e-02
2.854199053046340396e+03 9.613227207114682926e-02
2.855678699518087797e+03 9.611144605987713418e-02
2.857159112785298476e+03 9.609062337302948231e-02
2.858640293245348403e+03 9.606980401050824181e-02
2.860122241295819094e+03 9.604898797221778084e-02
2.861604957334497612e+03 9.602817525806234267e-02
2.863088441759377474e+03 9.600736586794612892e-02
2.864572694968659107e+03 9.598655980177328573e-02
2.866057717360748484e+03 9.596575705944787593e-02
2.867543509334258033e+03 9.594495764087387912e-02
2.869030071288002091e+03 9.592416154595533040e-02
2.870517403621017365e+03 9.590336877459593179e-02
2.872005506732531103e+03 9.588257932669957961e-02
2.873494381021982463e+03 9.586179320216998978e-02
2.874984026889018878e+03 9.584101040091083656e-02
2.876474444733493783e+03 9.582023092282571097e-02
2.877965634955468431e+03 9.579945476781816238e-02
2.879457597955210076e+03 9.577868193579165690e-02
2.880950334133195611e+03 9.575791242664959124e-02
2.882443843890108383e+03 9.573714624029530662e-02
2.883938127626831829e+03 9.571638337663213036e-02
2.885433185744478124e+03 9.569562383556311225e-02
2.886929018644347252e+03 9.567486761699145470e-02
2.888425626727953386e+03 9.565411472082023525e-02
2.889923010397019425e+03 9.563336514695244817e-02
2.891421170053476089e+03 9.561261889529101832e-02
2.892920106099462373e+03 9.559187596573881507e-02
2.894419818937325999e+03 9.557113635819862452e-02
2.895920308969622511e+03 9.555040007257316337e-02
2.897421576599116179e+03 9.552966710876510670e-02
2.898923622228775002e+03 9.550893746667711570e-02
2.900426446261792535e+03 9.548821114621156014e-02
2.901930049101554687e+03 9.546748814727096244e-02
2.903434431151660647e+03 9.544676846975770623e-02
2.904939592815920150e+03 9.542605211357411965e-02
2.906445534498351662e+03 9.540533907862244756e-02
2.907952256603182832e+03 9.538462936480486543e-02
2.909459759534850946e+03 9.536392297202350710e-02
2.910968043698004294e+03 9.534321990018038151e-02
2.912477109497497622e+03 9.532252014917749761e-02
2.913986957338393040e+03 9.530182371891683657e-02
2.915497587625977758e+03 9.528113060930004652e-02
2.917009000765732708e+03 9.526044082022899762e-02
2.918521197163354827e+03 9.523975435160539349e-02
2.920034177224750238e+03 9.521907120333085450e-02
2.921547941356036517e+03 9.519839137530694551e-02
2.923062489963541339e+03 9.517771486743514808e-02
2.924577823453802466e+03 9.515704167961691606e-02
2.926093942233569123e+03 9.513637181175356450e-02
2.927610846709801081e+03 9.511570526374642232e-02
2.929128537289662745e+03 9.509504203549673518e-02
2.930647014380547716e+03 9.507438212690551282e-02
2.932166278390042407e+03 9.505372553787391765e-02
2.933686329725951055e+03 9.503307226830294552e-02
2.935207168796288897e+03 9.501242231809352290e-02
2.936728796009282632e+03 9.499177568714654851e-02
2.938251211773369960e+03 9.497113237536278230e-02
2.939774416497201855e+03 9.495049238264297031e-02
2.941298410589638934e+03 9.492985570888777536e-02
2.942823194459755086e+03 9.490922235399774920e-02
2.944348768516830660e+03 9.488859231787352688e-02
2.945875133170374284e+03 9.486796560041536874e-02
2.947402288830090583e+03 9.484734220152374329e-02
2.948930235905901100e+03 9.482672212109893861e-02
2.950458974807940649e+03 9.480610535904121505e-02
2.951988505946556870e+03 9.478549191525072193e-02
2.953518829732309314e+03 9.476488178962752529e-02
2.955049946575970353e+03 9.474427498207170506e-02
2.956581856888526090e+03 9.472367149248316076e-02
2.958114561081174088e+03 9.470307132076180578e-02
2.959648059565326548e+03 9.468247446680741475e-02
2.961182352752602128e+03 9.466188093051984553e-02
2.962717441054850951e+03 9.464129071179856745e-02
2.964253324884117774e+03 9.462070381054328572e-02
2.965790004652668813e+03 9.460012022665351128e-02
2.967327480772982199e+03 9.457953996002869956e-02
2.968865753657749792e+03 9.455896301056822273e-02
2.970404823719879460e+03 9.453838937817139743e-02
2.971944691372490070e+03 9.451781906273745704e-02
2.973485357028916042e+03 9.449725206416559331e-02
2.975026821102706435e+03 9.447668838235487310e-02
2.976569084007618585e+03 9.445612801720440488e-02
2.978112146157641291e+03 9.443557096861299183e-02
2.979656007966960260e+03 9.441501723647956201e-02
2.981200669849982205e+03 9.439446682070296024e-02
2.982746132221328025e+03 9.437391972118190642e-02
2.984292395495834626e+03 9.435337593781506493e-02
2.985839460088552187e+03 9.433283547050101692e-02
2.987387326414748259e+03 9.431229831913828798e-02
2.988935994889902759e+03 9.429176448362533436e-02
2.990485465929712973e+03 9.427123396386050125e-02
2.992035739950085372e+03 9.425070675974220324e-02
2.993586817367159256e+03 9.423018287116848024e-02
2.995138698597271741e+03 9.420966229803758030e-02
2.996691384056982770e+03 9.418914504024758494e-02
2.998244874163066925e+03 9.416863109769649243e-02
2.999799169332514339e+03 9.414812047028227326e-02
3.001354269982532969e+03 9.412761315790274530e-02
3.002910176530546323e+03 9.410710916045572638e-02
3.004466889394193004e+03 9.408660847783892334e-02
3.006024408991329437e+03 9.406611110994998748e-02
3.007582735740023054e+03 9.404561705668657012e-02
3.009141870058573204e+03 9.402512631794600340e-02
3.010701812365481601e+03 9.400463889362578596e-02
3.012262563079470056e+03 9.398415478362327768e-02
3.013824122619479112e+03 9.396367398783575520e-02
3.015386491404665321e+03 9.394319650616041184e-02
3.016949669854403055e+03 9.392272233849439933e-02
3.018513658388283602e+03 9.390225148473474448e-02
3.020078457426116529e+03 9.388178394477844635e-02
3.021644067387926953e+03 9.386131971852240685e-02
3.023210488693954630e+03 9.384085880586354178e-02
3.024777721764672606e+03 9.382040120669843386e-02
3.026345767020755375e+03 9.379994692092387398e-02
3.027914624883100259e+03 9.377949594843645875e-02
3.029484295772823771e+03 9.375904828913272926e-02
3.031054780111259333e+03 9.373860394290914333e-02
3.032626078319960470e+03 9.371816290966208940e-02
3.034198190820697619e+03 9.369772518928788652e-02
3.035771118035460404e+03 9.367729078168275658e-02
3.037344860386457640e+03 9.365685968674287987e-02
3.038919418296109598e+03 9.363643190436442276e-02
3.040494792187074836e+03 9.361600743444324635e-02
3.042070982482212457e+03 9.359558627687533661e-02
3.043647989604606209e+03 9.357516843155658237e-02
3.045225813977560392e+03 9.355475389838277533e-02
3.046804456024596675e+03 9.353434267724962392e-02
3.048383916169458189e+03 9.351393476805275329e-02
3.049964194836106344e+03 9.349353017068774696e-02
3.051545292448723103e+03 9.347312888505009132e-02
3.053127209431709616e+03 9.345273091103517560e-02
3.054709946209681220e+03 9.343233624853844455e-02
3.056293503207491085e+03 9.341194489745498208e-02
3.057877880850195197e+03 9.339155685768006643e-02
3.059463079563076008e+03 9.337117212910878150e-02
3.061049099771634246e+03 9.335079071163618347e-02
3.062635941901593469e+03 9.333041260515724524e-02
3.064223606378897784e+03 9.331003780956680094e-02
3.065812093629710034e+03 9.328966632475969856e-02
3.067401404080415432e+03 9.326929815063066120e-02
3.068991538157620653e+03 9.324893328707432871e-02
3.070582496288145649e+03 9.322857173398535480e-02
3.072174278899050933e+03 9.320821349125811561e-02
3.073766886417601199e+03 9.318785855878707058e-02
3.075360319271285334e+03 9.316750693646659587e-02
3.076954577887817322e+03 9.314715862419095660e-02
3.078549662695131246e+03 9.312681362185433465e-02
3.080145574121382197e+03 9.310647192935087024e-02
3.081742312594948544e+03 9.308613354657459260e-02
3.083339878544429666e+03 9.306579847341947542e-02
3.084938272398647769e+03 9.304546670977939526e-02
3.086537494586640150e+03 9.302513825554824256e-02
3.088137545537686037e+03 9.300481311061960243e-02
3.089738425681268836e+03 9.298449127488721266e-02
3.091340135447098874e+03 9.296417274824463062e-02
3.092942675265111120e+03 9.294385753058538591e-02
3.094546045565461554e+03 9.292354562180288324e-02
3.096150246778531709e+03 9.290323702179048571e-02
3.097755279334923216e+03 9.288293173044144535e-02
3.099361143665462350e+03 9.286262974764897260e-02
3.100967840201198214e+03 9.284233107330618073e-02
3.102575369373398644e+03 9.282203570730616915e-02
3.104183731613570671e+03 9.280174364954174582e-02
3.105792927353429150e+03 9.278145489990588524e-02
3.107402957024916759e+03 9.276116945829138150e-02
3.109013821060201280e+03 9.274088732459095930e-02
3.110625519891674230e+03 9.272060849869726007e-02
3.112238053951951315e+03 9.270033298050286974e-02
3.113851423673871068e+03 9.268006076990026321e-02
3.115465629490498031e+03 9.265979186678185986e-02
3.117080671835121393e+03 9.263952627104000970e-02
3.118696551141246800e+03 9.261926398256702109e-02
3.120313267842624555e+03 9.259900500125493872e-02
3.121930822373211413e+03 9.257874932699591830e-02
3.123549215167193779e+03 9.255849695968199065e-02
3.125168446658984067e+03 9.253824789920510330e-02
3.126788517283220699e+03 9.251800214545710666e-02
3.128409427474764470e+03 9.249775969832980949e-02
3.130031177668704913e+03 9.247752055771488178e-02
3.131653768300354386e+03 9.245728472350397964e-02
3.133277199805253531e+03 9.243705219558862041e-02
3.134901472619158994e+03 9.241682297386040468e-02
3.136526587178074351e+03 9.239659705821051672e-02
3.138152543918210995e+03 9.237637444853036284e-02
3.139779343276010422e+03 9.235615514471116894e-02
3.141406985688141958e+03 9.233593914664407765e-02
3.143035471591500482e+03 9.231572645422017609e-02
3.144664801423206882e+03 9.229551706733045424e-02
3.146294975620609875e+03 9.227531098586583269e-02
3.147925994621283735e+03 9.225510820971710713e-02
3.149557858863030560e+03 9.223490873877507323e-02
3.151190568783871186e+03 9.221471257293047119e-02
3.152824124822074737e+03 9.219451971207373586e-02
3.154458527416116340e+03 9.217433015609545477e-02
3.156093777004706681e+03 9.215414390488606278e-02
3.157729874026781999e+03 9.213396095833591148e-02
3.159366818921506365e+03 9.211378131633528310e-02
3.161004612128272129e+03 9.209360497877436269e-02
3.162643254086699926e+03 9.207343194554326593e-02
3.164282745236636856e+03 9.205326221653201135e-02
3.165923086018157846e+03 9.203309579163057585e-02
3.167564276871560196e+03 9.201293267072890858e-02
3.169206318237389496e+03 9.199277285371661173e-02
3.170849210556398248e+03 9.197261634048352341e-02
3.172492954269575421e+03 9.195246313091923196e-02
3.174137549818138268e+03 9.193231322491329793e-02
3.175782997643531871e+03 9.191216662235518475e-02
3.177429298187430959e+03 9.189202332313430033e-02
3.179076451891738543e+03 9.187188332713994154e-02
3.180724459198587738e+03 9.185174663426130814e-02
3.182373320550339486e+03 9.183161324438757211e-02
3.184023036389577555e+03 9.181148315740787769e-02
3.185673607159135827e+03 9.179135637321103602e-02
3.187325033302055999e+03 9.177123289168602482e-02
3.188977315261618969e+03 9.175111271272165525e-02
3.190630453481332552e+03 9.173099583620668296e-02
3.192284448404935574e+03 9.171088226202975258e-02
3.193939300476397420e+03 9.169077199007943935e-02
3.195595010139915757e+03 9.167066502024424912e-02
3.197251577839919264e+03 9.165056135241257673e-02
3.198909004021068540e+03 9.163046098647276150e-02
3.200567289128246102e+03 9.161036392231311498e-02
3.202226433606585033e+03 9.159027015982165731e-02
3.203886437901429872e+03 9.157017969888654740e-02
3.205547302458362537e+03 9.155009253939577762e-02
3.207209027723195049e+03 9.153000868123727096e-02
3.208871614141971804e+03 9.150992812429886714e-02
3.210535062160967300e+03 9.148985086846832260e-02
3.212199372226687501e+03 9.146977691363331053e-02
3.213864544785869839e+03 9.144970625968140698e-02
3.215530580285483211e+03 9.142963890650013248e-02
3.217197479172722069e+03 9.140957485397697979e-02
3.218865241895031431e+03 9.138951410199915026e-02
3.220533868900069592e+03 9.136945665045395626e-02
3.222203360635732224e+03 9.134940249922859912e-02
3.223873717550147830e+03 9.132935164821014140e-02
3.225544940091677290e+03 9.130930409728563180e-02
3.227217028708912949e+03 9.128925984634198021e-02
3.228889983850680437e+03 9.126921889526602716e-02
3.230563805966037762e+03 9.124918124394452990e-02
3.232238495504275761e+03 9.122914689226417628e-02
3.233914052914911736e+03 9.120911584011162643e-02
3.235590478647714917e+03 9.118908808737324900e-02
3.237267773152667814e+03 9.116906363393555146e-02
3.238945936879994406e+03 9.114904247968487472e-02
3.240624970280149228e+03 9.112902462450747643e-02
3.242304873803823739e+03 9.110901006828954485e-02
3.243985647901939501e+03 9.108899881091714335e-02
3.245667293025653635e+03 9.106899085227632140e-02
3.247349809626357001e+03 9.104898619225298972e-02
3.249033198155674199e+03 9.102898483073298963e-02
3.250717459065456751e+03 9.100898676760214856e-02
3.252402592807810379e+03 9.098899200274600252e-02
3.254088599835056812e+03 9.096900053605021241e-02
3.255775480599756065e+03 9.094901236740028649e-02
3.257463235554703715e+03 9.092902749668164974e-02
3.259151865152931805e+03 9.090904592377961613e-02
3.260841369847705664e+03 9.088906764857947185e-02
3.262531750092523907e+03 9.086909267096637821e-02
3.264223006341123437e+03 9.084912099082541326e-02
3.265915139047474440e+03 9.082915260804157176e-02
3.267608148665774934e+03 9.080918752249987624e-02
3.269302035650480775e+03 9.078922573408496066e-02
3.270996800456260189e+03 9.076926724268168101e-02
3.272692443538026055e+03 9.074931204817468511e-02
3.274388965350927720e+03 9.072936015044855140e-02
3.276086366350346452e+03 9.070941154938778894e-02
3.277784646991904083e+03 9.068946624487676800e-02
3.279483807731455727e+03 9.066952423679983109e-02
3.281183849025093423e+03 9.064958552504122358e-02
3.282884771329145678e+03 9.062965010948510758e-02
3.284586575100171558e+03 9.060971799001558968e-02
3.286289260794985239e+03 9.058978916651649893e-02
3.287992828870618723e+03 9.056986363887185865e-02
3.289697279784347302e+03 9.054994140696541460e-02
3.291402613993682280e+03 9.053002247068094033e-02
3.293108831956373706e+03 9.051010682990205669e-02
3.294815934130408095e+03 9.049019448451231518e-02
3.296523920974008888e+03 9.047028543439518400e-02
3.298232792945638266e+03 9.045037967943403423e-02
3.299942550503993061e+03 9.043047721951219531e-02
3.301653194108005209e+03 9.041057805451292728e-02
3.303364724216861759e+03 9.039068218431919877e-02
3.305077141289968040e+03 9.037078960881414491e-02
3.306790445786975397e+03 9.035090032788070658e-02
3.308504638167771645e+03 9.033101434140174135e-02
3.310219718892483343e+03 9.031113164926003745e-02
3.311935688421477607e+03 9.029125225133828592e-02
3.313652547215357117e+03 9.027137614751910843e-02
3.315370295734964657e+03 9.025150333768501565e-02
3.317088934441382207e+03 9.023163382171842106e-02
3.318808463795923217e+03 9.021176759950177981e-02
3.320528884260160794e+03 9.019190467091718622e-02
3.322250196295886781e+03 9.017204503584688724e-02
3.323972400365139492e+03 9.015218869417299108e-02
3.325695496930196896e+03 9.013233564577746715e-02
3.327419486453574791e+03 9.011248589054224323e-02
3.329144369398030449e+03 9.009263942834916383e-02
3.330870146226560792e+03 9.007279625907996246e-02
3.332596817402401939e+03 9.005295638261626157e-02
3.334324383389031027e+03 9.003311979883965588e-02
3.336052844650157112e+03 9.001328650763169847e-02
3.337782201649752096e+03 8.999345650887362325e-02
3.339512454852004794e+03 8.997362980244681674e-02
3.341243604721355041e+03 8.995380638823247121e-02
3.342975651722480961e+03 8.993398626611175117e-02
3.344708596320302149e+03 8.991416943596566846e-02
3.346442438979978760e+03 8.989435589767519330e-02
3.348177180166912422e+03 8.987454565112118487e-02
3.349912820346746685e+03 8.985473869618443299e-02
3.351649359985364299e+03 8.983493503274560255e-02
3.353386799548884483e+03 8.981513466068541396e-02
3.355125139503688388e+03 8.979533757988419906e-02
3.356864380316377719e+03 8.977554379022247011e-02
3.358604522453802929e+03 8.975575329158055893e-02
3.360345566383055939e+03 8.973596608383874185e-02
3.362087512571471507e+03 8.971618216687715641e-02
3.363830361486626316e+03 8.969640154057588466e-02
3.365574113596339885e+03 8.967662420481489760e-02
3.367318769368674111e+03 8.965685015947412462e-02
3.369064329271931911e+03 8.963707940443334243e-02
3.370810793774652666e+03 8.961731193957238328e-02
3.372558163345641333e+03 8.959754776477071858e-02
3.374306438453922965e+03 8.957778687990793076e-02
3.376055619568772727e+03 8.955802928486351899e-02
3.377805707159708618e+03 8.953827497951684367e-02
3.379556701696493747e+03 8.951852396374715415e-02
3.381308603649133602e+03 8.949877623743367205e-02
3.383061413487877417e+03 8.947903180045548022e-02
3.384815131683216805e+03 8.945929065269160596e-02
3.386569758705889399e+03 8.943955279402095171e-02
3.388325295026868389e+03 8.941981822432243376e-02
3.390081741117392085e+03 8.940008694347463536e-02
3.391839097448922530e+03 8.938035895135630626e-02
3.393597364493173700e+03 8.936063424784600195e-02
3.395356542722101494e+03 8.934091283282219464e-02
3.397116632607909651e+03 8.932119470616327328e-02
3.398877634623043377e+03 8.930147986774754354e-02
3.400639549240196175e+03 8.928176831745321396e-02
3.402402376932303923e+03 8.926206005515838204e-02
3.404166118172548522e+03 8.924235508074108980e-02
3.405930773434349248e+03 8.922265339407933760e-02
3.407696343191393680e+03 8.920295499505084824e-02
3.409462827917591767e+03 8.918325988353344169e-02
3.411230228087106752e+03 8.916356805940479913e-02
3.412998544174348353e+03 8.914387952254246295e-02
3.414767776653970941e+03 8.912419427282397555e-02
3.416537926000876723e+03 8.910451231012669893e-02
3.418308992690211198e+03 8.908483363432793956e-02
3.420080977197368611e+03 8.906515824530493453e-02
3.421853879997987860e+03 8.904548614293480990e-02
3.423627701567949316e+03 8.902581732709466400e-02
3.425402442383398466e+03 8.900615179766130369e-02
3.427178102920708625e+03 8.898648955451167464e-02
3.428954683656505495e+03 8.896683059752251432e-02
3.430732185067663067e+03 8.894717492657051860e-02
3.432510607631301809e+03 8.892752254153225844e-02
3.434289951824789114e+03 8.890787344228426314e-02
3.436070218125740666e+03 8.888822762870288163e-02
3.437851407012018626e+03 8.886858510066447669e-02
3.439633518961733444e+03 8.884894585804524458e-02
3.441416554453236586e+03 8.882930990072139543e-02
3.443200513965147820e+03 8.880967722856880631e-02
3.444985397976314289e+03 8.879004784146353468e-02
3.446771206965837337e+03 8.877042173928141600e-02
3.448557941413067965e+03 8.875079892189821629e-02
3.450345601797606378e+03 8.873117938918960446e-02
3.452134188599297431e+03 8.871156314103119389e-02
3.453923702298238823e+03 8.869195017729844532e-02
3.455714143374775176e+03 8.867234049786676398e-02
3.457505512309500318e+03 8.865273410261147180e-02
3.459297809583250455e+03 8.863313099140786300e-02
3.461091035677130549e+03 8.861353116413091258e-02
3.462885191072475664e+03 8.859393462065572045e-02
3.464680276250876886e+03 8.857434136085723386e-02
3.466476291694174506e+03 8.855475138461030293e-02
3.468273237884458013e+03 8.853516469178969450e-02
3.470071115304067916e+03 8.851558128227007827e-02
3.471869924435593475e+03 8.849600115592601290e-02
3.473669665761875422e+03 8.847642431263198770e-02
3.475470339766003690e+03 8.845685075226240868e-02
3.477271946931311504e+03 8.843728047469164022e-02
3.479074487741404937e+03 8.841771347979372753e-02
3.480877962680116980e+03 8.839814976744286845e-02
3.482682372231541649e+03 8.837858933751309432e-02
3.484487716880021253e+03 8.835903218987832541e-02
3.486293997110150030e+03 8.833947832441239878e-02
3.488101213406773695e+03 8.831992774098906818e-02
3.489909366254988981e+03 8.830038043948197635e-02
3.491718456140143189e+03 8.828083641976469664e-02
3.493528483547836913e+03 8.826129568171066364e-02
3.495339448963913583e+03 8.824175822519336743e-02
3.497151352874490840e+03 8.822222405008590951e-02
3.498964195765915974e+03 8.820269315626157181e-02
3.500777978124796391e+03 8.818316554359344195e-02
3.502592700437990516e+03 8.816364121195452430e-02
3.504408363192610977e+03 8.814412016121771221e-02
3.506224966876020517e+03 8.812460239125584349e-02
3.508042511975836078e+03 8.810508790194164497e-02
3.509860998979926990e+03 8.808557669314771854e-02
3.511680428376414966e+03 8.806606876474662449e-02
3.513500800653666829e+03 8.804656411661088145e-02
3.515322116300326343e+03 8.802706274861267499e-02
3.517144375805266918e+03 8.800756466062434336e-02
3.518967579657623446e+03 8.798806985251805823e-02
3.520791728346783657e+03 8.796857832416586642e-02
3.522616822362389030e+03 8.794909007543975921e-02
3.524442862194335248e+03 8.792960510621163073e-02
3.526269848332771744e+03 8.791012341635325023e-02
3.528097781268101699e+03 8.789064500573630367e-02
3.529926661490982951e+03 8.787116987423242154e-02
3.531756489492319361e+03 8.785169802171316489e-02
3.533587265763291725e+03 8.783222944804980337e-02
3.535418990795313675e+03 8.781276415311371764e-02
3.537251665080059865e+03 8.779330213677614958e-02
3.539085289109461428e+03 8.777384339890821618e-02
3.540919863375702789e+03 8.775438793938096504e-02
3.542755388371224399e+03 8.773493575806531886e-02
3.544591864588721364e+03 8.771548685483214480e-02
3.546429292521144362e+03 8.769604122955218517e-02
3.548267672661699180e+03 8.767659888209611285e-02
3.550107005503841265e+03 8.765715981233453136e-02
3.551947291541301638e+03 8.763772402013780827e-02
3.553788531268045972e+03 8.761829150537635280e-02
3.555630725178305511e+03 8.759886226792046315e-02
3.557473873766563429e+03 8.757943630764034038e-02
3.559317977527562562e+03 8.756001362440604674e-02
3.561163036956300857e+03 8.754059421808757513e-02
3.563009052548032741e+03 8.752117808855486292e-02
3.564856024798269118e+03 8.750176523567768094e-02
3.566703954202778732e+03 8.748235565932575841e-02
3.568552841257579075e+03 8.746294935936878290e-02
3.570402686458965945e+03 8.744354633567610890e-02
3.572253490303472063e+03 8.742414658811725747e-02
3.574105253287892992e+03 8.740475011656154147e-02
3.575957975909284414e+03 8.738535692087820439e-02
3.577811658664955758e+03 8.736596700093639256e-02
3.579666302052478386e+03 8.734658035660514130e-02
3.581521906569678322e+03 8.732719698775338879e-02
3.583378472714640338e+03 8.730781689425003156e-02
3.585236000985707960e+03 8.728844007596377186e-02
3.587094491881475733e+03 8.726906653276336745e-02
3.588953945900817871e+03 8.724969626451724303e-02
3.590814363542845058e+03 8.723032927109393431e-02
3.592675745306935369e+03 8.721096555236181047e-02
3.594538091692723356e+03 8.719160510818917131e-02
3.596401403200105051e+03 8.717224793844419173e-02
3.598265680329233874e+03 8.715289404299493559e-02
3.600130923580522449e+03 8.713354342170942513e-02
3.601997133454643972e+03 8.711419607445552993e-02
3.603864310452529025e+03 8.709485200110105019e-02
3.605732455075362850e+03 8.707551120151378610e-02
3.607601567824610811e+03 8.705617367556116315e-02
3.609471649201976106e+03 8.703683942311078725e-02
3.611342699709430235e+03 8.701750844403007001e-02
3.613214719849204812e+03 8.699818073818632591e-02
3.615087710123790657e+03 8.697885630544675839e-02
3.616961671035939617e+03 8.695953514567850151e-02
3.618836603088664560e+03 8.694021725874859219e-02
3.620712506785237565e+03 8.692090264452397019e-02
3.622589382629193096e+03 8.690159130287143652e-02
3.624467231124319369e+03 8.688228323365781991e-02
3.626346052774685177e+03 8.686297843674960217e-02
3.628225848084601694e+03 8.684367691201341777e-02
3.630106617558647486e+03 8.682437865931569299e-02
3.631988361701661688e+03 8.680508367852279861e-02
3.633871081018745372e+03 8.678579196950098051e-02
3.635754776015263815e+03 8.676650353211637356e-02
3.637639447196840592e+03 8.674721836623505711e-02
3.639525095069362578e+03 8.672793647172298559e-02
3.641411720138981309e+03 8.670865784844601631e-02
3.643299322912098887e+03 8.668938249626999271e-02
3.645187903895405725e+03 8.667011041506045288e-02
3.647077463595830068e+03 8.665084160468301822e-02
3.648968002520572099e+03 8.663157606500317132e-02
3.650859521177093939e+03 8.661231379588628376e-02
3.652752020073121002e+03 8.659305479719764387e-02
3.654645499716641098e+03 8.657379906880242892e-02
3.656539960615905784e+03 8.655454661056573296e-02
3.658435403279430830e+03 8.653529742235251121e-02
3.660331828215994392e+03 8.651605150402767730e-02
3.662229235934631106e+03 8.649680885545608933e-02
3.664127626944663007e+03 8.647756947650227233e-02
3.666027001755650417e+03 8.645833336703093175e-02
3.667927360877429237e+03 8.643910052690653711e-02
3.669828704820096391e+03 8.641987095599348856e-02
3.671731034094015286e+03 8.640064465415610295e-02
3.673634349209813081e+03 8.638142162125854451e-02
3.675538650678381600e+03 8.636220185716494968e-02
3.677443939010875511e+03 8.634298536173933003e-02
3.679350214718718689e+03 8.632377213484555833e-02
3.681257478313588308e+03 8.630456217634754901e-02
3.683165730307452122e+03 8.628535548610884176e-02
3.685074971212517994e+03 8.626615206399312896e-02
3.686985201541268907e+03 8.624695190986393645e-02
3.688896421806453418e+03 8.622775502358466515e-02
3.690808632521083837e+03 8.620856140501861886e-02
3.692721834198441229e+03 8.618937105402903198e-02
3.694636027352069959e+03 8.617018397047901401e-02
3.696551212495781328e+03 8.615100015423160507e-02
3.698467390143654029e+03 8.613181960514969260e-02
3.700384560810024595e+03 8.611264232309619182e-02
3.702302725009518326e+03 8.609346830793367100e-02
3.704221883257006539e+03 8.607429755952482331e-02
3.706142036067632489e+03 8.605513007773218925e-02
3.708063183956806824e+03 8.603596586241818445e-02
3.709985327440209403e+03 8.601680491344512736e-02
3.711908467033784746e+03 8.599764723067526706e-02
3.713832603253747038e+03 8.597849281397069998e-02
3.715757736616576040e+03 8.595934166319348091e-02
3.717683867639019354e+03 8.594019377820552585e-02
3.719610996838086521e+03 8.592104915886873695e-02
3.721539124731075844e+03 8.590190780504471102e-02
3.723468251835532556e+03 8.588276971659511427e-02
3.725398378669275644e+03 8.586363489338152966e-02
3.727329505750395128e+03 8.584450333526534582e-02
3.729261633597246600e+03 8.582537504210790980e-02
3.731194762728456226e+03 8.580625001377047145e-02
3.733128893662918927e+03 8.578712825011412801e-02
3.735064026919797470e+03 8.576800975099992119e-02
3.737000163018524290e+03 8.574889451628879555e-02
3.738937302478793754e+03 8.572978254584165403e-02
3.740875445820592176e+03 8.571067383951908036e-02
3.742814593564150528e+03 8.569156839718175545e-02
3.744754746229980810e+03 8.567246621869024914e-02
3.746695904338862420e+03 8.565336730390496478e-02
3.748638068411843506e+03 8.563427165268625019e-02
3.750581238970244613e+03 8.561517926489434216e-02
3.752525416535656404e+03 8.559609014038933872e-02
3.754470601629937391e+03 8.557700427903129625e-02
3.756416794775218023e+03 8.555792168068014625e-02
3.758363996493893865e+03 8.553884234519577856e-02
3.760312207308649704e+03 8.551976627243779161e-02
3.762261427742421802e+03 8.550069346226586708e-02
3.764211658318423360e+03 8.548162391453953401e-02
3.766162899560139522e+03 8.546255762911823817e-02
3.768115151991326911e+03 8.544349460586128653e-02
3.770068416136011365e+03 8.542443484462791670e-02
3.772022692518493386e+03 8.540537834527725525e-02
3.773977981663343144e+03 8.538632510766831774e-02
3.775934284095404564e+03 8.536727513166000869e-02
3.777891600339783054e+03 8.534822841711127428e-02
3.779849930921880969e+03 8.532918496388064433e-02
3.781809276367350776e+03 8.531014477182681521e-02
3.783769637202122794e+03 8.529110784080833063e-02
3.785731013952401099e+03 8.527207417068358164e-02
3.787693407144663070e+03 8.525304376131090378e-02
3.789656817305658024e+03 8.523401661254847994e-02
3.791621244962408127e+03 8.521499272425446525e-02
3.793586690642209760e+03 8.519597209628684831e-02
3.795553154872630785e+03 8.517695472850354832e-02
3.797520638181506456e+03 8.515794062076244286e-02
3.799489141096968069e+03 8.513892977292109032e-02
3.801458664147397485e+03 8.511992218483717398e-02
3.803429207861457144e+03 8.510091785636819672e-02
3.805400772768086426e+03 8.508191678737156427e-02
3.807373359396494834e+03 8.506291897770457133e-02
3.809346968276167900e+03 8.504392442722441547e-02
3.811321599936867187e+03 8.502493313578821099e-02
3.813297254908625746e+03 8.500594510325293340e-02
3.815273933721754474e+03 8.498696032947548884e-02
3.817251636906828935e+03 8.496797881431274180e-02
3.819230364994723459e+03 8.494900055762122371e-02
3.821210118516564307e+03 8.493002555925760477e-02
3.823190898003761959e+03 8.491105381907836092e-02
3.825172703988001103e+03 8.489208533693988479e-02
3.827155537001241100e+03 8.487312011269845802e-02
3.829139397575718704e+03 8.485415814621025121e-02
3.831124286243945335e+03 8.483519943733135171e-02
3.833110203538708902e+03 8.481624398591772196e-02
3.835097149993074254e+03 8.479729179182524113e-02
3.837085126140372722e+03 8.477834285490974675e-02
3.839074132514236226e+03 8.475939717502677107e-02
3.841064169648551797e+03 8.474045475203192956e-02
3.843055238077487502e+03 8.472151558578068509e-02
3.845047338335490622e+03 8.470257967612841721e-02
3.847040470957284015e+03 8.468364702293036672e-02
3.849034636477869753e+03 8.466471762604170503e-02
3.851029835432524578e+03 8.464579148531745090e-02
3.853026068356803989e+03 8.462686860061258143e-02
3.855023335786541793e+03 8.460794897178192109e-02
3.857021638257839641e+03 8.458903259868029434e-02
3.859020976307101137e+03 8.457011948116219258e-02
3.861021350470986818e+03 8.455120961908223209e-02
3.863022761286440073e+03 8.453230301229482102e-02
3.865025209290682596e+03 8.451339966065431197e-02
3.867028695021217118e+03 8.449449956401491879e-02
3.869033219015822851e+03 8.447560272223078592e-02
3.871038781812556863e+03 8.445670913515590517e-02
3.873045383949758616e+03 8.443781880264421280e-02
3.875053025966042696e+03 8.441893172454950633e-02
3.877061708400296993e+03 8.440004790072556939e-02
3.879071431791712257e+03 8.438116733102588030e-02
3.881082196679733897e+03 8.436229001530400062e-02
3.883094003604096088e+03 8.434341595341332543e-02
3.885106853104811307e+03 8.432454514520716649e-02
3.887120745722173069e+03 8.430567759053869681e-02
3.889135681996755920e+03 8.428681328926102001e-02
3.891151662469410894e+03 8.426795224122711481e-02
3.893168687681273241e+03 8.424909444628986277e-02
3.895186758173755152e+03 8.423023990430203445e-02
3.897205874488545305e+03 8.421138861511637264e-02
3.899226037167632967e+03 8.419254057858532869e-02
3.901247246753267973e+03 8.417369579456139561e-02
3.903269503787986196e+03 8.415485426289696924e-02
3.905292808814607270e+03 8.413601598344429278e-02
3.907317162376229135e+03 8.411718095605551226e-02
3.909342565016234403e+03 8.409834918058270437e-02
3.911369017278284900e+03 8.407952065687777921e-02
3.913396519706324398e+03 8.406069538479260528e-02
3.915425072844580882e+03 8.404187336417889842e-02
3.917454677237553824e+03 8.402305459488836059e-02
3.919485333430049650e+03 8.400423907677238844e-02
3.921517041967132627e+03 8.398542680968247576e-02
3.923549803394159881e+03 8.396661779346993593e-02
3.925583618256767295e+03 8.394781202798597131e-02
3.927618487100877246e+03 8.392900951308170099e-02
3.929654410472691779e+03 8.391021024860813304e-02
3.931691388918698522e+03 8.389141423441617840e-02
3.933729422985667043e+03 8.387262147035660920e-02
3.935768513220650675e+03 8.385383195628011432e-02
3.937808660170978328e+03 8.383504569203736878e-02
3.939849864384285411e+03 8.381626267747871450e-02
3.941892126408469721e+03 8.379748291245456282e-02
3.943935446791717823e+03 8.377870639681521403e-02
3.945979826082503223e+03 8.375993313041082966e-02
3.948025264829580919e+03 8.374116311309147409e-02
3.950071763581992400e+03 8.372239634470708680e-02
3.952119322889063369e+03 8.370363282510753788e-02
3.954167943300402840e+03 8.368487255414255865e-02
3.956217625365906770e+03 8.366611553166179716e-02
3.958268369635746694e+03 8.364736175751485980e-02
3.960320176660402922e+03 8.362861123155103382e-02
3.962373046990618150e+03 8.360986395361970358e-02
3.964426981177427479e+03 8.359111992357010079e-02
3.966481979772152954e+03 8.357237914125133227e-02
3.968538043326400384e+03 8.355364160651239380e-02
3.970595172392063887e+03 8.353490731920221180e-02
3.972653367521320433e+03 8.351617627916958775e-02
3.974712629266636213e+03 8.349744848626318439e-02
3.976772958180762544e+03 8.347872394033160892e-02
3.978834354816727227e+03 8.346000264122341306e-02
3.980896819727873208e+03 8.344128458878680155e-02
3.982960353467801269e+03 8.342256978287013180e-02
3.985024956590410056e+03 8.340385822332158083e-02
3.987090629649884704e+03 8.338514990998918686e-02
3.989157373200698203e+03 8.336644484272089095e-02
3.991225187797608214e+03 8.334774302136457869e-02
3.993294073995662075e+03 8.332904444576795522e-02
3.995364032350196339e+03 8.331034911577864244e-02
3.997435063416830417e+03 8.329165703124420672e-02
3.999507167751469296e+03 8.327296819201211731e-02
4.001580345910324922e+03 8.325428259792955199e-02
4.003654598449878904e+03 8.323560024884378572e-02
4.005729925926903888e+03 8.321692114460191303e-02
4.007806328898464471e+03 8.319824528505094519e-02
4.009883807921913103e+03 8.317957267003775468e-02
4.011962363554889635e+03 8.316090329940914461e-02
4.014041996355326319e+03 8.314223717301176542e-02
4.016122706881440536e+03 8.312357429069222592e-02
4.018204495691741158e+03 8.310491465229695451e-02
4.020287363345018093e+03 8.308625825767239348e-02
4.022371310400375478e+03 8.306760510666463815e-02
4.024456337417183477e+03 8.304895519911990875e-02
4.026542444955106475e+03 8.303030853488427288e-02
4.028629633574103991e+03 8.301166511380361768e-02
4.030717903834423396e+03 8.299302493572378869e-02
4.032807256296600826e+03 8.297438800049050656e-02
4.034897691521465276e+03 8.295575430794936700e-02
4.036989210070135869e+03 8.293712385794588249e-02
4.039081812504022309e+03 8.291849665032544059e-02
4.041175499384816248e+03 8.289987268493341499e-02
4.043270271274525840e+03 8.288125196161484631e-02
4.045366128735426628e+03 8.286263448021485845e-02
4.047463072330092928e+03 8.284402024057842262e-02
4.049561102621389637e+03 8.282540924255042680e-02
4.051660220172474965e+03 8.280680148597560630e-02
4.053760425546797251e+03 8.278819697069861316e-02
4.055861719308099055e+03 8.276959569656397453e-02
4.057964102020413520e+03 8.275099766341612040e-02
4.060067574248066194e+03 8.273240287109939750e-02
4.062172136555667748e+03 8.271381131945808318e-02
4.064277789508145361e+03 8.269522300833612172e-02
4.066384533670693145e+03 8.267663793757762392e-02
4.068492369608809440e+03 8.265805610702647854e-02
4.070601297888281806e+03 8.263947751652644946e-02
4.072711319075195206e+03 8.262090216592123115e-02
4.074822433735924733e+03 8.260233005505439319e-02
4.076934642437140155e+03 8.258376118376939412e-02
4.079047945745805009e+03 8.256519555190959536e-02
4.081162344229176142e+03 8.254663315931824730e-02
4.083277838454795983e+03 8.252807400583857256e-02
4.085394428990526649e+03 8.250951809131344683e-02
4.087512116404499466e+03 8.249096541558587070e-02
4.089630901265148168e+03 8.247241597849866435e-02
4.091750784141202985e+03 8.245386977989450916e-02
4.093871765601683819e+03 8.243532681961605879e-02
4.095993846215911617e+03 8.241678709750575871e-02
4.098117026553498363e+03 8.239825061340602663e-02
4.100241307184352081e+03 8.237971736715911375e-02
4.102366688678677747e+03 8.236118735860720186e-02
4.104493171606965007e+03 8.234266058759244500e-02
4.106620756540026377e+03 8.232413705395660863e-02
4.108749444048942678e+03 8.230561675754163864e-02
4.110879234705102135e+03 8.228709969818927272e-02
4.113010129080186744e+03 8.226858587574110981e-02
4.115142127746174992e+03 8.225007529003869333e-02
4.117275231275342776e+03 8.223156794092344180e-02
4.119409440240262484e+03 8.221306382823662107e-02
4.121544755213802091e+03 8.219456295181946925e-02
4.123681176769127887e+03 8.217606531151303018e-02
4.125818705479692653e+03 8.215757090715838928e-02
4.127957341919274768e+03 8.213907973859624345e-02
4.130097086661921821e+03 8.212059180566742833e-02
4.132237940281987903e+03 8.210210710821261304e-02
4.134379903354127237e+03 8.208362564607231404e-02
4.136522976453287811e+03 8.206514741908697841e-02
4.138667160154718658e+03 8.204667242709692832e-02
4.140812455033965307e+03 8.202820066994237491e-02
4.142958861666873418e+03 8.200973214746343221e-02
4.145106380629584237e+03 8.199126685950008930e-02
4.147255012498531869e+03 8.197280480589230756e-02
4.149404757850472379e+03 8.195434598647972912e-02
4.151555617262436499e+03 8.193589040110209332e-02
4.153707591311763281e+03 8.191743804959895903e-02
4.155860680576089180e+03 8.189898893180977413e-02
4.158014885633350787e+03 8.188054304757388935e-02
4.160170207061783003e+03 8.186210039673054439e-02
4.162326645439923595e+03 8.184366097911885407e-02
4.164484201346606824e+03 8.182522479457782216e-02
4.166642875360968901e+03 8.180679184294638306e-02
4.168802668062436169e+03 8.178836212406337403e-02
4.170963580030763296e+03 8.176993563776735474e-02
4.173125611845975072e+03 8.175151238389698205e-02
4.175288764088411881e+03 8.173309236229070462e-02
4.177453037338708782e+03 8.171467557278688787e-02
4.179618432177804607e+03 8.169626201522378617e-02
4.181784949186941049e+03 8.167785168943954288e-02
4.183952588947657205e+03 8.165944459527217647e-02
4.186121352041795944e+03 8.164104073255963601e-02
4.188291239051501179e+03 8.162264010113967627e-02
4.190462250559208769e+03 8.160424270085012144e-02
4.192634387147683810e+03 8.158584853152839322e-02
4.194807649399967886e+03 8.156745759301205212e-02
4.196982037899410898e+03 8.154906988513846433e-02
4.199157553229668338e+03 8.153068540774489892e-02
4.201334195974694012e+03 8.151230416066850004e-02
4.203511966718749136e+03 8.149392614374630084e-02
4.205690866046394149e+03 8.147555135681526506e-02
4.207870894542493261e+03 8.145717979971217604e-02
4.210052052792215363e+03 8.143881147227376160e-02
4.212234341381022205e+03 8.142044637433670795e-02
4.214417760894704770e+03 8.140208450573734045e-02
4.216602311919332351e+03 8.138372586631212324e-02
4.218787995041287104e+03 8.136537045589732620e-02
4.220974810847254957e+03 8.134701827432910815e-02
4.223162759924223792e+03 8.132866932144353078e-02
4.225351842859488897e+03 8.131032359707650314e-02
4.227542060240647515e+03 8.129198110106387876e-02
4.229733412655603388e+03 8.127364183324137237e-02
4.231925900692561299e+03 8.125530579344460158e-02
4.234119524940027077e+03 8.123697298150911461e-02
4.236314285986833966e+03 8.121864339727018212e-02
4.238510184422095335e+03 8.120031704056313027e-02
4.240707220835239241e+03 8.118199391122313258e-02
4.242905395815999327e+03 8.116367400908525154e-02
4.245104709954412101e+03 8.114535733398442474e-02
4.247305163840824207e+03 8.112704388575549264e-02
4.249506758065883332e+03 8.110873366423317077e-02
4.251709493220548211e+03 8.109042666925207754e-02
4.253913369896080440e+03 8.107212290064672033e-02
4.256118388684040838e+03 8.105382235825155102e-02
4.258324550176321281e+03 8.103552504190070227e-02
4.260531854965096500e+03 8.101723095142844555e-02
4.262740303642854997e+03 8.099894008666881640e-02
4.264949896802393596e+03 8.098065244745575320e-02
4.267160635036815620e+03 8.096236803362312495e-02
4.269372518939531801e+03 8.094408684500463413e-02
4.271585549104260281e+03 8.092580888143388607e-02
4.273799726125027519e+03 8.090753414274441668e-02
4.276015050596166475e+03 8.088926262876958151e-02
4.278231523112311152e+03 8.087099433934276382e-02
4.280449144268429336e+03 8.085272927429697221e-02
4.282667914659769849e+03 8.083446743346535401e-02
4.284887834881899835e+03 8.081620881668083456e-02
4.287108905530694756e+03 8.079795342377626977e-02
4.289331127202339303e+03 8.077970125458437678e-02
4.291554500493324667e+03 8.076145230893776172e-02
4.293779026000456724e+03 8.074320658666894746e-02
4.296004704320844212e+03 8.072496408761029030e-02
4.298231536051908733e+03 8.070672481159411882e-02
4.300459521791372936e+03 8.068848875845262281e-02
4.302688662137295069e+03 8.067025592801774225e-02
4.304918957688015325e+03 8.065202632012148654e-02
4.307150409042194951e+03 8.063379993459569850e-02
4.309383016798805329e+03 8.061557677127208221e-02
4.311616781557126160e+03 8.059735682998225847e-02
4.313851703916750012e+03 8.057914011055772319e-02
4.316087784477578680e+03 8.056092661282984735e-02
4.318325023839825008e+03 8.054271633662993257e-02
4.320563422604015614e+03 8.052450928178912781e-02
4.322802981370974521e+03 8.050630544813856815e-02
4.325043700741867724e+03 8.048810483550901396e-02
4.327285581318144068e+03 8.046990744373140603e-02
4.329528623701574361e+03 8.045171327263643535e-02
4.331772828494240457e+03 8.043352232205470964e-02
4.334018196298535258e+03 8.041533459181672561e-02
4.336264727717166352e+03 8.039715008175285504e-02
4.338512423353150552e+03 8.037896879169337261e-02
4.340761283809821180e+03 8.036079072146841418e-02
4.343011309690820781e+03 8.034261587090804624e-02
4.345262501600096584e+03 8.032444423984225201e-02
4.347514860141935060e+03 8.030627582810070941e-02
4.349768385920912806e+03 8.028811063551320737e-02
4.352023079541922925e+03 8.026994866190934053e-02
4.354278941610175934e+03 8.025178990711857863e-02
4.356535972731194306e+03 8.023363437097029427e-02
4.358794173510816108e+03 8.021548205329374903e-02
4.361053544555191365e+03 8.019733295391807959e-02
4.363314086470784787e+03 8.017918707267232548e-02
4.365575799864375767e+03 8.016104440938540132e-02
4.367838685343049292e+03 8.014290496388619400e-02
4.370102743514232316e+03 8.012476873600324345e-02
4.372367974985637375e+03 8.010663572556520062e-02
4.374634380365302604e+03 8.008850593240054994e-02
4.376901960261581735e+03 8.007037935633765091e-02
4.379170715283144091e+03 8.005225599720471041e-02
4.381440646038971863e+03 8.003413585482990755e-02
4.383711753138364656e+03 8.001601892904122715e-02
4.385984037190938579e+03 7.999790521966658463e-02
4.388257498806623516e+03 7.997979472653378441e-02
4.390532138595658580e+03 7.996168744947056151e-02
4.392807957168624853e+03 7.994358338830435950e-02
4.395084955136392637e+03 7.992548254286269138e-02
4.397363133110159652e+03 7.990738491297290358e-02
4.399642491701437393e+03 7.988929049846221764e-02
4.401923031522057499e+03 7.987119929915774408e-02
4.404204753184165384e+03 7.985311131488651015e-02
4.406487657300226601e+03 7.983502654547539046e-02
4.408771744483022303e+03 7.981694499075116245e-02
4.411057015345652871e+03 7.979886665054049255e-02
4.413343470501525189e+03 7.978079152466999169e-02
4.415631110564391747e+03 7.976271961296597934e-02
4.417919936148296983e+03 7.974465091525481664e-02
4.420209947867613664e+03 7.972658543136273979e-02
4.422501146337029240e+03 7.970852316111583236e-02
4.424793532171553124e+03 7.969046410434009464e-02
4.427087105986510323e+03 7.967240826086138816e-02
4.429381868397548715e+03 7.965435563050546341e-02
4.431677820020632680e+03 7.963630621309798763e-02
4.433974961472044924e+03 7.961826000846446150e-02
4.436273293368381019e+03 7.960021701643039960e-02
4.438572816326581233e+03 7.958217723682095568e-02
4.440873530963878693e+03 7.956414066946138064e-02
4.443175437897837583e+03 7.954610731417677272e-02
4.445478537746338588e+03 7.952807717079207750e-02
4.447782831127585268e+03 7.951005023913217118e-02
4.450088318660100413e+03 7.949202651902174954e-02
4.452395000962728773e+03 7.947400601028546674e-02
4.454702878654632514e+03 7.945598871274782427e-02
4.457011952355299400e+03 7.943797462623321259e-02
4.459322222684523695e+03 7.941996375056599444e-02
4.461633690262453456e+03 7.940195608557018558e-02
4.463946355709526870e+03 7.938395163106991281e-02
4.466260219646515907e+03 7.936595038688912251e-02
4.468575282694510861e+03 7.934795235285165005e-02
4.470891545474924897e+03 7.932995752878119200e-02
4.473209008609496777e+03 7.931196591450134781e-02
4.475527672720283590e+03 7.929397750983561977e-02
4.477847538429664382e+03 7.927599231460735751e-02
4.480168606360343801e+03 7.925801032863984130e-02
4.482490877135338451e+03 7.924003155175626811e-02
4.484814351378013271e+03 7.922205598377952962e-02
4.487139029712033334e+03 7.920408362453260076e-02
4.489464912761392043e+03 7.918611447383831770e-02
4.491792001150408396e+03 7.916814853151933618e-02
4.494120295503722446e+03 7.915018579739822868e-02
4.496449796446301661e+03 7.913222627129747055e-02
4.498780504603433656e+03 7.911426995303939835e-02
4.501112420600733458e+03 7.909631684244623762e-02
4.503445545064138969e+03 7.907836693934013061e-02
4.505779878619900956e+03 7.906042024354310860e-02
4.508115421894624887e+03 7.904247675487695302e-02
4.510452175515213639e+03 7.902453647316348695e-02
4.512790140108903870e+03 7.900659939822438083e-02
4.515129316303255109e+03 7.898866552988118017e-02
4.517469704726154305e+03 7.897073486795529174e-02
4.519811306005813094e+03 7.895280741226806676e-02
4.522154120770770533e+03 7.893488316264067606e-02
4.524498149649886727e+03 7.891696211889423496e-02
4.526843393272353751e+03 7.889904428084969223e-02
4.529189852267674723e+03 7.888112964832798280e-02
4.531537527265711105e+03 7.886321822114970848e-02
4.533886418896620853e+03 7.884530999913558214e-02
4.536236527790897526e+03 7.882740498210609459e-02
4.538587854579363011e+03 7.880950316988166726e-02
4.540940399893164795e+03 7.879160456228256892e-02
4.543294164363778691e+03 7.877370915912897120e-02
4.545649148623005203e+03 7.875581696024093470e-02
4.548005353302974981e+03 7.873792796543839512e-02
4.550362779036145184e+03 7.872004217454119102e-02
4.552721426455291294e+03 7.870215958736909156e-02
4.555081296193545313e+03 7.868428020374154674e-02
4.557442388884338470e+03 7.866640402347811756e-02
4.559804705161440324e+03 7.864853104639817072e-02
4.562168245658947853e+03 7.863066127232096192e-02
4.564533011011288181e+03 7.861279470106562195e-02
4.566899001853215850e+03 7.859493133245115670e-02
4.569266218819815549e+03 7.857707116629650268e-02
4.571634662546500294e+03 7.855921420242042985e-02
4.574004333669011430e+03 7.854136044064161104e-02
4.576375232823413171e+03 7.852350988077869132e-02
4.578747360646125344e+03 7.850566252264998268e-02
4.581120717773868819e+03 7.848781836607388041e-02
4.583495304843705526e+03 7.846997741086858547e-02
4.585871122493027542e+03 7.845213965685221558e-02
4.588248171359556181e+03 7.843430510384274967e-02
4.590626452081343814e+03 7.841647375165806955e-02
4.593005965296772047e+03 7.839864560011591821e-02
4.595386711644556271e+03 7.838082064903394153e-02
4.597768691763741117e+03 7.836299889822964659e-02
4.600151906293693173e+03 7.834518034752054050e-02
4.602536355874137371e+03 7.832736499672375563e-02
4.604922041145104231e+03 7.830955284565656316e-02
4.607308962746962607e+03 7.829174389413599833e-02
4.609697121320416954e+03 7.827393814197904087e-02
4.612086517506500059e+03 7.825613558900249012e-02
4.614477151946579397e+03 7.823833623502308987e-02
4.616869025282353505e+03 7.822054007985741741e-02
4.619262138155852881e+03 7.820274712332199452e-02
4.621656491209443629e+03 7.818495736523314865e-02
4.624052085085812905e+03 7.816717080540723506e-02
4.626448920428008023e+03 7.814938744366023426e-02
4.628846997879384617e+03 7.813160727980826559e-02
4.631246318083639380e+03 7.811383031366721241e-02
4.633646881684801883e+03 7.809605654505287486e-02
4.636048689327236389e+03 7.807828597378092816e-02
4.638451741655641854e+03 7.806051859966695039e-02
4.640856039315050111e+03 7.804275442252635309e-02
4.643261582950827687e+03 7.802499344217449229e-02
4.645668373208673984e+03 7.800723565842657137e-02
4.648076410734616729e+03 7.798948107109776595e-02
4.650485696175044723e+03 7.797172968000291859e-02
4.652896230176652352e+03 7.795398148495695512e-02
4.655308013386482344e+03 7.793623648577464869e-02
4.657721046451909388e+03 7.791849468227059206e-02
4.660135330020644687e+03 7.790075607425935023e-02
4.662550864740735051e+03 7.788302066155529391e-02
4.664967651260562889e+03 7.786528844397272442e-02
4.667385690228847125e+03 7.784755942132581819e-02
4.669804982294643196e+03 7.782983359342861285e-02
4.672225528107332138e+03 7.781211096009513217e-02
4.674647328316661515e+03 7.779439152113903910e-02
4.677070383572685387e+03 7.777667527637413536e-02
4.679494694525806153e+03 7.775896222561400062e-02
4.681920261826760907e+03 7.774125236867210353e-02
4.684347086126626891e+03 7.772354570536181562e-02
4.686775168076816954e+03 7.770584223549635572e-02
4.689204508329079545e+03 7.768814195888888718e-02
4.691635107535505085e+03 7.767044487535239294e-02
4.694066966348520509e+03 7.765275098469975879e-02
4.696500085420879259e+03 7.763506028674385662e-02
4.698934465405704032e+03 7.761737278129719753e-02
4.701370106956425843e+03 7.759968846817238974e-02
4.703807010726824956e+03 7.758200734718186109e-02
4.706245177371019963e+03 7.756432941813794224e-02
4.708684607543468701e+03 7.754665468085281121e-02
4.711125301898966427e+03 7.752898313513856277e-02
4.713567261092651279e+03 7.751131478080712511e-02
4.716010485779997907e+03 7.749364961767039872e-02
4.718454976616822023e+03 7.747598764554007589e-02
4.720900734259268575e+03 7.745832886422784891e-02
4.723347759363851765e+03 7.744067327354507702e-02
4.725796052587398663e+03 7.742302087330320270e-02
4.728245614587084674e+03 7.740537166331351582e-02
4.730696446020424446e+03 7.738772564338712578e-02
4.733148547545278234e+03 7.737008281333510040e-02
4.735601919819841896e+03 7.735244317296832706e-02
4.738056563502654171e+03 7.733480672209762374e-02
4.740512479252596677e+03 7.731717346053365580e-02
4.742969667728891181e+03 7.729954338808699144e-02
4.745428129591091420e+03 7.728191650456815720e-02
4.747887865499121290e+03 7.726429280978733272e-02
4.750348876113219376e+03 7.724667230355482250e-02
4.752811162093974417e+03 7.722905498568069516e-02
4.755274724102318942e+03 7.721144085597494988e-02
4.757739562799526539e+03 7.719382991424746099e-02
4.760205678847214585e+03 7.717622216030796400e-02
4.762673072907342430e+03 7.715861759396606956e-02
4.765141745642214119e+03 7.714101621503133277e-02
4.767611697714474758e+03 7.712341802331311447e-02
4.770082929787104149e+03 7.710582301862077548e-02
4.772555442523454076e+03 7.708823120076335744e-02
4.775029236587193736e+03 7.707064256954995751e-02
4.777504312642342484e+03 7.705305712478950630e-02
4.779980671353266189e+03 7.703547486629080954e-02
4.782458313384672692e+03 7.701789579386258966e-02
4.784937239401616353e+03 7.700031990731340259e-02
4.787417450069496226e+03 7.698274720645172098e-02
4.789898946054054250e+03 7.696517769108587870e-02
4.792381728021379786e+03 7.694761136102409860e-02
4.794865796637895073e+03 7.693004821607458965e-02
4.797351152570399790e+03 7.691248825604518613e-02
4.799837796486006482e+03 7.689493148074383333e-02
4.802325729052186944e+03 7.687737788997828225e-02
4.804814950936756759e+03 7.685982748355618677e-02
4.807305462807877120e+03 7.684228026128507583e-02
4.809797265334057556e+03 7.682473622297235349e-02
4.812290359184151384e+03 7.680719536842529893e-02
4.814784745027360259e+03 7.678965769745110803e-02
4.817280423533232351e+03 7.677212320985681016e-02
4.819777395371653256e+03 7.675459190544942079e-02
4.822275661212884188e+03 7.673706378403563622e-02
4.824775221727505595e+03 7.671953884542222213e-02
4.827276077586454448e+03 7.670201708941576380e-02
4.829778229461015144e+03 7.668449851582273546e-02
4.832281678022819506e+03 7.666698312444947261e-02
4.834786423943850423e+03 7.664947091510222743e-02
4.837292467896434573e+03 7.663196188758712724e-02
4.839799810553251518e+03 7.661445604171013279e-02
4.842308452587325519e+03 7.659695337727716324e-02
4.844818394672021896e+03 7.657945389409404058e-02
4.847329637481085229e+03 7.656195759196628148e-02
4.849842181688576602e+03 7.654446447069947201e-02
4.852356027968919079e+03 7.652697453009901785e-02
4.854871176996884969e+03 7.650948776997025524e-02
4.857387629447594918e+03 7.649200419011831231e-02
4.859905385996520636e+03 7.647452379034828940e-02
4.862424447319482169e+03 7.645704657046510644e-02
4.864944814092653360e+03 7.643957253027358623e-02
4.867466486992554564e+03 7.642210166957844053e-02
4.869989466696048112e+03 7.640463398818433949e-02
4.872513753880378317e+03 7.638716948589560629e-02
4.875039349223107820e+03 7.636970816251667515e-02
4.877566253402163966e+03 7.635225001785175825e-02
4.880094467095822438e+03 7.633479505170499835e-02
4.882623990982711803e+03 7.631734326388039946e-02
4.885154825741810782e+03 7.629989465418182681e-02
4.887686972052453712e+03 7.628244922241304848e-02
4.890220430594321442e+03 7.626500696837773541e-02
4.892755202047452258e+03 7.624756789187939199e-02
4.895291287092223683e+03 7.623013199272150875e-02
4.897828686409397051e+03 7.621269927070725703e-02
4.900367400680055653e+03 7.619526972563986367e-02
4.902907430585647489e+03 7.617784335732238898e-02
4.905448776807971626e+03 7.616042016555779615e-02
4.907991440029180922e+03 7.614300015014889567e-02
4.910535420931782937e+03 7.612558331089837316e-02
4.913080720198638119e+03 7.610816964760884484e-02
4.915627338512960705e+03 7.609075916008277429e-02
4.918175276558318728e+03 7.607335184812251405e-02
4.920724535018625829e+03 7.605594771153034728e-02
4.923275114578177636e+03 7.603854675010827957e-02
4.925827015921597194e+03 7.602114896365835817e-02
4.928380239733870440e+03 7.600375435198249152e-02
4.930934786700338918e+03 7.598636291488240768e-02
4.933490657506698881e+03 7.596897465215976530e-02
4.936047852839004008e+03 7.595158956361609814e-02
4.938606373383659957e+03 7.593420764905280118e-02
4.941166219827430723e+03 7.591682890827118613e-02
4.943727392857435007e+03 7.589945334107239816e-02
4.946289893161138934e+03 7.588208094725758246e-02
4.948853721426392440e+03 7.586471172662752338e-02
4.951418878341375603e+03 7.584734567898311630e-02
4.953985364594631392e+03 7.582998280412504843e-02
4.956553180875062026e+03 7.581262310185390985e-02
4.959122327871925336e+03 7.579526657197016570e-02
4.961692806274837494e+03 7.577791321427415627e-02
4.964264616773772104e+03 7.576056302856609692e-02
4.966837760059058382e+03 7.574321601464613363e-02
4.969412236821384795e+03 7.572587217231421808e-02
4.971988047751788145e+03 7.570853150137032972e-02
4.974565193541692679e+03 7.569119400161404554e-02
4.977143674882850974e+03 7.567385967284509518e-02
4.979723492467384858e+03 7.565652851486297237e-02
4.982304646987772685e+03 7.563920052746710143e-02
4.984887139136854785e+03 7.562187571045676793e-02
4.987470969607827101e+03 7.560455406363110475e-02
4.990056139094248465e+03 7.558723558678917542e-02
4.992642648290034231e+03 7.556992027972990467e-02
4.995230497889461731e+03 7.555260814225209232e-02
4.997819688587154815e+03 7.553529917415451045e-02
5.000410221078130235e+03 7.551799337523558420e-02
5.003002096057733979e+03 7.550069074529383584e-02
5.005595314221682202e+03 7.548339128412759336e-02
5.008189876266053034e+03 7.546609499153508760e-02
5.010785782887281130e+03 7.544880186731439675e-02
5.013383034782167670e+03 7.543151191126351574e-02
5.015981632647871265e+03 7.541422512318030069e-02
5.018581577181913417e+03 7.539694150286248286e-02
5.021182869082175785e+03 7.537966105010769635e-02
5.023785509046892003e+03 7.536238376471350586e-02
5.026389497774688607e+03 7.534510964647718467e-02
5.028994835964523190e+03 7.532783869519601994e-02
5.031601524315726238e+03 7.531057091066721554e-02
5.034209563527990213e+03 7.529330629268776720e-02
5.036818954301370468e+03 7.527604484105461513e-02
5.039429697336285244e+03 7.525878655556451913e-02
5.042041793333514761e+03 7.524153143601416960e-02
5.044655242994202126e+03 7.522427948220014593e-02
5.047270047019856065e+03 7.520703069391884710e-02
5.049886206112338186e+03 7.518978507096668595e-02
5.052503720973902091e+03 7.517254261313971453e-02
5.055122592307136074e+03 7.515530332023409588e-02
5.057742820815004052e+03 7.513806719204577100e-02
5.060364407200832829e+03 7.512083422837061153e-02
5.062987352168313009e+03 7.510360442900432254e-02
5.065611656421501721e+03 7.508637779374251198e-02
5.068237320664818981e+03 7.506915432238067676e-02
5.070864345603052243e+03 7.505193401471418890e-02
5.073492731941350939e+03 7.503471687053829553e-02
5.076122480385223753e+03 7.501750288964818825e-02
5.078753591640573177e+03 7.500029207183876723e-02
5.081386066413635490e+03 7.498308441690497428e-02
5.084019905411027139e+03 7.496587992464158468e-02
5.086655109339725641e+03 7.494867859484326267e-02
5.089291678907081405e+03 7.493148042730454761e-02
5.091929614820804090e+03 7.491428542181985395e-02
5.094568917788976250e+03 7.489709357818348512e-02
5.097209588520044235e+03 7.487990489618963352e-02
5.099851627722821831e+03 7.486271937563235279e-02
5.102495036106480256e+03 7.484553701630565492e-02
5.105139814380589996e+03 7.482835781800320496e-02
5.107785963255057140e+03 7.481118178051882062e-02
5.110433483440165219e+03 7.479400890364608367e-02
5.113082375646568835e+03 7.477683918717842326e-02
5.115732640585286390e+03 7.475967263090922688e-02
5.118384278967710088e+03 7.474250923463171548e-02
5.121037291505596841e+03 7.472534899813899900e-02
5.123691678911073723e+03 7.470819192122407637e-02
5.126347441896636155e+03 7.469103800367980772e-02
5.129004581175139720e+03 7.467388724529901156e-02
5.131663097459839264e+03 7.465673964587421496e-02
5.134322991464330698e+03 7.463959520519798663e-02
5.136984263902584644e+03 7.462245392306274261e-02
5.139646915488948252e+03 7.460531579926071855e-02
5.142310946938134293e+03 7.458818083358410844e-02
5.144976358965228428e+03 7.457104902582495365e-02
5.147643152285684664e+03 7.455392037577515674e-02
5.150311327615330811e+03 7.453679488322655089e-02
5.152980885670362113e+03 7.451967254797078888e-02
5.155651827167337615e+03 7.450255336979950960e-02
5.158324152823216536e+03 7.448543734850406051e-02
5.160997863355300979e+03 7.446832448387577519e-02
5.163672959481272301e+03 7.445121477570591784e-02
5.166349441919185665e+03 7.443410822378553060e-02
5.169027311387468217e+03 7.441700482790562787e-02
5.171706568604918175e+03 7.439990458785701588e-02
5.174387214290707561e+03 7.438280750343045922e-02
5.177069249164382200e+03 7.436571357441654206e-02
5.179752673945858078e+03 7.434862280060577922e-02
5.182437489355414073e+03 7.433153518178861607e-02
5.185123696113736514e+03 7.431445071775515110e-02
5.187811294941850974e+03 7.429736940829559377e-02
5.190500286561167741e+03 7.428029125319995929e-02
5.193190671693472723e+03 7.426321625225816569e-02
5.195882451060922904e+03 7.424614440525996450e-02
5.198575625386051797e+03 7.422907571199503785e-02
5.201270195391767629e+03 7.421201017225290131e-02
5.203966161801351518e+03 7.419494778582298722e-02
5.206663525338460204e+03 7.417788855249460300e-02
5.209362286727114224e+03 7.416083247205697282e-02
5.212062446691742480e+03 7.414377954429907103e-02
5.214764005957117661e+03 7.412672976900985811e-02
5.217466965248396264e+03 7.410968314597818352e-02
5.220171325291113135e+03 7.409263967499275794e-02
5.222877086811176014e+03 7.407559935584215327e-02
5.225584250534873718e+03 7.405856218831484428e-02
5.228292817188867048e+03 7.404152817219916694e-02
5.231002787500195154e+03 7.402449730728336008e-02
5.233714162196273719e+03 7.400746959335553765e-02
5.236426942004884950e+03 7.399044503020374419e-02
5.239141127654219417e+03 7.397342361761570506e-02
5.241856719872814210e+03 7.395640535537927052e-02
5.244573719389593862e+03 7.393939024328204102e-02
5.247292126933861255e+03 7.392237828111154763e-02
5.250011943235296712e+03 7.390536946865515489e-02
5.252733169023957998e+03 7.388836380570018569e-02
5.255455805030282136e+03 7.387136129203375479e-02
5.258179851985086316e+03 7.385436192744290751e-02
5.260905310619562442e+03 7.383736571171455043e-02
5.263632181665274402e+03 7.382037264463556236e-02
5.266360465854196264e+03 7.380338272599247518e-02
5.269090163918646795e+03 7.378639595557191788e-02
5.271821276591338574e+03 7.376941233316032520e-02
5.274553804605362529e+03 7.375243185854400696e-02
5.277287748694188849e+03 7.373545453150917584e-02
5.280023109591667890e+03 7.371848035184191961e-02
5.282759888032031085e+03 7.370150931932817340e-02
5.285498084749890950e+03 7.368454143375378906e-02
5.288237700480238345e+03 7.366757669490447968e-02
5.290978735958437028e+03 7.365061510256594446e-02
5.293721191920261845e+03 7.363365665652349401e-02
5.296465069101836889e+03 7.361670135656259162e-02
5.299210368239680975e+03 7.359974920246843688e-02
5.301957090070692175e+03 7.358280019402618777e-02
5.304705235332151460e+03 7.356585433102084959e-02
5.307454804761719970e+03 7.354891161323730275e-02
5.310205799097444469e+03 7.353197204046030278e-02
5.312958219077751892e+03 7.351503561247449414e-02
5.315712065441452069e+03 7.349810232906442420e-02
5.318467338927726814e+03 7.348117219001454314e-02
5.321224040276175401e+03 7.346424519510900975e-02
5.323982170226744529e+03 7.344732134413207991e-02
5.326741729519777437e+03 7.343040063686777363e-02
5.329502718896001170e+03 7.341348307310004151e-02
5.332265139096526582e+03 7.339656865261268148e-02
5.335028990862845603e+03 7.337965737518939435e-02
5.337794274936840338e+03 7.336274924061374214e-02
5.340560992060771241e+03 7.334584424866916197e-02
5.343329142977288029e+03 7.332894239913902157e-02
5.346098728429410585e+03 7.331204369180654989e-02
5.348869749160578976e+03 7.329514812645475386e-02
5.351642205914586157e+03 7.327825570286665424e-02
5.354416099435620708e+03 7.326136642082509143e-02
5.357191430468255021e+03 7.324448028011282252e-02
5.359968199757450748e+03 7.322759728051245198e-02
5.362746408048553349e+03 7.321071742180645936e-02
5.365526056087294819e+03 7.319384070377722706e-02
5.368307144619793689e+03 7.317696712620704036e-02
5.371089674392555935e+03 7.316009668887800410e-02
5.373873646152463152e+03 7.314322939157218151e-02
5.376659060646816215e+03 7.312636523407138600e-02
5.379445918623270700e+03 7.310950421615743100e-02
5.382234220829879632e+03 7.309264633761199115e-02
5.385023968015086211e+03 7.307579159821658843e-02
5.387815160927719262e+03 7.305893999775264769e-02
5.390607800316997782e+03 7.304209153600145499e-02
5.393401886932525485e+03 7.302524621274421313e-02
5.396197421524298079e+03 7.300840402776197224e-02
5.398994404842697804e+03 7.299156498083567146e-02
5.401792837638486162e+03 7.297472907174619439e-02
5.404592720662847569e+03 7.295789630027409156e-02
5.407394054667317505e+03 7.294106666620005230e-02
5.410196840403838905e+03 7.292424016930450226e-02
5.413001078624741240e+03 7.290741680936779767e-02
5.415806770082742332e+03 7.289059658617015602e-02
5.418613915530951090e+03 7.287377949949169764e-02
5.421422515722868411e+03 7.285696554911237632e-02
5.424232571412384459e+03 7.284015473481207648e-02
5.427044083353778660e+03 7.282334705637052985e-02
5.429857052301713338e+03 7.280654251356742657e-02
5.432671479011272822e+03 7.278974110618215143e-02
5.435487364237900692e+03 7.277294283399414476e-02
5.438304708737441615e+03 7.275614769678266647e-02
5.441123513266132250e+03 7.273935569432687931e-02
5.443943778580603976e+03 7.272256682640579339e-02
5.446765505437876527e+03 7.270578109279832169e-02
5.449588694595363449e+03 7.268899849328325224e-02
5.452413346810872099e+03 7.267221902763924823e-02
5.455239462842599096e+03 7.265544269564486179e-02
5.458067043449127596e+03 7.263866949707857568e-02
5.460896089389463668e+03 7.262189943171856732e-02
5.463726601422975364e+03 7.260513249934309743e-02
5.466558580309431818e+03 7.258836869973024630e-02
5.469392026809001436e+03 7.257160803265794158e-02
5.472226941682241886e+03 7.255485049790401375e-02
5.475063325690106467e+03 7.253809609524619617e-02
5.477901179593945017e+03 7.252134482446204178e-02
5.480740504155498456e+03 7.250459668532904800e-02
5.483581300136904247e+03 7.248785167762454573e-02
5.486423568300684565e+03 7.247110980112585199e-02
5.489267309409787231e+03 7.245437105560995072e-02
5.492112524227524773e+03 7.243763544085386752e-02
5.494959213517616263e+03 7.242090295663448918e-02
5.497807378044174584e+03 7.240417360272857761e-02
5.500657018571709159e+03 7.238744737891276981e-02
5.503508135865127770e+03 7.237072428496355014e-02
5.506360730689732918e+03 7.235400432065733356e-02
5.509214803811224556e+03 7.233728748577038237e-02
5.512070355995696445e+03 7.232057378007886173e-02
5.514927388009631613e+03 7.230386320335886741e-02
5.517785900619944186e+03 7.228715575538616211e-02
5.520645894593908451e+03 7.227045143593664733e-02
5.523507370699210696e+03 7.225375024478596087e-02
5.526370329703933749e+03 7.223705218170967113e-02
5.529234772376560613e+03 7.222035724648322164e-02
5.532100699485968107e+03 7.220366543888191713e-02
5.534968111801435953e+03 7.218697675868095132e-02
5.537837010092640412e+03 7.217029120565540690e-02
5.540707395129657016e+03 7.215360877958025554e-02
5.543579267682947830e+03 7.213692948023035789e-02
5.546452628523411477e+03 7.212025330738033868e-02
5.549327478422308559e+03 7.210358026080485039e-02
5.552203818151311680e+03 7.208691034027836508e-02
5.555081648482494529e+03 7.207024354557525769e-02
5.557960970188330975e+03 7.205357987646973661e-02
5.560841784041692335e+03 7.203691933273594084e-02
5.563724090815853742e+03 7.202026191414788447e-02
5.566607891284488687e+03 7.200360762047942897e-02
5.569493186221674478e+03 7.198695645150431088e-02
5.572379976401875865e+03 7.197030840699628063e-02
5.575268262599993250e+03 7.195366348672870005e-02
5.578158045591293558e+03 7.193702169047504202e-02
5.581049326151461173e+03 7.192038301800859901e-02
5.583942105056577020e+03 7.190374746910251080e-02
5.586836383083128567e+03 7.188711504352983395e-02
5.589732161008001640e+03 7.187048574106348620e-02
5.592629439608487701e+03 7.185385956147627429e-02
5.595528219662281117e+03 7.183723650454088006e-02
5.598428501947476434e+03 7.182061657002986044e-02
5.601330287242562918e+03 7.180399975771573073e-02
5.604233576326467301e+03 7.178738606737068706e-02
5.607138369978482842e+03 7.177077549876698104e-02
5.610044668978322079e+03 7.175416805167672551e-02
5.612952474106098634e+03 7.173756372587185293e-02
5.615861786142331766e+03 7.172096252112424020e-02
5.618772605867944549e+03 7.170436443720558384e-02
5.621684934064264780e+03 7.168776947388751097e-02
5.624598771513025895e+03 7.167117763094150995e-02
5.627514118996367870e+03 7.165458890813893034e-02
5.630430977296819947e+03 7.163800330525108007e-02
5.633349347197354291e+03 7.162142082204898952e-02
5.636269229481315051e+03 7.160484145830368907e-02
5.639190624932462924e+03 7.158826521378609808e-02
5.642113534334966062e+03 7.157169208826696938e-02
5.645037958473394610e+03 7.155512208151695863e-02
5.647963898132730719e+03 7.153855519330659662e-02
5.650891354098360353e+03 7.152199142340628923e-02
5.653820327156076928e+03 7.150543077158631744e-02
5.656750818092081317e+03 7.148887323761687895e-02
5.659682827692971841e+03 7.147231882126804658e-02
5.662616356745784287e+03 7.145576752230965722e-02
5.665551406037934612e+03 7.143921934051157552e-02
5.668487976357251682e+03 7.142267427564348570e-02
5.671426068491977276e+03 7.140613232747498873e-02
5.674365683230759714e+03 7.138959349577549129e-02
5.677306821362655683e+03 7.137305778031435843e-02
5.680249483677132048e+03 7.135652518086080254e-02
5.683193670964064950e+03 7.133999569718389722e-02
5.686139384013737072e+03 7.132346932905264669e-02
5.689086623616832185e+03 7.130694607623594417e-02
5.692035390564477893e+03 7.129042593850240528e-02
5.694985685648175604e+03 7.127390891562071507e-02
5.697937509659850548e+03 7.125739500735936427e-02
5.700890863391836319e+03 7.124088421348671873e-02
5.703845747636879423e+03 7.122437653377106104e-02
5.706802163188133818e+03 7.120787196798049334e-02
5.709760110839167282e+03 7.119137051588306231e-02
5.712719591383959596e+03 7.117487217724664805e-02
5.715680605616898902e+03 7.115837695183904743e-02
5.718643154332776248e+03 7.114188483942797403e-02
5.721607238326825609e+03 7.112539583978083613e-02
5.724572858394663854e+03 7.110890995266512526e-02
5.727540015332327130e+03 7.109242717784813870e-02
5.730508709936266314e+03 7.107594751509703490e-02
5.733478943003343375e+03 7.105947096417890296e-02
5.736450715330835919e+03 7.104299752486067931e-02
5.739424027716430828e+03 7.102652719690918937e-02
5.742398880958233349e+03 7.101005998009111975e-02
5.745375275854757092e+03 7.099359587417305995e-02
5.748353213204921303e+03 7.097713487892155781e-02
5.751332693808095428e+03 7.096067699410278651e-02
5.754313718464021804e+03 7.094422221948308571e-02
5.757296287972875689e+03 7.092777055482853144e-02
5.760280403135243432e+03 7.091132199990511642e-02
5.763266064752127932e+03 7.089487655447869463e-02
5.766253273624947724e+03 7.087843421831503676e-02
5.769242030555532438e+03 7.086199499117973311e-02
5.772232336346132797e+03 7.084555887283833231e-02
5.775224191799410619e+03 7.082912586305620262e-02
5.778217597718436082e+03 7.081269596159867064e-02
5.781212554906728656e+03 7.079626916823078542e-02
5.784209064168187069e+03 7.077984548271762377e-02
5.787207126307141152e+03 7.076342490482408210e-02
5.790206742128338192e+03 7.074700743431495964e-02
5.793207912436939296e+03 7.073059307095495851e-02
5.796210638038526668e+03 7.071418181450857265e-02
5.799214919739095421e+03 7.069777366474029601e-02
5.802220758345062677e+03 7.068136862141440047e-02
5.805228154663262103e+03 7.066496668429508854e-02
5.808237109500931183e+03 7.064856785314652110e-02
5.811247623665765786e+03 7.063217212773251208e-02
5.814259697965841042e+03 7.061577950781694479e-02
5.817273333209663178e+03 7.059938999316356378e-02
5.820288530206160431e+03 7.058300358353593318e-02
5.823305289764675763e+03 7.056662027869756160e-02
5.826323612694975964e+03 7.055024007841180500e-02
5.829343499807243461e+03 7.053386298244188057e-02
5.832364951912084507e+03 7.051748899055092223e-02
5.835387969820520993e+03 7.050111810250192512e-02
5.838412554343987722e+03 7.048475031805785662e-02
5.841438706294372423e+03 7.046838563698132329e-02
5.844466426483949363e+03 7.045202405903504272e-02
5.847495715725424816e+03 7.043566558398153821e-02
5.850526574831927974e+03 7.041931021158320814e-02
5.853559004617006394e+03 7.040295794160235376e-02
5.856593005894631460e+03 7.038660877380112368e-02
5.859628579479197469e+03 7.037026270794156935e-02
5.862665726185517087e+03 7.035391974378561730e-02
5.865704446828829532e+03 7.033757988109506920e-02
5.868744742224780566e+03 7.032124311963169894e-02
5.871786613189477066e+03 7.030490945915691958e-02
5.874830060539412443e+03 7.028857889943226911e-02
5.877875085091513938e+03 7.027225144021906345e-02
5.880921687663134435e+03 7.025592708127850750e-02
5.883969869072047914e+03 7.023960582237172290e-02
5.887019630136455817e+03 7.022328766325965088e-02
5.890070971674977955e+03 7.020697260370316328e-02
5.893123894506663419e+03 7.019066064346300704e-02
5.896178399450984216e+03 7.017435178229974868e-02
5.899234487327823445e+03 7.015804601997401024e-02
5.902292158957528045e+03 7.014174335624598355e-02
5.905351415160830584e+03 7.012544379087604085e-02
5.908412256758902913e+03 7.010914732362430457e-02
5.911474684573344348e+03 7.009285395425077225e-02
5.914538699426175299e+03 7.007656368251537204e-02
5.917604302139846368e+03 7.006027650817787944e-02
5.920671493537232891e+03 7.004399243099793115e-02
5.923740274441636757e+03 7.002771145073512227e-02
5.926810645676785498e+03 7.001143356714882582e-02
5.929882608066822286e+03 6.999515877999842872e-02
5.932956162436354134e+03 6.997888708904299870e-02
5.936031309610379139e+03 6.996261849404165900e-02
5.939108050414332865e+03 6.994635299475336632e-02
5.942186385674081976e+03 6.993009059093692470e-02
5.945266316215917868e+03 6.991383128235108269e-02
5.948347842866563042e+03 6.989757506875439452e-02
5.951430966453166548e+03 6.988132194990535895e-02
5.954515687803307628e+03 6.986507192556230816e-02
5.957602007744991170e+03 6.984882499548347723e-02
5.960689927106643154e+03 6.983258115942705957e-02
5.963779446717152496e+03 6.981634041715091554e-02
5.966870567405803740e+03 6.980010276841298877e-02
5.969963290002318899e+03 6.978386821297102860e-02
5.973057615336854724e+03 6.976763675058267333e-02
5.976153544239997245e+03 6.975140838100546414e-02
5.979251077542759049e+03 6.973518310399678954e-02
5.982350216076588367e+03 6.971896091931392703e-02
5.985450960673362715e+03 6.970274182671404306e-02
5.988553312165388888e+03 6.968652582595417921e-02
5.991657271385393869e+03 6.967031291679132154e-02
5.994762839166573940e+03 6.965410309898216468e-02
5.997870016342519193e+03 6.963789637228344487e-02
6.000978803747265374e+03 6.962169273645173184e-02
6.004089202215278419e+03 6.960549219124348430e-02
6.007201212581457185e+03 6.958929473641503605e-02
6.010314835681135264e+03 6.957310037172258210e-02
6.013430072350077353e+03 6.955690909692223423e-02
6.016546923424481065e+03 6.954072091176995152e-02
6.019665389740978753e+03 6.952453581602158206e-02
6.022785472136622047e+03 6.950835380943296005e-02
6.025907171448933696e+03 6.949217489175955886e-02
6.029030488515837533e+03 6.947599906275693515e-02
6.032155424175695771e+03 6.945982632218047903e-02
6.035281979267314455e+03 6.944365666978545570e-02
6.038410154629927092e+03 6.942749010532699161e-02
6.041539951103206477e+03 6.941132662856011604e-02
6.044671369527256502e+03 6.939516623923974725e-02
6.047804410742622167e+03 6.937900893712066475e-02
6.050939075590277753e+03 6.936285472195753699e-02
6.054075364911625911e+03 6.934670359350497693e-02
6.057213279548539504e+03 6.933055555151729221e-02
6.060352820343291569e+03 6.931441059574885988e-02
6.063493988138605346e+03 6.929826872595384879e-02
6.066636783777636992e+03 6.928212994188637230e-02
6.069781208103983772e+03 6.926599424330037724e-02
6.072927261961678596e+03 6.924986162994967165e-02
6.076074946195189113e+03 6.923373210158802193e-02
6.079224261649426808e+03 6.921760565796898634e-02
6.082375209169735172e+03 6.920148229884608149e-02
6.085527789601885161e+03 6.918536202397269907e-02
6.088682003792125215e+03 6.916924483310198102e-02
6.091837852587102134e+03 6.915313072598712474e-02
6.094995336833914735e+03 6.913701970238111949e-02
6.098154457380102940e+03 6.912091176203685738e-02
6.101315215073643230e+03 6.910480690470711951e-02
6.104477610762952281e+03 6.908870513014454817e-02
6.107641645296887873e+03 6.907260643810167466e-02
6.110807319524746163e+03 6.905651082833093313e-02
6.113974634296262593e+03 6.904041830058460505e-02
6.117143590461602798e+03 6.902432885461494416e-02
6.120314188871409897e+03 6.900824249017387113e-02
6.123486430376728094e+03 6.899215920701338989e-02
6.126660315829059073e+03 6.897607900488533783e-02
6.129835846080341980e+03 6.896000188354141358e-02
6.133013021982958890e+03 6.894392784273319086e-02
6.136191844389734797e+03 6.892785688221217399e-02
6.139372314153936713e+03 6.891178900172967303e-02
6.142554432129269117e+03 6.889572420103694250e-02
6.145738199169885775e+03 6.887966247988508428e-02
6.148923616130365190e+03 6.886360383802517249e-02
6.152110683865771534e+03 6.884754827520793430e-02
6.155299403231567339e+03 6.883149579118420791e-02
6.158489775083678069e+03 6.881544638570463723e-02
6.161681800278469382e+03 6.879940005851972740e-02
6.164875479672749861e+03 6.878335680937990027e-02
6.168070814123773744e+03 6.876731663803542505e-02
6.171267804489240916e+03 6.875127954423648768e-02
6.174466451627291463e+03 6.873524552773310758e-02
6.177666756396513847e+03 6.871921458827524865e-02
6.180868719655928544e+03 6.870318672561276374e-02
6.184072342265037150e+03 6.868716193949524207e-02
6.187277625083750536e+03 6.867114022967230058e-02
6.190484568972436136e+03 6.865512159589341745e-02
6.193693174791908859e+03 6.863910603790793208e-02
6.196903443403430174e+03 6.862309355546503120e-02
6.200115375668705383e+03 6.860708414831385993e-02
6.203328972449888170e+03 6.859107781620339683e-02
6.206544234609578780e+03 6.857507455888250947e-02
6.209761163010824930e+03 6.855907437609992661e-02
6.212979758517108166e+03 6.854307726760436315e-02
6.216200021992394795e+03 6.852708323314420091e-02
6.219421954301064034e+03 6.851109227246790501e-02
6.222645556307950756e+03 6.849510438532374623e-02
6.225870828878341854e+03 6.847911957145988437e-02
6.229097772877971693e+03 6.846313783062435432e-02
6.232326389173022108e+03 6.844715916256510768e-02
6.235556678630126953e+03 6.843118356702992955e-02
6.238788642116365736e+03 6.841521104376649398e-02
6.242022280499268163e+03 6.839924159252241953e-02
6.245257594646800499e+03 6.838327521304517209e-02
6.248494585427421043e+03 6.836731190508196776e-02
6.251733253709992823e+03 6.835135166838011977e-02
6.254973600363848163e+03 6.833539450268669158e-02
6.258215626258765951e+03 6.831944040774867721e-02
6.261459332264978912e+03 6.830348938331294584e-02
6.264704719253169060e+03 6.828754142912624170e-02
6.267951788094468611e+03 6.827159654493517027e-02
6.271200539660461800e+03 6.825565473048628151e-02
6.274450974823186698e+03 6.823971598552593110e-02
6.277703094455118844e+03 6.822378030980047470e-02
6.280956899429223085e+03 6.820784770305594880e-02
6.284212390618879908e+03 6.819191816503843151e-02
6.287469568897934550e+03 6.817599169549386218e-02
6.290728435140686997e+03 6.816006829416804136e-02
6.293988990221887434e+03 6.814414796080667247e-02
6.297251235016740793e+03 6.812823069515529240e-02
6.300515170400905845e+03 6.811231649695936863e-02
6.303780797250494288e+03 6.809640536596422988e-02
6.307048116442070750e+03 6.808049730191510773e-02
6.310317128852646420e+03 6.806459230455713660e-02
6.313587835359719065e+03 6.804869037363518725e-02
6.316860236841204824e+03 6.803279150889418592e-02
6.320134334175491858e+03 6.801689571007887847e-02
6.323410128241415805e+03 6.800100297693389972e-02
6.326687619918276141e+03 6.798511330920373186e-02
6.329966810085820725e+03 6.796922670663280153e-02
6.333247699624255802e+03 6.795334316896536886e-02
6.336530289414247818e+03 6.793746269594558296e-02
6.339814580336913423e+03 6.792158528731750966e-02
6.343100573273816735e+03 6.790571094282511766e-02
6.346388269107015731e+03 6.788983966221209809e-02
6.349677668718988571e+03 6.787397144522218373e-02
6.352968772992682716e+03 6.785810629159896856e-02
6.356261582811500375e+03 6.784224420108588005e-02
6.359556099059306689e+03 6.782638517342629014e-02
6.362852322620421546e+03 6.781052920836339037e-02
6.366150254379624130e+03 6.779467630564030289e-02
6.369449895222151099e+03 6.777882646499999719e-02
6.372751246033700227e+03 6.776297968618534562e-02
6.376054307700414029e+03 6.774713596893915113e-02
6.379359081108930695e+03 6.773129531300395301e-02
6.382665567146312242e+03 6.771545771812230441e-02
6.385973766700093620e+03 6.769962318403660584e-02
6.389283680658266348e+03 6.768379171048913290e-02
6.392595309909285788e+03 6.766796329722207792e-02
6.395908655342065686e+03 6.765213794397748059e-02
6.399223717845980900e+03 6.763631565049724181e-02
6.402540498310865587e+03 6.762049641652320697e-02
6.405858997627020472e+03 6.760468024179705493e-02
6.409179216685187384e+03 6.758886712606043679e-02
6.412501156376613835e+03 6.757305706905469833e-02
6.415824817592966610e+03 6.755725007052122699e-02
6.419150201226392710e+03 6.754144613020125754e-02
6.422477308169495700e+03 6.752564524783591371e-02
6.425806139315346627e+03 6.750984742316616660e-02
6.429136695557474013e+03 6.749405265593293179e-02
6.432468977789875680e+03 6.747826094587693058e-02
6.435802986907007835e+03 6.746247229273881485e-02
6.439138723803792345e+03 6.744668669625913937e-02
6.442476189375601280e+03 6.743090415617834787e-02
6.445815384518308747e+03 6.741512467223662042e-02
6.449156310128217228e+03 6.739934824417419257e-02
6.452498967102104871e+03 6.738357487173111948e-02
6.455843356337211844e+03 6.736780455464735917e-02
6.459189478731248528e+03 6.735203729266271699e-02
6.462537335182386414e+03 6.733627308551691504e-02
6.465886926589264476e+03 6.732051193294955049e-02
6.469238253850986439e+03 6.730475383470008177e-02
6.472591317867122598e+03 6.728899879050788402e-02
6.475946119537695267e+03 6.727324680011226299e-02
6.479302659763235170e+03 6.725749786325220525e-02
6.482660939444695941e+03 6.724175197966680839e-02
6.486020959483516890e+03 6.722600914909493408e-02
6.489382720781598437e+03 6.721026937127538847e-02
6.492746224241313030e+03 6.719453264594679731e-02
6.496111470765498780e+03 6.717879897284774471e-02
6.499478461257461277e+03 6.716306835171660661e-02
6.502847196620975410e+03 6.714734078229174508e-02
6.506217677760283550e+03 6.713161626431132789e-02
6.509589905580084633e+03 6.711589479751348120e-02
6.512963880985585092e+03 6.710017638163606746e-02
6.516339604882419735e+03 6.708446101641699078e-02
6.519717078176709038e+03 6.706874870159396096e-02
6.523096301775040047e+03 6.705303943690459068e-02
6.526477276584471838e+03 6.703733322208638157e-02
6.529860003512531875e+03 6.702163005687673814e-02
6.533244483467217833e+03 6.700592994101288447e-02
6.536630717356998503e+03 6.699023287423198914e-02
6.540018706090814703e+03 6.697453885627105419e-02
6.543408450578063821e+03 6.695884788686709554e-02
6.546799951728654378e+03 6.694315996575675443e-02
6.550193210452926905e+03 6.692747509267679695e-02
6.553588227661705787e+03 6.691179326736376720e-02
6.556985004266289252e+03 6.689611448955412598e-02
6.560383541178446649e+03 6.688043875898420920e-02
6.563783839310420262e+03 6.686476607539022787e-02
6.567185899574925315e+03 6.684909643850828198e-02
6.570589722885148149e+03 6.683342984807434661e-02
6.573995310154751678e+03 6.681776630382431359e-02
6.577402662297856295e+03 6.680210580549399146e-02
6.580811780229097167e+03 6.678644835281886960e-02
6.584222664863544196e+03 6.677079394553454839e-02
6.587635317116751139e+03 6.675514258337643392e-02
6.591049737904752874e+03 6.673949426607980739e-02
6.594465928144051759e+03 6.672384899337983899e-02
6.597883888751630366e+03 6.670820676501160174e-02
6.601303620644945113e+03 6.669256758071001601e-02
6.604725124741925356e+03 6.667693144020990503e-02
6.608148401960978845e+03 6.666129834324600878e-02
6.611573453220975352e+03 6.664566828955294231e-02
6.615000279441302155e+03 6.663004127886508476e-02
6.618428881541779447e+03 6.661441731091685692e-02
6.621859260442719460e+03 6.659879638544249914e-02
6.625291417064912821e+03 6.658317850217612688e-02
6.628725352329625821e+03 6.656756366085177234e-02
6.632161067158602236e+03 6.655195186120334283e-02
6.635598562474061509e+03 6.653634310296460685e-02
6.639037839198706024e+03 6.652073738586922191e-02
6.642478898255712011e+03 6.650513470965076224e-02
6.645921740568721361e+03 6.648953507404270491e-02
6.649366367061897108e+03 6.647393847877826334e-02
6.652812778659838841e+03 6.645834492359069257e-02
6.656260976287639096e+03 6.644275440821308110e-02
6.659710960870869712e+03 6.642716693237842029e-02
6.663162733335583653e+03 6.641158249581954887e-02
6.666616294608311364e+03 6.639600109826920837e-02
6.670071645616066235e+03 6.638042273946004324e-02
6.673528787286338229e+03 6.636484741912454521e-02
6.676987720547102981e+03 6.634927513699512280e-02
6.680448446326798148e+03 6.633370589280412899e-02
6.683910965554387985e+03 6.631813968628358369e-02
6.687375279159275124e+03 6.630257651716561784e-02
6.690841388071356960e+03 6.628701638518215422e-02
6.694309293221012922e+03 6.627145929006501845e-02
6.697778995539105381e+03 6.625590523154591127e-02
6.701250495956979648e+03 6.624035420935642238e-02
6.704723795406463978e+03 6.622480622322801658e-02
6.708198894819865018e+03 6.620926127289207541e-02
6.711675795129977814e+03 6.619371935807984164e-02
6.715154497270064894e+03 6.617818047852247476e-02
6.718635002173915382e+03 6.616264463395088447e-02
6.722117310775758597e+03 6.614711182409604984e-02
6.725601424010322262e+03 6.613158204868871404e-02
6.729087342812820680e+03 6.611605530745957859e-02
6.732575068118948366e+03 6.610053160013916462e-02
6.736064600864890963e+03 6.608501092645795161e-02
6.739555941987314327e+03 6.606949328614622474e-02
6.743049092423371803e+03 6.605397867893421371e-02
6.746544053110699679e+03 6.603846710455200941e-02
6.750040824987411725e+03 6.602295856272963337e-02
6.753539408992143763e+03 6.600745305319685730e-02
6.757039806063979995e+03 6.599195057568346678e-02
6.760542017142504847e+03 6.597645112991910865e-02
6.764046043167787502e+03 6.596095471563329093e-02
6.767551885080385546e+03 6.594546133255542453e-02
6.771059543821344960e+03 6.592997098041480930e-02
6.774569020332200125e+03 6.591448365894059247e-02
6.778080315554968365e+03 6.589899936786185186e-02
6.781593430432160858e+03 6.588351810690752652e-02
6.785108365906760810e+03 6.586803987580652775e-02
6.788625122922281662e+03 6.585256467428741989e-02
6.792143702422685237e+03 6.583709250207887831e-02
6.795664105352434490e+03 6.582162335890939797e-02
6.799186332656483501e+03 6.580615724450734894e-02
6.802710385280278388e+03 6.579069415860096248e-02
6.806236264169747301e+03 6.577523410091842826e-02
6.809763970271317703e+03 6.575977707118772775e-02
6.813293504531903636e+03 6.574432306913680080e-02
6.816824867898905723e+03 6.572887209449346235e-02
6.820358061320212073e+03 6.571342414698541634e-02
6.823893085744231939e+03 6.569797922634013077e-02
6.827429942119832049e+03 6.568253733228514302e-02
6.830968631396381170e+03 6.566709846454778232e-02
6.834509154523745565e+03 6.565166262285526688e-02
6.838051512452274437e+03 6.563622980693470388e-02
6.841595706132817213e+03 6.562080001651311723e-02
6.845141736516713536e+03 6.560537325131739206e-02
6.848689604555794176e+03 6.558994951107427474e-02
6.852239311202387398e+03 6.557452879551044223e-02
6.855790857409298951e+03 6.555911110435247435e-02
6.859344244129866638e+03 6.554369643732670114e-02
6.862899472317887557e+03 6.552828479415949425e-02
6.866456542927660848e+03 6.551287617457704493e-02
6.870015456913983144e+03 6.549747057830546115e-02
6.873576215232145842e+03 6.548206800507068437e-02
6.877138818837934195e+03 6.546666845459858664e-02
6.880703268687630043e+03 6.545127192661491511e-02
6.884269565738009987e+03 6.543587842084529205e-02
6.887837710946345396e+03 6.542048793701524256e-02
6.891407705270394217e+03 6.540510047485022238e-02
6.894979549668445543e+03 6.538971603407540967e-02
6.898553245099251399e+03 6.537433461441602423e-02
6.902128792522066760e+03 6.535895621559713320e-02
6.905706192896647735e+03 6.534358083734369271e-02
6.909285447183248834e+03 6.532820847938052011e-02
6.912866556342619333e+03 6.531283914143236335e-02
6.916449521336009639e+03 6.529747282322378998e-02
6.920034343125164924e+03 6.528210952447932591e-02
6.923621022672330582e+03 6.526674924492331664e-02
6.927209560940235860e+03 6.525139198428012155e-02
6.930799958892152063e+03 6.523603774227375307e-02
6.934392217491807969e+03 6.522068651862829303e-02
6.937986337703442587e+03 6.520533831306769834e-02
6.941582320491798782e+03 6.518999312531577328e-02
6.945180166822118736e+03 6.517465095509618334e-02
6.948779877660139391e+03 6.515931180213256624e-02
6.952381453972106101e+03 6.514397566614833768e-02
6.955984896724758983e+03 6.512864254686688559e-02
6.959590206885344742e+03 6.511331244401143137e-02
6.963197385421589388e+03 6.509798535730521030e-02
6.966806433301770085e+03 6.508266128647105520e-02
6.970417351494619652e+03 6.506734023123199318e-02
6.974030140969389322e+03 6.505202219131075991e-02
6.977644802695831459e+03 6.503670716643006333e-02
6.981261337644197738e+03 6.502139515631247257e-02
6.984879746785249154e+03 6.500608616068041801e-02
6.988500031090245102e+03 6.499078017925624673e-02
6.992122191530948839e+03 6.497547721176218094e-02
6.995746229079630211e+03 6.496017725792031794e-02
6.999372144709043823e+03 6.494488031745274115e-02
7.002999939392495435e+03 6.492958639008120092e-02
7.006629614103749191e+03 6.491429547552753088e-02
7.010261169817093105e+03 6.489900757351339811e-02
7.013894607507312685e+03 6.488372268376033092e-02
7.017529928149705484e+03 6.486844080598978823e-02
7.021167132720069276e+03 6.485316193992307632e-02
7.024806222194712063e+03 6.483788608528139041e-02
7.028447197550444798e+03 6.482261324178582862e-02
7.032090059764583202e+03 6.480734340915739189e-02
7.035734809814940490e+03 6.479207658711699791e-02
7.039381448679875575e+03 6.477681277538528681e-02
7.043029977338213030e+03 6.476155197368294036e-02
7.046680396769295839e+03 6.474629418173051543e-02
7.050332707952979945e+03 6.473103939924841621e-02
7.053986911869622418e+03 6.471578762595694978e-02
7.057643009500096014e+03 6.470053886157631218e-02
7.061301001825775529e+03 6.468529310582658842e-02
7.064960889828547806e+03 6.467005035842773863e-02
7.068622674490806276e+03 6.465481061909959803e-02
7.072286356795440042e+03 6.463957388756201572e-02
7.075951937725893004e+03 6.462434016353446609e-02
7.079619418266071079e+03 6.460910944673652068e-02
7.083288799400405878e+03 6.459388173688762613e-02
7.086960082113843782e+03 6.457865703370703481e-02
7.090633267391835943e+03 6.456343533691394354e-02
7.094308356220345559e+03 6.454821664622741040e-02
7.097985349585849690e+03 6.453300096136641018e-02
7.101664248475330169e+03 6.451778828204976501e-02
7.105345053876288148e+03 6.450257860799621379e-02
7.109027766776717726e+03 6.448737193892445374e-02
7.112712388165166885e+03 6.447216827455283517e-02
7.116398919030657453e+03 6.445696761459984714e-02
7.120087360362734216e+03 6.444176995878375669e-02
7.123777713151455828e+03 6.442657530682273370e-02
7.127469978387394804e+03 6.441138365843482316e-02
7.131164157061636615e+03 6.439619501333798679e-02
7.134860250165778780e+03 6.438100937125007528e-02
7.138558258691936317e+03 6.436582673188878667e-02
7.142258183632734472e+03 6.435064709497173574e-02
7.145960025981299623e+03 6.433547046021649563e-02
7.149663786731318396e+03 6.432029682734030640e-02
7.153369466876946717e+03 6.430512619606051916e-02
7.157077067412868928e+03 6.428995856609430459e-02
7.160786589334288692e+03 6.427479393715869460e-02
7.164498033636923537e+03 6.425963230897063783e-02
7.168211401317006676e+03 6.424447368124697189e-02
7.171926693371285182e+03 6.422931805370439562e-02
7.175643910797029093e+03 6.421416542605952460e-02
7.179363054592017761e+03 6.419901579802883562e-02
7.183084125754540764e+03 6.418386916932879160e-02
7.186807125283440655e+03 6.416872553967553627e-02
7.190532054178041108e+03 6.415358490878526887e-02
7.194258913438192394e+03 6.413844727637406373e-02
7.197987704064268655e+03 6.412331264215782867e-02
7.201718427057155168e+03 6.410818100585241597e-02
7.205451083418264716e+03 6.409305236717351140e-02
7.209185674149521219e+03 6.407792672583673133e-02
7.212922200253372466e+03 6.406280408155755335e-02
7.216660662732783749e+03 6.404768443405137179e-02
7.220401062591226037e+03 6.403256778303348384e-02
7.224143400832736006e+03 6.401745412821896464e-02
7.227887678461822361e+03 6.400234346932288931e-02
7.231633896483533135e+03 6.398723580606020811e-02
7.235382055903435685e+03 6.397213113814571861e-02
7.239132157727618505e+03 6.395702946529414901e-02
7.242884202962691234e+03 6.394193078722010259e-02
7.246638192615786465e+03 6.392683510363805777e-02
7.250394127694555209e+03 6.391174241426239577e-02
7.254152009207174160e+03 6.389665271880740072e-02
7.257911838162328422e+03 6.388156601698724568e-02
7.261673615569267895e+03 6.386648230851589558e-02
7.265437342437719963e+03 6.385140159310731534e-02
7.269203019777953159e+03 6.383632387047534495e-02
7.272970648600757158e+03 6.382124914033369956e-02
7.276740229917448232e+03 6.380617740239596936e-02
7.280511764739863793e+03 6.379110865637563355e-02
7.284285254080366940e+03 6.377604290198608805e-02
7.288060698951844643e+03 6.376098013894061778e-02
7.291838100367710467e+03 6.374592036695235497e-02
7.295617459341887297e+03 6.373086358573440413e-02
7.299398776888866450e+03 6.371580979499959219e-02
7.303182054023624914e+03 6.370075899446080159e-02
7.306967291761676279e+03 6.368571118383074825e-02
7.310754491119058912e+03 6.367066636282203707e-02
7.314543653112345055e+03 6.365562453114717578e-02
7.318334778758627181e+03 6.364058568851853337e-02
7.322127869075525268e+03 6.362554983464838165e-02
7.325922925081190442e+03 6.361051696924889531e-02
7.329719947794297696e+03 6.359548709203212413e-02
7.333518938234037705e+03 6.358046020271006238e-02
7.337319897420174129e+03 6.356543630099442677e-02
7.341122826372950840e+03 6.355041538659700340e-02
7.344927726113158315e+03 6.353539745922939797e-02
7.348734597662117267e+03 6.352038251860311902e-02
7.352543442041674098e+03 6.350537056442953632e-02
7.356354260274206354e+03 6.349036159641996413e-02
7.360167053382621816e+03 6.347535561428555018e-02
7.363981822390359412e+03 6.346035261773735892e-02
7.367798568321384664e+03 6.344535260648634378e-02
7.371617292200183329e+03 6.343035558024341658e-02
7.375437995051814141e+03 6.341536153871916992e-02
7.379260677901823328e+03 6.340037048162429356e-02
7.383085341776302812e+03 6.338538240866929685e-02
7.386911987701875660e+03 6.337039731956457811e-02
7.390740616705699722e+03 6.335541521402043852e-02
7.394571229815461265e+03 6.334043609174705436e-02
7.398403828059384068e+03 6.332545995245449089e-02
7.402238412466218506e+03 6.331048679585271621e-02
7.406074984065254284e+03 6.329551662165158743e-02
7.409913543886294065e+03 6.328054942956090612e-02
7.413754092959726222e+03 6.326558521929016854e-02
7.417596632316418436e+03 6.325062399054896811e-02
7.421441162987795906e+03 6.323566574304673171e-02
7.425287686005814066e+03 6.322071047649274744e-02
7.429136202402964955e+03 6.320575819059622014e-02
7.432986713212276300e+03 6.319080888506621585e-02
7.436839219467306975e+03 6.317586255961174513e-02
7.440693722202157915e+03 6.316091921394165198e-02
7.444550222451460286e+03 6.314597884776468328e-02
7.448408721250368217e+03 6.313104146078957202e-02
7.452269219634620640e+03 6.311610705272471811e-02
7.456131718640443069e+03 6.310117562327861862e-02
7.459996219304615806e+03 6.308624717215959021e-02
7.463862722664454850e+03 6.307132169907585240e-02
7.467731229757815527e+03 6.305639920373548590e-02
7.471601741623092494e+03 6.304147968584651596e-02
7.475474259299213372e+03 6.302656314511680125e-02
7.479348783825648752e+03 6.301164958125410331e-02
7.483225316242404915e+03 6.299673899396612820e-02
7.487103857590014741e+03 6.298183138296045702e-02
7.490984408909595004e+03 6.296692674794444888e-02
7.494866971242753607e+03 6.295202508862546287e-02
7.498751545631657791e+03 6.293712640471076092e-02
7.502638133119012309e+03 6.292223069590745232e-02
7.506526734748062154e+03 6.290733796192256311e-02
7.510417351562595286e+03 6.289244820246295276e-02
7.514309984606936268e+03 6.287756141723546688e-02
7.518204634925956270e+03 6.286267760594677068e-02
7.522101303565064882e+03 6.284779676830343220e-02
7.525999991570195562e+03 6.283291890401199176e-02
7.529900699987875669e+03 6.281804401277869820e-02
7.533803429865123690e+03 6.280317209430984204e-02
7.537708182249520178e+03 6.278830314831157500e-02
7.541614958189186837e+03 6.277343717448992388e-02
7.545523758732787428e+03 6.275857417255081838e-02
7.549434584929528683e+03 6.274371414220009102e-02
7.553347437829164846e+03 6.272885708314343556e-02
7.557262318481991315e+03 6.271400299508646248e-02
7.561179227938847362e+03 6.269915187773464349e-02
7.565098167251102495e+03 6.268430373079345030e-02
7.569019137470716487e+03 6.266945855396802156e-02
7.572942139650152058e+03 6.265461634696357918e-02
7.576867174842424902e+03 6.263977710948520627e-02
7.580794244101102777e+03 6.262494084123781946e-02
7.584723348480297318e+03 6.261010754192630756e-02
7.588654489034669496e+03 6.259527721125536515e-02
7.592587666819418700e+03 6.258044984892963125e-02
7.596522882890300934e+03 6.256562545465363390e-02
7.600460138303612439e+03 6.255080402813179008e-02
7.604399434116184239e+03 6.253598556906844741e-02
7.608340771385441258e+03 6.252117007716767594e-02
7.612284151169310462e+03 6.250635755213362899e-02
7.616229574526279976e+03 6.249154799367030722e-02
7.620177042515389985e+03 6.247674140148155864e-02
7.624126556196226375e+03 6.246193777527115493e-02
7.628078116628928001e+03 6.244713711474274981e-02
7.632031724874178508e+03 6.243233941959989292e-02
7.635987381993214512e+03 6.241754468954602980e-02
7.639945089047821057e+03 6.240275292428448806e-02
7.643904847100317056e+03 6.238796412351856058e-02
7.647866657213620783e+03 6.237317828695124189e-02
7.651830520451155280e+03 6.235839541428559590e-02
7.655796437876907476e+03 6.234361550522454082e-02
7.659764410555415452e+03 6.232883855947086299e-02
7.663734439551773903e+03 6.231406457672725857e-02
7.667706525931622309e+03 6.229929355669630575e-02
7.671680670761158581e+03 6.228452549908047170e-02
7.675656875107129963e+03 6.226976040358212644e-02
7.679635140036837583e+03 6.225499826990353591e-02
7.683615466618118262e+03 6.224023909774691748e-02
7.687597855919412723e+03 6.222548288681417628e-02
7.691582309009665551e+03 6.221072963680732149e-02
7.695568826958389764e+03 6.219597934742818884e-02
7.699557410835656810e+03 6.218123201837850306e-02
7.703548061712090202e+03 6.216648764935987087e-02
7.707540780658869153e+03 6.215174624007380882e-02
7.711535568747724938e+03 6.213700779022172244e-02
7.715532427050948172e+03 6.212227229950490620e-02
7.719531356641383354e+03 6.210753976762455747e-02
7.723532358592416131e+03 6.209281019428179726e-02
7.727535433978033325e+03 6.207808357917750375e-02
7.731540583872735624e+03 6.206335992201258978e-02
7.735547809351592150e+03 6.204863922248782943e-02
7.739557111490227726e+03 6.203392148030387881e-02
7.743568491364830152e+03 6.201920669516128998e-02
7.747581950052142929e+03 6.200449486676048311e-02
7.751597488629464351e+03 6.198978599480181595e-02
7.755615108174654779e+03 6.197508007898551441e-02
7.759634809766132094e+03 6.196037711901169337e-02
7.763656594482855326e+03 6.194567711458043996e-02
7.767680463404393777e+03 6.193098006539153599e-02
7.771706417610823337e+03 6.191628597114486043e-02
7.775734458182802882e+03 6.190159483154009101e-02
7.779764586201544262e+03 6.188690664627682914e-02
7.783796802748823211e+03 6.187222141505456519e-02
7.787831108906975714e+03 6.185753913757266464e-02
7.791867505758899824e+03 6.184285981353040279e-02
7.795905994388051113e+03 6.182818344262696469e-02
7.799946575878449949e+03 6.181351002456138277e-02
7.803989251314660578e+03 6.179883955903269638e-02
7.808034021781858428e+03 6.178417204573961874e-02
7.812080888365734609e+03 6.176950748438096023e-02
7.816129852152553212e+03 6.175484587465535080e-02
7.820180914229149494e+03 6.174018721626133022e-02
7.824234075682915318e+03 6.172553150889732027e-02
7.828289337601810075e+03 6.171087875226162478e-02
7.832346701074354314e+03 6.169622894605247126e-02
7.836406167189633379e+03 6.168158208996797620e-02
7.840467737037297411e+03 6.166693818370613117e-02
7.844531411707545885e+03 6.165229722696488612e-02
7.848597192291191277e+03 6.163765921944191345e-02
7.852665079879560835e+03 6.162302416083496881e-02
7.856735075564564795e+03 6.160839205084162745e-02
7.860807180438682735e+03 6.159376288915936054e-02
7.864881395594955393e+03 6.157913667548553516e-02
7.868957722126989211e+03 6.156451340951741430e-02
7.873036161128965432e+03 6.154989309095215688e-02
7.877116713695621911e+03 6.153527571948682467e-02
7.881199380922272212e+03 6.152066129481834761e-02
7.885284163904775596e+03 6.150604981664363480e-02
7.889371063739612509e+03 6.149144128465930392e-02
7.893460081523778172e+03 6.147683569856204899e-02
7.897551218354856246e+03 6.146223305804839054e-02
7.901644475330997921e+03 6.144763336281475197e-02
7.905739853550923726e+03 6.143303661255745257e-02
7.909837354113921720e+03 6.141844280697269370e-02
7.913936978119853848e+03 6.140385194575659344e-02
7.918038726669146854e+03 6.138926402860514497e-02
7.922142600862804102e+03 6.137467905521424433e-02
7.926248601802373742e+03 6.136009702527974591e-02
7.930356730590034203e+03 6.134551793849721268e-02
7.934466988328481420e+03 6.133094179456229089e-02
7.938579376120996130e+03 6.131636859317045329e-02
7.942693895071435691e+03 6.130179833401707551e-02
7.946810546284227712e+03 6.128723101679742213e-02
7.950929330864370968e+03 6.127266664120666062e-02
7.955050249917437213e+03 6.125810520693984046e-02
7.959173304549574823e+03 6.124354671369192094e-02
7.963298495867498787e+03 6.122899116115775725e-02
7.967425824978487981e+03 6.121443854903214216e-02
7.971555292990439739e+03 6.119988887700960473e-02
7.975686901011778900e+03 6.118534214478473648e-02
7.979820650151517839e+03 6.117079835205196936e-02
7.983956541519247367e+03 6.115625749850563120e-02
7.988094576225132187e+03 6.114171958383995270e-02
7.992234755379912713e+03 6.112718460774903273e-02
7.996377080094901430e+03 6.111265256992690076e-02
8.000521551481989263e+03 6.109812347006746830e-02
8.004668170653647394e+03 6.108359730786453584e-02
8.008816938722901796e+03 6.106907408301185530e-02
8.012967856803405084e+03 6.105455379520293574e-02
8.017120926009336472e+03 6.104003644413131396e-02
8.021276147455476348e+03 6.102552202949036719e-02
8.025433522257173536e+03 6.101101055097339632e-02
8.029593051530360754e+03 6.099650200827358426e-02
8.033754736391547340e+03 6.098199640108400987e-02
8.037918577957820162e+03 6.096749372909764791e-02
8.042084577346846345e+03 6.095299399200735518e-02
8.046252735676872362e+03 6.093849718950591909e-02
8.050423054066706754e+03 6.092400332128605073e-02
8.054595533635787433e+03 6.090951238704019749e-02
8.058770175504084364e+03 6.089502438646086924e-02
8.062946980792163231e+03 6.088053931924042317e-02
8.067125950621168158e+03 6.086605718507112628e-02
8.071307086112830802e+03 6.085157798364509291e-02
8.075490388389454893e+03 6.083710171465438882e-02
8.079675858573936239e+03 6.082262837779093406e-02
8.083863497789743633e+03 6.080815797274657930e-02
8.088053307160932491e+03 6.079369049921305723e-02
8.092245287812123934e+03 6.077922595688205198e-02
8.096439440868570273e+03 6.076476434544497707e-02
8.100635767456058602e+03 6.075030566459330150e-02
8.104834268700974462e+03 6.073584991401836247e-02
8.109034945730289110e+03 6.072139709341137226e-02
8.113237799671555877e+03 6.070694720246343906e-02
8.117442831652914720e+03 6.069250024086557393e-02
8.121650042803087672e+03 6.067805620830869079e-02
8.125859434251381572e+03 6.066361510448358557e-02
8.130071007127691701e+03 6.064917692908097790e-02
8.134284762562479955e+03 6.063474168179151108e-02
8.138500701686844877e+03 6.062030936230556472e-02
8.142718825632418884e+03 6.060587997031360169e-02
8.146939135531441934e+03 6.059145350550590448e-02
8.151161632516736063e+03 6.057702996757265840e-02
8.155386317721712658e+03 6.056260935620395858e-02
8.159613192280369731e+03 6.054819167108979605e-02
8.163842257327293737e+03 6.053377691192003002e-02
8.168073513997661394e+03 6.051936507838445722e-02
8.172306963427233313e+03 6.050495617017273564e-02
8.176542606752342181e+03 6.049055018697451630e-02
8.180780445109965513e+03 6.047614712847913798e-02
8.185020479637611061e+03 6.046174699437604355e-02
8.189262711473400486e+03 6.044734978435448852e-02
8.193507141756039346e+03 6.043295549810364514e-02
8.197753771624831643e+03 6.041856413531256770e-02
8.202002602219659821e+03 6.040417569567022027e-02
8.206253634681006588e+03 6.038979017886545592e-02
8.210506870149944007e+03 6.037540758458703749e-02
8.214762309768131672e+03 6.036102791252362376e-02
8.219019954677807618e+03 6.034665116236380411e-02
8.223279806021851982e+03 6.033227733379593200e-02
8.227541864943685141e+03 6.031790642650841638e-02
8.231806132587336833e+03 6.030353844018948584e-02
8.236072610097429788e+03 6.028917337452729952e-02
8.240341298619183362e+03 6.027481122920988477e-02
8.244612199298404448e+03 6.026045200392520645e-02
8.248885313281498384e+03 6.024609569836107681e-02
8.253160641715461679e+03 6.023174231220525254e-02
8.257438185747889293e+03 6.021739184514537241e-02
8.261717946526949163e+03 6.020304429686901271e-02
8.265999925201458609e+03 6.018869966706349300e-02
8.270284122920777008e+03 6.017435795541622306e-02
8.274570540834876738e+03 6.016001916161441143e-02
8.278859180094328622e+03 6.014568328534519726e-02
8.283150041850296475e+03 6.013135032629559479e-02
8.287443127254542560e+03 6.011702028415254889e-02
8.291738437459425768e+03 6.010269315860288647e-02
8.296035973617899799e+03 6.008836894933330952e-02
8.300335736883520440e+03 6.007404765603045760e-02
8.304637728410421914e+03 6.005972927838090780e-02
8.308941949353386008e+03 6.004541381607096662e-02
8.313248400867745659e+03 6.003110126878699604e-02
8.317557084109443167e+03 6.001679163621523316e-02
8.321868000235028376e+03 6.000248491804179019e-02
8.326181150401644118e+03 5.998818111395268216e-02
8.330496535767035311e+03 5.997388022363382004e-02
8.334814157489545323e+03 5.995958224677103848e-02
8.339134016728119605e+03 5.994528718305002640e-02
8.343456114642303874e+03 5.993099503215641721e-02
8.347780452392225925e+03 5.991670579377576800e-02
8.352107031138670209e+03 5.990241946759337910e-02
8.356435852042966872e+03 5.988813605329462719e-02
8.360766916267066335e+03 5.987385555056471548e-02
8.365100224973521108e+03 5.985957795908876389e-02
8.369435779325487601e+03 5.984530327855177440e-02
8.373773580486724313e+03 5.983103150863865877e-02
8.378113629621591826e+03 5.981676264903422469e-02
8.382455927895056448e+03 5.980249669942318963e-02
8.386800476472686569e+03 5.978823365949015312e-02
8.391147276520634477e+03 5.977397352891968690e-02
8.395496329205714574e+03 5.975971630739607826e-02
8.399847635695288773e+03 5.974546199460370466e-02
8.404201197157346542e+03 5.973121059022677010e-02
8.408557014760477614e+03 5.971696209394937449e-02
8.412915089673879265e+03 5.970271650545552755e-02
8.417275423067354495e+03 5.968847382442915572e-02
8.421638016111312027e+03 5.967423405055404667e-02
8.426002869976771763e+03 5.965999718351391867e-02
8.430369985835353873e+03 5.964576322299237898e-02
8.434739364859271518e+03 5.963153216867299322e-02
8.439111008221396332e+03 5.961730402023906333e-02
8.443484917095156561e+03 5.960307877737393983e-02
8.447861092654606182e+03 5.958885643976085528e-02
8.452239536074404896e+03 5.957463700708289650e-02
8.456620248529827222e+03 5.956042047902308789e-02
8.461003231196749766e+03 5.954620685526433588e-02
8.465388485251662132e+03 5.953199613548945668e-02
8.469776011871665105e+03 5.951778831938116243e-02
8.474165812234465193e+03 5.950358340662205425e-02
8.478557887518363714e+03 5.948938139689471938e-02
8.482952238902325917e+03 5.947518228988145361e-02
8.487348867565877299e+03 5.946098608526462909e-02
8.491747774689165453e+03 5.944679278272645834e-02
8.496148961452958247e+03 5.943260238194905676e-02
8.500552429038627452e+03 5.941841488261445647e-02
8.504958178628165115e+03 5.940423028440455083e-02
8.509366211404167188e+03 5.939004858700118461e-02
8.513776528549848081e+03 5.937586979008606380e-02
8.518189131249033380e+03 5.936169389334081115e-02
8.522604020686148942e+03 5.934752089644701467e-02
8.527021198046277277e+03 5.933335079908598486e-02
8.531440664515073877e+03 5.931918360093908771e-02
8.535862421278816328e+03 5.930501930168757124e-02
8.540286469524407948e+03 5.929085790101255166e-02
8.544712810439352324e+03 5.927669939859506187e-02
8.549141445211784230e+03 5.926254379411603074e-02
8.553572375030444164e+03 5.924839108725628994e-02
8.558005601084687441e+03 5.923424127769656711e-02
8.562441124564495112e+03 5.922009436511751351e-02
8.566878946660441215e+03 5.920595034919970412e-02
8.571319068563765541e+03 5.919180922962348490e-02
8.575761491466280859e+03 5.917767100606924346e-02
8.580206216560429311e+03 5.916353567821720782e-02
8.584653245039275134e+03 5.914940324574754354e-02
8.589102578096497382e+03 5.913527370834027741e-02
8.593554216926395384e+03 5.912114706567536682e-02
8.598008162723886926e+03 5.910702331743266508e-02
8.602464416684508251e+03 5.909290246329191448e-02
8.606922980004417695e+03 5.907878450293277406e-02
8.611383853880373863e+03 5.906466943603484732e-02
8.615847039509806564e+03 5.905055726227748797e-02
8.620312538090718590e+03 5.903644798134011218e-02
8.624780350821745742e+03 5.902234159290197651e-02
8.629250478902147734e+03 5.900823809664224734e-02
8.633722923531806373e+03 5.899413749223998693e-02
8.638197685911225562e+03 5.898003977937416736e-02
8.642674767241525842e+03 5.896594495772366357e-02
8.647154168724457122e+03 5.895185302696723945e-02
8.651635891562389588e+03 5.893776398678357564e-02
8.656119936958297330e+03 5.892367783685131116e-02
8.660606306115832922e+03 5.890959457684880746e-02
8.665095000239220099e+03 5.889551420645450924e-02
8.669586020533322881e+03 5.888143672534669470e-02
8.674079368203629201e+03 5.886736213320355876e-02
8.678575044456250907e+03 5.885329042970319918e-02
8.683073050497929216e+03 5.883922161452360272e-02
8.687573387536027440e+03 5.882515568734265898e-02
8.692076056778534621e+03 5.881109264783818125e-02
8.696581059434065537e+03 5.879703249568787177e-02
8.701088396711844325e+03 5.878297523056939117e-02
8.705598069821779063e+03 5.876892085216012251e-02
8.710110079974341716e+03 5.875486936013755296e-02
8.714624428380657264e+03 5.874082075417899618e-02
8.719141116252478241e+03 5.872677503396166176e-02
8.723660144802181094e+03 5.871273219916267605e-02
8.728181515242775276e+03 5.869869224945906128e-02
8.732705228787892338e+03 5.868465518452774254e-02
8.737231286651798655e+03 5.867062100404555475e-02
8.741759690049386336e+03 5.865658970768924257e-02
8.746290440196162308e+03 5.864256129513548826e-02
8.750823538308317438e+03 5.862853576606073119e-02
8.755358985602611938e+03 5.861451312014146625e-02
8.759896783296462672e+03 5.860049335705403567e-02
8.764436932607915878e+03 5.858647647647471229e-02
8.768979434755645343e+03 5.857246247807963713e-02
8.773524290958957863e+03 5.855845136154487485e-02
8.778071502437796880e+03 5.854444312654638605e-02
8.782621070412729750e+03 5.853043777276004805e-02
8.787172996104964113e+03 5.851643529986162717e-02
8.791727280736315151e+03 5.850243570752684807e-02
8.796283925529292901e+03 5.848843899543118563e-02
8.800842931706982199e+03 5.847444516325017716e-02
8.805404300493119081e+03 5.846045421065921427e-02
8.809968033112078047e+03 5.844646613733359142e-02
8.814534130788862967e+03 5.843248094294849204e-02
8.819102594749116179e+03 5.841849862717903019e-02
8.823673426219113026e+03 5.840451918970020195e-02
8.828246626425767317e+03 5.839054263018691321e-02
8.832822196596624053e+03 5.837656894831398657e-02
8.837400137959850326e+03 5.836259814375619609e-02
8.841980451744302627e+03 5.834863021618803824e-02
8.846563139179419522e+03 5.833466516528411361e-02
8.851148201495296234e+03 5.832070299071884928e-02
8.855735639922662813e+03 5.830674369216656827e-02
8.860325455692891410e+03 5.829278726930152421e-02
8.864917650037987187e+03 5.827883372179785970e-02
8.869512224190595589e+03 5.826488304932962714e-02
8.874109179384004165e+03 5.825093525157076096e-02
8.878708516852135290e+03 5.823699032819515398e-02
8.883310237829535254e+03 5.822304827887660184e-02
8.887914343551441561e+03 5.820910910328867122e-02
8.892520835253681071e+03 5.819517280110498431e-02
8.897129714172737295e+03 5.818123937199903839e-02
8.901740981545735849e+03 5.816730881564420585e-02
8.906354638610438997e+03 5.815338113171377582e-02
8.910970686605258379e+03 5.813945631988094720e-02
8.915589126769240465e+03 5.812553437981882176e-02
8.920209960342075647e+03 5.811161531120039719e-02
8.924833188564098236e+03 5.809769911369858791e-02
8.929458812676266461e+03 5.808378578698626671e-02
8.934086833920237041e+03 5.806987533073604268e-02
8.938717253538254226e+03 5.805596774462060128e-02
8.943350072773222564e+03 5.804206302831247527e-02
8.947985292868694160e+03 5.802816118148409336e-02
8.952622915068865041e+03 5.801426220380781484e-02
8.957262940618573339e+03 5.800036609495588108e-02
8.961905370763304745e+03 5.798647285460044321e-02
8.966550206749190693e+03 5.797258248241356909e-02
8.971197449823004717e+03 5.795869497806722948e-02
8.975847101232155183e+03 5.794481034123333957e-02
8.980499162224743486e+03 5.793092857158357867e-02
8.985153634049469474e+03 5.791704966878967464e-02
8.989810517955695104e+03 5.790317363252323046e-02
8.994469815193429895e+03 5.788930046245573807e-02
8.999131527013332743e+03 5.787543015825859921e-02
9.003795654666710107e+03 5.786156271960312542e-02
9.008462199405514184e+03 5.784769814616053107e-02
9.013131162482350192e+03 5.783383643760192649e-02
9.017802545150470905e+03 5.781997759359836647e-02
9.022476348663760291e+03 5.780612161382081560e-02
9.027152574276804444e+03 5.779226849794000948e-02
9.031831223244789726e+03 5.777841824562676004e-02
9.036512296823566430e+03 5.776457085655170576e-02
9.041195796269637867e+03 5.775072633038542264e-02
9.045881722840160364e+03 5.773688466679836873e-02
9.050570077792937809e+03 5.772304586546091881e-02
9.055260862386428926e+03 5.770920992604335054e-02
9.059954077879743636e+03 5.769537684821585133e-02
9.064649725532643060e+03 5.768154663164852536e-02
9.069347806605526785e+03 5.766771927601141434e-02
9.074048322359496524e+03 5.765389478097432407e-02
9.078751274056257898e+03 5.764007314620711586e-02
9.083456662958185916e+03 5.762625437137951917e-02
9.088164490328312240e+03 5.761243845616115938e-02
9.092874757430319733e+03 5.759862540022157168e-02
9.097587465528546090e+03 5.758481520323020797e-02
9.102302615887991124e+03 5.757100786485640220e-02
9.107020209774300383e+03 5.755720338476942588e-02
9.111740248453781533e+03 5.754340176263843254e-02
9.116462733193378881e+03 5.752960299813255490e-02
9.121187665260746144e+03 5.751580709092066201e-02
9.125915045924142760e+03 5.750201404067169925e-02
9.130644876452503013e+03 5.748822384705445238e-02
9.135377158115414204e+03 5.747443650973763085e-02
9.140111892183125747e+03 5.746065202838984004e-02
9.144849079926545528e+03 5.744687040267960204e-02
9.149588722617239910e+03 5.743309163227533487e-02
9.154330821527431908e+03 5.741931571684537328e-02
9.159075377930006653e+03 5.740554265605796180e-02
9.163822393098485918e+03 5.739177244958130336e-02
9.168571868307111799e+03 5.737800509708334412e-02
9.173323804830732115e+03 5.736424059823209964e-02
9.178078203944867710e+03 5.735047895269544671e-02
9.182835066925706997e+03 5.733672016014116496e-02
9.187594395050093226e+03 5.732296422023694382e-02
9.192356189595537217e+03 5.730921113265036865e-02
9.197120451840210080e+03 5.729546089704895540e-02
9.201887183062943222e+03 5.728171351310011594e-02
9.206656384543231979e+03 5.726796898047117196e-02
9.211428057561217429e+03 5.725422729882941042e-02
9.216202203397759149e+03 5.724048846784185463e-02
9.220978823334322442e+03 5.722675248717561114e-02
9.225757918653058368e+03 5.721301935649762693e-02
9.230539490636783739e+03 5.719928907547477959e-02
9.235323540568973840e+03 5.718556164377382872e-02
9.240110069733775163e+03 5.717183706106146457e-02
9.244899079415998131e+03 5.715811532700426634e-02
9.249690570901117098e+03 5.714439644126874385e-02
9.254484545475273990e+03 5.713068040352129590e-02
9.259281004425256469e+03 5.711696721342830740e-02
9.264079949038581617e+03 5.710325687065587186e-02
9.268881380603372236e+03 5.708954937487020070e-02
9.273685300408435069e+03 5.707584472573732498e-02
9.278491709743249885e+03 5.706214292292319940e-02
9.283300609897962204e+03 5.704844396609368845e-02
9.288112002163388752e+03 5.703474785491455951e-02
9.292925887831010186e+03 5.702105458905148971e-02
9.297742268192982010e+03 5.700736416817007990e-02
9.302561144542123657e+03 5.699367659193581293e-02
9.307382518171913034e+03 5.697999186001417166e-02
9.312206390376546551e+03 5.696630997207035446e-02
9.317032762450840892e+03 5.695263092776962910e-02
9.321861635690300318e+03 5.693895472677715230e-02
9.326693011391102118e+03 5.692528136875796285e-02
9.331526890850091149e+03 5.691161085337700931e-02
9.336363275364788933e+03 5.689794318029917086e-02
9.341202166233388198e+03 5.688427834918921566e-02
9.346043564754751060e+03 5.687061635971182860e-02
9.350887472228418119e+03 5.685695721153159743e-02
9.355733889954582992e+03 5.684330090431309601e-02
9.360582819234163253e+03 5.682964743772062066e-02
9.365434261368705847e+03 5.681599681141855096e-02
9.370288217660439841e+03 5.680234902507112771e-02
9.375144689412276421e+03 5.678870407834248762e-02
9.380003677927797980e+03 5.677506197089669804e-02
9.384865184511265397e+03 5.676142270239771526e-02
9.389729210467614394e+03 5.674778627250941232e-02
9.394595757102455536e+03 5.673415268089558594e-02
9.399464825722076057e+03 5.672052192721992181e-02
9.404336417633425299e+03 5.670689401114609174e-02
9.409210534144180201e+03 5.669326893233749692e-02
9.414087176562645254e+03 5.667964669045761489e-02
9.418966346197817984e+03 5.666602728516979132e-02
9.423848044359372579e+03 5.665241071613727475e-02
9.428732272357667171e+03 5.663879698302322352e-02
9.433619031503734732e+03 5.662518608549071270e-02
9.438508323109288540e+03 5.661157802320271326e-02
9.443400148486722173e+03 5.659797279582213375e-02
9.448294508949109513e+03 5.658437040301175780e-02
9.453191405810188371e+03 5.657077084443436904e-02
9.458090840384427793e+03 5.655717411975247355e-02
9.462992813986926194e+03 5.654358022862866762e-02
9.467897327933482302e+03 5.652998917072540180e-02
9.472804383540573326e+03 5.651640094570502260e-02
9.477713982125364055e+03 5.650281555322980709e-02
9.482626125005697759e+03 5.648923299296193523e-02
9.487540813500099830e+03 5.647565326456350371e-02
9.492458048927783238e+03 5.646207636769650512e-02
9.497377832608641256e+03 5.644850230202286268e-02
9.502300165863231086e+03 5.643493106720445796e-02
9.507225050012857537e+03 5.642136266290291580e-02
9.512152486379447510e+03 5.640779708877994431e-02
9.517082476285631856e+03 5.639423434449709199e-02
9.522015021054729004e+03 5.638067442971585186e-02
9.526950122010744963e+03 5.636711734409759200e-02
9.531887780478366039e+03 5.635356308730361807e-02
9.536827997782969760e+03 5.634001165899513164e-02
9.541770775250619408e+03 5.632646305883325100e-02
9.546716114208065846e+03 5.631291728647902506e-02
9.551664015982725687e+03 5.629937434159343335e-02
9.556614481902766784e+03 5.628583422383722640e-02
9.561567513296980906e+03 5.627229693287123802e-02
9.566523111494872865e+03 5.625876246835613548e-02
9.571481277826631413e+03 5.624523082995251666e-02
9.576442013623140156e+03 5.623170201732088924e-02
9.581405320215968459e+03 5.621817603012166376e-02
9.586371198937378722e+03 5.620465286801517441e-02
9.591339651120319104e+03 5.619113253066165825e-02
9.596310678098434437e+03 5.617761501772127603e-02
9.601284281206037122e+03 5.616410032885414683e-02
9.606260461778190802e+03 5.615058846372014689e-02
9.611239221150593949e+03 5.613707942197920797e-02
9.616220560659652620e+03 5.612357320329114385e-02
9.621204481642469545e+03 5.611006980731567118e-02
9.626190985436838673e+03 5.609656923371242332e-02
9.631180073381246984e+03 5.608307148214094345e-02
9.636171746814876315e+03 5.606957655226067760e-02
9.641166007077599716e+03 5.605608444373100935e-02
9.646162855509988731e+03 5.604259515621120430e-02
9.651162293453287930e+03 5.602910868936052807e-02
9.656164322249496763e+03 5.601562504283797567e-02
9.661168943241247689e+03 5.600214421630261841e-02
9.666176157771889848e+03 5.598866620941338884e-02
9.671185967185474510e+03 5.597519102182914319e-02
9.676198372826740524e+03 5.596171865320863359e-02
9.681213376041132506e+03 5.594824910321054279e-02
9.686230978174784468e+03 5.593478237149345639e-02
9.691251180574530736e+03 5.592131845771587673e-02
9.696273984587905943e+03 5.590785736153620900e-02
9.701299391563121389e+03 5.589439908261284451e-02
9.706327402849145074e+03 5.588094362060392478e-02
9.711358019795588916e+03 5.586749097516765378e-02
9.716391243752777882e+03 5.585404114596209668e-02
9.721427076071742704e+03 5.584059413264523541e-02
9.726465518104208968e+03 5.582714993487497557e-02
9.731506571202609848e+03 5.581370855230911865e-02
9.736550236720071553e+03 5.580026998460540372e-02
9.741596516010426058e+03 5.578683423142145881e-02
9.746645410428203832e+03 5.577340129241484951e-02
9.751696921328622921e+03 5.575997116724307201e-02
9.756751050067658070e+03 5.574654385556342129e-02
9.761807798001927949e+03 5.573311935703325476e-02
9.766867166488775183e+03 5.571969767130976331e-02
9.771929156886246346e+03 5.570627879805008231e-02
9.776993770553093782e+03 5.569286273691124306e-02
9.782061008848766505e+03 5.567944948755020051e-02
9.787130873133426576e+03 5.566603904962382637e-02
9.792203364767934545e+03 5.565263142278890907e-02
9.797278485113860370e+03 5.563922660670213294e-02
9.802356235533457948e+03 5.562582460102016846e-02
9.807436617389745152e+03 5.561242540539944323e-02
9.812519632046392871e+03 5.559902901949644038e-02
9.817605280867790498e+03 5.558563544296751813e-02
9.822693565219040465e+03 5.557224467546895141e-02
9.827784486465947339e+03 5.555885671665692499e-02
9.832878045975028726e+03 5.554547156618754727e-02
9.837974245113508005e+03 5.553208922371681566e-02
9.843073085249316136e+03 5.551870968890068592e-02
9.848174567751097129e+03 5.550533296139498196e-02
9.853278693988175291e+03 5.549195904085552772e-02
9.858385465330657098e+03 5.547858792693789037e-02
9.863494883149287489e+03 5.546521961929772732e-02
9.868606948815549913e+03 5.545185411759053634e-02
9.873721663701633588e+03 5.543849142147173198e-02
9.878839029180440775e+03 5.542513153059666631e-02
9.883959046625586780e+03 5.541177444462058732e-02
9.889081717411394493e+03 5.539842016319866669e-02
9.894207042912901670e+03 5.538506868598599281e-02
9.899335024505860929e+03 5.537172001263756388e-02
9.904465663566714284e+03 5.535837414280834340e-02
9.909598961472678639e+03 5.534503107615305895e-02
9.914734919601622096e+03 5.533169081232652137e-02
9.919873539332151267e+03 5.531835335098338885e-02
9.925014822043583990e+03 5.530501869177823632e-02
9.930158769115952964e+03 5.529168683436556930e-02
9.935305381930007570e+03 5.527835777839980314e-02
9.940454661867210234e+03 5.526503152353525600e-02
9.945606610309745520e+03 5.525170806942616974e-02
9.950761228640507397e+03 5.523838741572672378e-02
9.955918518243086510e+03 5.522506956209102119e-02
9.961078480501857484e+03 5.521175450817297770e-02
9.966241116801844328e+03 5.519844225362654372e-02
9.971406428528813194e+03 5.518513279810553784e-02
9.976574417069248739e+03 5.517182614126371620e-02
9.981745083810350479e+03 5.515852228275473779e-02
9.986918430140040073e+03 5.514522122223216444e-02
9.992094457446959495e+03 5.513192295934950943e-02
9.997273167120467406e+03 5.511862749376016113e-02
