# z rho_DE/rho_DE0 (U4_clock_sqrt_t, self-consistent, Om=0.31)
0.000000000000000000e+00 1.000000000000000000e+00
5.182288324740991214e-04 9.997356941447421708e-01
1.036726226075312951e-03 9.994713580953696885e-01
1.555492319971207849e-03 9.992069919065046379e-01
2.074527253418390060e-03 9.989425956328578105e-01
2.593831165728976984e-03 9.986781693292458018e-01
3.113404196303903859e-03 9.984137130505734703e-01
3.633246484599617077e-03 9.981492268518517008e-01
4.153358170161824958e-03 9.978847107881797518e-01
4.673739392591302888e-03 9.976201649147626860e-01
5.194390291574313423e-03 9.973555892868956052e-01
5.715311006868839527e-03 9.970909839599714219e-01
6.236501678293260298e-03 9.968263489894858553e-01
6.757962445754772673e-03 9.965616844310229983e-01
7.279693449217194967e-03 9.962969903402726368e-01
7.801694828732497200e-03 9.960322667730127089e-01
8.323966724409048723e-03 9.957675137851266234e-01
8.846509276444480818e-03 9.955027314325859411e-01
9.369322625092380008e-03 9.952379197714674719e-01
9.892406910695816791e-03 9.949730788579362883e-01
1.041576227365359486e-02 9.947082087482627122e-01
1.093938885445022713e-02 9.944433094988069932e-01
1.146328679364261305e-02 9.941783811660264147e-01
1.198745623184804820e-02 9.939134238064810667e-01
1.251189730977375625e-02 9.936484374768187466e-01
1.303661016818291607e-02 9.933834222337927233e-01
1.356159494792796849e-02 9.931183781342437511e-01
1.408685178991864184e-02 9.928533052351178334e-01
1.461238083515326025e-02 9.925882035934485703e-01
1.513818222468721331e-02 9.923230732663743670e-01
1.566425609966137777e-02 9.920579143111237785e-01
1.619060260128990514e-02 9.917927267850213946e-01
1.671722187084712097e-02 9.915275107454943893e-01
1.724411404969794503e-02 9.912622662500575332e-01
1.777127927926303030e-02 9.909969933563302913e-01
1.829871770105384599e-02 9.907316921220195027e-01
1.882642945663803857e-02 9.904663626049367009e-01
1.935441468767340467e-02 9.902010048629807937e-01
1.988267353587436226e-02 9.899356189541548279e-01
2.041120614304547942e-02 9.896702049365498910e-01
2.094001265104861176e-02 9.894047628683604323e-01
2.146909320183110204e-02 9.891392928078710511e-01
2.199844793741356774e-02 9.888737948134618261e-01
2.252807699987857681e-02 9.886082689436145321e-01
2.305798053139840320e-02 9.883427152568985408e-01
2.358815867420260837e-02 9.880771338119870295e-01
2.411861157061090388e-02 9.878115246676401062e-01
2.464933936300028883e-02 9.875458878827219067e-01
2.518034219383791239e-02 9.872802235161834972e-01
2.571162020564865536e-02 9.870145316270797498e-01
2.624317354104288569e-02 9.867488122745543544e-01
2.677500234270580037e-02 9.864830655178464802e-01
2.730710675338365867e-02 9.862172914162965487e-01
2.783948691591286995e-02 9.859514900293316897e-01
2.837214297318824130e-02 9.856856614164825059e-01
2.890507506819450789e-02 9.854198056373665304e-01
2.943828334397391444e-02 9.851539227517039921e-01
2.997176794365952190e-02 9.848880128193022720e-01
3.050552901044234488e-02 9.846220759000714473e-01
3.103956668760377013e-02 9.843561120540080811e-01
3.157388111848291601e-02 9.840901213412123205e-01
3.210847244650594234e-02 9.838241038218717982e-01
3.264334081517272779e-02 9.835580595562694040e-01
3.317848636804554552e-02 9.832919886047885027e-01
3.371390924877770701e-02 9.830258910278987239e-01
3.424960960108003327e-02 9.827597668861722813e-01
3.478558756875460567e-02 9.824936162402673201e-01
3.532184329566168124e-02 9.822274391509449032e-01
3.585837692575188917e-02 9.819612356790514696e-01
3.639518860303470049e-02 9.816950058855364869e-01
3.693227847160640565e-02 9.814287498314364644e-01
3.746964667563768003e-02 9.811624675778827243e-01
3.800729335936181563e-02 9.808961591861063978e-01
3.854521866710336475e-02 9.806298247174238814e-01
3.908342274324483334e-02 9.803634642332539340e-01
3.962190573226043178e-02 9.800970777951009127e-01
4.016066777868276816e-02 9.798306654645707603e-01
4.069970902713548888e-02 9.795642273033546843e-01
4.123902962230086011e-02 9.792977633732461440e-01
4.177862970895285244e-02 9.790312737361231976e-01
4.231850943192339010e-02 9.787647584539659329e-01
4.285866893613254902e-02 9.784982175888412570e-01
4.339910836657523419e-02 9.782316512029092248e-01
4.393982786830852305e-02 9.779650593584295892e-01
4.448082758648230772e-02 9.776984421177465912e-01
4.502210766630398986e-02 9.774317995433057238e-01
4.556366825307400781e-02 9.771651316976373014e-01
4.610550949215008742e-02 9.768984386433725575e-01
4.664763152898343535e-02 9.766317204432271026e-01
4.719003450908232367e-02 9.763649771600179106e-01
4.773271857804473051e-02 9.760982088566479975e-01
4.827568388154257484e-02 9.758314155961128611e-01
4.881893056531172448e-02 9.755645974415068089e-01
4.936245877517952962e-02 9.752977544560080814e-01
4.990626865703284842e-02 9.750308867028956161e-01
5.045036035685068754e-02 9.747639942455321727e-01
5.099473402067045136e-02 9.744970771473807636e-01
5.153938979462280301e-02 9.742301354719884454e-01
5.208432782489658130e-02 9.739631692830021947e-01
5.262954825777388379e-02 9.736961786441526989e-01
5.317505123959542779e-02 9.734291636192705655e-01
5.372083691679030437e-02 9.731621242722721110e-01
5.426690543586354387e-02 9.728950606671649126e-01
5.481325694338368137e-02 9.726279728680546910e-01
5.535989158601206661e-02 9.723608609391297675e-01
5.590680951046889113e-02 9.720937249446786055e-01
5.645401086356738318e-02 9.718265649490721581e-01
5.700149579217983487e-02 9.715593810167812983e-01
5.754926444327179702e-02 9.712921732123591667e-01
5.809731696386832844e-02 9.710249416004583800e-01
5.864565350108241759e-02 9.707576862458164868e-01
5.919427420210454649e-02 9.704904072132612969e-01
5.974317921418759170e-02 9.702231045677179866e-01
6.029236868467857668e-02 9.699557783741936667e-01
6.084184276098336674e-02 9.696884286977945910e-01
6.139160159060130795e-02 9.694210556037088367e-01
6.194164532109147636e-02 9.691536591572234016e-01
6.249197410010642884e-02 9.688862394237067743e-01
6.304258807535756404e-02 9.686187964686262530e-01
6.359348739465042755e-02 9.683513303575306264e-01
6.414467220585007290e-02 9.680838411560671597e-01
6.469614265691081556e-02 9.678163289299663852e-01
6.524789889586424252e-02 9.675487937450487630e-01
6.579994107080433530e-02 9.672812356672307876e-01
6.635226932992099869e-02 9.670136547625097778e-01
6.690488382146209112e-02 9.667460510969809739e-01
6.745778469377006203e-02 9.664784247368206627e-01
6.801097209524753495e-02 9.662107757483028303e-01
6.856444617439039213e-02 9.659431041977818433e-01
6.911820707975468991e-02 9.656754101517098787e-01
6.967225495998663476e-02 9.654076936766213812e-01
7.022658996380881646e-02 9.651399548391398353e-01
7.078121224000866185e-02 9.648721937059837606e-01
7.133612193746752261e-02 9.646044103439516126e-01
7.189131920512648044e-02 9.643366048199391027e-01
7.244680419202165211e-02 9.640687772009215450e-01
7.300257704724866237e-02 9.638009275539710652e-01
7.355863791999817103e-02 9.635330559462397249e-01
7.411498695951990179e-02 9.632651624449760641e-01
7.467162431515927956e-02 9.629972471175078930e-01
7.522855013632123722e-02 9.627293100312593888e-01
7.578576457250130183e-02 9.624613512537361082e-01
7.634326777327249403e-02 9.621933708525314266e-01
7.690105988827222738e-02 9.619253688953324222e-01
7.745914106723250647e-02 9.616573454499051099e-01
7.801751145994639813e-02 9.613893005841112060e-01
7.857617121630133816e-02 9.611212343658910306e-01
7.913512048624538053e-02 9.608531468632808270e-01
7.969435941982117022e-02 9.605850381443947761e-01
8.025388816713241447e-02 9.603169082774427601e-01
8.081370687837274858e-02 9.600487573307149303e-01
8.137381570381485574e-02 9.597805853725878134e-01
8.193421479379514594e-02 9.595123924715308616e-01
8.249490429874595243e-02 9.592441786960915762e-01
8.305588436916000461e-02 9.589759441149119379e-01
8.361715515562528900e-02 9.587076887967117544e-01
8.417871680879063234e-02 9.584394128103052024e-01
8.474056947940034057e-02 9.581711162245837299e-01
8.530271331825889369e-02 9.579027991085331539e-01
8.586514847626736113e-02 9.576344615312165631e-01
8.642787510438654230e-02 9.573661035617907489e-01
8.699089335366938514e-02 9.570977252694916615e-01
8.755420337524655316e-02 9.568293267236406274e-01
8.811780532031399105e-02 9.565609079936502335e-01
8.868169934016401079e-02 9.562924691490097828e-01
8.924588558614887646e-02 9.560240102593018374e-01
8.981036420971810763e-02 9.557555313941852315e-01
9.037513536238073186e-02 9.554870326234120581e-01
9.094019919574303223e-02 9.552185140168099053e-01
9.150555586147124387e-02 9.549499756443000642e-01
9.207120551132441655e-02 9.546814175758812082e-01
9.263714829713953769e-02 9.544128398816359438e-01
9.320338437081954197e-02 9.541442426317375824e-01
9.376991388436328734e-02 9.538756258964345980e-01
9.433673698983113809e-02 9.536069897460678346e-01
9.490385383937938180e-02 9.533383342510531877e-01
9.547126458522603443e-02 9.530696594818983680e-01
9.603896937968547931e-02 9.528009655091859154e-01
9.660696837513338409e-02 9.525322524035902960e-01
9.717526172404200580e-02 9.522635202358602502e-01
9.774384957894466375e-02 9.519947690768362225e-01
9.831273209246771394e-02 9.517259989974347079e-01
9.888190941731589412e-02 9.514572100686552458e-01
9.945138170626033336e-02 9.511884023615859718e-01
1.000211491121685281e-01 9.509195759473888510e-01
1.005912117879697032e-01 9.506507308973167758e-01
1.011615698866905610e-01 9.503818672826963576e-01
1.017322235614182002e-01 9.501129851749441357e-01
1.023031729653380850e-01 9.498440846455507014e-01
1.028744182516965200e-01 9.495751657660960188e-01
1.034459595738328463e-01 9.493062286082358803e-01
1.040177970851654532e-01 9.490372732437070136e-01
1.045899309391797871e-01 9.487682997443340760e-01
1.051623612894576620e-01 9.484993081820141114e-01
1.057350882896430644e-01 9.482302986287337587e-01
1.063081120934774582e-01 9.479612711565519323e-01
1.068814328547644799e-01 9.476922258376168084e-01
1.074550507274045774e-01 9.474231627441482839e-01
1.080289658653608154e-01 9.471540819484555174e-01
1.086031784226930696e-01 9.468849835229191658e-01
1.091776885535244990e-01 9.466158675400083711e-01
1.097524964120697444e-01 9.463467340722663268e-01
1.103276021526253814e-01 9.460775831923153856e-01
1.109030059295528226e-01 9.458084149728644974e-01
1.114787078973120682e-01 9.455392294866931113e-01
1.120547082104257353e-01 9.452700268066688283e-01
1.126310070235136962e-01 9.450008070057296372e-01
1.132076044912579960e-01 9.447315701569013457e-01
1.137845007684392673e-01 9.444623163332801496e-01
1.143616960099003155e-01 9.441930456080493972e-01
1.149391903705776485e-01 9.439237580544642681e-01
1.155169840054874886e-01 9.436544537458592119e-01
1.160950770697137813e-01 9.433851327556523891e-01
1.166734697184383940e-01 9.431157951573321263e-01
1.172521621069053666e-01 9.428464410244732363e-01
1.178311543904579928e-01 9.425770704307193659e-01
1.184104467245008507e-01 9.423076834498008703e-01
1.189900392645384386e-01 9.420382801555168273e-01
1.195699321661367609e-01 9.417688606217519132e-01
1.201501255849608540e-01 9.414994249224598599e-01
1.207306196767385931e-01 9.412299731316798868e-01
1.213114145972917779e-01 9.409605053235211569e-01
1.218925105025230327e-01 9.406910215721701052e-01
1.224739075484022610e-01 9.404215219518958779e-01
1.230556058909983985e-01 9.401520065370353452e-01
1.236376056864427753e-01 9.398824754020103089e-01
1.242199070909664194e-01 9.396129286213099618e-01
1.248025102608623094e-01 9.393433662695078734e-01
1.253854153525233439e-01 9.390737884212448927e-01
1.259686225224050382e-01 9.388041951512458017e-01
1.265521319270572764e-01 9.385345865343044380e-01
1.271359437231118772e-01 9.382649626452899128e-01
1.277200580672670505e-01 9.379953235591526051e-01
1.283044751163215924e-01 9.377256693509095076e-01
1.288891950271364717e-01 9.374560000956605466e-01
1.294742179566727991e-01 9.371863158685718176e-01
1.300595440619540799e-01 9.369166167448923499e-01
1.306451735001041836e-01 9.366469027999367869e-01
1.312311064283098183e-01 9.363771741091022616e-01
1.318173430038571681e-01 9.361074307478514100e-01
1.324038833840961438e-01 9.358376727917290250e-01
1.329907277264714693e-01 9.355679003163467344e-01
1.335778761885098032e-01 9.352981133973899963e-01
1.341653289278055272e-01 9.350283121106235384e-01
1.347530861020531656e-01 9.347584965318765926e-01
1.353411478690103031e-01 9.344886667370596589e-01
1.359295143865348887e-01 9.342188228021476304e-01
1.365181858125483760e-01 9.339489648031960023e-01
1.371071623050723609e-01 9.336790928163245518e-01
1.376964440221917219e-01 9.334092069177329920e-01
1.382860311220872607e-01 9.331393071836874276e-01
1.388759237630221577e-01 9.328693936905250172e-01
1.394661221033266507e-01 9.325994665146613016e-01
1.400566263014326740e-01 9.323295257325745489e-01
1.406474365158354445e-01 9.320595714208225191e-01
1.412385529051305433e-01 9.317896036560262552e-01
1.418299756279768342e-01 9.315196225148852927e-01
1.424217048431353216e-01 9.312496280741620058e-01
1.430137407094294044e-01 9.309796204106972617e-01
1.436060833857837338e-01 9.307095996013942107e-01
1.441987330311871318e-01 9.304395657232341632e-01
1.447916898047243439e-01 9.301695188532626002e-01
1.453849538655624940e-01 9.298994590685942807e-01
1.459785253729377619e-01 9.296293864464199030e-01
1.465724044861869135e-01 9.293593010639913388e-01
1.471665913647108859e-01 9.290892029986381750e-01
1.477610861680120902e-01 9.288190923277502842e-01
1.483558890556562204e-01 9.285489691287950320e-01
1.489510001873108891e-01 9.282788334792999585e-01
1.495464197227081016e-01 9.280086854568693200e-01
1.501421478216757865e-01 9.277385251391696563e-01
1.507381846441253614e-01 9.274683526039351200e-01
1.513345303500370775e-01 9.271981679289748035e-01
1.519311850994922164e-01 9.269279711921561971e-01
1.525281490526368966e-01 9.266577624714236183e-01
1.531254223697187111e-01 9.263875418447794496e-01
1.537230052110498679e-01 9.261173093903021236e-01
1.543208977370436052e-01 9.258470651861284706e-01
1.549191001081782204e-01 9.255768093104707051e-01
1.555176124850341512e-01 9.253065418415984400e-01
1.561164350282557844e-01 9.250362628578570057e-01
1.567155678985845402e-01 9.247659724376509072e-01
1.573150112568462156e-01 9.244956706594510409e-01
1.579147652639345534e-01 9.242253576018000238e-01
1.585148300808465471e-01 9.239550333432978713e-01
1.591152058686433612e-01 9.236846979626182064e-01
1.597158927884885227e-01 9.234143515384917178e-01
1.603168910016101734e-01 9.231439941497221469e-01
1.609182006693385958e-01 9.228736258751697452e-01
1.615198219530695756e-01 9.226032467937679282e-01
1.621217550142959318e-01 9.223328569845076208e-01
1.627240000145944165e-01 9.220624565264449179e-01
1.633265571156117257e-01 9.217920454987049705e-01
1.639294264790966960e-01 9.215216239804694398e-01
1.645326082668634449e-01 9.212511920509912633e-01
1.651361026408282306e-01 9.209807497895786677e-01
1.657399097629732587e-01 9.207102972756111559e-01
1.663440297953830971e-01 9.204398345885230759e-01
1.669484629002071507e-01 9.201693618078199410e-01
1.675532092396982975e-01 9.198988790130612214e-01
1.681582689761740301e-01 9.196283862838774414e-01
1.687636422720506513e-01 9.193578836999544146e-01
1.693693292898283964e-01 9.190873713410405710e-01
1.699753301920772230e-01 9.188168492869521753e-01
1.705816451414710055e-01 9.185463176175583389e-01
1.711882743007484553e-01 9.182757764127981170e-01
1.717952178327515345e-01 9.180052257526633008e-01
1.724024759003877083e-01 9.177346657172150701e-01
1.730100486666683590e-01 9.174640963865664522e-01
1.736179362946692617e-01 9.171935178408999745e-01
1.742261389475658895e-01 9.169229301604516769e-01
1.748346567886183145e-01 9.166523334255179956e-01
1.754434899811558868e-01 9.163817277164613140e-01
1.760526386886129835e-01 9.161111131136950858e-01
1.766621030744888188e-01 9.158404896977012655e-01
1.772718833023865237e-01 9.155698575490118785e-01
1.778819795359749545e-01 9.152992167482267849e-01
1.784923919390271063e-01 9.150285673759960270e-01
1.791031206753812555e-01 9.147579095130368154e-01
1.797141659089802612e-01 9.144872432401162099e-01
1.803255278038327081e-01 9.142165686380678835e-01
1.809372065240457683e-01 9.139458857877769127e-01
1.815492022338129896e-01 9.136751947701864385e-01
1.821615150973974195e-01 9.134044956663032178e-01
1.827741452791671328e-01 9.131337885571829682e-01
1.833870929435557073e-01 9.128630735239467997e-01
1.840003582551017480e-01 9.125923506477642277e-01
1.846139413784091410e-01 9.123216200098699380e-01
1.852278424781872435e-01 9.120508816915463557e-01
1.858420617192106938e-01 9.117801357741409651e-01
1.864565992663540506e-01 9.115093823390506556e-01
1.870714552845780254e-01 9.112386214677277163e-01
1.876866299389134962e-01 9.109678532416869423e-01
1.883021233944968120e-01 9.106970777424894248e-01
1.889179358165300471e-01 9.104262950517604258e-01
1.895340673703207468e-01 9.101555052511707267e-01
1.901505182212424039e-01 9.098847084224551685e-01
1.907672885347735381e-01 9.096139046473940004e-01
1.913843784764592826e-01 9.093430940078300884e-01
1.920017882119500197e-01 9.090722765856520393e-01
1.926195179069623009e-01 9.088014524628105217e-01
1.932375677273130421e-01 9.085306217213034996e-01
1.938559378389055343e-01 9.082597844431822276e-01
1.944746284077141230e-01 9.079889407105571353e-01
1.950936395998188466e-01 9.077180906055832832e-01
1.957129715813659132e-01 9.074472342104767941e-01
1.963326245186076680e-01 9.071763716074976447e-01
1.969525985778626254e-01 9.069055028789663186e-01
1.975728939255554373e-01 9.066346281072469315e-01
1.981935107281771469e-01 9.063637473747638840e-01
1.988144491523200497e-01 9.060928607639864296e-01
1.994357093646623724e-01 9.058219683574352254e-01
2.000572915319540623e-01 9.055510702376883270e-01
2.006791958210516480e-01 9.052801664873657561e-01
2.013014223988780493e-01 9.050092571891470428e-01
2.019239714324623236e-01 9.047383424257533502e-01
2.025468430889005855e-01 9.044674222799643504e-01
2.031700375353948651e-01 9.041964968346011267e-01
2.037935549392149159e-01 9.039255661725429380e-01
2.044173954677357408e-01 9.036546303767098998e-01
2.050415592884005100e-01 9.033836895300796366e-01
2.056660465687534245e-01 9.031127437156727389e-01
2.062908574764255043e-01 9.028417930165579808e-01
2.069159921791197121e-01 9.025708375158594254e-01
2.075414508446460360e-01 9.022998772967404379e-01
2.081672336408815216e-01 9.020289124424210048e-01
2.087933407358095739e-01 9.017579430361605253e-01
2.094197722974817655e-01 9.014869691612743541e-01
2.100465284940555843e-01 9.012159909011163705e-01
2.106736094937564641e-01 9.009450083390962982e-01
2.113010154649117567e-01 9.006740215586641618e-01
2.119287465759356337e-01 9.004030306433166153e-01
2.125568029953155413e-01 9.001320356766027153e-01
2.131851848916455072e-01 8.998610367421094880e-01
2.138138924335868385e-01 8.995900339234780274e-01
2.144429257899085339e-01 8.993190273043868421e-01
2.150722851294473159e-01 8.990480169685678424e-01
2.157019706211464882e-01 8.987770029997902421e-01
2.163319824340181885e-01 8.985059854818756575e-01
2.169623207371809137e-01 8.982349644986827863e-01
2.175929856998215506e-01 8.979639401341227289e-01
2.182239774912295704e-01 8.976929124721445552e-01
2.188552962807817082e-01 8.974218815967410778e-01
2.194869422379284174e-01 8.971508475919552916e-01
2.201189155322267332e-01 8.968798105418650524e-01
2.207512163333025246e-01 8.966087705306000633e-01
2.213838448108895740e-01 8.963377276423240003e-01
2.220168011347887216e-01 8.960666819612523870e-01
2.226500854749096092e-01 8.957956335716342755e-01
2.232836980012296024e-01 8.955245825577695662e-01
2.239176388838295395e-01 8.952535290039935756e-01
2.245519082928779664e-01 8.949824729946835866e-01
2.251865063986164817e-01 8.947114146142645108e-01
2.258214333713954858e-01 8.944403539471940112e-01
2.264566893816333248e-01 8.941692910779793779e-01
2.270922745998569248e-01 8.938982260911600974e-01
2.277281891966607130e-01 8.936271590713243951e-01
2.283644333427488071e-01 8.933560901030924706e-01
2.290010072088928261e-01 8.930850192711329294e-01
2.296379109659731910e-01 8.928139466601456853e-01
2.302751447849391564e-01 8.925428723548783916e-01
2.309127088368430059e-01 8.922717964401118973e-01
2.315506032928260627e-01 8.920007190006656872e-01
2.321888283241033690e-01 8.917296401214046542e-01
2.328273841019987689e-01 8.914585598872235561e-01
2.334662707979040519e-01 8.911874783830640023e-01
2.341054885833209198e-01 8.909163956938968010e-01
2.347450376298194641e-01 8.906453119047391676e-01
2.353849181090785780e-01 8.903742271006374054e-01
2.360251301928464329e-01 8.901031413666832259e-01
2.366656740529748948e-01 8.898320547879993159e-01
2.373065498614053137e-01 8.895609674497447772e-01
2.379477577901527585e-01 8.892898794371217885e-01
2.385892980113415440e-01 8.890187908353599511e-01
2.392311706971648189e-01 8.887477017297337190e-01
2.398733760199258658e-01 8.884766122055444137e-01
2.405159141519965793e-01 8.882055223481374329e-01
2.411587852658580999e-01 8.879344322428849301e-01
2.418019895340615122e-01 8.876633419752024690e-01
2.424455271292669245e-01 8.873922516305315922e-01
2.430893982242039453e-01 8.871211612943571412e-01
2.437336029917065439e-01 8.868500710521913799e-01
2.443781416046990618e-01 8.865789809895809892e-01
2.450230142361793373e-01 8.863078911921118408e-01
2.456682210592553428e-01 8.860368017453957856e-01
2.463137622471049948e-01 8.857657127350855308e-01
2.469596379730161217e-01 8.854946242468584305e-01
2.476058484103451640e-01 8.852235363664330281e-01
2.482523937325600283e-01 8.849524491795514036e-01
2.488992741131970110e-01 8.846813627719967155e-01
2.495464897258985459e-01 8.844102772295775461e-01
2.501940407443965508e-01 8.841391926381335642e-01
2.508419273424975504e-01 8.838681090835428522e-01
2.514901496941193138e-01 8.835970266517055860e-01
2.521387079732479997e-01 8.833259454285614654e-01
2.527876023539818995e-01 8.830548655000720615e-01
2.534368330104879163e-01 8.827837869522380254e-01
2.540864001170441977e-01 8.825127098710813245e-01
2.547363038479986130e-01 8.822416343426622287e-01
2.553865443778096100e-01 8.819705604530621024e-01
2.560371218810064686e-01 8.816994882883999463e-01
2.566880365322230517e-01 8.814284179348175208e-01
2.573392885061844826e-01 8.811573494784853411e-01
2.579908779776911576e-01 8.808862830056083393e-01
2.586428051216536073e-01 8.806152186024119866e-01
2.592950701130538604e-01 8.803441563551573923e-01
2.599476731269840801e-01 8.800730963501250947e-01
2.606006143386072615e-01 8.798020386736316034e-01
2.612538939231974222e-01 8.795309834120124126e-01
2.619075120560987457e-01 8.792599306516374336e-01
2.625614689127619972e-01 8.789888804788981158e-01
2.632157646687287578e-01 8.787178329802111110e-01
2.638703994996158819e-01 8.784467882420263773e-01
2.645253735811523566e-01 8.781757463508106376e-01
2.651806870891373347e-01 8.779047073930650313e-01
2.658363401994814357e-01 8.776336714553073515e-01
2.664923330881665553e-01 8.773626386240890307e-01
2.671486659312853895e-01 8.770916089859777109e-01
2.678053389050021327e-01 8.768205826275736747e-01
2.684623521855926676e-01 8.765495596354937469e-01
2.691197059494032651e-01 8.762785400963865046e-01
2.697774003728872216e-01 8.760075240969181776e-01
2.704354356325897601e-01 8.757365117237783103e-01
2.710938119051315986e-01 8.754655030636860902e-01
2.717525293672455877e-01 8.751944982033751375e-01
2.724115881957356322e-01 8.749234972296100477e-01
2.730709885675179915e-01 8.746525002291695161e-01
2.737307306595799794e-01 8.743815072888625473e-01
2.743908146490214861e-01 8.741105184955116902e-01
2.750512407130127901e-01 8.738395339359695813e-01
2.757120090288323055e-01 8.735685536971035114e-01
2.763731197738499290e-01 8.732975778658021992e-01
2.770345731255114963e-01 8.730266065289813415e-01
2.776963692613767520e-01 8.727556397735684035e-01
2.783585083590756071e-01 8.724846776865198272e-01
2.790209905963512149e-01 8.722137203548032680e-01
2.796838161510180054e-01 8.719427678654148028e-01
2.803469852010032071e-01 8.716718203053614999e-01
2.810104979243057688e-01 8.714008777616777390e-01
2.816743544990374382e-01 8.711299403214085579e-01
2.823385551033814611e-01 8.708590080716258619e-01
2.830030999156292193e-01 8.705880810994137686e-01
2.836679891141644649e-01 8.703171594918741594e-01
2.843332228774477777e-01 8.700462433361333403e-01
2.849988013840525358e-01 8.697753327193267214e-01
2.856647248126245042e-01 8.695044277286150258e-01
2.863309933419226905e-01 8.692335284511678584e-01
2.869976071507773785e-01 8.689626349741799149e-01
2.876645664181334272e-01 8.686917473848537741e-01
2.883318713230067498e-01 8.684208657704166612e-01
2.889995220445216173e-01 8.681499902181054606e-01
2.896675187618957814e-01 8.678791208151724890e-01
2.903358616544238213e-01 8.676082576488918230e-01
2.910045509015137810e-01 8.673374008065445340e-01
2.916735866826463131e-01 8.670665503754342307e-01
2.923429691774157568e-01 8.667957064428712943e-01
2.930126985654888383e-01 8.665248690961883105e-01
2.936827750266459702e-01 8.662540384227236379e-01
2.943531987407399519e-01 8.659832145098378398e-01
2.950239698877379357e-01 8.657123974448964754e-01
2.956950886476787943e-01 8.654415873152865313e-01
2.963665552007113124e-01 8.651707842084016553e-01
2.970383697270768675e-01 8.648999882116480409e-01
2.977105324070945525e-01 8.646291994124510882e-01
2.983830434211987015e-01 8.643584178982388622e-01
2.990559029498951471e-01 8.640876437564605217e-01
2.997291111738049629e-01 8.638168770745676683e-01
3.004026682736211651e-01 8.635461179400325538e-01
3.010765744301522329e-01 8.632753664403287619e-01
3.017508298242785880e-01 8.630046226629498607e-01
3.024254346369907864e-01 8.627338866953930818e-01
3.031003890493726427e-01 8.624631586251662041e-01
3.037756932425863532e-01 8.621924385397927715e-01
3.044513473979091334e-01 8.619217265267979933e-01
3.051273516966903632e-01 8.616510226737246203e-01
3.058037063203955519e-01 8.613803270681156254e-01
3.064804114505623733e-01 8.611096397975320782e-01
3.071574672688441865e-01 8.608389609495341599e-01
3.078348739569667369e-01 8.605682906116995934e-01
3.085126316967718996e-01 8.602976288716048803e-01
3.091907406701737138e-01 8.600269758168432865e-01
3.098692010591972412e-01 8.597563315350086333e-01
3.105480130459612464e-01 8.594856961137021800e-01
3.112271768126635418e-01 8.592150696405382870e-01
3.119066925416169589e-01 8.589444522031294271e-01
3.125865604152078259e-01 8.586738438891030611e-01
3.132667806159386004e-01 8.584032447860838744e-01
3.139473533263841265e-01 8.581326549817110960e-01
3.146282787292364880e-01 8.578620745636206246e-01
3.153095570072599330e-01 8.575915036194623475e-01
3.159911883433297319e-01 8.573209422368847088e-01
3.166731729204166346e-01 8.570503905035404824e-01
3.173555109215691061e-01 8.567798485070937664e-01
3.180382025299528514e-01 8.565093163352035521e-01
3.187212479288064060e-01 8.562387940755417093e-01
3.194046473014846566e-01 8.559682818157751116e-01
3.200884008314166529e-01 8.556977796435821793e-01
3.207725087021477961e-01 8.554272876466358921e-01
3.214569710972963179e-01 8.551568059126206656e-01
3.221417882005983557e-01 8.548863345292145866e-01
3.228269601958628776e-01 8.546158735841066223e-01
3.235124872670105400e-01 8.543454231649810771e-01
3.241983695980572566e-01 8.540749833595242535e-01
3.248846073730982109e-01 8.538045542554295597e-01
3.255712007763458260e-01 8.535341359403836314e-01
3.262581499920853556e-01 8.532637285020819862e-01
3.269454552047204032e-01 8.529933320282122589e-01
3.276331165987282912e-01 8.527229466064709662e-01
3.283211343587026931e-01 8.524525723245458542e-01
3.290095086693121118e-01 8.521822092701329954e-01
3.296982397153369604e-01 8.519118575309215791e-01
3.303873276816529092e-01 8.516415171945999063e-01
3.310767727532160087e-01 8.513711883488612742e-01
3.317665751150986608e-01 8.511008710813893208e-01
3.324567349524487625e-01 8.508305654798744566e-01
3.331472524505307842e-01 8.505602716319967671e-01
3.338381277946844694e-01 8.502899896254421108e-01
3.345293611703665793e-01 8.500197195478860213e-01
3.352209527631082597e-01 8.497494614870091389e-01
3.359129027585592286e-01 8.494792155304808912e-01
3.366052113424429226e-01 8.492089817659757012e-01
3.372978787005960211e-01 8.489387602811580003e-01
3.379909050189504605e-01 8.486685511636885559e-01
3.386842904835194457e-01 8.483983545012301342e-01
3.393780352804338651e-01 8.481281703814324002e-01
3.400721395958987703e-01 8.478579988919490162e-01
3.407666036162380063e-01 8.475878401204204327e-01
3.414614275278504696e-01 8.473176941544897645e-01
3.421566115172529621e-01 8.470475610817862488e-01
3.428521557710368928e-01 8.467774409899421206e-01
3.435480604759075796e-01 8.465073339665768470e-01
3.442443258186664856e-01 8.462372400993034560e-01
3.449409519861954543e-01 8.459671594757350865e-01
3.456379391654953448e-01 8.456970921834688903e-01
3.463352875436422895e-01 8.454270383101037956e-01
3.470329973078301045e-01 8.451569979432227431e-01
3.477310686453292110e-01 8.448869711704090069e-01
3.484295017435279362e-01 8.446169580792298737e-01
3.491282967898903244e-01 8.443469587572525192e-01
3.498274539719989917e-01 8.440769732920267998e-01
3.505269734775127155e-01 8.438070017711029047e-01
3.512268554942026277e-01 8.435370442820149250e-01
3.519271002099386703e-01 8.432671009122878480e-01
3.526277078126707210e-01 8.429971717494433303e-01
3.533286784904681177e-01 8.427272568809845987e-01
3.540300124314761376e-01 8.424573563944129928e-01
3.547317098239588518e-01 8.421874703772109783e-01
3.554337708562569365e-01 8.419175989168588004e-01
3.561361957168291958e-01 8.416477421008172755e-01
3.568389845942114835e-01 8.413779000165441113e-01
3.575421376770531179e-01 8.411080727514792521e-01
3.582456551541015610e-01 8.408382603930505406e-01
3.589495372141853213e-01 8.405684630286803793e-01
3.596537840462525892e-01 8.402986807457702989e-01
3.603583958393279385e-01 8.400289136317170557e-01
3.610633727825558470e-01 8.397591617738968672e-01
3.617687150651560657e-01 8.394894252596802886e-01
3.624744228764700260e-01 8.392197041764165588e-01
3.631804964059131002e-01 8.389499986114494767e-01
3.638869358430225631e-01 8.386803086521000816e-01
3.645937413774111846e-01 8.384106343856836396e-01
3.653009131988069758e-01 8.381409758994947667e-01
3.660084514970354252e-01 8.378713332808128689e-01
3.667163564620044003e-01 8.376017066169085812e-01
3.674246282837427824e-01 8.373320959950290021e-01
3.681332671523547262e-01 8.370625015024137916e-01
3.688422732580656227e-01 8.367929232262779626e-01
3.695516467911776903e-01 8.365233612538292007e-01
3.702613879421128296e-01 8.362538156722501004e-01
3.709714969013704344e-01 8.359842865687145963e-01
3.716819738595649181e-01 8.357147740303739747e-01
3.723928190074097255e-01 8.354452781443613141e-01
3.731040325357000143e-01 8.351757989977991459e-01
3.738156146353519560e-01 8.349063366777836892e-01
3.745275654973592161e-01 8.346368912714009491e-01
3.752398853128360301e-01 8.343674628657105075e-01
3.759525742729736830e-01 8.340980515477616208e-01
3.766656325690846963e-01 8.338286574045763455e-01
3.773790603925581966e-01 8.335592805231657465e-01
3.780928579349054353e-01 8.332899209905131332e-01
3.788070253877140470e-01 8.330205788935901579e-01
3.795215629426880177e-01 8.327512543193428263e-01
3.802364707916303654e-01 8.324819473546963833e-01
3.809517491264269307e-01 8.322126580865617518e-01
3.816673981390856785e-01 8.319433866018209889e-01
3.823834180216907352e-01 8.316741329873432731e-01
3.830998089664494621e-01 8.314048973299679179e-01
3.838165711656453816e-01 8.311356797165213584e-01
3.845337048116845846e-01 8.308664802337993871e-01
3.852512100970504338e-01 8.305972989685842522e-01
3.859690872143421991e-01 8.303281360076294471e-01
3.866873363562604027e-01 8.300589914376657052e-01
3.874059577155870571e-01 8.297898653454072182e-01
3.881249514852274096e-01 8.295207578175363139e-01
3.888443178581637572e-01 8.292516689407205543e-01
3.895640570275016312e-01 8.289825988015950831e-01
3.902841691864229468e-01 8.287135474867797225e-01
3.910046545282332975e-01 8.284445150828613214e-01
3.917255132463157707e-01 8.281755016764105193e-01
3.924467455341755784e-01 8.279065073539649822e-01
3.931683515853960920e-01 8.276375322020456116e-01
3.938903315936781446e-01 8.273685763071415566e-01
3.946126857528227116e-01 8.270996397557165425e-01
3.953354142567140350e-01 8.268307226342145322e-01
3.960585172993598135e-01 8.265618250290448499e-01
3.967819950748456836e-01 8.262929470265992782e-01
3.975058477773798504e-01 8.260240887132339616e-01
3.982300756012493448e-01 8.257552501752870588e-01
3.989546787408639883e-01 8.254864314990604246e-01
3.996796573907122063e-01 8.252176327708374837e-01
4.004050117453996638e-01 8.249488540768674660e-01
4.011307419996332779e-01 8.246800955033714020e-01
4.018568483482034548e-01 8.244113571365485615e-01
4.025833309860245013e-01 8.241426390625612441e-01
4.033101901080891061e-01 8.238739413675515433e-01
4.040374259095136367e-01 8.236052641376238048e-01
4.047650385854928423e-01 8.233366074588616135e-01
4.054930283313451511e-01 8.230679714173106953e-01
4.062213953424678170e-01 8.227993560989952382e-01
4.069501398143822168e-01 8.225307615899007940e-01
4.076792619426876652e-01 8.222621879759913766e-01
4.084087619231022703e-01 8.219936353431938070e-01
4.091386399514458372e-01 8.217251037774041533e-01
4.098688962236221034e-01 8.214565933644933926e-01
4.105995309356593737e-01 8.211881041902931999e-01
4.113305442836650005e-01 8.209196363406116026e-01
4.120619364638700155e-01 8.206511899012164379e-01
4.127937076725847199e-01 8.203827649578520065e-01
4.135258581062444261e-01 8.201143615962215305e-01
4.142583879613630504e-01 8.198459799020038075e-01
4.149912974345730809e-01 8.195776199608389989e-01
4.157245867226093683e-01 8.193092818583335157e-01
4.164582560222915841e-01 8.190409656800667904e-01
4.171923055305641892e-01 8.187726715115761777e-01
4.179267354444506921e-01 8.185043994383733867e-01
4.186615459610998347e-01 8.182361495459278267e-01
4.193967372777391844e-01 8.179679219196824835e-01
4.201323095917219863e-01 8.176997166450372667e-01
4.208682631004807551e-01 8.174315338073655512e-01
4.216045980015725725e-01 8.171633734919973024e-01
4.223413144926349005e-01 8.168952357842349521e-01
4.230784127714242171e-01 8.166271207693392986e-01
4.238158930357998067e-01 8.163590285325348361e-01
4.245537554837059968e-01 8.160909591590161938e-01
4.252920003132127924e-01 8.158229127339332587e-01
4.260306277224696903e-01 8.155548893424073853e-01
4.267696379097527526e-01 8.152868890695144088e-01
4.275090310734162014e-01 8.150189120003017429e-01
4.282488074119414900e-01 8.147509582197703937e-01
4.289889671238893420e-01 8.144830278128922796e-01
4.297295104079403849e-01 8.142151208645947991e-01
4.304704374628787189e-01 8.139472374597672699e-01
4.312117484875739315e-01 8.136793776832668135e-01
4.319534436810217315e-01 8.134115416199030335e-01
4.326955232422979858e-01 8.131437293544553357e-01
4.334379873706046826e-01 8.128759409716552753e-01
4.341808362652237463e-01 8.126081765562032100e-01
4.349240701255641106e-01 8.123404361927514250e-01
4.356676891511144234e-01 8.120727199659206752e-01
4.364116935414901199e-01 8.118050279602828656e-01
4.371560834963863496e-01 8.115373602603777048e-01
4.379008592156199420e-01 8.112697169506983830e-01
4.386460208991105336e-01 8.110020981156964570e-01
4.393915687468648024e-01 8.107345038397887338e-01
4.401375029590155474e-01 8.104669342073421712e-01
4.408838237357763923e-01 8.101993893026904203e-01
4.416305312774875258e-01 8.099318692101166173e-01
4.423776257845706272e-01 8.096643740138701473e-01
4.431251074575737192e-01 8.093969037981495473e-01
4.438729764971256486e-01 8.091294586471189376e-01
4.446212331039767207e-01 8.088620386448931443e-01
4.453698774789816017e-01 8.085946438755438059e-01
4.461189098230806671e-01 8.083272744231055906e-01
4.468683303373430782e-01 8.080599303715606530e-01
4.476181392229177103e-01 8.077926118048559534e-01
4.483683366810815585e-01 8.075253188068858279e-01
4.491189229131924421e-01 8.072580514615083080e-01
4.498698981207356340e-01 8.069908098525288009e-01
4.506212625052783416e-01 8.067235940637157432e-01
4.513730162685145597e-01 8.064564041787843918e-01
4.521251596122197736e-01 8.061892402814127001e-01
4.528776927382920370e-01 8.059221024552268853e-01
4.536306158487335427e-01 8.056549907838072011e-01
4.543839291456335250e-01 8.053879053506941554e-01
4.551376328312097819e-01 8.051208462393736331e-01
4.558917271077611577e-01 8.048538135332928833e-01
4.566462121777148386e-01 8.045868073158444211e-01
4.574010882435799452e-01 8.043198276703817928e-01
4.581563555079926076e-01 8.040528746802031446e-01
4.589120141736724445e-01 8.037859484285668765e-01
4.596680644434603114e-01 8.035190489986780982e-01
4.604245065203025344e-01 8.032521764736934022e-01
4.611813406072331478e-01 8.029853309367275260e-01
4.619385669074151934e-01 8.027185124708383634e-01
4.626961856240925375e-01 8.024517211590433963e-01
4.634541969606389422e-01 8.021849570843029298e-01
4.642126011205092162e-01 8.019182203295365241e-01
4.649713983072878420e-01 8.016515109776056747e-01
4.657305887246407927e-01 8.013848291113306876e-01
4.664901725763630491e-01 8.011181748134736935e-01
4.672501500663321927e-01 8.008515481667551894e-01
4.680105213985485957e-01 8.005849492538387180e-01
4.687712867771187675e-01 8.003183781573375288e-01
4.695324464062369252e-01 8.000518349598203516e-01
4.702940004902267379e-01 7.997853197437960748e-01
4.710559492334946974e-01 7.995188325917311767e-01
4.718182928405760812e-01 7.992523735860322942e-01
4.725810315160892117e-01 7.989859428090620996e-01
4.733441654647814190e-01 7.987195403431237573e-01
4.741076948914826339e-01 7.984531662704761334e-01
4.748716200011475763e-01 7.981868206733192528e-01
4.756359409988359932e-01 7.979205036338009593e-01
4.764006580896966714e-01 7.976542152340220238e-01
4.771657714790087379e-01 7.973879555560223764e-01
4.779312813721330322e-01 7.971217246817962065e-01
4.786971879745618441e-01 7.968555226932765301e-01
4.794634914918685098e-01 7.965893496723505107e-01
4.802301921297584819e-01 7.963232057008432507e-01
4.809972900940189255e-01 7.960570908605335561e-01
4.817647855905680121e-01 7.957910052331378381e-01
4.825326788254058474e-01 7.955249489003262120e-01
4.833009700046582147e-01 7.952589219437072865e-01
4.840696593345577003e-01 7.949929244448348253e-01
4.848387470214248207e-01 7.947269564852136314e-01
4.856082332717124306e-01 7.944610181462843368e-01
4.863781182919546531e-01 7.941951095094401669e-01
4.871484022888186161e-01 7.939292306560100654e-01
4.879190854690524937e-01 7.936633816672754582e-01
4.886901680395370207e-01 7.933975626244524904e-01
4.894616502072361985e-01 7.931317736087091230e-01
4.902335321792379297e-01 7.928660147011503678e-01
4.910058141627391404e-01 7.926002859828238378e-01
4.917784963650251306e-01 7.923345875347264089e-01
4.925515789935124289e-01 7.920689194377890097e-01
4.933250622557017184e-01 7.918032817728931638e-01
4.940989463592251330e-01 7.915376746208540037e-01
4.948732315117974068e-01 7.912720980624369238e-01
4.956479179212669450e-01 7.910065521783405940e-01
4.964230057955636433e-01 7.907410370492132801e-01
4.971984953427506237e-01 7.904755527556364125e-01
4.979743867709742755e-01 7.902100993781403515e-01
4.987506802885068868e-01 7.899446769971901761e-01
4.995273761037288818e-01 7.896792856931916793e-01
5.003044744251099463e-01 7.894139255464968086e-01
5.010819754612532151e-01 7.891485966373894545e-01
5.018598794208446456e-01 7.888832990461022154e-01
5.026381865127027559e-01 7.886180328527983008e-01
5.034168969457302190e-01 7.883527981375894056e-01
5.041960109289627123e-01 7.880875949805175029e-01
5.049755286715185143e-01 7.878224234615728294e-01
5.057554503826442449e-01 7.875572836606773430e-01
5.065357762716937717e-01 7.872921756576923835e-01
5.073165065481115565e-01 7.870270995324233354e-01
5.080976414214750658e-01 7.867620553646061943e-01
5.088791811014461430e-01 7.864970432339226658e-01
5.096611257978191922e-01 7.862320632199845116e-01
5.104434757204729944e-01 7.859671154023490924e-01
5.112262310794200015e-01 7.857021998605028257e-01
5.120093920847565983e-01 7.854373166738779499e-01
5.127929589467128402e-01 7.851724659218352054e-01
5.135769318756029378e-01 7.849076476836802652e-01
5.143613110818687773e-01 7.846428620386497466e-01
5.151460967760608245e-01 7.843781090659162070e-01
5.159312891688210279e-01 7.841133888445945832e-01
5.167168884709241183e-01 7.838487014537277586e-01
5.175028948932303141e-01 7.835840469723026613e-01
5.182893086467330601e-01 7.833194254792334998e-01
5.190761299425112885e-01 7.830548370533778613e-01
5.198633589917767139e-01 7.827902817735209462e-01
5.206509960058274267e-01 7.825257597183905567e-01
5.214390411960883043e-01 7.822612709666435515e-01
5.222274947740941364e-01 7.819968155968709533e-01
5.230163569514707511e-01 7.817323936876047208e-01
5.238056279399792015e-01 7.814680053173027607e-01
5.245953079514640294e-01 7.812036505643650264e-01
5.253853971979054460e-01 7.809393295071173080e-01
5.261758958913687056e-01 7.806750422238269982e-01
5.269668042440529554e-01 7.804107887926868825e-01
5.277581224682428296e-01 7.801465692918313488e-01
5.285498507763590759e-01 7.798823837993188457e-01
5.293419893809052645e-01 7.796182323931499791e-01
5.301345384945159722e-01 7.793541151512510812e-01
5.309274983299345774e-01 7.790900321514810933e-01
5.317208690999966070e-01 7.788259834716376728e-01
5.325146510176728132e-01 7.785619691894419825e-01
5.333088442960194353e-01 7.782979893825556772e-01
5.341034491482274937e-01 7.780340441285633624e-01
5.348984657875743842e-01 7.777701335049899134e-01
5.356938944274720615e-01 7.775062575892830452e-01
5.364897352814186338e-01 7.772424164588299655e-01
5.372859885630423271e-01 7.769786101909423870e-01
5.380826544860806138e-01 7.767148388628631883e-01
5.388797332643635585e-01 7.764511025517717435e-01
5.396772251118575614e-01 7.761874013347693779e-01
5.404751302426142878e-01 7.759237352888965766e-01
5.412734488708217384e-01 7.756601044911147769e-01
5.420721812107534010e-01 7.753965090183240205e-01
5.428713274768195429e-01 7.751329489473456347e-01
5.436708878835159187e-01 7.748694243549385519e-01
5.444708626454741740e-01 7.746059353177829898e-01
5.452712519774134403e-01 7.743424819124961056e-01
5.460720560941814128e-01 7.740790642156183399e-01
5.468732752107385853e-01 7.738156823036184129e-01
5.476749095421364899e-01 7.735523362529002078e-01
5.484769593035643265e-01 7.732890261397873388e-01
5.492794247102974481e-01 7.730257520405401372e-01
5.500823059777475432e-01 7.727625140313386654e-01
5.508856033214133419e-01 7.724993121882990366e-01
5.516893169569299094e-01 7.722361465874567621e-01
5.524934471000191305e-01 7.719730173047832933e-01
5.532979939665334523e-01 7.717099244161711447e-01
5.541029577724376765e-01 7.714468679974397780e-01
5.549083387337887530e-01 7.711838481243420418e-01
5.557141370667815217e-01 7.709208648725490720e-01
5.565203529876969757e-01 7.706579183176673897e-01
5.573269867129546640e-01 7.703950085352211374e-01
5.581340384590594006e-01 7.701321356006693986e-01
5.589415084426547775e-01 7.698692995893887669e-01
5.597493968804703179e-01 7.696065005766904443e-01
5.605577039893745450e-01 7.693437386378028098e-01
5.613664299863212470e-01 7.690810138478881841e-01
5.621755750883976610e-01 7.688183262820279529e-01
5.629851395128016023e-01 7.685556760152292277e-01
5.637951234768256992e-01 7.682930631224300644e-01
5.646055271979004697e-01 7.680304876784852519e-01
5.654163508935428073e-01 7.677679497581822998e-01
5.662275947814086052e-01 7.675054494362255619e-01
5.670392590792412424e-01 7.672429867872517795e-01
5.678513440049215433e-01 7.669805618858137608e-01
5.686638497764182620e-01 7.667181748063965907e-01
5.694767766118320473e-01 7.664558256234031974e-01
5.702901247293776787e-01 7.661935144111600149e-01
5.711038943473618623e-01 7.659312412439236439e-01
5.719180856842314142e-01 7.656690061958655313e-01
5.727326989585206363e-01 7.654068093410888451e-01
5.735477343889023860e-01 7.651446507536117103e-01
5.743631921941370067e-01 7.648825305073830849e-01
5.751790725931245074e-01 7.646204486762667729e-01
5.759953758048521610e-01 7.643584053340574114e-01
5.768121020484464623e-01 7.640964005544638171e-01
5.776292515431222796e-01 7.638344344111253070e-01
5.784468245082265980e-01 7.635725069775972651e-01
5.792648211632203115e-01 7.633106183273570267e-01
5.800832417276595709e-01 7.630487685338099846e-01
5.809020864212381952e-01 7.627869576702750454e-01
5.817213554637405970e-01 7.625251858100006164e-01
5.825410490750881909e-01 7.622634530261487296e-01
5.833611674752929854e-01 7.620017593918101406e-01
5.841817108845051010e-01 7.617401049799891188e-01
5.850026795229636978e-01 7.614784898636188792e-01
5.858240736110413849e-01 7.612169141155471497e-01
5.866458933692246802e-01 7.609553778085420550e-01
5.874681390180953588e-01 7.606938810152990005e-01
5.882908107783750840e-01 7.604324238084245735e-01
5.891139088708741145e-01 7.601710062604545293e-01
5.899374335165434857e-01 7.599096284438361382e-01
5.907613849364217185e-01 7.596482904309445061e-01
5.915857633516887759e-01 7.593869922940666983e-01
5.924105689836127731e-01 7.591257341054170604e-01
5.932358020536034893e-01 7.588645159371214532e-01
5.940614627831575234e-01 7.586033378612333511e-01
5.948875513939080317e-01 7.583421999497186317e-01
5.957140681076009692e-01 7.580811022744626815e-01
5.965410131460788801e-01 7.578200449072758360e-01
5.973683867313250850e-01 7.575590279198786137e-01
5.981961890854119446e-01 7.572980513839185912e-01
5.990244204305530396e-01 7.570371153709530843e-01
5.998530809890503246e-01 7.567762199524665778e-01
6.006821709833480849e-01 7.565153651998528517e-01
6.015116906359789795e-01 7.562545511844322998e-01
6.023416401696108924e-01 7.559937779774366096e-01
6.031720198070276151e-01 7.557330456500154225e-01
6.040028297711073080e-01 7.554723542732421082e-01
6.048340702848713502e-01 7.552117039180991087e-01
6.056657415714299386e-01 7.549510946554942592e-01
6.064978438540347128e-01 7.546905265562448006e-01
6.073303773560274621e-01 7.544299996910927009e-01
6.081633423008916406e-01 7.541695141306886674e-01
6.089967389121999641e-01 7.539090699456086897e-01
6.098305674136674792e-01 7.536486672063367198e-01
6.106648280290996045e-01 7.533883059832815476e-01
6.114995209824365396e-01 7.531279863467623681e-01
6.123346464977343917e-01 7.528677083670143322e-01
6.131702047991465232e-01 7.526074721141947643e-01
6.140061961109684052e-01 7.523472776583688404e-01
6.148426206575849928e-01 7.520871250695257970e-01
6.156794786635244598e-01 7.518270144175621672e-01
6.165167703534049082e-01 7.515669457722983227e-01
6.173544959519865483e-01 7.513069192034618204e-01
6.181926556841206288e-01 7.510469347807039453e-01
6.190312497747938458e-01 7.507869925735844996e-01
6.198702784491108009e-01 7.505270926515784646e-01
6.207097419322711307e-01 7.502672350840824400e-01
6.215496404496185789e-01 7.500074199403989894e-01
6.223899742265879276e-01 7.497476472897535160e-01
6.232307434887556230e-01 7.494879172012780533e-01
6.240719484617900381e-01 7.492282297440271410e-01
6.249135893715020984e-01 7.489685849869612833e-01
6.257556664437935456e-01 7.487089829989634904e-01
6.265981799047095624e-01 7.484494238488226259e-01
6.274411299803861475e-01 7.481899076052491715e-01
6.282845168970963012e-01 7.479304343368620156e-01
6.291283408812304856e-01 7.476710041121930050e-01
6.299726021592757519e-01 7.474116169996943837e-01
6.308173009578641466e-01 7.471522730677230273e-01
6.316624375037183103e-01 7.468929723845575408e-01
6.325080120237047687e-01 7.466337150183814941e-01
6.333540247447801974e-01 7.463745010372999644e-01
6.342004758940473774e-01 7.461153305093222166e-01
6.350473656986987958e-01 7.458562035023789116e-01
6.358946943860648293e-01 7.455971200843075630e-01
6.367424621835937604e-01 7.453380803228579765e-01
6.375906693188320151e-01 7.450790842856982454e-01
6.384393160194705708e-01 7.448201320404012060e-01
6.392884025132909986e-01 7.445612236544602025e-01
6.401379290282207535e-01 7.443023591952718787e-01
6.409878957922774401e-01 7.440435387301538306e-01
6.418383030336249906e-01 7.437847623263269536e-01
6.426891509805174874e-01 7.435260300509322073e-01
6.435404398613546739e-01 7.432673419710141838e-01
6.443921699046282203e-01 7.430086981535372059e-01
6.452443413389674642e-01 7.427500986653710058e-01
6.460969543931209813e-01 7.424915435732966085e-01
6.469500092959354909e-01 7.422330329440122165e-01
6.478035062764029295e-01 7.419745668441196651e-01
6.486574455636073822e-01 7.417161453401392990e-01
6.495118273867783731e-01 7.414577684984946515e-01
6.503666519752373532e-01 7.411994363855280987e-01
6.512219195584516562e-01 7.409411490674846501e-01
6.520776303659800988e-01 7.406829066105283799e-01
6.529337846275213852e-01 7.404247090807272169e-01
6.537903825728927920e-01 7.401665565440600503e-01
6.546474244320104052e-01 7.399084490664217251e-01
6.555049104349370825e-01 7.396503867136094978e-01
6.563628408118271640e-01 7.393923695513388017e-01
6.572212157929813170e-01 7.391343976452270370e-01
6.580800356087930236e-01 7.388764710608095587e-01
6.589393004898023154e-01 7.386185898635232450e-01
6.597990106666407062e-01 7.383607541187229284e-01
6.606591663700867034e-01 7.381029638916654090e-01
6.615197678310122953e-01 7.378452192475245530e-01
6.623808152804282479e-01 7.375875202513775264e-01
6.632423089494650092e-01 7.373298669682113449e-01
6.641042490693538358e-01 7.370722594629278701e-01
6.649666358714709791e-01 7.368146978003302650e-01
6.658294695872870594e-01 7.365571820451387586e-01
6.666927504484192468e-01 7.362997122619743262e-01
6.675564786865773037e-01 7.360422885153752315e-01
6.684206545336186522e-01 7.357849108697799290e-01
6.692852782214933072e-01 7.355275793895442726e-01
6.701503499822922816e-01 7.352702941389258617e-01
6.710158700482269367e-01 7.350130551820912572e-01
6.718818386516078878e-01 7.347558625831215329e-01
6.727482560248938537e-01 7.344987164059978424e-01
6.736151224006368121e-01 7.342416167146176287e-01
6.744824380115364004e-01 7.339845635727786366e-01
6.753502030903855147e-01 7.337275570441942341e-01
6.762184178701253767e-01 7.334705971924782020e-01
6.770870825837898010e-01 7.332136840811600553e-01
6.779561974645618161e-01 7.329568177736688339e-01
6.788257627457165988e-01 7.326999983333497557e-01
6.796957786606718788e-01 7.324432258234491178e-01
6.805662454429655117e-01 7.321865003071212907e-01
6.814371633262370498e-01 7.319298218474337148e-01
6.823085325442730387e-01 7.316731905073533548e-01
6.831803533309548371e-01 7.314166063497623549e-01
6.840526259203121295e-01 7.311600694374421616e-01
6.849253505464678593e-01 7.309035798330892897e-01
6.857985274436944056e-01 7.306471375992994455e-01
6.866721568463582948e-01 7.303907427985829592e-01
6.875462389889674952e-01 7.301343954933513514e-01
6.884207741061516561e-01 7.298780957459229946e-01
6.892957624326421229e-01 7.296218436185285539e-01
6.901712042033179006e-01 7.293656391732977751e-01
6.910470996531534738e-01 7.291094824722749168e-01
6.919234490172725405e-01 7.288533735774023192e-01
6.928002525308925019e-01 7.285973125505373904e-01
6.936775104293804173e-01 7.283412994534355089e-01
6.945552229481979367e-01 7.280853343477661221e-01
6.954333903229565905e-01 7.278294172950972030e-01
6.963120127893611677e-01 7.275735483569110151e-01
6.971910905832610084e-01 7.273177275945892362e-01
6.980706239406262448e-01 7.270619550694201738e-01
6.989506130975300380e-01 7.268062308426034290e-01
6.998310582901936527e-01 7.265505549752370174e-01
7.007119597549344991e-01 7.262949275283324679e-01
7.015933177282203115e-01 7.260393485627988364e-01
7.024751324466123048e-01 7.257838181394592469e-01
7.033574041468235727e-01 7.255283363190336843e-01
7.042401330656606895e-01 7.252729031621563127e-01
7.051233194400747806e-01 7.250175187293603773e-01
7.060069635071399841e-01 7.247621830810844212e-01
7.068910655040310242e-01 7.245068962776785026e-01
7.077756256680745039e-01 7.242516583793897622e-01
7.086606442366922831e-01 7.239964694463786321e-01
7.095461214474567679e-01 7.237413295387020717e-01
7.104320575380349556e-01 7.234862387163309982e-01
7.113184527462466100e-01 7.232311970391325229e-01
7.122053073100047538e-01 7.229762045668870485e-01
7.130926214673749541e-01 7.227212613592717272e-01
7.139803954565182575e-01 7.224663674758764476e-01
7.148686295157391513e-01 7.222115229761897348e-01
7.157573238834666896e-01 7.219567279196049681e-01
7.166464787982318452e-01 7.217019823654261534e-01
7.175360944987174694e-01 7.214472863728532692e-01
7.184261712237016706e-01 7.211926400009998073e-01
7.193167092121151018e-01 7.209380433088746765e-01
7.202077087029832292e-01 7.206834963553996332e-01
7.210991699354847295e-01 7.204289991993926279e-01
7.219910931488924266e-01 7.201745518995839035e-01
7.228834785826259157e-01 7.199201545146020065e-01
7.237763264762278048e-01 7.196658071029793380e-01
7.246696370693443967e-01 7.194115097231585931e-01
7.255634106017734286e-01 7.191572624334786612e-01
7.264576473134096712e-01 7.189030652921899467e-01
7.273523474443002179e-01 7.186489183574389372e-01
7.282475112345876411e-01 7.183948216872843018e-01
7.291431389245681682e-01 7.181407753396801263e-01
7.300392307546339499e-01 7.178867793724925672e-01
7.309357869653294593e-01 7.176328338434834198e-01
7.318328077972962031e-01 7.173789388103259945e-01
7.327302934913213495e-01 7.171250943305913506e-01
7.336282442883172994e-01 7.168713004617540685e-01
7.345266604292990387e-01 7.166175572611984679e-01
7.354255421554354299e-01 7.163638647862039521e-01
7.363248897079925914e-01 7.161102230939615509e-01
7.372247033283891859e-01 7.158566322415577110e-01
7.381249832581402437e-01 7.156030922859902832e-01
7.390257297389153379e-01 7.153496032841520913e-01
7.399269430124804092e-01 7.150961652928476964e-01
7.408286233207481697e-01 7.148427783687782977e-01
7.417307709057563425e-01 7.145894425685486162e-01
7.426333860096470119e-01 7.143361579486725566e-01
7.435364688747165829e-01 7.140829245655585522e-01
7.444400197433576061e-01 7.138297424755267739e-01
7.453440388581176190e-01 7.135766117347920323e-01
7.462485264616407488e-01 7.133235323994799870e-01
7.471534827967261094e-01 7.130705045256112706e-01
7.480589081062687384e-01 7.128175281691176979e-01
7.489648026333199926e-01 7.125646033858252792e-01
7.498711666210271520e-01 7.123117302314713184e-01
7.507780003126853785e-01 7.120589087616899793e-01
7.516853039517157331e-01 7.118061390320175041e-01
7.525930777816451922e-01 7.115534210978993190e-01
7.535013220461532768e-01 7.113007550146754898e-01
7.544100369890192059e-01 7.110481408375963763e-01
7.553192228541758535e-01 7.107955786218072003e-01
7.562288798856553473e-01 7.105430684223634774e-01
7.571390083276428040e-01 7.102906102942154742e-01
7.580496084244234822e-01 7.100382042922237513e-01
7.589606804204289681e-01 7.097858504711452854e-01
7.598722245602183012e-01 7.095335488856394646e-01
7.607842410884559925e-01 7.092812995902741946e-01
7.616967302499613179e-01 7.090291026395115770e-01
7.626096922896521413e-01 7.087769580877241182e-01
7.635231274526024237e-01 7.085248659891782985e-01
7.644370359839836038e-01 7.082728263980513361e-01
7.653514181291229956e-01 7.080208393684142010e-01
7.662662741334462790e-01 7.077689049542484900e-01
7.671816042425365634e-01 7.075170232094294409e-01
7.680974087020728813e-01 7.072651941877429183e-01
7.690136877578850338e-01 7.070134179428704257e-01
7.699304416559296094e-01 7.067616945283959895e-01
7.708476706422695557e-01 7.065100239978114871e-01
7.717653749631234739e-01 7.062584064045025478e-01
7.726835548648085528e-01 7.060068418017655389e-01
7.736022105937998550e-01 7.057553302427898023e-01
7.745213423966694766e-01 7.055038717806754178e-01
7.754409505201473873e-01 7.052524664684163280e-01
7.763610352110623669e-01 7.050011143589157703e-01
7.772815967163924089e-01 7.047498155049737312e-01
7.782026352832436267e-01 7.044985699592913875e-01
7.791241511588291591e-01 7.042473777744777674e-01
7.800461445905177982e-01 7.039962390030363171e-01
7.809686158257793664e-01 7.037451536973796662e-01
7.818915651122388955e-01 7.034941219098146403e-01
7.828149926976226691e-01 7.032431436925573598e-01
7.837388988298128467e-01 7.029922190977181407e-01
7.846632837567921737e-01 7.027413481773169268e-01
7.855881477267006030e-01 7.024905309832669698e-01
7.865134909877766756e-01 7.022397675673919260e-01
7.874393137884105887e-01 7.019890579814104248e-01
7.883656163771206593e-01 7.017384022769431740e-01
7.892923990025328962e-01 7.014878005055183996e-01
7.902196619134302935e-01 7.012372527185579685e-01
7.911474053586957655e-01 7.009867589673932642e-01
7.920756295873714325e-01 7.007363193032494220e-01
7.930043348485980026e-01 7.004859337772609829e-01
7.939335213916749456e-01 7.002356024404563506e-01
7.948631894660020958e-01 6.999853253437731126e-01
7.957933393211298334e-01 6.997351025380447176e-01
7.967239712067386570e-01 6.994849340740059151e-01
7.976550853726152024e-01 6.992348200022991955e-01
7.985866820687066436e-01 6.989847603734603565e-01
7.995187615450585206e-01 6.987347552379348237e-01
8.004513240518766892e-01 6.984848046460615523e-01
8.013843698394669257e-01 6.982349086480886813e-01
8.023178991582933239e-01 6.979850672941583234e-01
8.032519122589212301e-01 6.977352806343217750e-01
8.041864093920756407e-01 6.974855487185237513e-01
8.051213908085805837e-01 6.972358715966184839e-01
8.060568567594135203e-01 6.969862493183557328e-01
8.069928074956811415e-01 6.967366819333866701e-01
8.079292432685987180e-01 6.964871694912697642e-01
8.088661643295413928e-01 6.962377120414569021e-01
8.098035709299835627e-01 6.959883096333098207e-01
8.107414633215617172e-01 6.957389623160832315e-01
8.116798417560113776e-01 6.954896701389413627e-01
8.126187064852292696e-01 6.952404331509418611e-01
8.135580577612118169e-01 6.949912514010521125e-01
8.144978958361093202e-01 6.947421249381344754e-01
8.154382209622026423e-01 6.944930538109529428e-01
8.163790333918812259e-01 6.942440380681786927e-01
8.173203333776939417e-01 6.939950777583767660e-01
8.182621211722915788e-01 6.937461729300212765e-01
8.192043970284859089e-01 6.934973236314797562e-01
8.201471611991901778e-01 6.932485299110291432e-01
8.210904139374770594e-01 6.929997918168400162e-01
8.220341554965218123e-01 6.927511093969921374e-01
8.229783861296600112e-01 6.925024826994589100e-01
8.239231060903298154e-01 6.922539117721228097e-01
8.248683156321217069e-01 6.920053966627619513e-01
8.258140150087582843e-01 6.917569374190560838e-01
8.267602044740711698e-01 6.915085340885919196e-01
8.277068842820536343e-01 6.912601867188501448e-01
8.286540546867999790e-01 6.910118953572205180e-01
8.296017159425670418e-01 6.907636600509862168e-01
8.305498683037126906e-01 6.905154808473401573e-01
8.314985120247568862e-01 6.902673577933686744e-01
8.324476473603219517e-01 6.900192909360671756e-01
8.333972745651831993e-01 6.897712803223270406e-01
8.343473938942500556e-01 6.895233259989408392e-01
8.352980056025398614e-01 6.892754280126089927e-01
8.362491099452327159e-01 6.890275864099250080e-01
8.372007071776115250e-01 6.887798012373919088e-01
8.381527975551206211e-01 6.885320725414064702e-01
8.391053813333064770e-01 6.882844003682752065e-01
8.400584587678792126e-01 6.880367847641977175e-01
8.410120301146508659e-01 6.877892257752832306e-01
8.419660956295955678e-01 6.875417234475349471e-01
8.429206555687906999e-01 6.872942778268650299e-01
8.438757101884688527e-01 6.870468889590818362e-01
8.448312597449945116e-01 6.867995568898951353e-01
8.457873044948442942e-01 6.865522816649219928e-01
8.467438446946558006e-01 6.863050633296735592e-01
8.477008806011707698e-01 6.860579019295703906e-01
8.486584124712936994e-01 6.858107975099267950e-01
8.496164405620323379e-01 6.855637501159665970e-01
8.505749651305571923e-01 6.853167597928077059e-01
8.515339864341429088e-01 6.850698265854772151e-01
8.524935047302188984e-01 6.848229505388983007e-01
8.534535202763486872e-01 6.845761316978961064e-01
8.544140333302068235e-01 6.843293701072028501e-01
8.553750441496303925e-01 6.840826658114452785e-01
8.563365529925619501e-01 6.838360188551593222e-01
8.572985601171061454e-01 6.835894292827749963e-01
8.582610657814715438e-01 6.833428971386323880e-01
8.592240702440312461e-01 6.830964224669651141e-01
8.601875737632618257e-01 6.828500053119166413e-01
8.611515765978035031e-01 6.826036457175247429e-01
8.621160790064015256e-01 6.823573437277365983e-01
8.630810812479563499e-01 6.821110993863958027e-01
8.640465835815034357e-01 6.818649127372476970e-01
8.650125862661903753e-01 6.816187838239454733e-01
8.659790895613284079e-01 6.813727126900365194e-01
8.669460937263331335e-01 6.811266993789781843e-01
8.679135990207844653e-01 6.808807439341221235e-01
8.688816057043677876e-01 6.806348463987297315e-01
8.698501140369321316e-01 6.803890068159565985e-01
8.708191242784313335e-01 6.801432252288684976e-01
8.717886366889764371e-01 6.798975016804273963e-01
8.727586515288139335e-01 6.796518362134975622e-01
8.737291690583013359e-01 6.794062288708512254e-01
8.747001895379626912e-01 6.791606796951550340e-01
8.756717132284261851e-01 6.789151887289855969e-01
8.766437403904849823e-01 6.786697560148142738e-01
8.776162712850377190e-01 6.784243815950223855e-01
8.785893061731477882e-01 6.781790655118858924e-01
8.795628453159844984e-01 6.779338078075908269e-01
8.805368889748819150e-01 6.776886085242180835e-01
8.815114374112802409e-01 6.774434677037582953e-01
8.824864908867766644e-01 6.771983853880991777e-01
8.834620496631047093e-01 6.769533616190308578e-01
8.844381140021111420e-01 6.767083964382516470e-01
8.854146841658081524e-01 6.764634898873547186e-01
8.863917604163131791e-01 6.762186420078437621e-01
8.873693430159101947e-01 6.759738528411173286e-01
8.883474322269886425e-01 6.757291224284840414e-01
8.893260283121049437e-01 6.754844508111477186e-01
8.903051315339203242e-01 6.752398380302228054e-01
8.912847421552549942e-01 6.749952841267203851e-01
8.922648604390661653e-01 6.747507891415543968e-01
8.932454866484234035e-01 6.745063531155477410e-01
8.942266210465636966e-01 6.742619760894179581e-01
8.952082638968303918e-01 6.740176581037934378e-01
8.961904154627324814e-01 6.737733991991979865e-01
8.971730760078866496e-01 6.735291994160657048e-01
8.981562457960754475e-01 6.732850587947263321e-01
8.991399250911877861e-01 6.730409773754201241e-01
9.001241141572808857e-01 6.727969551982826424e-01
9.011088132585163279e-01 6.725529923033607416e-01
9.020940226592175648e-01 6.723090887305982477e-01
9.030797426238443837e-01 6.720652445198419533e-01
9.040659734169698147e-01 6.718214597108482788e-01
9.050527153033349759e-01 6.715777343432689506e-01
9.060399685477884546e-01 6.713340684566665439e-01
9.070277334153458160e-01 6.710904620904993845e-01
9.080160101711294285e-01 6.708469152841372019e-01
9.090047990804301925e-01 6.706034280768448097e-01
9.099941004086453678e-01 6.703600005077985369e-01
9.109839144213325302e-01 6.701166326160727937e-01
9.119742413841878115e-01 6.698733244406451792e-01
9.129650815630212524e-01 6.696300760204024760e-01
9.139564352238112033e-01 6.693868873941278830e-01
9.149483026326437063e-01 6.691437586005156701e-01
9.159406840557731133e-01 6.689006896781561906e-01
9.169335797595610238e-01 6.686576806655514238e-01
9.179269900105382352e-01 6.684147316010992101e-01
9.189209150753419042e-01 6.681718425231091274e-01
9.199153552207797180e-01 6.679290134697869474e-01
9.209103107137650568e-01 6.676862444792500684e-01
9.219057818213740596e-01 6.674435355895139699e-01
9.229017688108203110e-01 6.672008868384985414e-01
9.238982719494337470e-01 6.669582982640330782e-01
9.248952915047130574e-01 6.667157699038436247e-01
9.258928277442644017e-01 6.664733017955680738e-01
9.268908809358649137e-01 6.662308939767406235e-01
9.278894513473971983e-01 6.659885464848078751e-01
9.288885392469159452e-01 6.657462593571126241e-01
9.298881449025828694e-01 6.655040326309098475e-01
9.308882685827215564e-01 6.652618663433532697e-01
9.318889105557952579e-01 6.650197605315012472e-01
9.328900710903822446e-01 6.647777152323220973e-01
9.338917504552322058e-01 6.645357304826811085e-01
9.348939489192020780e-01 6.642938063193558618e-01
9.358966667513195503e-01 6.640519427790212426e-01
9.368999042207206696e-01 6.638101398982639845e-01
9.379036615967124568e-01 6.635683977135682365e-01
9.389079391487087367e-01 6.633267162613309953e-01
9.399127371462969727e-01 6.630850955778454514e-01
9.409180558591698773e-01 6.628435356993186423e-01
9.419238955571858085e-01 6.626020366618557977e-01
9.429302565103419020e-01 6.623605985014678899e-01
9.439371389887520891e-01 6.621192212540761846e-01
9.449445432627014974e-01 6.618779049554998073e-01
9.459524696025836121e-01 6.616366496414706200e-01
9.469609182789637813e-01 6.613954553476181220e-01
9.479698895625161548e-01 6.611543221094845491e-01
9.489793837240869667e-01 6.609132499625101076e-01
9.499894010346303652e-01 6.606722389420479624e-01
9.509999417652656994e-01 6.604312890833510252e-01
9.520110061872519847e-01 6.601904004215776167e-01
9.530225945719650316e-01 6.599495729917975728e-01
9.540347071909540677e-01 6.597088068289784779e-01
9.550473443158753462e-01 6.594681019680016520e-01
9.560605062185596470e-01 6.592274584436460527e-01
9.570741931709463302e-01 6.589868762906042621e-01
9.580884054451466181e-01 6.587463555434672768e-01
9.591031433133816453e-01 6.585058962367393853e-01
9.601184070480457411e-01 6.582654984048234015e-01
9.611341969216413705e-01 6.580251620820357639e-01
9.621505132068370880e-01 6.577848873025931020e-01
9.631673561764426683e-01 6.575446741006185647e-01
9.641847261033855698e-01 6.573045225101469269e-01
9.652026232607657796e-01 6.570644325651117112e-01
9.662210479217931969e-01 6.568244042993605092e-01
9.672400003598518037e-01 6.565844377466395487e-01
9.682594808484350501e-01 6.563445329406090156e-01
9.692794896612093591e-01 6.561046899148285094e-01
9.703000270719517317e-01 6.558649087027712543e-01
9.713210933546050363e-01 6.556251893378115536e-01
9.723426887832540277e-01 6.553855318532306740e-01
9.733648136321011446e-01 6.551459362822220633e-01
9.743874681755231304e-01 6.549064026578786946e-01
9.754106526880077510e-01 6.546669310132074981e-01
9.764343674442150789e-01 6.544275213811153735e-01
9.774586127189177631e-01 6.541881737944233999e-01
9.784833887870612035e-01 6.539488882858525143e-01
9.795086959237016000e-01 6.537096648880380556e-01
9.805345344040705680e-01 6.534705036335151096e-01
9.815609045035096347e-01 6.532314045547337189e-01
9.825878064975270831e-01 6.529923676840452273e-01
9.836152406617737487e-01 6.527533930537089413e-01
9.846432072720199269e-01 6.525144806958970145e-01
9.856717066042106623e-01 6.522756306426813477e-01
9.867007389344011337e-01 6.520368429260493537e-01
9.877303045388226010e-01 6.517981175778884140e-01
9.887604036938171248e-01 6.515594546300013112e-01
9.897910366759026246e-01 6.513208541140909080e-01
9.908222037617064881e-01 6.510823160617755789e-01
9.918539052280255230e-01 6.508438405045758879e-01
9.928861413517993117e-01 6.506054274739205834e-01
9.939189124100860084e-01 6.503670770011519275e-01
9.949522186801207368e-01 6.501287891175129285e-01
9.959860604392487549e-01 6.498905638541624397e-01
9.970204379649934001e-01 6.496524012421596161e-01
9.980553515349868121e-01 6.494143013124801245e-01
9.990908014270396542e-01 6.491762640959998221e-01
1.000126787919072946e+00 6.489382896235112996e-01
1.001163311289185121e+00 6.487003779257074498e-01
1.002200371815584301e+00 6.484625290331980096e-01
1.003237969776649585e+00 6.482247429764952384e-01
1.004276105450903511e+00 6.479870197860203573e-01
1.005314779116986745e+00 6.477493594921092113e-01
1.006353991053720254e+00 6.475117621249988353e-01
1.007393741540033805e+00 6.472742277148426648e-01
1.008434030855036134e+00 6.470367562916959914e-01
1.009474859277947445e+00 6.467993478855305067e-01
1.010516227088165575e+00 6.465620025262195369e-01
1.011558134565199829e+00 6.463247202435535854e-01
1.012600581988729598e+00 6.460875010672263441e-01
1.013643569638578601e+00 6.458503450268411328e-01
1.014687097794691351e+00 6.456132521519165612e-01
1.015731166737190883e+00 6.453762224718728735e-01
1.016775776746310811e+00 6.451392560160480460e-01
1.017820928102464162e+00 6.449023528136816896e-01
1.018866621086176760e+00 6.446655128939309254e-01
1.019912855978151622e+00 6.444287362858551749e-01
1.020959633059204563e+00 6.441920230184317031e-01
1.022006952610330810e+00 6.439553731205395204e-01
1.023054814912636612e+00 6.437187866209757026e-01
1.024103220247400081e+00 6.434822635484419573e-01
1.025152168896044103e+00 6.432458039315498421e-01
1.026201661140113686e+00 6.430094077988270929e-01
1.027251697261331920e+00 6.427730751787043006e-01
1.028302277541534693e+00 6.425368060995299002e-01
1.029353402262738637e+00 6.423006005895554038e-01
1.030405071707070519e+00 6.420644586769507223e-01
1.031457286156839182e+00 6.418283803897883999e-01
1.032510045894465378e+00 6.415923657560597126e-01
1.033563351202541281e+00 6.413564148036610124e-01
1.034617202363805610e+00 6.411205275603995002e-01
1.035671599661118325e+00 6.408847040539989992e-01
1.036726543377519683e+00 6.406489443120869653e-01
1.037782033796163628e+00 6.404132483622096972e-01
1.038838071200382629e+00 6.401776162318167929e-01
1.039894655873625062e+00 6.399420479482769153e-01
1.040951788099516939e+00 6.397065435388628041e-01
1.042009468161799735e+00 6.394711030307655975e-01
1.043067696344394779e+00 6.392357264510812875e-01
1.044126472931337091e+00 6.390004138268243761e-01
1.045185798206833550e+00 6.387651651849155510e-01
1.046245672455239806e+00 6.385299805521873484e-01
1.047306095961031414e+00 6.382948599553899260e-01
1.048367069008866892e+00 6.380598034211777403e-01
1.049428591883518003e+00 6.378248109761247564e-01
1.050490664869937252e+00 6.375898826467097935e-01
1.051553288253192164e+00 6.373550184593308465e-01
1.052616462318530566e+00 6.371202184402913193e-01
1.053680187351314856e+00 6.368854826158142357e-01
1.054744463637081520e+00 6.366508110120290276e-01
1.055809291461513144e+00 6.364162036549780854e-01
1.056874671110416664e+00 6.361816605706220873e-01
1.057940602869780644e+00 6.359471817848264541e-01
1.059007087025706895e+00 6.357127673233774479e-01
1.060074123864480633e+00 6.354784172119660735e-01
1.061141713672501208e+00 6.352441314762042879e-01
1.062209856736350044e+00 6.350099101416091241e-01
1.063278553342723143e+00 6.347757532336185671e-01
1.064347803778499468e+00 6.345416607775760109e-01
1.065417608330672117e+00 6.343076327987459129e-01
1.066487967286409155e+00 6.340736693223001375e-01
1.067558880933026089e+00 6.338397703733241739e-01
1.068630349557963655e+00 6.336059359768225763e-01
1.069702373448844224e+00 6.333721661577060846e-01
1.070774952893405629e+00 6.331384609408062802e-01
1.071848088179568670e+00 6.329048203508617076e-01
1.072921779595370051e+00 6.326712444125315304e-01
1.073996027429028555e+00 6.324377331503817645e-01
1.075070831968878871e+00 6.322042865888999330e-01
1.076146193503431547e+00 6.319709047524818546e-01
1.077222112321345016e+00 6.317375876654377498e-01
1.078298588711402495e+00 6.315043353519976810e-01
1.079375622962571946e+00 6.312711478362983408e-01
1.080453215363935016e+00 6.310380251423987064e-01
1.081531366204758537e+00 6.308049672942647179e-01
1.082610075774425251e+00 6.305719743157843782e-01
1.083689344362501306e+00 6.303390462307528752e-01
1.084769172258669201e+00 6.301061830628877924e-01
1.085849559752795290e+00 6.298733848358140097e-01
1.086930507134862722e+00 6.296406515730789133e-01
1.088012014695030061e+00 6.294079832981392952e-01
1.089094082723605972e+00 6.291753800343673486e-01
1.090176711511024799e+00 6.289428418050556635e-01
1.091259901347904293e+00 6.287103686334051256e-01
1.092343652524979891e+00 6.284779605425391269e-01
1.093427965333170881e+00 6.282456175554893552e-01
1.094512840063514236e+00 6.280133396952105596e-01
1.095598277007231225e+00 6.277811269845654518e-01
1.096684276455659468e+00 6.275489794463402493e-01
1.097770838700314222e+00 6.273168971032312413e-01
1.098857964032860846e+00 6.270848799778507843e-01
1.099945652745090818e+00 6.268529280927327418e-01
1.101033905128980361e+00 6.266210414703200504e-01
1.102122721476624267e+00 6.263892201329784859e-01
1.103212102080300738e+00 6.261574641029834520e-01
1.104302047232407435e+00 6.259257734025339692e-01
1.105392557225526318e+00 6.256941480537379086e-01
1.106483632352357027e+00 6.254625880786273129e-01
1.107575272905785724e+00 6.252310934991435198e-01
1.108667479178814919e+00 6.249996643371519278e-01
1.109760251464626091e+00 6.247683006144291173e-01
1.110853590056551710e+00 6.245370023526689574e-01
1.111947495248050366e+00 6.243057695734874901e-01
1.113041967332768500e+00 6.240746022984107189e-01
1.114137006604468461e+00 6.238435005488891516e-01
1.115232613357100000e+00 6.236124643462834793e-01
1.116328787884731444e+00 6.233814937118785648e-01
1.117425530481616747e+00 6.231505886668701200e-01
1.118522841442129323e+00 6.229197492323780283e-01
1.119620721060819779e+00 6.226889754294351320e-01
1.120719169632391488e+00 6.224582672789913396e-01
1.121818187451676163e+00 6.222276248019201761e-01
1.122917774813690261e+00 6.219970480190060158e-01
1.124017932013570586e+00 6.217665369509581819e-01
1.125118659346640904e+00 6.215360916183971796e-01
1.126219957108343106e+00 6.213057120418686852e-01
1.127321825594307381e+00 6.210753982418296681e-01
1.128424265100282042e+00 6.208451502386626020e-01
1.129527275922203255e+00 6.206149680526612533e-01
1.130630858356126200e+00 6.203848517040455590e-01
1.131735012698285470e+00 6.201548012129480814e-01
1.132839739245069310e+00 6.199248165994205584e-01
1.133945038292992535e+00 6.196948978834390109e-01
1.135050910138760027e+00 6.194650450848911971e-01
1.136157355079193909e+00 6.192352582235909342e-01
1.137264373411306373e+00 6.190055373192643318e-01
1.138371965432228183e+00 6.187758823915635586e-01
1.139480131439278399e+00 6.185462934600532980e-01
1.140588871729895981e+00 6.183167705442248474e-01
1.141698186601699749e+00 6.180873136634831289e-01
1.142808076352463065e+00 6.178579228371533505e-01
1.143918541280087631e+00 6.176285980844854473e-01
1.145029581682663444e+00 6.173993394246420907e-01
1.146141197858401295e+00 6.171701468767130105e-01
1.147253390105701154e+00 6.169410204597007841e-01
1.148366158723081565e+00 6.167119601925353800e-01
1.149479504009252473e+00 6.164829660940593925e-01
1.150593426263042396e+00 6.162540381830434733e-01
1.151707925783470365e+00 6.160251764781711215e-01
1.152823002869674429e+00 6.157963809980534498e-01
1.153938657820975155e+00 6.155676517612167498e-01
1.155054890936847656e+00 6.153389887861083762e-01
1.156171702516895383e+00 6.151103920911014100e-01
1.157289092860913193e+00 6.148818616944826676e-01
1.158407062268815846e+00 6.146533976144674671e-01
1.159525611040708171e+00 6.144249998691846404e-01
1.160644739476816234e+00 6.141966684766912987e-01
1.161764447877555284e+00 6.139684034549589553e-01
1.162884736543463138e+00 6.137402048218874029e-01
1.164005605775257912e+00 6.135120725952926124e-01
1.165127055873815376e+00 6.132840067929120620e-01
1.166249087140139196e+00 6.130560074324100661e-01
1.167371699875424884e+00 6.128280745313658961e-01
1.168494894380988747e+00 6.126002081072875471e-01
1.169618670958338935e+00 6.123724081775976380e-01
1.170743029909103949e+00 6.121446747596483995e-01
1.171867971535104136e+00 6.119170078707064642e-01
1.172993496138280634e+00 6.116894075279685206e-01
1.174119604020767316e+00 6.114618737485459921e-01
1.175246295484818404e+00 6.112344065494796919e-01
1.176373570832871085e+00 6.110070059477281657e-01
1.177501430367520197e+00 6.107796719601719104e-01
1.178629874391490251e+00 6.105524046036200359e-01
1.179758903207698495e+00 6.103252038947970526e-01
1.180888517119182968e+00 6.100980698503574162e-01
1.182018716429174887e+00 6.098710024868717605e-01
1.183149501441026707e+00 6.096440018208405531e-01
1.184280872458284062e+00 6.094170678686807729e-01
1.185412829784613820e+00 6.091902006467394548e-01
1.186545373723867147e+00 6.089634001712819211e-01
1.187678504580052863e+00 6.087366664584968889e-01
1.188812222657310347e+00 6.085099995245019100e-01
1.189946528259972158e+00 6.082833993853311583e-01
1.191081421692492981e+00 6.080568660569499739e-01
1.192216903259521565e+00 6.078303995552400973e-01
1.193352973265827899e+00 6.076039998960145461e-01
1.194489632016376035e+00 6.073776670950034040e-01
1.195626879816252597e+00 6.071514011678678102e-01
1.196764716970737830e+00 6.069252021301863032e-01
1.197903143785234104e+00 6.066990699974686985e-01
1.199042160565328974e+00 6.064730047851442096e-01
1.200181767616768980e+00 6.062470065085663329e-01
1.201321965245432555e+00 6.060210751830188425e-01
1.202462753757390423e+00 6.057952108237031341e-01
1.203604133458837655e+00 6.055694134457524358e-01
1.204746104656164274e+00 6.053436830642181521e-01
1.205888667655882429e+00 6.051180196940832978e-01
1.207031822764698337e+00 6.048924233502497305e-01
1.208175570289443002e+00 6.046668940475510290e-01
1.209319910537132170e+00 6.044414318007411691e-01
1.210464843814941016e+00 6.042160366244994085e-01
1.211610370430176609e+00 6.039907085334361714e-01
1.212756490690340971e+00 6.037654475420803912e-01
1.213903204903061361e+00 6.035402536648935001e-01
1.215050513376157770e+00 6.033151269162562169e-01
1.216198416417576311e+00 6.030900673104819809e-01
1.217346914335456276e+00 6.028650748618035182e-01
1.218496007438063078e+00 6.026401495843864975e-01
1.219645696033855309e+00 6.024152914923160962e-01
1.220795980431417238e+00 6.021905005996106564e-01
1.221946860939519208e+00 6.019657769202098052e-01
1.223098337867092766e+00 6.017411204679800063e-01
1.224250411523200910e+00 6.015165312567191114e-01
1.225403082217103812e+00 6.012920093001453692e-01
1.226556350258185546e+00 6.010675546119105261e-01
1.227710215956026918e+00 6.008431672055863926e-01
1.228864679620332634e+00 6.006188470946788316e-01
1.230019741561004132e+00 6.003945942926139923e-01
1.231175402088067639e+00 6.001704088127522985e-01
1.232331661511736787e+00 5.999462906683761254e-01
1.233488520142386413e+00 5.997222398726955728e-01
1.234645978290524582e+00 5.994982564388533497e-01
1.235804036266856087e+00 5.992743403799132285e-01
1.236962694382211403e+00 5.990504917088733672e-01
1.238121952947618620e+00 5.988267104386528761e-01
1.239281812274229733e+00 5.986029965821060284e-01
1.240442272673394353e+00 5.983793501520080493e-01
1.241603334456587326e+00 5.981557711610695494e-01
1.242764997935482452e+00 5.979322596219222019e-01
1.243927263421876539e+00 5.977088155471331765e-01
1.245090131227756469e+00 5.974854389491930373e-01
1.246253601665271216e+00 5.972621298405205170e-01
1.247417675046702978e+00 5.970388882334689562e-01
1.248582351684533354e+00 5.968157141403127586e-01
1.249747631891368727e+00 5.965926075732628231e-01
1.250913515980014878e+00 5.963695685444517780e-01
1.252080004263401491e+00 5.961465970659484137e-01
1.253247097054658532e+00 5.959236931497436940e-01
1.254414794667040756e+00 5.957008568077649668e-01
1.255583097413993432e+00 5.954780880518636410e-01
1.256752005609123923e+00 5.952553868938208481e-01
1.257921519566174595e+00 5.950327533453523277e-01
1.259091639599086765e+00 5.948101874180966586e-01
1.260262366021928759e+00 5.945876891236291373e-01
1.261433699148966525e+00 5.943652584734481215e-01
1.262605639294594351e+00 5.941428954789889083e-01
1.263778186773404588e+00 5.939206001516101896e-01
1.264951341900117043e+00 5.936983725026072634e-01
1.266125104989649586e+00 5.934762125431993773e-01
1.267299476357048871e+00 5.932541202845429407e-01
1.268474456317550736e+00 5.930320957377196445e-01
1.269650045186554888e+00 5.928101389137417909e-01
1.270826243279596923e+00 5.925882498235577334e-01
1.272003050912412725e+00 5.923664284780397749e-01
1.273180468400864740e+00 5.921446748879978239e-01
1.274358496061016588e+00 5.919229890641661829e-01
1.275537134209057566e+00 5.917013710172172036e-01
1.276716383161379920e+00 5.914798207577471878e-01
1.277896243234500684e+00 5.912583382962912637e-01
1.279076714745129184e+00 5.910369236433103968e-01
1.280257798010139947e+00 5.908155768091973847e-01
1.281439493346542946e+00 5.905942978042816316e-01
1.282621801071549772e+00 5.903730866388174903e-01
1.283804721502499024e+00 5.901519433229981404e-01
1.284988254956931364e+00 5.899308678669418216e-01
1.286172401752514904e+00 5.897098602807056000e-01
1.287357162207119377e+00 5.894889205742718241e-01
1.288542536638741076e+00 5.892680487575622239e-01
1.289728525365580136e+00 5.890472448404237005e-01
1.290915128705963699e+00 5.888265088326427588e-01
1.292102346978409866e+00 5.886058407439332951e-01
1.293290180501605491e+00 5.883852405839415933e-01
1.294478629594371544e+00 5.881647083622524308e-01
1.295667694575732387e+00 5.879442440883759780e-01
1.296857375764841169e+00 5.877238477717625642e-01
1.298047673481052655e+00 5.875035194217889112e-01
1.299238588043850395e+00 5.872832590477714554e-01
1.300430119772921334e+00 5.870630666589532476e-01
1.301622268988079867e+00 5.868429422645174975e-01
1.302815036009334460e+00 5.866228858735759166e-01
1.304008421156858777e+00 5.864028974951736028e-01
1.305202424750965484e+00 5.861829771382947030e-01
1.306397047112170196e+00 5.859631248118502000e-01
1.307592288561116867e+00 5.857433405246919023e-01
1.308788149418653735e+00 5.855236242855985651e-01
1.309984630005757378e+00 5.853039761032903243e-01
1.311181730643607768e+00 5.850843959864141519e-01
1.312379451653514995e+00 5.848648839435586222e-01
1.313577793356992096e+00 5.846454399832398119e-01
1.314776756075681785e+00 5.844260641139147339e-01
1.315976340131420841e+00 5.842067563439704569e-01
1.317176545846214353e+00 5.839875166817284358e-01
1.318377373542205078e+00 5.837683451354503950e-01
1.319578823541739609e+00 5.835492417133256726e-01
1.320780896167295548e+00 5.833302064234857642e-01
1.321983591741554331e+00 5.831112392739906669e-01
1.323186910587326626e+00 5.828923402728419800e-01
1.324390853027629156e+00 5.826735094279701377e-01
1.325595419385607432e+00 5.824547467472478424e-01
1.326800609984602808e+00 5.822360522384779635e-01
1.328006425148124503e+00 5.820174259093991997e-01
1.329212865199821625e+00 5.817988677676910747e-01
1.330419930463547562e+00 5.815803778209623909e-01
1.331627621263285821e+00 5.813619560767643302e-01
1.332835937923227299e+00 5.811436025425773533e-01
1.334044880767691232e+00 5.809253172258252995e-01
1.335254450121203362e+00 5.807071001338608429e-01
1.336464646308419546e+00 5.804889512739803692e-01
1.337675469654202587e+00 5.802708706534094318e-01
1.338886920483545406e+00 5.800528582793176291e-01
1.340098999121636325e+00 5.798349141588053923e-01
1.341311705893834638e+00 5.796170382989104253e-01
1.342525041125638197e+00 5.793992307066121450e-01
1.343739005142751797e+00 5.791814913888201355e-01
1.344953598271011241e+00 5.789638203523880255e-01
1.346168820836458835e+00 5.787462176040998330e-01
1.347384673165268332e+00 5.785286831506833982e-01
1.348601155583819988e+00 5.783112169987972839e-01
1.349818268418625511e+00 5.780938191550445415e-01
1.351036011996394670e+00 5.778764896259603878e-01
1.352254386644005546e+00 5.776592284180178671e-01
1.353473392688478327e+00 5.774420355376328473e-01
1.354693030457040148e+00 5.772249109911523623e-01
1.355913300277049149e+00 5.770078547848683792e-01
1.357134202476071749e+00 5.767908669250036979e-01
1.358355737381805373e+00 5.765739474177267176e-01
1.359577905322157498e+00 5.763570962691368926e-01
1.360800706625164391e+00 5.761403134852790542e-01
1.362024141619072815e+00 5.759235990721296439e-01
1.363248210632259649e+00 5.757069530356105913e-01
1.364472913993302061e+00 5.754903753815774348e-01
1.365698252030947746e+00 5.752738661158244282e-01
1.366924225074083843e+00 5.750574252440898704e-01
1.368150833451808435e+00 5.748410527720444474e-01
1.369378077493351054e+00 5.746247487053044445e-01
1.370605957528149510e+00 5.744085130494187563e-01
1.371834473885775729e+00 5.741923458098824318e-01
1.373063626896009470e+00 5.739762469921229071e-01
1.374293416888762387e+00 5.737602166015142169e-01
1.375523844194148193e+00 5.735442546433646704e-01
1.376754909142448913e+00 5.733283611229224030e-01
1.377986612064091343e+00 5.731125360453807049e-01
1.379218953289710115e+00 5.728967794158654758e-01
1.380451933150073973e+00 5.726810912394499908e-01
1.381685551976160831e+00 5.724654715211403566e-01
1.382919810099081825e+00 5.722499202658900552e-01
1.384154707850158594e+00 5.720344374785859554e-01
1.385390245560846001e+00 5.718190231640620791e-01
1.386626423562808075e+00 5.716036773270863902e-01
1.387863242187842516e+00 5.713883999723743390e-01
1.389100701767949975e+00 5.711731911045764276e-01
1.390338802635299853e+00 5.709580507282847606e-01
1.391577545122207216e+00 5.707429788480370414e-01
1.392816929561197181e+00 5.705279754683051374e-01
1.394056956284928539e+00 5.703130405935090685e-01
1.395297625626270133e+00 5.700981742280034625e-01
1.396538937918226697e+00 5.698833763760904336e-01
1.397780893494013021e+00 5.696686470420074810e-01
1.399023492686976677e+00 5.694539862299399235e-01
1.400266735830670406e+00 5.692393939440099082e-01
1.401510623258816146e+00 5.690248701882812954e-01
1.402755155305281942e+00 5.688104149667645437e-01
1.404000332304146781e+00 5.685960282834058299e-01
1.405246154589624208e+00 5.683817101420997053e-01
1.406492622496140044e+00 5.681674605466762173e-01
1.407739736358254223e+00 5.679532795009145651e-01
1.408987496510738513e+00 5.677391670085293329e-01
1.410235903288499681e+00 5.675251230731844787e-01
1.411484957026658549e+00 5.673111476984794566e-01
1.412734658060467385e+00 5.670972408879635385e-01
1.413985006725383631e+00 5.668834026451232688e-01
1.415236003357039252e+00 5.666696329733883486e-01
1.416487648291208767e+00 5.664559318761364093e-01
1.417739941863880748e+00 5.662422993566811336e-01
1.418992884411179212e+00 5.660287354182864661e-01
1.420246476269440450e+00 5.658152400641527358e-01
1.421500717775137090e+00 5.656018132974302004e-01
1.422755609264955368e+00 5.653884551212058351e-01
1.424011151075715187e+00 5.651751655385170992e-01
1.425267343544441179e+00 5.649619445523400563e-01
1.426524187008333833e+00 5.647487921655941490e-01
1.427781681804737524e+00 5.645357083811480825e-01
1.429039828271211121e+00 5.643226932018076125e-01
1.430298626745449386e+00 5.641097466303294228e-01
1.431558077565361131e+00 5.638968686694073584e-01
1.432818181068991059e+00 5.636840593216864148e-01
1.434078937594598369e+00 5.634713185897491927e-01
1.435340347480578149e+00 5.632586464761294431e-01
1.436602411065539986e+00 5.630460429832986335e-01
1.437865128688230243e+00 5.628335081136796036e-01
1.439128500687600010e+00 5.626210418696351301e-01
1.440392527402775791e+00 5.624086442534724783e-01
1.441657209173030196e+00 5.621963152674491759e-01
1.442922546337852108e+00 5.619840549137610219e-01
1.444188539236865410e+00 5.617718631945555208e-01
1.445455188209911146e+00 5.615597401119187815e-01
1.446722493596964920e+00 5.613476856678888405e-01
1.447990455738219939e+00 5.611356998644427829e-01
1.449259074974004857e+00 5.609237827035096213e-01
1.450528351644855718e+00 5.607119341869589713e-01
1.451798286091483536e+00 5.605001543166063804e-01
1.453068878654746765e+00 5.602884430942181027e-01
1.454340129675721016e+00 5.600768005214997736e-01
1.455612039495616905e+00 5.598652266001094002e-01
1.456884608455864427e+00 5.596537213316448156e-01
1.458157836898028137e+00 5.594422847176564462e-01
1.459431725163891080e+00 5.592309167596345443e-01
1.460706273595372640e+00 5.590196174590223999e-01
1.461981482534610244e+00 5.588083868172032398e-01
1.463257352323877214e+00 5.585972248355134395e-01
1.464533883305655149e+00 5.583861315152310878e-01
1.465811075822603726e+00 5.581751068575810937e-01
1.467088930217529175e+00 5.579641508637402936e-01
1.468367446833456214e+00 5.577532635348260159e-01
1.469646626013545454e+00 5.575424448719089598e-01
1.470926468101178664e+00 5.573316948760006495e-01
1.472206973439872169e+00 5.571210135480666459e-01
1.473488142373362564e+00 5.569104008890131130e-01
1.474769975245523224e+00 5.566998568997003627e-01
1.476052472400436688e+00 5.564893815809310862e-01
1.477335634182364021e+00 5.562789749334561273e-01
1.478619460935712837e+00 5.560686369579789234e-01
1.479903953005111461e+00 5.558583676551437369e-01
1.481189110735325443e+00 5.556481670255500882e-01
1.482474934471339711e+00 5.554380350697386559e-01
1.483761424558276865e+00 5.552279717882045995e-01
1.485048581341480212e+00 5.550179771813853469e-01
1.486336405166430730e+00 5.548080512496729177e-01
1.487624896378828332e+00 5.545981939934010452e-01
1.488914055324512375e+00 5.543884054128592753e-01
1.490203882349531828e+00 5.541786855082799779e-01
1.491494377800114624e+00 5.539690342798448963e-01
1.492785542022637912e+00 5.537594517276894779e-01
1.494077375363699112e+00 5.535499378518912161e-01
1.495369878170033751e+00 5.533404926524837508e-01
1.496663050788599403e+00 5.531311161294427681e-01
1.497956893566490866e+00 5.529218082826999892e-01
1.499251406851024537e+00 5.527125691121299589e-01
1.500546590989656259e+00 5.525033986175631462e-01
1.501842446330052372e+00 5.522942967987745089e-01
1.503138973220058627e+00 5.520852636554888226e-01
1.504436172007670880e+00 5.518762991873854551e-01
1.505734043041107029e+00 5.516674033940868194e-01
1.507032586668723084e+00 5.514585762751720299e-01
1.508331803239097102e+00 5.512498178301635798e-01
1.509631693100947469e+00 5.510411280585406635e-01
1.510932256603213730e+00 5.508325069597258539e-01
1.512233494094974873e+00 5.506239545330988694e-01
1.513535405925532373e+00 5.504154707779831401e-01
1.514837992444327597e+00 5.502070556936592416e-01
1.516141254001013738e+00 5.499987092793531263e-01
1.517445190945425182e+00 5.497904315342416748e-01
1.518749803627546413e+00 5.495822224574573589e-01
1.520055092397584851e+00 5.493740820480770282e-01
1.521361057605889133e+00 5.491660103051347885e-01
1.522667699603028169e+00 5.489580072276096789e-01
1.523975018739713860e+00 5.487500728144379947e-01
1.525283015366879269e+00 5.485422070645008530e-01
1.526591689835600008e+00 5.483344099766375157e-01
1.527901042497162631e+00 5.481266815496333988e-01
1.529211073703036217e+00 5.479190217822256237e-01
1.530521783804842162e+00 5.477114306731079019e-01
1.531833173154424355e+00 5.475039082209187669e-01
1.533145242103767458e+00 5.472964544242555629e-01
1.534457991005080402e+00 5.470890692816606782e-01
1.535771420210714222e+00 5.468817527916350896e-01
1.537085530073241557e+00 5.466745049526255951e-01
1.538400320945378486e+00 5.464673257630371372e-01
1.539715793180064463e+00 5.462602152212210349e-01
1.541031947130380164e+00 5.460531733254869735e-01
1.542348783149621205e+00 5.458462000740924580e-01
1.543666301591265722e+00 5.456392954652476979e-01
1.544984502808942839e+00 5.454324594971201590e-01
1.546303387156508613e+00 5.452256921678236834e-01
1.547622954987959876e+00 5.450189934754313681e-01
1.548943206657518168e+00 5.448123634179627972e-01
1.550264142519547139e+00 5.446058019933970318e-01
1.551585762928636480e+00 5.443993091996598421e-01
1.552908068239516659e+00 5.441928850346365865e-01
1.554231058807133969e+00 5.439865294961612197e-01
1.555554734986619891e+00 5.437802425820208452e-01
1.556879097133255563e+00 5.435740242899611552e-01
1.558204145602550827e+00 5.433678746176746621e-01
1.559529880750157194e+00 5.431617935628143545e-01
1.560856302931951767e+00 5.429557811229803743e-01
1.562183412503954205e+00 5.427498372957330064e-01
1.563511209822411097e+00 5.425439620785803552e-01
1.564839695243711581e+00 5.423381554689907791e-01
1.566168869124471730e+00 5.421324174643802341e-01
1.567498731821449720e+00 5.419267480621257072e-01
1.568829283691620446e+00 5.417211472595533372e-01
1.570160525092143988e+00 5.415156150539438551e-01
1.571492456380333635e+00 5.413101514425372462e-01
1.572825077913730052e+00 5.411047564225216489e-01
1.574158390050017786e+00 5.408994299910462322e-01
1.575492393147107428e+00 5.406941721452088734e-01
1.576827087563054342e+00 5.404889828820681474e-01
1.578162473656140374e+00 5.402838621986317813e-01
1.579498551784791704e+00 5.400788100918684220e-01
1.580835322307652113e+00 5.398738265586975338e-01
1.582172785583550123e+00 5.396689115959935057e-01
1.583510941971469688e+00 5.394640652005908699e-01
1.584849791830622578e+00 5.392592873692731992e-01
1.586189335520364008e+00 5.390545780987860969e-01
1.587529573400278338e+00 5.388499373858242070e-01
1.588870505830093816e+00 5.386453652270443149e-01
1.590212133169767839e+00 5.384408616190525798e-01
1.591554455779400357e+00 5.382364265584175245e-01
1.592897474019323134e+00 5.380320600416568233e-01
1.594241188250009156e+00 5.378277620652512914e-01
1.595585598832152563e+00 5.376235326256324498e-01
1.596930706126632682e+00 5.374193717191884101e-01
1.598276510494484715e+00 5.372152793422680928e-01
1.599623012296974345e+00 5.370112554911706804e-01
1.600970211895509809e+00 5.368073001621582740e-01
1.602318109651731159e+00 5.366034133514430149e-01
1.603666705927422775e+00 5.363995950552001846e-01
1.605016001084597743e+00 5.361958452695553268e-01
1.606365995485416143e+00 5.359921639905973478e-01
1.607716689492256990e+00 5.357885512143674145e-01
1.609068083467686705e+00 5.355850069368632838e-01
1.610420177774428030e+00 5.353815311540451871e-01
1.611772972775433743e+00 5.351781238618239511e-01
1.613126468833802285e+00 5.349747850560738760e-01
1.614480666312864354e+00 5.347715147326205232e-01
1.615835565576093646e+00 5.345683128872532608e-01
1.617191166987197448e+00 5.343651795157127182e-01
1.618547470910026931e+00 5.341621146137032206e-01
1.619904477708665524e+00 5.339591181768807981e-01
1.621262187747342320e+00 5.337561902008656212e-01
1.622620601390507122e+00 5.335533306812311194e-01
1.623979719002799360e+00 5.333505396135082011e-01
1.625339540949013895e+00 5.331478169931913591e-01
1.626700067594179178e+00 5.329451628157264587e-01
1.628061299303468434e+00 5.327425770765240598e-01
1.629423236442287148e+00 5.325400597709469830e-01
1.630785879376189129e+00 5.323376108943224105e-01
1.632149228470959113e+00 5.321352304419298962e-01
1.633513284092527051e+00 5.319329184090142437e-01
1.634878046607047608e+00 5.317306747907738496e-01
1.636243516380863738e+00 5.315284995823660319e-01
1.637609693780475162e+00 5.313263927789118046e-01
1.638976579172616077e+00 5.311243543754846641e-01
1.640344172924167676e+00 5.309223843671235787e-01
1.641712475402242521e+00 5.307204827488204435e-01
1.643081486974102834e+00 5.305186495155327364e-01
1.644451208007242204e+00 5.303168846621705290e-01
1.645821638869302994e+00 5.301151881836101420e-01
1.647192779928159823e+00 5.299135600746806007e-01
1.648564631551836079e+00 5.297120003301772906e-01
1.649937194108577199e+00 5.295105089448503000e-01
1.651310467966821349e+00 5.293090859134091941e-01
1.652684453495162131e+00 5.291077312305285663e-01
1.654059151062429844e+00 5.289064448908366023e-01
1.655434561037602670e+00 5.287052268889272932e-01
1.656810683789891492e+00 5.285040772193488889e-01
1.658187519688656852e+00 5.283029958766162215e-01
1.659565069103493329e+00 5.281019828551977158e-01
1.660943332404143824e+00 5.279010381495284898e-01
1.662322309960575506e+00 5.277001617539996969e-01
1.663702002142947389e+00 5.274993536629626334e-01
1.665082409321577028e+00 5.272986138707341786e-01
1.666463531867017789e+00 5.270979423715856926e-01
1.667845370149972695e+00 5.268973391597551181e-01
1.669227924541377917e+00 5.266968042294356556e-01
1.670611195412320615e+00 5.264963375747870877e-01
1.671995183134121987e+00 5.262959391899245665e-01
1.673379888078254218e+00 5.260956090689300479e-01
1.674765310616424419e+00 5.258953472058408574e-01
1.676151451120487135e+00 5.256951535946616794e-01
1.677538309962525620e+00 5.254950282293538999e-01
1.678925887514813198e+00 5.252949711038404912e-01
1.680314184149784840e+00 5.250949822120103416e-01
1.681703200240111773e+00 5.248950615477081527e-01
1.683092936158613995e+00 5.246952091047460964e-01
1.684483392278350422e+00 5.244954248768922689e-01
1.685874568972526966e+00 5.242957088578826808e-01
1.687266466614588900e+00 5.240960610414092669e-01
1.688659085578129382e+00 5.238964814211320986e-01
1.690052426236969385e+00 5.236969699906686149e-01
1.691446488965123951e+00 5.234975267435986179e-01
1.692841274136766661e+00 5.232981516734688254e-01
1.694236782126311791e+00 5.230988447737822122e-01
1.695633013308322390e+00 5.228996060380101119e-01
1.697029968057598648e+00 5.227004354595806701e-01
1.698427646749093078e+00 5.225013330318903915e-01
1.699826049757995339e+00 5.223022987482924817e-01
1.701225177459644300e+00 5.221033326021092824e-01
1.702625030229620418e+00 5.219044345866197254e-01
1.704025608443651585e+00 5.217056046950718784e-01
1.705426912477695289e+00 5.215068429206719536e-01
1.706828942707903973e+00 5.213081492565896369e-01
1.708231699510590840e+00 5.211095236959623067e-01
1.709635183262308900e+00 5.209109662318847089e-01
1.711039394339762154e+00 5.207124768574205032e-01
1.712444333119893081e+00 5.205140555655912715e-01
1.713849999979796923e+00 5.203157023493879541e-01
1.715256395296807845e+00 5.201174172017591912e-01
1.716663519448410113e+00 5.199192001156230925e-01
1.718071372812319364e+00 5.197210510838573549e-01
1.719479955766444412e+00 5.195229700993031496e-01
1.720889268688857943e+00 5.193249571547705612e-01
1.722299311957873336e+00 5.191270122430271527e-01
1.723710085951954518e+00 5.189291353568111775e-01
1.725121591049806558e+00 5.187313264888185893e-01
1.726533827630286400e+00 5.185335856317159209e-01
1.727946796072491686e+00 5.183359127781277387e-01
1.729360496755671939e+00 5.181383079206492992e-01
1.730774930059317818e+00 5.179407710518342256e-01
1.732190096363072307e+00 5.177433021642069422e-01
1.733605996046807984e+00 5.175459012502515721e-01
1.735022629490595047e+00 5.173485683024174886e-01
1.736439997074666675e+00 5.171513033131233117e-01
1.737858099179497184e+00 5.169541062747462501e-01
1.739276936185714995e+00 5.167569771796347577e-01
1.740696508474188775e+00 5.165599160200960993e-01
1.742116816425941295e+00 5.163629227884091177e-01
1.743537860422236907e+00 5.161659974768114667e-01
1.744959640844492288e+00 5.159691400775124892e-01
1.746382158074355928e+00 5.157723505826820043e-01
1.747805412493673494e+00 5.155756289844556362e-01
1.749229404484456740e+00 5.153789752749386999e-01
1.750654134428957676e+00 5.151823894461965425e-01
1.752079602709582851e+00 5.149858714902658674e-01
1.753505809708982177e+00 5.147894213991432988e-01
1.754932755809958778e+00 5.145930391647973723e-01
1.756360441395557803e+00 5.143967247791565445e-01
1.757788866848980280e+00 5.142004782341211833e-01
1.759218032553669264e+00 5.140042995215517996e-01
1.760647938893221021e+00 5.138081886332811488e-01
1.762078586251465850e+00 5.136121455611036835e-01
1.763509975012432562e+00 5.134161702967798835e-01
1.764942105560313390e+00 5.132202628320419180e-01
1.766374978279548369e+00 5.130244231585814330e-01
1.767808593554727636e+00 5.128286512680637621e-01
1.769242951770688688e+00 5.126329471521138270e-01
1.770678053312422229e+00 5.124373108023297929e-01
1.772113898565163659e+00 5.122417422102705231e-01
1.773550487914302032e+00 5.120462413674680136e-01
1.774987821745462213e+00 5.118508082654161795e-01
1.776425900444467132e+00 5.116554428955764067e-01
1.777864724397305363e+00 5.114601452493813261e-01
1.779304293990212393e+00 5.112649153182252659e-01
1.780744609609577367e+00 5.110697530934753541e-01
1.782185671642035452e+00 5.108746585664601936e-01
1.783627480474376803e+00 5.106796317284818532e-01
1.785070036493637158e+00 5.104846725708037658e-01
1.786513340087008128e+00 5.102897810846630522e-01
1.787957391641926908e+00 5.100949572612584193e-01
1.789402191545984788e+00 5.099002010917621508e-01
1.790847740187010650e+00 5.097055125673103371e-01
1.792294037953032326e+00 5.095108916790062059e-01
1.793741085232245513e+00 5.093163384179260067e-01
1.795188882413091491e+00 5.091218527751077971e-01
1.796637429884169634e+00 5.089274347415634336e-01
1.798086728034323567e+00 5.087330843082676912e-01
1.799536777252554121e+00 5.085388014661690326e-01
1.800987577928109928e+00 5.083445862061780618e-01
1.802439130450394167e+00 5.081504385191804030e-01
1.803891435209047156e+00 5.079563583960253759e-01
1.805344492593911276e+00 5.077623458275304369e-01
1.806798302994995886e+00 5.075684008044868412e-01
1.808252866802559033e+00 5.073745233176480962e-01
1.809708184407014642e+00 5.071807133577427296e-01
1.811164256199024436e+00 5.069869709154618542e-01
1.812621082569407349e+00 5.067932959814718252e-01
1.814078663909231004e+00 5.065996885464016941e-01
1.815537000609719342e+00 5.064061486008558655e-01
1.816996093062344553e+00 5.062126761354016624e-01
1.818455941658736474e+00 5.060192711405815391e-01
1.819916546790762535e+00 5.058259336069033107e-01
1.821377908850491778e+00 5.056326635248434842e-01
1.822840028230163778e+00 5.054394608848528092e-01
1.824302905322266355e+00 5.052463256773455091e-01
1.825766540519444980e+00 5.050532578927116045e-01
1.827230934214594260e+00 5.048602575213043675e-01
1.828696086800767340e+00 5.046673245534532004e-01
1.830161998671265611e+00 5.044744589794510903e-01
1.831628670219550337e+00 5.042816607895668213e-01
1.833096101839318148e+00 5.040889299740349827e-01
1.834564293924473066e+00 5.038962665230597437e-01
1.836033246869086533e+00 5.037036704268202936e-01
1.837502961067480900e+00 5.035111416754599611e-01
1.838973436914137061e+00 5.033186802590978726e-01
1.840444674803785929e+00 5.031262861678178488e-01
1.841916675131316961e+00 5.029339593916800633e-01
1.843389438291870519e+00 5.027416999207092729e-01
1.844862964680746398e+00 5.025495077449063652e-01
1.846337254693493524e+00 5.023573828542371444e-01
1.847812308725821140e+00 5.021653252386442112e-01
1.849288127173677410e+00 5.019733348880360824e-01
1.850764710433216997e+00 5.017814117922922978e-01
1.852242058900762878e+00 5.015895559412678617e-01
1.853720172972892488e+00 5.013977673247824729e-01
1.855199053046340030e+00 5.012060459326331818e-01
1.856678699518093723e+00 5.010143917545818448e-01
1.858159112785298994e+00 5.008228047803677807e-01
1.859640293245354403e+00 5.006312849996954473e-01
1.861122241295818824e+00 5.004398324022466538e-01
1.862604957334491385e+00 5.002484469776699028e-01
1.864088441759377712e+00 5.000571287155854971e-01
1.865572694968653078e+00 4.998658776055895370e-01
1.867057717360748548e+00 4.996746936372437609e-01
1.868543509334252395e+00 4.994835768000877030e-01
1.870030071288007800e+00 4.992925270836264806e-01
1.871517403621016928e+00 4.991015444773432286e-01
1.873005506732536851e+00 4.989106289706867758e-01
1.874494381021982736e+00 4.987197805530840244e-01
1.875984026889024658e+00 4.985289992139279036e-01
1.877474444733493897e+00 4.983382849425893046e-01
1.878965634955462427e+00 4.981476377284070334e-01
1.880457597955210058e+00 4.979570575606918625e-01
1.881950334133189795e+00 4.977665444287315277e-01
1.883443843890108216e+00 4.975760983217801248e-01
1.884938127626832216e+00 4.973857192290702667e-01
1.886433185744484042e+00 4.971954071398008712e-01
1.887929018644347146e+00 4.970051620431496509e-01
1.889425626727959440e+00 4.968149839282609004e-01
1.890923010397019599e+00 4.966248727842575983e-01
1.892421170053470547e+00 4.964348286002310262e-01
1.893920106099462597e+00 4.962448513652453763e-01
1.895419818937320144e+00 4.960549410683421923e-01
1.896920308969622493e+00 4.958650976985300995e-01
1.898421576599110594e+00 4.956753212447967405e-01
1.899923622228780751e+00 4.954856116960970613e-01
1.901426446261793135e+00 4.952959690413647476e-01
1.902930049101560606e+00 4.951063932695012881e-01
1.904434431151660778e+00 4.949168843693871334e-01
1.905939592815926176e+00 4.947274423298704260e-01
1.907445534498351414e+00 4.945380671397785477e-01
1.908952256603176689e+00 4.943487587879080158e-01
1.910459759534851365e+00 4.941595172630290356e-01
1.911968043697997999e+00 4.939703425538898851e-01
1.913477109497497608e+00 4.937812346492065907e-01
1.914986957338392859e+00 4.935921935376749725e-01
1.916497587625983545e+00 4.934032192079589318e-01
1.918009000765732441e+00 4.932143116487019974e-01
1.919521197163360782e+00 4.930254708485158344e-01
1.921034177224750117e+00 4.928366967959924572e-01
1.922547941356030687e+00 4.926479894796930159e-01
1.924062489963541456e+00 4.924593488881533476e-01
1.925577823453796356e+00 4.922707750098878066e-01
1.927093942233569113e+00 4.920822678333791056e-01
1.928610846709795101e+00 4.918938273470904732e-01
1.930128537289669044e+00 4.917054535394534964e-01
1.931647014380547756e+00 4.915171463988805001e-01
1.933166278390048287e+00 4.913289059137521675e-01
1.934686329725950671e+00 4.911407320724301417e-01
1.936207168796294731e+00 4.909526248632444245e-01
1.937728796009282384e+00 4.907645842745061437e-01
1.939251211773363792e+00 4.905766102944967844e-01
1.940774416497201837e+00 4.903887029114726293e-01
1.942298410589633040e+00 4.902008621136695332e-01
1.943823194459755488e+00 4.900130878892924313e-01
1.945348768516830695e+00 4.898253802265273293e-01
1.946875133170380412e+00 4.896377391135296464e-01
1.948402288830090257e+00 4.894501645384356503e-01
1.949930235905906972e+00 4.892626564893514107e-01
1.951458974807941171e+00 4.890752149543639571e-01
1.952988505946551268e+00 4.888878399215316750e-01
1.954518829732309282e+00 4.887005313788882477e-01
1.956049946575964871e+00 4.885132893144473742e-01
1.957581856888526151e+00 4.883261137161927223e-01
1.959114561081167771e+00 4.881390045720893078e-01
1.960648059565326840e+00 4.879519618700721151e-01
1.962182352752602110e+00 4.877649855980580873e-01
1.963717441054856572e+00 4.875780757439337476e-01
1.965253324884117525e+00 4.873912322955679111e-01
1.966790004652674728e+00 4.872044552407991946e-01
1.968327480772982252e+00 4.870177445674485073e-01
1.969865753657743745e+00 4.868311002633083362e-01
1.971404823719879129e+00 4.866445223161473543e-01
1.972944691372483739e+00 4.864580107137150833e-01
1.974485357028916255e+00 4.862715654437314017e-01
1.976026821102700559e+00 4.860851864938985356e-01
1.977569084007624767e+00 4.858988738518892903e-01
1.979112146157641305e+00 4.857126275053588738e-01
1.980656007966965948e+00 4.855264474419333509e-01
1.982200669849982333e+00 4.853403336492209674e-01
1.983746132221321901e+00 4.851542861148028796e-01
1.985292395495834583e+00 4.849683048262364848e-01
1.986839460088546172e+00 4.847823897710607510e-01
1.988387326414748024e+00 4.845965409367855026e-01
1.989935994889896254e+00 4.844107583109036885e-01
1.991485465929712984e+00 4.842250418808790591e-01
1.993035739950085539e+00 4.840393916341586000e-01
1.994586817367165033e+00 4.838538075581607090e-01
1.996138698597272221e+00 4.836682896402863530e-01
1.997691384056988984e+00 4.834828378679085215e-01
1.999244874163066843e+00 4.832974522283831065e-01
2.000799169332508676e+00 4.831121327090389661e-01
2.002354269982533630e+00 4.829268792971826429e-01
2.003910176530540266e+00 4.827416919801025275e-01
2.005466889394193597e+00 4.825565707450585329e-01
2.007024408991323394e+00 4.823715155792944742e-01
2.008582735740028991e+00 4.821865264700256892e-01
2.010141870058573144e+00 4.820016034044513620e-01
2.011701812365487729e+00 4.818167463697425323e-01
2.013262563079470269e+00 4.816319553530540865e-01
2.014824122619472746e+00 4.814472303415143761e-01
2.016386491404665193e+00 4.812625713222298818e-01
2.017949669854397055e+00 4.810779782822894313e-01
2.019513658388283783e+00 4.808934512087543744e-01
2.021078457426110031e+00 4.807089900886698519e-01
2.022644067387927347e+00 4.805245949090535262e-01
2.024210488693954701e+00 4.803402656569071283e-01
2.025777721764678851e+00 4.801560023192052440e-01
2.027345767020755307e+00 4.799718048829062500e-01
2.028914624883106477e+00 4.797876733349416001e-01
2.030484295772823522e+00 4.796036076622270383e-01
2.032054780111253400e+00 4.794196078516523851e-01
2.033626078319960229e+00 4.792356738900863111e-01
2.035198190820691533e+00 4.790518057643805561e-01
2.036771118035460848e+00 4.788680034613597702e-01
2.038344860386451352e+00 4.786842669678334494e-01
2.039919418296115783e+00 4.785005962705838889e-01
2.041494792187075191e+00 4.783169913563785069e-01
2.043070982482218412e+00 4.781334522119577990e-01
2.044647989604606586e+00 4.779499788240469393e-01
2.046225813977553987e+00 4.777665711793462333e-01
2.047804456024596931e+00 4.775832292645351695e-01
2.049383916169452036e+00 4.773999530662765833e-01
2.050964194836106369e+00 4.772167425712070532e-01
2.052545292448716641e+00 4.770335977659482252e-01
2.054127209431709566e+00 4.768505186370955995e-01
2.055709946209681060e+00 4.766675051712296884e-01
2.057293503207497487e+00 4.764845573549049140e-01
2.058877880850195297e+00 4.763016751746611543e-01
2.060463079563081834e+00 4.761188586170119752e-01
2.062049099771634086e+00 4.759361076684566760e-01
2.063635941901587501e+00 4.757534223154698538e-01
2.065223606378897347e+00 4.755708025445060660e-01
2.066812093629703195e+00 4.753882483420039384e-01
2.068401404080415507e+00 4.752057596943765061e-01
2.069991538157614386e+00 4.750233365880223713e-01
2.071582496288151720e+00 4.748409790093146010e-01
2.073174278899051259e+00 4.746586869446121071e-01
2.074766886417607203e+00 4.744764603802480996e-01
2.076360319271285615e+00 4.742942993025419662e-01
2.077954577887811460e+00 4.741122036977890586e-01
2.079549662695131307e+00 4.739301735522648551e-01
2.081145574121376463e+00 4.737482088522299017e-01
2.082742312594948242e+00 4.735663095839193204e-01
2.084339878544423375e+00 4.733844757335542996e-01
2.085938272398647708e+00 4.732027072873311035e-01
2.087537494586639841e+00 4.730210042314323959e-01
2.089137545537692375e+00 4.728393665520155831e-01
2.090738425681268886e+00 4.726577942352247486e-01
2.092340135447105176e+00 4.724762872671790515e-01
2.093942675265110687e+00 4.722948456339839951e-01
2.095546045565455540e+00 4.721134693217219902e-01
2.097150246778531457e+00 4.719321583164561851e-01
2.098755279334916679e+00 4.717509126042351841e-01
2.100361143665462560e+00 4.715697321710830003e-01
2.101967840201192317e+00 4.713886170030103795e-01
2.103575369373404946e+00 4.712075670860034760e-01
2.105183731613570419e+00 4.710265824060356210e-01
2.106792927353435374e+00 4.708456629490555545e-01
2.108402957024916535e+00 4.706648087009991377e-01
2.110013821060195305e+00 4.704840196477793057e-01
2.111625519891674241e+00 4.703032957752906751e-01
2.113238053951944639e+00 4.701226370694132628e-01
2.114851423673871356e+00 4.699420435160033271e-01
2.116465629490491995e+00 4.697615151009042478e-01
2.118080671835121720e+00 4.695810518099354791e-01
2.119696551141246665e+00 4.694006536289039300e-01
2.121313267842630967e+00 4.692203205435924174e-01
2.122930822373211512e+00 4.690400525397713793e-01
2.124549215167200078e+00 4.688598496031876617e-01
2.126168446658984745e+00 4.686797117195753981e-01
2.127788517283214276e+00 4.684996388746467955e-01
2.129409427474764360e+00 4.683196310540958529e-01
2.131031177668698984e+00 4.681396882436030804e-01
2.132653768300354802e+00 4.679598104288253957e-01
2.134277199805246994e+00 4.677799975954077261e-01
2.135901472619165631e+00 4.676002497289713511e-01
2.137526587178074866e+00 4.674205668151258375e-01
2.139152543918217297e+00 4.672409488394573818e-01
2.140779343276010049e+00 4.670613957875399680e-01
2.142406985688135368e+00 4.668819076449262084e-01
2.144035471591500208e+00 4.667024843971511183e-01
2.145664801423200263e+00 4.665231260297363902e-01
2.147294975620609669e+00 4.663438325281809571e-01
2.148925994621277535e+00 4.661646038779718171e-01
2.150557858863030525e+00 4.659854400645733197e-01
2.152190568783871161e+00 4.658063410734380461e-01
2.153824124822080854e+00 4.656273068899959289e-01
2.155458527416116876e+00 4.654483374996651879e-01
2.157093777004713164e+00 4.652694328878417829e-01
2.158729874026781292e+00 4.650905930399099608e-01
2.160366818921499732e+00 4.649118179412328189e-01
2.162004612128272552e+00 4.647331075771566899e-01
2.163643254086693446e+00 4.645544619330151948e-01
2.165282745236636774e+00 4.643758809941195831e-01
2.166923086018151423e+00 4.641973647457699470e-01
2.168564276871566943e+00 4.640189131732441186e-01
2.170206318237389631e+00 4.638405262618087721e-01
2.171849210556404675e+00 4.636622039967085995e-01
2.173492954269575783e+00 4.634839463631771350e-01
2.175137549818131344e+00 4.633057533464273736e-01
2.176782997643532003e+00 4.631276249316557680e-01
2.178429298187424479e+00 4.629495611040466696e-01
2.180076451891738820e+00 4.627715618487624472e-01
2.181724459198581378e+00 4.625936271509547559e-01
2.183373320550339169e+00 4.624157569957535463e-01
2.185023036389577289e+00 4.622379513682779995e-01
2.186673607159141941e+00 4.620602102536256472e-01
2.188325033302056521e+00 4.618825336368835299e-01
2.189977315261625535e+00 4.617049215031171494e-01
2.191630453481332452e+00 4.615273738373814050e-01
2.193284448404929421e+00 4.613498906247112119e-01
2.194939300476396848e+00 4.611724718501256093e-01
2.196595010139908766e+00 4.609951174986319233e-01
2.198251577839919868e+00 4.608178275552159975e-01
2.199909004021062042e+00 4.606406020048539052e-01
2.201567289128252725e+00 4.604634408325000705e-01
2.203226433606585211e+00 4.602863440230989256e-01
2.204886437901436569e+00 4.601093115615738638e-01
2.206547302458362392e+00 4.599323434328382865e-01
2.208209027723188722e+00 4.597554396217856665e-01
2.209871614141972085e+00 4.595786001132944332e-01
2.211535062160960408e+00 4.594018248922315806e-01
2.213199372226687611e+00 4.592251139434430640e-01
2.214864544785863032e+00 4.590484672517654019e-01
2.216530580285483332e+00 4.588718848020140739e-01
2.218197479172721920e+00 4.586953665789949564e-01
2.219865241895037755e+00 4.585189125674933308e-01
2.221533868900069653e+00 4.583425227522847090e-01
2.223203360635738868e+00 4.581661971181242854e-01
2.224873717550147845e+00 4.579899356497575957e-01
2.226544940091670366e+00 4.578137383319109688e-01
2.228217028708912917e+00 4.576376051492960784e-01
2.229889983850673829e+00 4.574615360866137181e-01
2.231563805966037872e+00 4.572855311285443092e-01
2.233238495504269228e+00 4.571095902597591132e-01
2.234914052914918958e+00 4.569337134649090748e-01
2.236590478647714431e+00 4.567579007286361459e-01
2.238267773152674778e+00 4.565821520355617946e-01
2.239945936879994548e+00 4.564064673702988295e-01
2.241624970280142737e+00 4.562308467174411297e-01
2.243304873803823263e+00 4.560552900615680860e-01
2.244985647901932779e+00 4.558797973872488751e-01
2.246667293025653933e+00 4.557043686790326897e-01
2.248349809626350559e+00 4.555290039214600628e-01
2.250033198155674263e+00 4.553537030990514878e-01
2.251717459065456506e+00 4.551784661963189094e-01
2.253402592807817406e+00 4.550032931977542883e-01
2.255088599835056495e+00 4.548281840878411475e-01
2.256775480599762407e+00 4.546531388510434701e-01
2.258463235554703630e+00 4.544781574718164685e-01
2.260151865152925321e+00 4.543032399345971473e-01
2.261841369847705785e+00 4.541283862238088553e-01
2.263531750092517392e+00 4.539535963238648941e-01
2.265223006341123835e+00 4.537788702191591916e-01
2.266915139047467775e+00 4.536042078940774047e-01
2.268608148665781865e+00 4.534296093329858723e-01
2.270302035650480388e+00 4.532550745202426623e-01
2.271996800456267174e+00 4.530806034401866356e-01
2.273692443538026353e+00 4.529061960771486595e-01
2.275388965350920500e+00 4.527318524154415047e-01
2.277086366350346669e+00 4.525575724393647858e-01
2.278784646991897311e+00 4.523833561332084030e-01
2.280483807731455315e+00 4.522092034812434935e-01
2.282183849025086975e+00 4.520351144677330346e-01
2.283884771329145913e+00 4.518610890769214627e-01
2.285586575100171824e+00 4.516871272930449988e-01
2.287289260794991730e+00 4.515132291003213227e-01
2.288992828870618723e+00 4.513393944829602322e-01
2.290697279784354112e+00 4.511656234251528175e-01
2.292402613993682170e+00 4.509919159110826747e-01
2.294108831956366945e+00 4.508182719249158588e-01
2.295815934130407854e+00 4.506446914508056012e-01
2.297523920974002376e+00 4.504711744728961409e-01
2.299232792945637538e+00 4.502977209753132870e-01
2.300942550503986439e+00 4.501243309421751881e-01
2.302653194108011725e+00 4.499510043575819518e-01
2.304364724216861227e+00 4.497777412056259694e-01
2.306077141289974985e+00 4.496045414703815357e-01
2.307790445786974676e+00 4.494314051359156736e-01
2.309504638167764412e+00 4.492583321862784751e-01
2.311219718892483677e+00 4.490853226055073755e-01
2.312935688421470903e+00 4.489123763776313170e-01
2.314652547215357181e+00 4.487394934866611451e-01
2.316370295734957896e+00 4.485666739166007111e-01
2.318088934441381976e+00 4.483939176514357694e-01
2.319808463795923537e+00 4.482212246751449691e-01
2.321528884260167569e+00 4.480485949716894178e-01
2.323250196295886916e+00 4.478760285250230622e-01
2.324972400365146630e+00 4.477035253190820852e-01
2.326695496930196505e+00 4.475310853377958420e-01
2.328419486453567444e+00 4.473587085650773676e-01
2.330144369398030157e+00 4.471863949848275399e-01
2.331870146226553864e+00 4.470141445809390213e-01
2.333596817402401769e+00 4.468419573372870435e-01
2.335324383389024039e+00 4.466698332377400105e-01
2.337052844650164385e+00 4.464977722661490622e-01
2.338782201649752146e+00 4.463257744063587884e-01
2.340512454852011981e+00 4.461538396421961816e-01
2.342243604721355066e+00 4.459819679574819618e-01
2.343975651722474129e+00 4.458101593360206949e-01
2.345708596320302153e+00 4.456384137616052898e-01
2.347442438979971513e+00 4.454667312180209393e-01
2.349177180166912571e+00 4.452951116890355721e-01
2.350912820346739540e+00 4.451235551584108441e-01
2.352649359985364619e+00 4.449520616098913695e-01
2.354386799548885190e+00 4.447806310272156560e-01
2.356125139503695731e+00 4.446092633941050032e-01
2.357864380316377684e+00 4.444379586942747706e-01
2.359604522453809139e+00 4.442667169114232761e-01
2.361345566383056038e+00 4.440955380292428423e-01
2.363087512571464988e+00 4.439244220314104150e-01
2.364830361486626842e+00 4.437533689015915050e-01
2.366574113596333628e+00 4.435823786234441846e-01
2.368318769368674026e+00 4.434114511806099834e-01
2.370064329271924564e+00 4.432405865567247139e-01
2.371810793774660198e+00 4.430697847354072572e-01
2.373558163345641514e+00 4.428990457002710546e-01
2.375306438453930191e+00 4.427283694349126719e-01
2.377055619568772205e+00 4.425577559229234015e-01
2.378805707159701743e+00 4.423872051478789924e-01
2.380556701696494137e+00 4.422167170933445357e-01
2.382308603649126777e+00 4.420462917428780725e-01
2.384061413487876813e+00 4.418759290800212125e-01
2.385815131683209689e+00 4.417056290883102365e-01
2.387569758705889278e+00 4.415353917512651050e-01
2.389325295026868190e+00 4.413652170524003937e-01
2.391081741117398796e+00 4.411951049752145249e-01
2.392839097448922647e+00 4.410250555032004804e-01
2.394597364493180169e+00 4.408550686198352553e-01
2.396356542722101413e+00 4.406851443085905706e-01
2.398116632607902421e+00 4.405152825529235483e-01
2.399877634623043487e+00 4.403454833362805965e-01
2.401639549240189631e+00 4.401757466421017395e-01
2.403402376932303852e+00 4.400060724538111812e-01
2.405166118172541001e+00 4.398364607548277405e-01
2.406930773434356574e+00 4.396669115285549156e-01
2.408696343191393474e+00 4.394974247583908200e-01
2.410462827917598361e+00 4.393280004277180240e-01
2.412230228087106632e+00 4.391586385199141573e-01
2.413998544174341454e+00 4.389893390183424726e-01
2.415767776653971577e+00 4.388201019063561747e-01
2.417537926000869586e+00 4.386509271673021404e-01
2.419308992690211380e+00 4.384818147845118141e-01
2.421080977197361150e+00 4.383127647413119221e-01
2.422853879997988180e+00 4.381437770210135918e-01
2.424627701567949156e+00 4.379748516069236208e-01
2.426402442383405411e+00 4.378059884823330972e-01
2.428178102920708792e+00 4.376371876305286679e-01
2.429954683656512682e+00 4.374684490347817700e-01
2.431732185067663199e+00 4.372997726783592332e-01
2.433510607631294675e+00 4.371311585445140091e-01
2.435289951824788801e+00 4.369626066164893352e-01
2.437070218125733767e+00 4.367941168775226202e-01
2.438851407012018857e+00 4.366256893108361736e-01
2.440633518961726978e+00 4.364573238996480864e-01
2.442416554453243904e+00 4.362890206271614058e-01
2.444200513965148147e+00 4.361207794765747936e-01
2.445985397976321085e+00 4.359526004310721459e-01
2.447771206965837720e+00 4.357844834738330841e-01
2.449557941413061268e+00 4.356164285880236853e-01
2.451345601797605855e+00 4.354484357568006447e-01
2.453134188599290333e+00 4.352805049633151624e-01
2.454923702298239085e+00 4.351126361907037832e-01
2.456714143374768344e+00 4.349448294220989997e-01
2.458505512309500318e+00 4.347770846406185385e-01
2.460297809583250395e+00 4.346094018293762962e-01
2.462091035677137274e+00 4.344417809714717360e-01
2.463885191072475500e+00 4.342742220500001027e-01
2.465680276250884262e+00 4.341067250480423745e-01
2.467476291694174151e+00 4.339392899486756994e-01
2.469273237884451078e+00 4.337719167349640137e-01
2.471071115304067867e+00 4.336046053899624275e-01
2.472869924435586064e+00 4.334373558967207218e-01
2.474669665761875414e+00 4.332701682382745223e-01
2.476470339765996620e+00 4.331030423976557908e-01
2.478271946931319025e+00 4.329359783578823340e-01
2.480074487741404710e+00 4.327689761019682391e-01
2.481877962680124394e+00 4.326020356129134936e-01
2.483682372231541535e+00 4.324351568737146989e-01
2.485487716880013576e+00 4.322683398673555777e-01
2.487293997110149757e+00 4.321015845768110264e-01
2.489101213406766266e+00 4.319348909850514451e-01
2.490909366254988377e+00 4.317682590750330784e-01
2.492718456140136318e+00 4.316016888297088960e-01
2.494528483547836739e+00 4.314351802320179896e-01
2.496339448963913910e+00 4.312687332648961203e-01
2.498151352874498521e+00 4.311023479112653378e-01
2.499964195765916219e+00 4.309360241540444725e-01
2.501777978124803514e+00 4.307697619761384211e-01
2.503592700437990981e+00 4.306035613604491386e-01
2.505408363192603627e+00 4.304374222898660896e-01
2.507224966876020922e+00 4.302713447472705233e-01
2.509042511975829282e+00 4.301053287155393035e-01
2.510860998979926872e+00 4.299393741775356936e-01
2.512680428376407704e+00 4.297734811161199042e-01
2.514500800653673984e+00 4.296076495141387674e-01
2.516322116300326872e+00 4.294418793544361179e-01
2.518144375805273949e+00 4.292761706198425786e-01
2.519967579657623080e+00 4.291105232931855529e-01
2.521791728346776118e+00 4.289449373572808422e-01
2.523616822362388934e+00 4.287794127949358103e-01
2.525442862194327898e+00 4.286139495889541573e-01
2.527269848332772018e+00 4.284485477221258720e-01
2.529097781268094369e+00 4.282832071772387228e-01
2.530926661490983332e+00 4.281179279370669888e-01
2.532756489492319130e+00 4.279527099843825622e-01
2.534587265763298625e+00 4.277875533019440124e-01
2.536418990795313189e+00 4.276224578725074665e-01
2.538251665080067276e+00 4.274574236788160064e-01
2.540085289109461186e+00 4.272924507036103270e-01
2.541919863375695421e+00 4.271275389296192992e-01
2.543755388371224502e+00 4.269626883395642447e-01
2.545591864588713893e+00 4.267978989161628212e-01
2.547429292521143918e+00 4.266331706421196412e-01
2.549267672661691631e+00 4.264685035001371527e-01
2.551107005503848058e+00 4.263038974729049246e-01
2.552947291541301400e+00 4.261393525431103058e-01
2.554788531268053386e+00 4.259748686934279327e-01
2.556630725178305585e+00 4.258104459065301661e-01
2.558473873766556217e+00 4.256460841650782090e-01
2.560317977527562405e+00 4.254817834517257147e-01
2.562163036956293549e+00 4.253175437491228394e-01
2.564009052548032574e+00 4.251533650399074715e-01
2.565856024798261803e+00 4.249892473067152787e-01
2.567703954202778860e+00 4.248251905321693833e-01
2.569552841257578102e+00 4.246611946988910757e-01
2.571402686458972742e+00 4.244972597894891564e-01
2.573253490303471391e+00 4.243333857865704828e-01
2.575105253287900187e+00 4.241695726727296445e-01
2.576957975909284215e+00 4.240058204305592326e-01
2.578811658664948769e+00 4.238421290426410137e-01
2.580666302052478489e+00 4.236784984915497043e-01
2.582521906569670289e+00 4.235149287598568013e-01
2.584378472714639940e+00 4.233514198301218112e-01
2.586236000985699945e+00 4.231879716849024642e-01
2.588094491881482551e+00 4.230245843067443889e-01
2.589953945900817622e+00 4.228612576781913823e-01
2.591814363542852551e+00 4.226979917817754728e-01
2.593675745306935454e+00 4.225347866000269681e-01
2.595538091692715987e+00 4.223716421154655176e-01
2.597401403200105374e+00 4.222085583106039985e-01
2.599265680329226669e+00 4.220455351679525124e-01
2.601130923580522225e+00 4.218825726700093370e-01
2.602997133454636902e+00 4.217196707992710292e-01
2.604864310452529086e+00 4.215568295382228214e-01
2.606732455075362775e+00 4.213940488693481146e-01
2.608601567824617717e+00 4.212313287751188740e-01
2.610471649201975719e+00 4.210686692380054552e-01
2.612342699709437444e+00 4.209060702404667231e-01
2.614214719849205171e+00 4.207435317649602102e-01
2.616087710123782717e+00 4.205810537939331795e-01
2.617961671035939908e+00 4.204186363098264545e-01
2.619836603088657068e+00 4.202562792950783055e-01
2.621712506785237373e+00 4.200939827321157338e-01
2.623589382629186062e+00 4.199317466033641866e-01
2.625467231124326339e+00 4.197695708912380641e-01
2.627346052774685248e+00 4.196074555781505455e-01
2.629225848084609574e+00 4.194454006465033191e-01
2.631106617558647720e+00 4.192834060786972405e-01
2.632988361701654068e+00 4.191214718571229514e-01
2.634871081018745897e+00 4.189595979641652090e-01
2.636754776015255874e+00 4.187977843822062729e-01
2.638639447196840404e+00 4.186360310936172446e-01
2.640525095069355288e+00 4.184743380807685043e-01
2.642411720138981401e+00 4.183127053260191075e-01
2.644299322912098571e+00 4.181511328117273885e-01
2.646187903895413474e+00 4.179896205202404680e-01
2.648077463595829961e+00 4.178281684339049118e-01
2.649968002520579624e+00 4.176667765350559614e-01
2.651859521177093892e+00 4.175054448060282475e-01
2.653752020073112838e+00 4.173441732291468531e-01
2.655645499716640767e+00 4.171829617867309770e-01
2.657539960615898700e+00 4.170218104610977083e-01
2.659435403279431398e+00 4.168607192345536450e-01
2.661331828215987017e+00 4.166996880894044963e-01
2.663229235934638783e+00 4.165387170079452028e-01
2.665127626944662431e+00 4.163778059724702607e-01
2.667027001755657434e+00 4.162169549652633971e-01
2.668927360877428878e+00 4.160561639686078395e-01
2.670828704820088717e+00 4.158954329647774339e-01
2.672731034094015357e+00 4.157347619360403645e-01
2.674634349209805695e+00 4.155741508646633164e-01
2.676538650678381259e+00 4.154135997329022612e-01
2.678443939010868746e+00 4.152531085230128927e-01
2.680350214718718593e+00 4.150926772172404133e-01
2.682257478313588628e+00 4.149323057978295259e-01
2.684165730307459530e+00 4.147719942470146637e-01
2.686074971212517593e+00 4.146117425470299822e-01
2.687985201541276847e+00 4.144515506800990901e-01
2.689896421806453386e+00 4.142914186284456513e-01
2.691808632521076827e+00 4.141313463742840040e-01
2.693721834198441023e+00 4.139713338998235459e-01
2.695636027352062314e+00 4.138113811872718428e-01
2.697551212495782114e+00 4.136514882188267461e-01
2.699467390143647005e+00 4.134916549766855520e-01
2.701384560810032198e+00 4.133318814430357313e-01
2.703302725009518959e+00 4.131721676000645327e-01
2.705221883257014515e+00 4.130125134299490464e-01
2.707142036067632151e+00 4.128529189148666401e-01
2.709063183956799126e+00 4.126933840369856332e-01
2.710985327440209147e+00 4.125339087784694048e-01
2.712908467033777082e+00 4.123744931214802789e-01
2.714832603253747312e+00 4.122151370481705324e-01
2.716757736616568497e+00 4.120558405406925528e-01
2.718683867639019258e+00 4.118966035811889581e-01
2.720610996838086493e+00 4.117374261518023659e-01
2.722539124731083504e+00 4.115783082346656796e-01
2.724468251835532318e+00 4.114192498119120245e-01
2.726398378669283584e+00 4.112602508656647005e-01
2.728329505750394901e+00 4.111013113780473960e-01
2.730261633597239168e+00 4.109424313311750843e-01
2.732194762728456183e+00 4.107836107071584086e-01
2.734128893662911342e+00 4.106248494881067357e-01
2.736064026919797776e+00 4.104661476561201616e-01
2.738000163018516453e+00 4.103075051932990047e-01
2.739937302478801406e+00 4.101489220817338133e-01
2.741875445820591839e+00 4.099903983035159682e-01
2.743814593564158688e+00 4.098319338407270807e-01
2.745754746229981169e+00 4.096735286754494831e-01
2.747695904338854245e+00 4.095151827897570151e-01
2.749638068411843772e+00 4.093568961657191307e-01
2.751581238970236765e+00 4.091986687854048954e-01
2.753525416535656412e+00 4.090405006308735492e-01
2.755470601629929739e+00 4.088823916841853867e-01
2.757416794775218172e+00 4.087243419273910994e-01
2.759363996493893634e+00 4.085663513425421001e-01
2.761312207308657118e+00 4.084084199116806424e-01
2.763261427742421894e+00 4.082505476168494796e-01
2.765211658318431631e+00 4.080927344400824830e-01
2.767162899560140055e+00 4.079349803634140237e-01
2.769115151991318857e+00 4.077772853688707011e-01
2.771068416136011514e+00 4.076196494384747293e-01
2.773022692518485322e+00 4.074620725542482669e-01
2.774977981663343307e+00 4.073045546982040355e-01
2.776934284095397221e+00 4.071470958523559225e-01
2.778891600339790546e+00 4.069896959987087670e-01
2.780849930921881263e+00 4.068323551192682408e-01
2.782809276367358642e+00 4.066750731960309673e-01
2.784769637202122894e+00 4.065178502109947356e-01
2.786731013952393088e+00 4.063606861461496744e-01
2.788693407144663183e+00 4.062035809834816935e-01
2.790656817305650517e+00 4.060465347049768137e-01
2.792621244962408600e+00 4.058895472926122294e-01
2.794586690642202331e+00 4.057326187283659680e-01
2.796553154872630564e+00 4.055757489942075633e-01
2.798520638181506648e+00 4.054189380721074931e-01
2.800489141096976553e+00 4.052621859440275198e-01
2.802458664147397638e+00 4.051054925919307936e-01
2.804429207861465656e+00 4.049488579977715830e-01
2.806400772768085972e+00 4.047922821435055440e-01
2.808373359396486357e+00 4.046357650110807280e-01
2.810346968276167701e+00 4.044793065824417999e-01
2.812321599936858707e+00 4.043229068395332582e-01
2.814297254908626034e+00 4.041665657642912191e-01
2.816273933721746836e+00 4.040102833386530756e-01
2.818251636906837110e+00 4.038540595445477832e-01
2.820230364994723349e+00 4.036978943639056849e-01
2.822210118516572663e+00 4.035417877786485197e-01
2.824190898003762218e+00 4.033857397706998027e-01
2.826172703987993362e+00 4.032297503219754442e-01
2.828155537001241004e+00 4.030738194143883568e-01
2.830139397575710536e+00 4.029179470298515087e-01
2.832124286243945743e+00 4.027621331502694302e-01
2.834110203538701800e+00 4.026063777575485392e-01
2.836097149993074495e+00 4.024506808335867047e-01
2.838085126140372783e+00 4.022950423602835723e-01
2.840074132514244010e+00 4.021394623195305162e-01
2.842064169648551797e+00 4.019839406932203540e-01
2.844055238077495051e+00 4.018284774632381318e-01
2.846047338335490728e+00 4.016730726114701722e-01
2.848040470957275971e+00 4.015177261197964143e-01
2.850034636477869476e+00 4.013624379700930778e-01
2.852029835432516425e+00 4.012072081442371596e-01
2.854026068356804391e+00 4.010520366240976631e-01
2.856023335786533224e+00 4.008969233915454233e-01
2.858021638257847385e+00 4.007418684284430044e-01
2.860020976307101837e+00 4.005868717166551352e-01
2.862021350470994818e+00 4.004319332380384955e-01
2.864022761286439511e+00 4.002770529744514860e-01
2.866025209290675058e+00 4.001222309077460682e-01
2.868028695021217267e+00 3.999674670197712056e-01
2.870033219015814208e+00 3.998127612923764174e-01
2.872038781812557673e+00 3.996581137074035062e-01
2.874045383949750843e+00 3.995035242466963288e-01
2.876053025966042842e+00 3.993489928920909149e-01
2.878061708400297292e+00 3.991945196254252370e-01
2.880071431791719760e+00 3.990401044285297738e-01
2.882082196679733421e+00 3.988857472832368356e-01
2.884094003604103396e+00 3.987314481713711278e-01
2.886106853104811520e+00 3.985772070747595763e-01
2.888120745722165594e+00 3.984230239752226677e-01
2.890135681996755412e+00 3.982688988545781128e-01
2.892151662469403028e+00 3.981148316946444554e-01
2.894168687681272889e+00 3.979608224772330227e-01
2.896186758173747489e+00 3.978068711841570293e-01
2.898205874488552602e+00 3.976529777972224733e-01
2.900226037167633386e+00 3.974991422982372402e-01
2.902247246753275611e+00 3.973453646690022212e-01
2.904269503787986650e+00 3.971916448913201392e-01
2.906292808814598949e+00 3.970379829469878885e-01
2.908317162376228726e+00 3.968843788177996990e-01
2.910342565016226235e+00 3.967308324855509105e-01
2.912369017278284566e+00 3.965773439320295912e-01
2.914396519706316635e+00 3.964239131390261406e-01
2.916425072844580857e+00 3.962705400883237972e-01
2.918454677237554140e+00 3.961172247617079645e-01
2.920485333430058006e+00 3.959639671409571626e-01
2.922517041967133355e+00 3.958107672078521877e-01
2.924549803394167480e+00 3.956576249441665083e-01
2.926583618256767938e+00 3.955045403316764796e-01
2.928618487100868695e+00 3.953515133521521840e-01
2.930654410472691485e+00 3.951985439873614836e-01
2.932691388918690301e+00 3.950456322190737946e-01
2.934729422985667302e+00 3.948927780290511502e-01
2.936768513220642696e+00 3.947399813990585815e-01
2.938808660170986187e+00 3.945872423108536808e-01
2.940849864384285528e+00 3.944345607461969272e-01
2.942892126408477527e+00 3.942819366868418052e-01
2.944935446791717926e+00 3.941293701145443529e-01
2.946979826082494647e+00 3.939768610110551128e-01
2.949025264829580717e+00 3.938244093581221850e-01
2.951071763581984531e+00 3.936720151374955567e-01
2.953119322889062648e+00 3.935196783309182766e-01
2.955167943300395450e+00 3.933673989201358356e-01
2.957217625365907043e+00 3.932151768868873409e-01
2.959268369635746687e+00 3.930630122129143977e-01
2.961320176660411363e+00 3.929109048799521164e-01
2.963373046990617876e+00 3.927588548697382720e-01
2.965426981177435639e+00 3.926068621640039225e-01
2.967481979772152556e+00 3.924549267444830125e-01
2.969538043326392707e+00 3.923030485929039357e-01
2.971595172392063056e+00 3.921512276909935313e-01
2.973653367521312596e+00 3.919994640204800262e-01
2.975712629266636267e+00 3.918477575630851528e-01
2.977772958180753715e+00 3.916961083005336408e-01
2.979834354816735864e+00 3.915445162145436142e-01
2.981896819727873016e+00 3.913929812868363056e-01
2.983960353467809412e+00 3.912415034991262308e-01
2.986024956590410451e+00 3.910900828331311807e-01
2.988090629649877261e+00 3.909387192705634506e-01
2.990157373200697855e+00 3.907874127931338371e-01
2.992225187797600050e+00 3.906361633825548574e-01
2.994294073995662941e+00 3.904849710205326452e-01
2.996364032350187223e+00 3.903338356887767757e-01
2.998435063416831081e+00 3.901827573689898854e-01
3.000507167751468529e+00 3.900317360428783853e-01
3.002580345910333293e+00 3.898807716921419142e-01
3.004654598449879366e+00 3.897298642984834416e-01
3.006729925926912017e+00 3.895790138435997751e-01
3.008806328898464777e+00 3.894282203091908312e-01
3.010883807921904243e+00 3.892774836769514746e-01
3.012962363554890111e+00 3.891268039285752378e-01
3.015041996355317444e+00 3.889761810457575963e-01
3.017122706881440131e+00 3.888256150101878639e-01
3.019204495691733214e+00 3.886751058035587958e-01
3.021287363345026122e+00 3.885246534075569302e-01
3.023371310400375656e+00 3.883742578038721360e-01
3.025456337417191222e+00 3.882239189741882313e-01
3.027542444955106937e+00 3.880736369001924202e-01
3.029629633574096204e+00 3.879234115635671887e-01
3.031717903834422856e+00 3.877732429459934127e-01
3.033807256296592314e+00 3.876231310291544663e-01
3.035897691521465269e+00 3.874730757947276172e-01
3.037989210070127122e+00 3.873230772243937414e-01
3.040081812504022096e+00 3.871731352998276643e-01
3.042175499384815573e+00 3.870232500027077083e-01
3.044270271274534423e+00 3.868734213147064227e-01
3.046366128735426670e+00 3.867236492174997431e-01
3.048463072330100943e+00 3.865739336927577763e-01
3.050561102621389686e+00 3.864242747221543484e-01
3.052660220172466410e+00 3.862746722873585115e-01
3.054760425546796831e+00 3.861251263700382075e-01
3.056861719308090919e+00 3.859756369518639318e-01
3.058964102020413911e+00 3.858262040145002958e-01
3.061067574248058420e+00 3.856768275396157408e-01
3.063172136555675884e+00 3.855275075088727688e-01
3.065277789508144224e+00 3.853782439039377672e-01
3.067384533670701074e+00 3.852290367064712950e-01
3.069492369608808779e+00 3.850798858981378525e-01
3.071601297888274296e+00 3.849307914605971659e-01
3.073711319075195014e+00 3.847817533755083508e-01
3.075822433735917016e+00 3.846327716245327988e-01
3.077934642437140766e+00 3.844838461893267390e-01
3.080047945745796767e+00 3.843349770515496755e-01
3.082162344229176121e+00 3.841861641928561166e-01
3.084277838454795528e+00 3.840374075949040122e-01
3.086394428990534955e+00 3.838887072393459832e-01
3.088512116404499075e+00 3.837400631078385915e-01
3.090630901265157604e+00 3.835914751820326818e-01
3.092750784141202303e+00 3.834429434435832618e-01
3.094871765601675762e+00 3.832944678741409539e-01
3.096993846215911894e+00 3.831460484553556589e-01
3.099117026553489751e+00 3.829976851688801642e-01
3.101241307184352536e+00 3.828493779963617061e-01
3.103366688678669050e+00 3.827011269194516840e-01
3.105493171606974023e+00 3.825529319197959466e-01
3.107620756540026008e+00 3.824047929790447276e-01
3.109749444048951261e+00 3.822567100788425432e-01
3.111879234705102526e+00 3.821086832008382950e-01
3.114010129080178046e+00 3.819607123266766102e-01
3.116142127746174495e+00 3.818127974380015610e-01
3.118275231275334569e+00 3.816649385164602171e-01
3.120409440240262455e+00 3.815171355436943190e-01
3.122544755213794154e+00 3.813693885013499929e-01
3.124681176769128044e+00 3.812216973710679802e-01
3.126818705479692539e+00 3.810740621344931855e-01
3.128957341919282875e+00 3.809264827732654068e-01
3.131097086661921658e+00 3.807789592690288272e-01
3.133237940281996536e+00 3.806314916034221896e-01
3.135379903354126974e+00 3.804840797580888445e-01
3.137522976453278822e+00 3.803367237146679236e-01
3.139667160154718140e+00 3.801894234547983364e-01
3.141812455033957008e+00 3.800421789601220457e-01
3.143958861666873439e+00 3.798949902122761846e-01
3.146106380629576371e+00 3.797478571929017721e-01
3.148255012498540673e+00 3.796007798836353309e-01
3.150404757850472137e+00 3.794537582661174913e-01
3.152555617262445153e+00 3.793067923219839432e-01
3.154707591311763260e+00 3.791598820328747621e-01
3.156860680576080824e+00 3.790130273804262484e-01
3.159014885633350644e+00 3.788662283462745917e-01
3.161170207061775095e+00 3.787194849120592011e-01
3.163326645439923368e+00 3.785727970594144343e-01
3.165484201346599136e+00 3.784261647699793674e-01
3.167642875360969335e+00 3.782795880253881360e-01
3.169802668062436268e+00 3.781330668072793721e-01
3.171963580030771723e+00 3.779866010972868784e-01
3.174125611845975747e+00 3.778401908770489537e-01
3.176288764088419647e+00 3.776938361281992895e-01
3.178453037338708320e+00 3.775475368323760184e-01
3.180618432177796606e+00 3.774012929712136644e-01
3.182784949186941326e+00 3.772551045263468628e-01
3.184952588947648877e+00 3.771089714794134129e-01
3.187121352041796030e+00 3.769628938120467287e-01
3.189291239051492255e+00 3.768168715058846097e-01
3.191462250559217395e+00 3.766709045425604141e-01
3.193634387147683995e+00 3.765249929037119969e-01
3.195807649399976746e+00 3.763791365709726611e-01
3.197982037899411267e+00 3.762333355259804279e-01
3.200157553229659335e+00 3.760875897503698773e-01
3.202334195974694708e+00 3.759418992257756442e-01
3.204511966718740723e+00 3.757962639338359723e-01
3.206690866046394639e+00 3.756506838561846084e-01
3.208870894542484642e+00 3.755051589744599072e-01
3.211052052792215505e+00 3.753596892702958931e-01
3.213234341381022041e+00 3.752142747253313648e-01
3.215417760894712984e+00 3.750689153212005689e-01
3.217602311919332436e+00 3.749236110395425814e-01
3.219787995041295758e+00 3.747783618619920931e-01
3.221974810847254567e+00 3.746331677701886798e-01
3.224162759924215749e+00 3.744880287457685308e-01
3.226351842859489061e+00 3.743429447703683355e-01
3.228542060240639167e+00 3.741979158256282800e-01
3.230733412655602876e+00 3.740529418931842764e-01
3.232925900692553256e+00 3.739080229546771217e-01
3.235119524940035518e+00 3.737631589917433939e-01
3.237314285986833795e+00 3.736183499860245005e-01
3.239510184422104366e+00 3.734735959191577415e-01
3.241707220835239767e+00 3.733288967727850793e-01
3.243905395815990467e+00 3.731842525285457568e-01
3.246104709954412471e+00 3.730396631680791275e-01
3.248305163840814913e+00 3.728951286730283754e-01
3.250506758065883517e+00 3.727506490250327986e-01
3.252709493220540260e+00 3.726062242057363583e-01
3.254913369896080155e+00 3.724618541967791296e-01
3.257118388684040688e+00 3.723175389798060730e-01
3.259324550176330604e+00 3.721732785364580964e-01
3.261531854965096677e+00 3.720290728483812703e-01
3.263740303642864049e+00 3.718849218972172244e-01
3.265949896802393226e+00 3.717408256646131948e-01
3.268160635036807093e+00 3.715967841322131426e-01
3.270372518939531403e+00 3.714527972816616952e-01
3.272585549104252145e+00 3.713088650946073654e-01
3.274799726125027455e+00 3.711649875526949471e-01
3.277015050596157941e+00 3.710211646375740635e-01
3.279231523112319913e+00 3.708773963308905075e-01
3.281449144268429485e+00 3.707336826142953456e-01
3.283667914659779363e+00 3.705900234694355366e-01
3.285887834881899394e+00 3.704464188779633127e-01
3.288108905530686243e+00 3.703028688215281861e-01
3.290331127202338557e+00 3.701593732817802240e-01
3.292554500493316105e+00 3.700159322403738238e-01
3.294779026000456135e+00 3.698725456789592747e-01
3.297004704320834811e+00 3.697292135791921952e-01
3.299231536051909330e+00 3.695859359227244845e-01
3.301459521791373142e+00 3.694427126912133152e-01
3.303688662137303389e+00 3.692995438663119190e-01
3.305918957688015247e+00 3.691564294296790227e-01
3.308150409042204032e+00 3.690133693629694678e-01
3.310383016798804867e+00 3.688703636478435355e-01
3.312616781557117029e+00 3.687274122659587872e-01
3.314851703916749770e+00 3.685845151989736723e-01
3.317087784477569024e+00 3.684416724285509148e-01
3.319325023839825306e+00 3.682988839363494638e-01
3.321563422604007165e+00 3.681561497040338193e-01
3.323802981370983289e+00 3.680134697132647625e-01
3.326043700741867504e+00 3.678708439457082924e-01
3.328285581318152886e+00 3.677282723830271327e-01
3.330528623701574098e+00 3.675857550068892254e-01
3.332772828494230843e+00 3.674432917989600145e-01
3.335018196298535464e+00 3.673008827409061650e-01
3.337264727717156987e+00 3.671585278143983944e-01
3.339512423353150794e+00 3.670162270011039229e-01
3.341761283809812966e+00 3.668739802826956331e-01
3.344011309690820610e+00 3.667317876408427990e-01
3.346262501600096861e+00 3.665896490572201349e-01
3.348514860141944105e+00 3.664475645134990800e-01
3.350768385920912529e+00 3.663055339913563468e-01
3.353023079541931573e+00 3.661635574724654285e-01
3.355278941610175814e+00 3.660216349385052026e-01
3.357535972731185758e+00 3.658797663711524373e-01
3.359794173510816329e+00 3.657379517520848444e-01
3.362053544555182683e+00 3.655961910629847433e-01
3.364314086470784559e+00 3.654544842855309006e-01
3.366575799864366836e+00 3.653128314014078559e-01
3.368838685343058970e+00 3.651712323922966519e-01
3.371102743514232003e+00 3.650296872398841597e-01
3.373367974985646001e+00 3.648881959258537533e-01
3.375634380365302611e+00 3.647467584318946909e-01
3.377901960261572967e+00 3.646053747396937328e-01
3.380170715283143501e+00 3.644640448309392489e-01
3.382440646038962662e+00 3.643227686873238280e-01
3.384711753138364365e+00 3.641815462905370060e-01
3.386984037190928554e+00 3.640403776222740917e-01
3.389257498806623303e+00 3.638992626642269523e-01
3.391532138595658274e+00 3.637582013980934503e-01
3.393807957168633038e+00 3.636171938055680064e-01
3.396084955136392303e+00 3.634762398683509810e-01
3.398363133110168022e+00 3.633353395681395703e-01
3.400642491701437287e+00 3.631944928866366329e-01
3.402923031522047559e+00 3.630536998055431952e-01
3.405204753184165156e+00 3.629129603065615051e-01
3.407487657300217521e+00 3.627722743713984732e-01
3.409771744483022893e+00 3.626316419817579573e-01
3.412057015345643762e+00 3.624910631193497546e-01
3.414343470501533417e+00 3.623505377658804427e-01
3.416631110564391172e+00 3.622100659030626502e-01
3.418919936148306249e+00 3.620696475126057301e-01
3.421209947867613899e+00 3.619292825762251420e-01
3.423501146337020629e+00 3.617889710756342359e-01
3.425793532171552691e+00 3.616487129925480826e-01
3.428087105986501015e+00 3.615085083086862494e-01
3.430381868397549106e+00 3.613683570057655836e-01
3.432677820020622939e+00 3.612282590655087611e-01
3.434974961472044619e+00 3.610882144696354601e-01
3.437273293368380500e+00 3.609482231998714097e-01
3.439572816326590399e+00 3.608082852379394523e-01
3.441873530963879269e+00 3.606684005655683145e-01
3.444175437897846415e+00 3.605285691644838364e-01
3.446478537746338944e+00 3.603887910164179642e-01
3.448782831127576110e+00 3.602490661031007568e-01
3.451088318660101351e+00 3.601093944062638830e-01
3.453395000962720118e+00 3.599697759076440629e-01
3.455702878654633103e+00 3.598302105889750746e-01
3.458011952355290575e+00 3.596906984319966361e-01
3.460322222684532711e+00 3.595512394184460225e-01
3.462633690262453712e+00 3.594118335300661160e-01
3.464946355709536796e+00 3.592724807485974670e-01
3.467260219646515651e+00 3.591331810557863990e-01
3.469575282694500551e+00 3.589939344333777371e-01
3.471891545474925955e+00 3.588547408631179714e-01
3.474209008609488336e+00 3.587156003267586990e-01
3.476527672720282958e+00 3.585765128060485751e-01
3.478847538429655550e+00 3.584374782827425832e-01
3.481168606360344420e+00 3.582984967385930419e-01
3.483490877135338337e+00 3.581595681553582655e-01
3.485814351378023090e+00 3.580206925147941810e-01
3.488139029712034045e+00 3.578818697986624886e-01
3.490464912761400917e+00 3.577430999887226681e-01
3.492792001150408332e+00 3.576043830667401391e-01
3.495120295503713059e+00 3.574657190144789887e-01
3.497449796446301384e+00 3.573271078137049694e-01
3.499780504603425157e+00 3.571885494461890520e-01
3.502112420600734133e+00 3.570500438936996535e-01
3.504445545064129419e+00 3.569115911380112971e-01
3.506779878619910029e+00 3.567731911608961193e-01
3.509115421894625442e+00 3.566348439441324736e-01
3.511452175515223040e+00 3.564965494694962156e-01
3.513790140108903337e+00 3.563583077187693071e-01
3.516129316303245211e+00 3.562201186737326553e-01
3.518469704726154390e+00 3.560819823161688324e-01
3.520811306005804830e+00 3.559438986278656292e-01
3.523154120770770170e+00 3.558058675906085044e-01
3.525498149649878066e+00 3.556678891861890790e-01
3.527843393272353190e+00 3.555299633963966977e-01
3.530189852267675121e+00 3.553920902030270335e-01
3.532537527265720456e+00 3.552542695878733170e-01
3.534886418896620697e+00 3.551165015327350516e-01
3.537236527790907026e+00 3.549787860194095757e-01
3.539587854579363757e+00 3.548411230297003893e-01
3.541940399893156233e+00 3.547035125454099380e-01
3.544294164363778421e+00 3.545659545483424435e-01
3.546649148622996073e+00 3.544284490203076787e-01
3.549005353302974619e+00 3.542909959431130851e-01
3.551362779036135287e+00 3.541535952985723212e-01
3.553721426455300758e+00 3.540162470684969365e-01
3.556081296193545072e+00 3.538789512347048638e-01
3.558442388884347274e+00 3.537417077790118158e-01
3.560804705161439543e+00 3.536045166832398889e-01
3.563168245658938638e+00 3.534673779292100693e-01
3.565533011011288167e+00 3.533302914987455079e-01
3.567899001853207075e+00 3.531932573736745740e-01
3.570266218819815762e+00 3.530562755358236937e-01
3.572634662546491313e+00 3.529193459670255661e-01
3.575004333669011380e+00 3.527824686491108919e-01
3.577375232823413853e+00 3.526456435639166442e-01
3.579747360646134524e+00 3.525088706932779647e-01
3.582120717773868535e+00 3.523721500190362677e-01
3.584495304843715147e+00 3.522354815230309133e-01
3.586871122493027642e+00 3.520988651871078678e-01
3.589248171359546546e+00 3.519623009931119317e-01
3.591626452081342791e+00 3.518257889228903479e-01
3.594005965296762639e+00 3.516893289582955773e-01
3.596386711644556478e+00 3.515529210811783045e-01
3.598768691763732264e+00 3.514165652733955980e-01
3.601151906293702076e+00 3.512802615168025278e-01
3.603536355874137342e+00 3.511440097932607696e-01
3.605922041145112722e+00 3.510078100846300009e-01
3.608308962746962223e+00 3.508716623727765049e-01
3.610697121320407099e+00 3.507355666395655658e-01
3.613086517506499895e+00 3.505995228668650210e-01
3.615477151946569379e+00 3.504635310365478706e-01
3.617869025282352879e+00 3.503275911304855605e-01
3.620262138155843523e+00 3.501917031305560313e-01
3.622656491209443885e+00 3.500558670186351140e-01
3.625052085085812337e+00 3.499200827766056343e-01
3.627448920428017587e+00 3.497843503863482528e-01
3.629846997879385029e+00 3.496486698297503470e-01
3.632246318083648617e+00 3.495130410886975736e-01
3.634646881684802544e+00 3.493774641450820284e-01
3.637048689327227358e+00 3.492419389807951968e-01
3.639451741655642003e+00 3.491064655777309511e-01
3.641856039315040761e+00 3.489710439177888257e-01
3.644261582950827361e+00 3.488356739828664121e-01
3.646668373208664882e+00 3.487003557548681854e-01
3.649076410734625853e+00 3.485650892156967329e-01
3.651485696175043927e+00 3.484298743472613036e-01
3.653896230176662208e+00 3.482947111314695920e-01
3.656308013386482259e+00 3.481595995502358432e-01
3.658721046451899994e+00 3.480245395854736357e-01
3.661135330020645284e+00 3.478895312190992128e-01
3.663550864740725110e+00 3.477545744330343136e-01
3.665967651260563009e+00 3.476196692091991225e-01
3.668385690228838314e+00 3.474848155295204855e-01
3.670804982294643359e+00 3.473500133759236941e-01
3.673225528107332494e+00 3.472152627303407013e-01
3.675647328316671292e+00 3.470805635747017948e-01
3.678070383572685564e+00 3.469459158909442564e-01
3.680494694525815902e+00 3.468113196610034810e-01
3.682920261826761354e+00 3.466767748668218019e-01
3.685347086126617988e+00 3.465422814903409976e-01
3.687775168076815824e+00 3.464078395135054556e-01
3.690204508329069988e+00 3.462734489182652253e-01
3.692635107535505057e+00 3.461391096865689132e-01
3.695066966348511173e+00 3.460048218003719533e-01
3.697500085420888816e+00 3.458705852416281701e-01
3.699934465405704032e+00 3.457363999922982711e-01
3.702370106956435869e+00 3.456022660343414099e-01
3.704807010726825389e+00 3.454681833497236787e-01
3.707245177371010669e+00 3.453341519204105592e-01
3.709684607543468182e+00 3.452001717283704196e-01
3.712125301898956842e+00 3.450662427555772349e-01
3.714567261092651229e+00 3.449323649840037587e-01
3.717010485779987938e+00 3.447985383956294614e-01
3.719454976616821895e+00 3.446647629724323703e-01
3.721900734259268262e+00 3.445310386963975624e-01
3.724347759363862309e+00 3.443973655495084496e-01
3.726796052587398655e+00 3.442637435137556046e-01
3.729245614587093804e+00 3.441301725711279902e-01
3.731696446020424496e+00 3.439966527036217303e-01
3.734148547545268038e+00 3.438631838932323381e-01
3.736601919819841910e+00 3.437297661219582690e-01
3.739056563502644259e+00 3.435963993718039733e-01
3.741512479252596890e+00 3.434630836247722363e-01
3.743969667728881845e+00 3.433298188628731151e-01
3.746428129591101275e+00 3.431966050681151681e-01
3.748887865499121119e+00 3.430634422225141145e-01
3.751348876113229203e+00 3.429303303080840637e-01
3.753811162093974474e+00 3.427972693068463417e-01
3.756274724102309115e+00 3.426642592008219967e-01
3.758739562799527256e+00 3.425312999720346863e-01
3.761205678847205469e+00 3.423983916025145069e-01
3.763673072907343098e+00 3.422655340742898900e-01
3.766141745642204164e+00 3.421327273693964832e-01
3.768611697714474573e+00 3.419999714698685467e-01
3.771082929787103133e+00 3.418672663577475568e-01
3.773555442523464087e+00 3.417346120150734912e-01
3.776029236587193694e+00 3.416020084238938215e-01
3.778504312642352758e+00 3.414694555662542985e-01
3.780980671353265876e+00 3.413369534242080561e-01
3.783458313384662652e+00 3.412045019798080614e-01
3.785937239401616417e+00 3.410721012151100018e-01
3.788417450069485604e+00 3.409397511121760038e-01
3.790898946054054974e+00 3.408074516530665288e-01
3.793381728021369526e+00 3.406752028198496429e-01
3.795865796637905021e+00 3.405430045945918582e-01
3.798351152570399236e+00 3.404108569593670697e-01
3.800837796486016273e+00 3.402787598962478399e-01
3.803325729052187576e+00 3.401467133873141147e-01
3.805814950936746932e+00 3.400147174146455065e-01
3.808305462807877184e+00 3.398827719603246811e-01
3.810797265334047168e+00 3.397508770064405770e-01
3.813290359184151157e+00 3.396190325350809114e-01
3.815784745027350766e+00 3.394872385283406180e-01
3.818280423533232160e+00 3.393554949683135757e-01
3.820777395371653284e+00 3.392238018371007136e-01
3.823275661212893972e+00 3.390921591168020721e-01
3.825775221727505837e+00 3.389605667895247976e-01
3.828276077586464154e+00 3.388290248373749813e-01
3.830778229461014206e+00 3.386975332424659868e-01
3.833281678022809835e+00 3.385660919869111218e-01
3.835786423943850387e+00 3.384347010528268029e-01
3.838292467896425642e+00 3.383033604223356638e-01
3.840799810553251703e+00 3.381720700775593391e-01
3.843308452587315571e+00 3.380408300006267353e-01
3.845818394672032348e+00 3.379096401736656485e-01
3.848329637481084475e+00 3.377785005788113137e-01
3.850842181688586052e+00 3.376474111981978554e-01
3.853356027968918518e+00 3.375163720139667256e-01
3.855871176996874539e+00 3.373853830082593763e-01
3.858387629447594946e+00 3.372544441632205903e-01
3.860905385996510120e+00 3.371235554610012009e-01
3.863424447319482091e+00 3.369927168837513753e-01
3.865944814092643789e+00 3.368619284136282754e-01
3.868466486992553577e+00 3.367311900327883412e-01
3.870989466696047820e+00 3.366005017233953400e-01
3.873513753880387434e+00 3.364698634676120959e-01
3.876039349223107777e+00 3.363392752476086489e-01
3.878566253402174091e+00 3.362087370455543733e-01
3.881094467095822509e+00 3.360782488436258597e-01
3.883623990982701280e+00 3.359478106239998096e-01
3.886154825741811258e+00 3.358174223688563109e-01
3.888686972052443735e+00 3.356870840603816686e-01
3.891220430594321655e+00 3.355567956807614105e-01
3.893755202047442410e+00 3.354265572121883365e-01
3.896291287092234157e+00 3.352963686368545804e-01
3.898828686409396838e+00 3.351662299369596032e-01
3.901367400680066488e+00 3.350361410947018670e-01
3.903907430585647376e+00 3.349061020922876053e-01
3.906448776807961210e+00 3.347761129119228851e-01
3.908991440029181419e+00 3.346461735358173262e-01
3.911535420931772755e+00 3.345162839461868765e-01
3.914080720198637842e+00 3.343864441252467068e-01
3.916627338512950196e+00 3.342566540552194265e-01
3.919175276558318544e+00 3.341269137183268678e-01
3.921724535018625168e+00 3.339972230967983569e-01
3.924275114578187562e+00 3.338675821728623316e-01
3.926827015921596775e+00 3.337379909287548352e-01
3.929380239733880842e+00 3.336084493467111334e-01
3.931934786700338691e+00 3.334789574089739861e-01
3.934490657506689359e+00 3.333495150977863197e-01
3.937047852839003603e+00 3.332201223953947244e-01
3.939606373383649718e+00 3.330907792840518966e-01
3.942166219827430318e+00 3.329614857460100885e-01
3.944727392857425130e+00 3.328322417635289909e-01
3.947289893161149088e+00 3.327030473188675730e-01
3.949853721426392461e+00 3.325739023942924644e-01
3.952418878341386055e+00 3.324448069720693510e-01
3.954985364594631569e+00 3.323157610344716351e-01
3.957553180875051702e+00 3.321867645637730515e-01
3.960122327871926196e+00 3.320578175422508327e-01
3.962692806274827895e+00 3.319289199521885947e-01
3.965264616773771955e+00 3.318000717758693985e-01
3.967837760059047980e+00 3.316712729955839101e-01
3.970412236821384333e+00 3.315425235936221293e-01
3.972988047751788265e+00 3.314138235522814946e-01
3.975565193541702236e+00 3.312851728538590557e-01
3.978143674882851144e+00 3.311565714806593563e-01
3.980723492467394209e+00 3.310280194149862742e-01
3.983304646987772202e+00 3.308995166391513476e-01
3.985887139136844226e+00 3.307710631354665032e-01
3.988470969607827321e+00 3.306426588862472760e-01
3.991056139094238731e+00 3.305143038738156958e-01
3.993642648290034458e+00 3.303859980804932373e-01
3.996230497889451172e+00 3.302577414886090912e-01
3.998819688587164300e+00 3.301295340804917822e-01
4.001410221078129936e+00 3.300013758384774953e-01
4.004002096057744708e+00 3.298732667449019162e-01
4.006595314221682358e+00 3.297452067821083910e-01
4.009189876266042063e+00 3.296171959324406542e-01
4.011785782887281826e+00 3.294892341782461043e-01
4.014383034782158077e+00 3.293613215018788010e-01
4.016981632647871336e+00 3.292334578856922489e-01
4.019581577181902787e+00 3.291056433120475577e-01
4.022182869082175038e+00 3.289778777633055595e-01
4.024785509046892251e+00 3.288501612218344139e-01
4.027389497774698235e+00 3.287224936700022804e-01
4.029994835964523681e+00 3.285948750901845350e-01
4.032601524315737151e+00 3.284673054647564427e-01
4.035209563527991428e+00 3.283397847761007626e-01
4.037818954301361174e+00 3.282123130066009198e-01
4.040429697336285209e+00 3.280848901386439476e-01
4.043041793333503442e+00 3.279575161546234852e-01
4.045655242994201650e+00 3.278301910369330607e-01
4.048270047019846274e+00 3.277029147679734744e-01
4.050886206112347843e+00 3.275756873301454708e-01
4.053503720973901991e+00 3.274485087058573440e-01
4.056122592307146668e+00 3.273213788775170552e-01
4.058742820815004038e+00 3.271942978275403369e-01
4.061364407200822590e+00 3.270672655383435323e-01
4.063987352168313194e+00 3.269402819923465375e-01
4.066611656421491361e+00 3.268133471719762428e-01
4.069237320664818469e+00 3.266864610596589835e-01
4.071864345603041890e+00 3.265596236378288664e-01
4.074492731941351309e+00 3.264328348889197762e-01
4.077122480385224179e+00 3.263060947953732027e-01
4.079753591640583821e+00 3.261794033396304693e-01
4.082386066413635106e+00 3.260527605041406152e-01
4.085019905411036767e+00 3.259261662713522356e-01
4.087655109339726422e+00 3.257996206237219194e-01
4.090291678907069794e+00 3.256731235437068106e-01
4.092929614820804751e+00 3.255466750137678833e-01
4.095568917788965813e+00 3.254202750163728841e-01
4.098209588520044022e+00 3.252939235339892265e-01
4.100851627722811976e+00 3.251676205490922067e-01
4.103495036106490801e+00 3.250413660441567876e-01
4.106139814380590281e+00 3.249151600016657593e-01
4.108785963255067841e+00 3.247890024041017454e-01
4.111433483440165126e+00 3.246628932339550300e-01
4.114082375646578527e+00 3.245368324737157861e-01
4.116732640585286873e+00 3.244108201058819585e-01
4.119384278967699764e+00 3.242848561129522689e-01
4.122037291505597167e+00 3.241589404774293803e-01
4.124691678911062809e+00 3.240330731818225063e-01
4.127347441896636049e+00 3.239072542086409157e-01
4.130004581175139577e+00 3.237814835404015934e-01
4.132663097459850832e+00 3.236557611596214135e-01
4.135322991464329689e+00 3.235300870488250213e-01
4.137984263902595217e+00 3.234044611905369515e-01
4.140646915488948032e+00 3.232788835672895655e-01
4.143310946938123962e+00 3.231533541616160576e-01
4.145976358965228314e+00 3.230278729560535078e-01
4.148643152285674596e+00 3.229024399331458794e-01
4.151311327615330171e+00 3.227770550754368584e-01
4.153980885670351952e+00 3.226517183654781795e-01
4.156651827167348046e+00 3.225264297858214113e-01
4.159324152823216103e+00 3.224011893190260047e-01
4.161997863355311189e+00 3.222759969476511888e-01
4.164672959481271697e+00 3.221508526542641304e-01
4.167349441919196096e+00 3.220257564214320523e-01
4.170027311387467961e+00 3.219007082317298374e-01
4.172706568604907851e+00 3.217757080677334236e-01
4.175387214290708471e+00 3.216507559120226900e-01
4.178069249164372501e+00 3.215258517471842881e-01
4.180752673945858255e+00 3.214009955558049247e-01
4.183437489355414485e+00 3.212761873204791341e-01
4.186123696113746462e+00 3.211514270238015056e-01
4.188811294941850782e+00 3.210267146483743450e-01
4.191500286561178790e+00 3.209020501768002354e-01
4.194190671693472261e+00 3.207774335916893094e-01
4.196882451060911734e+00 3.206528648756530320e-01
4.199575625386052558e+00 3.205283440113064763e-01
4.202270195391757390e+00 3.204038709812719876e-01
4.204966161801351632e+00 3.202794457681717444e-01
4.207663525338449340e+00 3.201550683546356968e-01
4.210362286727124648e+00 3.200307387232941281e-01
4.213062446691743013e+00 3.199064568567850375e-01
4.215764005957128191e+00 3.197822227377465909e-01
4.218466965248397038e+00 3.196580363488247811e-01
4.221171325291122933e+00 3.195338976726657121e-01
4.223877086811176795e+00 3.194098066919234258e-01
4.226584250534862974e+00 3.192857633892529634e-01
4.229292817188866849e+00 3.191617677473134185e-01
4.232002787500184660e+00 3.190378197487708234e-01
4.234714162196273612e+00 3.189139193762914326e-01
4.237426942004884900e+00 3.187900666125491611e-01
4.240141127654229791e+00 3.186662614402183125e-01
4.242856719872813542e+00 3.185425038419810173e-01
4.245573719389605039e+00 3.184187938005194063e-01
4.248292126933860935e+00 3.182951312985238812e-01
4.251011943235285528e+00 3.181715163186856210e-01
4.253733169023957927e+00 3.180479488437000790e-01
4.256455805030271655e+00 3.179244288562695919e-01
4.259179851985086529e+00 3.178009563390966075e-01
4.261905310619551912e+00 3.176775312748916780e-01
4.264632181665285238e+00 3.175541536463654113e-01
4.267360465854196150e+00 3.174308234362364645e-01
4.270090163918657034e+00 3.173075406272236054e-01
4.272821276591338702e+00 3.171843052020535403e-01
4.275553804605372932e+00 3.170611171434533082e-01
4.278287748694188153e+00 3.169379764341577754e-01
4.281023109591656883e+00 3.168148830569031960e-01
4.283759888032030894e+00 3.166918369944296541e-01
4.286498084749879922e+00 3.165688382294843950e-01
4.289237700480238225e+00 3.164458867448149415e-01
4.291978735958436708e+00 3.163229825231766990e-01
4.294721191920272574e+00 3.162001255473253503e-01
4.297465069101837010e+00 3.160773158000246275e-01
4.300210368239691938e+00 3.159545532640383736e-01
4.302957090070692381e+00 3.158318379221385919e-01
4.305705235332140113e+00 3.157091697570984512e-01
4.308454804761720602e+00 3.155865487516951173e-01
4.311205799097433733e+00 3.154639748887131390e-01
4.313958219077751899e+00 3.153414481509370093e-01
4.316712065441440593e+00 3.152189685211593262e-01
4.319467338927737821e+00 3.150965359821731315e-01
4.322224040276174684e+00 3.149741505167792943e-01
4.324982170226754796e+00 3.148518121077790721e-01
4.327741729519777536e+00 3.147295207379817161e-01
4.330502718896012126e+00 3.146072763901968661e-01
4.333265139096525331e+00 3.144850790472420998e-01
4.336028990862835109e+00 3.143629286919363275e-01
4.338794274936839557e+00 3.142408253071025670e-01
4.341560992060760071e+00 3.141187688755711083e-01
4.344329142977287894e+00 3.139967593801722967e-01
4.347098728429410031e+00 3.138747968037448044e-01
4.349869749160589549e+00 3.137528811291274700e-01
4.352642205914587059e+00 3.136310123391672366e-01
4.355416099435631239e+00 3.135091904167114363e-01
4.358191430468255412e+00 3.133874153446153943e-01
4.360968199757439656e+00 3.132656871057358239e-01
4.363746408048553072e+00 3.131440056829336016e-01
4.366526056087283614e+00 3.130223710590767650e-01
4.369307144619793526e+00 3.129007832170337400e-01
4.372089674392546144e+00 3.127792421396809464e-01
4.374873646152473761e+00 3.126577478098953033e-01
4.377659060646815981e+00 3.125363002105616683e-01
4.380445918623281365e+00 3.124148993245654538e-01
4.383234220829880456e+00 3.122935451348000657e-01
4.386023968015098085e+00 3.121722376241593544e-01
4.388815160927720171e+00 3.120509767755452191e-01
4.391607800316986499e+00 3.119297625718610578e-01
4.394401886932525869e+00 3.118085949960143211e-01
4.397197421524286831e+00 3.116874740309197311e-01
4.399994404842698437e+00 3.115663996594925655e-01
4.402792837638487278e+00 3.114453718646559843e-01
4.405592720662858675e+00 3.113243906293336472e-01
4.408394054667318152e+00 3.112034559364574293e-01
4.411196840403850850e+00 3.110825677689595947e-01
4.414001078624741226e+00 3.109617261097804564e-01
4.416806770082730260e+00 3.108409309418618816e-01
4.419613915530950621e+00 3.107201822481498454e-01
4.422422515722857383e+00 3.105994800115977061e-01
4.425232571412383464e+00 3.104788242151592104e-01
4.428044083353768201e+00 3.103582148417962094e-01
4.430857052301725219e+00 3.102376518744709988e-01
4.433671479011273675e+00 3.101171352961540895e-01
4.436487364237911457e+00 3.099966650898164922e-01
4.439304708737441096e+00 3.098762412384372666e-01
4.442123513266143853e+00 3.097558637249961389e-01
4.444943778580603855e+00 3.096355325324807728e-01
4.447765505437865308e+00 3.095152476438804978e-01
4.450588694595363215e+00 3.093950090421888066e-01
4.453413346810861206e+00 3.092748167104064638e-01
4.456239462842599863e+00 3.091546706315348447e-01
4.459067043449128853e+00 3.090345707885833182e-01
4.461896089389474795e+00 3.089145171645620302e-01
4.464726601422974284e+00 3.087945097424888985e-01
4.467558580309442640e+00 3.086745485053828397e-01
4.470392026809000718e+00 3.085546334362705423e-01
4.473226941682230340e+00 3.084347645181804709e-01
4.476063325690106787e+00 3.083149417341454201e-01
4.478901179593933968e+00 3.081951650672051790e-01
4.481740504155498961e+00 3.080754345004004247e-01
4.484581300136892601e+00 3.079557500167798278e-01
4.487423568300695109e+00 3.078361115993926700e-01
4.490267309409786911e+00 3.077165192312963371e-01
4.493112524227536042e+00 3.075969728955489924e-01
4.495959213517616071e+00 3.074774725752167925e-01
4.498807378044185512e+00 3.073580182533666161e-01
4.501657018571709301e+00 3.072386099130735015e-01
4.504508135865116891e+00 3.071192475374139308e-01
4.507360730689732975e+00 3.069999311094689376e-01
4.510214803811212647e+00 3.068806606123267722e-01
4.513070355995695948e+00 3.067614360290762954e-01
4.515927388009632004e+00 3.066422573428144727e-01
4.518785900619954887e+00 3.065231245366390467e-01
4.521645894593907755e+00 3.064040375936558092e-01
4.524507370699222264e+00 3.062849964969713845e-01
4.527370329703934715e+00 3.061660012297003908e-01
4.530234772376549479e+00 3.060470517749592778e-01
4.533100699485968832e+00 3.059281481158686034e-01
4.535968111801424563e+00 3.058092902355565301e-01
4.538837010092640512e+00 3.056904781171516650e-01
4.541707395129646052e+00 3.055717117437908303e-01
4.544579267682959944e+00 3.054529910986116814e-01
4.547452628523411811e+00 3.053343161647600335e-01
4.550327478422319771e+00 3.052156869253821458e-01
4.553203818151311921e+00 3.050971033636328267e-01
4.556081648482506630e+00 3.049785654626674947e-01
4.558960970188331352e+00 3.048600732056495621e-01
4.561841784041680725e+00 3.047416265757444398e-01
4.564724090815853508e+00 3.046232255561216462e-01
4.567607891284477972e+00 3.045048701299583049e-01
4.570493186221675330e+00 3.043865602804319836e-01
4.573379976401875879e+00 3.042682959907287432e-01
4.576268262600003744e+00 3.041500772440350886e-01
4.579158045591294801e+00 3.040319040235458514e-01
4.582049326151472535e+00 3.039137763124568625e-01
4.584942105056576622e+00 3.037956940939717243e-01
4.587836383083116587e+00 3.036776573512960931e-01
4.590732161008000745e+00 3.035596660676399550e-01
4.593629439608475806e+00 3.034417202262205682e-01
4.596528219662280534e+00 3.033238198102560790e-01
4.599428501947464554e+00 3.032059648029727383e-01
4.602330287242574869e+00 3.030881551875976299e-01
4.605233576326466682e+00 3.029703909473660528e-01
4.608138369978494353e+00 3.028526720655141391e-01
4.611044668978322214e+00 3.027349985252861253e-01
4.613952474106110202e+00 3.026173703099272472e-01
4.616861786142331781e+00 3.024997874026907896e-01
4.619772605867932924e+00 3.023822497868318138e-01
4.622684934064264617e+00 3.022647574456100439e-01
4.625598771513015350e+00 3.021473103622922540e-01
4.628514118996367444e+00 3.020299085201462730e-01
4.631430977296819407e+00 3.019125519024480897e-01
4.634349347197365354e+00 3.017952404924744703e-01
4.637269229481315591e+00 3.016779742735103964e-01
4.640190624932475139e+00 3.015607532288419046e-01
4.643113534334965209e+00 3.014435773417630249e-01
4.646037958473383078e+00 3.013264465955696192e-01
4.648963898132731032e+00 3.012093609735622124e-01
4.651891354098348863e+00 3.010923204590484903e-01
4.654820327156077298e+00 3.009753250353371934e-01
4.657750818092069700e+00 3.008583746857450558e-01
4.660682827692983032e+00 3.007414693935898664e-01
4.663616356745785119e+00 3.006246091421976296e-01
4.666551406037946492e+00 3.005077939148952382e-01
4.669487976357251213e+00 3.003910236950177448e-01
4.672426068491989604e+00 3.002742984659011460e-01
4.675365683230759295e+00 3.001576182108897095e-01
4.678306821362644641e+00 3.000409829133295903e-01
4.681249483677132339e+00 2.999243925565712732e-01
4.684193670964052814e+00 2.998078471239727927e-01
4.687139384013736532e+00 2.996913465988931269e-01
4.690086623616832817e+00 2.995748909646993030e-01
4.693035390564490150e+00 2.994584802047594030e-01
4.695985685648175867e+00 2.993421143024497799e-01
4.698937509659861789e+00 2.992257932411476196e-01
4.701890863391836817e+00 2.991095170042384344e-01
4.704845747636866804e+00 2.989932855751096796e-01
4.707802163188133271e+00 2.988770989371530851e-01
4.710760110839156134e+00 2.987609570737681519e-01
4.713719591383958907e+00 2.986448599683549920e-01
4.716680605616887512e+00 2.985288076043221550e-01
4.719643154332787027e+00 2.984127999650790786e-01
4.722607238326825829e+00 2.982968370340435271e-01
4.725572858394675002e+00 2.981809187946340978e-01
4.728540015332327151e+00 2.980650452302777142e-01
4.731508709936277590e+00 2.979492163244024661e-01
4.734478943003344042e+00 2.978334320604443808e-01
4.737450715330823847e+00 2.977176924218415399e-01
4.740424027716430899e+00 2.976019973920367434e-01
4.743398880958221930e+00 2.974863469544798966e-01
4.746375275854757270e+00 2.973707410926221817e-01
4.749353213204921431e+00 2.972551797899228854e-01
4.752332693808106079e+00 2.971396630298422381e-01
4.755313718464021733e+00 2.970241907958489080e-01
4.758296287972886951e+00 2.969087630714125070e-01
4.761280403135243589e+00 2.967933798400108625e-01
4.764266064752116669e+00 2.966780410851237448e-01
4.767253273624946885e+00 2.965627467902355874e-01
4.770242030555521318e+00 2.964474969388382619e-01
4.773232336346133309e+00 2.963322915144245284e-01
4.776224191799399499e+00 2.962171305004955291e-01
4.779217597718448118e+00 2.961020138805533497e-01
4.782212554906728030e+00 2.959869416381084584e-01
4.785209064168198800e+00 2.958719137566722668e-01
4.788207126307141515e+00 2.957569302197645134e-01
4.791206742128349738e+00 2.956419910109060467e-01
4.794207912436940333e+00 2.955270961136258756e-01
4.797210638038514219e+00 2.954122455114550627e-01
4.800214919739095976e+00 2.952974391879292226e-01
4.803220758345051244e+00 2.951826771265915195e-01
4.806228154663261698e+00 2.950679593109860610e-01
4.809237109500932306e+00 2.949532857246652262e-01
4.812247623665776963e+00 2.948386563511825043e-01
4.815259697965840857e+00 2.947240711740997665e-01
4.818273333209675435e+00 2.946095301769798280e-01
4.821288530206159884e+00 2.944950333433938305e-01
4.824305289764664550e+00 2.943805806569148587e-01
4.827323612694975452e+00 2.942661721011208820e-01
4.830343499807232099e+00 2.941518076595969755e-01
4.833364951912084706e+00 2.940374873159294911e-01
4.836387969820509447e+00 2.939232110537130516e-01
4.839412554343999417e+00 2.938089788565433347e-01
4.842438706294371897e+00 2.936947907080244002e-01
4.845466426483961087e+00 2.935806465917613073e-01
4.848495715725424482e+00 2.934665464913674415e-01
4.851526574831939165e+00 2.933524903904573544e-01
4.854559004617005513e+00 2.932384782726538686e-01
4.857593005894619509e+00 2.931245101215818050e-01
4.860628579479197242e+00 2.930105859208706476e-01
4.863665726185505633e+00 2.928967056541574299e-01
4.866704446828829411e+00 2.927828693050802400e-01
4.869744742224781042e+00 2.926690768572853818e-01
4.872786613189489024e+00 2.925553282944204914e-01
4.875830060539412258e+00 2.924416236001412539e-01
4.878875085091526564e+00 2.923279627581046869e-01
4.881921687663134612e+00 2.922143457519760235e-01
4.884969869072036452e+00 2.921007725654226617e-01
4.888019630136454907e+00 2.919872431821166070e-01
4.891070971674966295e+00 2.918737575857371924e-01
4.894123894506663852e+00 2.917603157599652497e-01
4.897178399450972108e+00 2.916469176884894932e-01
4.900234487327836064e+00 2.915335633550001360e-01
4.903292158957527569e+00 2.914202527431954959e-01
4.906351415160842500e+00 2.913069858367751119e-01
4.909412256758903581e+00 2.911937626194469053e-01
4.912474684573355788e+00 2.910805830749200185e-01
4.915538699426175384e+00 2.909674471869115875e-01
4.918604302139835127e+00 2.908543549391411909e-01
4.921671493537233211e+00 2.907413063153330146e-01
4.924740274441624877e+00 2.906283012992186277e-01
4.927810645676785839e+00 2.905153398745308202e-01
4.930882608066822215e+00 2.904024220250107091e-01
4.933956162436365922e+00 2.902895477344006325e-01
4.937031309610378393e+00 2.901767169864511442e-01
4.940108050414345087e+00 2.900639297649141302e-01
4.943186385674081862e+00 2.899511860535496921e-01
4.946266316215906400e+00 2.898384858361200411e-01
4.949347842866563596e+00 2.897258290963922733e-01
4.952430966453154504e+00 2.896132158181407568e-01
4.955515687803306868e+00 2.895006459851411917e-01
4.958602007744979723e+00 2.893881195811774942e-01
4.961689927106655240e+00 2.892756365900349125e-01
4.964779446717153100e+00 2.891631969955068548e-01
4.967870567405815230e+00 2.890508007813882285e-01
4.970963290002318402e+00 2.889384479314819343e-01
4.974057615336866967e+00 2.888261384295923162e-01
4.977153544239997451e+00 2.887138722595319895e-01
4.980251077542747318e+00 2.886016494051157344e-01
4.983350216076589234e+00 2.884894698501631050e-01
4.986450960673350252e+00 2.883773335785009828e-01
4.989553312165388554e+00 2.882652405739576373e-01
4.992657271385393614e+00 2.881531908203696091e-01
4.995762839166586033e+00 2.880411843015746598e-01
4.998870016342519484e+00 2.879292210014188780e-01
5.001978803747276991e+00 2.878173009037497398e-01
5.005089202215278199e+00 2.877054239924228818e-01
5.008201212581445461e+00 2.875935902512961051e-01
5.011314835681135449e+00 2.874817996642321516e-01
5.014430072350065437e+00 2.873700522151010350e-01
5.017546923424481164e+00 2.872583478877741570e-01
5.020665389740965878e+00 2.871466866661311901e-01
5.023785472136633956e+00 2.870350685340531394e-01
5.026907171448934619e+00 2.869234934754292254e-01
5.030030488515849108e+00 2.868119614741501122e-01
5.033155424175696169e+00 2.867004725141146237e-01
5.036281979267327458e+00 2.865890265792230274e-01
5.039410154629927696e+00 2.864776236533838616e-01
5.042539951103194085e+00 2.863662637205077743e-01
5.045671369527257255e+00 2.862549467645102985e-01
5.048804410742610216e+00 2.861436727693143500e-01
5.051939075590277994e+00 2.860324417188442880e-01
5.055075364911625790e+00 2.859212535970326319e-01
5.058213279548551711e+00 2.858101083878133442e-01
5.061352820343292258e+00 2.856990060751286031e-01
5.064493988138617730e+00 2.855879466429219748e-01
5.067636783777636822e+00 2.854769300751453520e-01
5.070781208103971593e+00 2.853659563557527368e-01
5.073927261961678425e+00 2.852550254687031273e-01
5.077074946195177851e+00 2.851441373979628491e-01
5.080224261649426865e+00 2.850332921274996156e-01
5.083375209169723519e+00 2.849224896412893004e-01
5.086527789601897886e+00 2.848117299233093869e-01
5.089682003792124654e+00 2.847010129575454629e-01
5.092837852587114078e+00 2.845903387279845598e-01
5.095995336833914813e+00 2.844797072186220355e-01
5.099154457380114636e+00 2.843691184134545802e-01
5.102315215073642385e+00 2.842585722964871553e-01
5.105477610762939378e+00 2.841480688517270536e-01
5.108641645296887468e+00 2.840376080631862865e-01
5.111807319524732662e+00 2.839271899148844702e-01
5.114974634296261868e+00 2.838168143908423868e-01
5.118143590461602166e+00 2.837064814750893671e-01
5.121314188871421536e+00 2.835961911516559075e-01
5.124486430376729018e+00 2.834859434045808868e-01
5.127660315829071891e+00 2.833757382179046824e-01
5.130835846080342044e+00 2.832655755756758320e-01
5.134013021982946512e+00 2.831554554619452602e-01
5.137191844389735529e+00 2.830453778607684989e-01
5.140372314153923483e+00 2.829353427562089074e-01
5.143554432129269216e+00 2.828253501323308994e-01
5.146738199169872630e+00 2.827153999732073264e-01
5.149923616130378967e+00 2.826054922629124277e-01
5.153110683865770980e+00 2.824956269855288804e-01
5.156299403231580314e+00 2.823858041251405826e-01
5.159489775083678786e+00 2.822760236658398703e-01
5.162681800278481781e+00 2.821662855917203561e-01
5.165875479672750181e+00 2.820565898868840904e-01
5.169070814123760904e+00 2.819469365354354551e-01
5.172267804489240284e+00 2.818373255214834394e-01
5.175466451627278808e+00 2.817277568291446932e-01
5.178666756396514970e+00 2.816182304425372540e-01
5.181868719655929212e+00 2.815087463457874861e-01
5.185072342265049983e+00 2.813993045230231416e-01
5.188277625083750344e+00 2.812899049583802435e-01
5.191484568972447811e+00 2.811805476359963141e-01
5.194693174791908952e+00 2.810712325400172018e-01
5.197903443403417256e+00 2.809619596545909759e-01
5.201115375668704743e+00 2.808527289638705904e-01
5.204328972449875579e+00 2.807435404520165489e-01
5.207544234609579270e+00 2.806343941031906319e-01
5.210761163010812602e+00 2.805252899015632240e-01
5.213979758517120366e+00 2.804162278313057644e-01
5.217200021992396408e+00 2.803072078765981856e-01
5.220421954301076362e+00 2.801982300216220856e-01
5.223645556307950244e+00 2.800892942505669447e-01
5.226870828878354303e+00 2.799804005476240754e-01
5.230097772877971174e+00 2.798715488969928389e-01
5.233326389173010185e+00 2.797627392828750947e-01
5.236556678630126527e+00 2.796539716894775318e-01
5.239788642116352868e+00 2.795452461010141665e-01
5.243022280499267218e+00 2.794365625017007360e-01
5.246257594646800193e+00 2.793279208757610266e-01
5.249494585427433080e+00 2.792193212074204345e-01
5.252733253709992667e+00 2.791107634809126270e-01
5.255973600363860854e+00 2.790022476804728258e-01
5.259215626258766818e+00 2.788937737903444125e-01
5.262459332264967315e+00 2.787853417947732670e-01
5.265704719253169408e+00 2.786769516780099876e-01
5.268951788094454969e+00 2.785686034243128328e-01
5.272200539660462759e+00 2.784602970179412829e-01
5.275450974823174377e+00 2.783520324431633663e-01
5.278703094455130973e+00 2.782438096842484998e-01
5.281956899429222752e+00 2.781356287254743709e-01
5.285212390618893252e+00 2.780274895511202216e-01
5.288469568897935957e+00 2.779193921454736760e-01
5.291728435140700348e+00 2.778113364928236351e-01
5.294988990221887626e+00 2.777033225774674374e-01
5.298251235016728344e+00 2.775953503837048642e-01
5.301515170400905141e+00 2.774874198958403593e-01
5.304780797250481683e+00 2.773795310981860829e-01
5.308048116442071418e+00 2.772716839750555828e-01
5.311317128852646618e+00 2.771638785107706782e-01
5.314587835359732004e+00 2.770561146896546867e-01
5.317860236841204902e+00 2.769483924960393639e-01
5.321134334175504854e+00 2.768407119142578532e-01
5.324410128241416906e+00 2.767330729286516244e-01
5.327687619918262563e+00 2.766254755235645901e-01
5.330966810085819851e+00 2.765179196833454367e-01
5.334247699624243388e+00 2.764104053923504001e-01
5.337530289414248230e+00 2.763029326349372150e-01
5.340814580336901152e+00 2.761955013954719984e-01
5.344100573273829369e+00 2.760881116583222550e-01
5.347388269107016256e+00 2.759807634078638716e-01
5.350677668719002078e+00 2.758734566284742895e-01
5.353968772992682368e+00 2.757661913045391100e-01
5.357261582811513101e+00 2.756589674204457108e-01
5.360556099059306412e+00 2.755517849605895742e-01
5.363852322620409119e+00 2.754446439093685695e-01
5.367150254379624563e+00 2.753375442511855620e-01
5.370449895222138892e+00 2.752304859704509110e-01
5.373751246033700468e+00 2.751234690515764192e-01
5.377054307700413815e+00 2.750164934789822158e-01
5.380359081108943009e+00 2.749095592370899843e-01
5.383665567146312725e+00 2.748026663103297351e-01
5.386973766700106303e+00 2.746958146831329772e-01
5.390283680658266796e+00 2.745890043399395464e-01
5.393595309909272828e+00 2.744822352651917208e-01
5.396908655342065764e+00 2.743755074433365526e-01
5.400223717845967109e+00 2.742688208588287546e-01
5.403540498310866802e+00 2.741621754961243718e-01
5.406858997627007390e+00 2.740555713396879978e-01
5.410179216685199854e+00 2.739490083739856696e-01
5.413501156376613110e+00 2.738424865834915289e-01
5.416824817592980068e+00 2.737360059526816602e-01
5.420150201226392461e+00 2.736295664660401417e-01
5.423477308169509570e+00 2.735231681080526611e-01
5.426806139315345945e+00 2.734168108632133998e-01
5.430136695557461479e+00 2.733104947160187592e-01
5.433468977789876142e+00 2.732042196509700815e-01
5.436802986906994484e+00 2.730979856525762028e-01
5.440138723803791265e+00 2.729917927053476245e-01
5.443476189375600072e+00 2.728856407938029527e-01
5.446815384518322034e+00 2.727795299024625697e-01
5.450156310128217108e+00 2.726734600158549626e-01
5.453498967102117234e+00 2.725674311185103393e-01
5.456843356337212292e+00 2.724614431949671234e-01
5.460189478731235724e+00 2.723554962297661253e-01
5.463537335182386379e+00 2.722495902074533736e-01
5.466886926589251239e+00 2.721437251125818912e-01
5.470238253850985721e+00 2.720379009297066997e-01
5.473591317867109396e+00 2.719321176433908693e-01
5.476946119537708491e+00 2.718263752381990805e-01
5.480302659763235162e+00 2.717206736987043958e-01
5.483660939444710003e+00 2.716150130094814874e-01
5.487020959483516869e+00 2.715093931551131878e-01
5.490382720781611603e+00 2.714038141201839949e-01
5.493746224241313314e+00 2.712982758892867330e-01
5.497111470765484675e+00 2.711927784470166691e-01
5.500478461257460872e+00 2.710873217779738442e-01
5.503847196620961668e+00 2.709819058667659597e-01
5.507217677760284147e+00 2.708765306980022158e-01
5.510589905580085102e+00 2.707711962563001395e-01
5.513963880985598642e+00 2.706659025262788676e-01
5.517339604882419479e+00 2.705606494925656968e-01
5.520717078176722303e+00 2.704554371397897561e-01
5.524096301775040629e+00 2.703502654525882232e-01
5.527477276584458643e+00 2.702451344156008850e-01
5.530860003512531264e+00 2.701400440134724690e-01
5.534244483467203324e+00 2.700349942308549744e-01
5.537630717356998744e+00 2.699299850524022881e-01
5.541018706090802048e+00 2.698250164627764569e-01
5.544408450578077741e+00 2.697200884466409709e-01
5.547799951728654477e+00 2.696152009886679246e-01
5.551193210452940008e+00 2.695103540735308001e-01
5.554588227661706235e+00 2.694055476859113507e-01
5.557985004266302376e+00 2.693007818104931061e-01
5.561383541178446244e+00 2.691960564319678673e-01
5.564783839310406321e+00 2.690913715350297108e-01
5.568185899574924491e+00 2.689867271043778207e-01
5.571589722885135210e+00 2.688821231247187082e-01
5.574995310154752026e+00 2.687775595807606610e-01
5.578402662297857084e+00 2.686730364572202379e-01
5.581811780229110731e+00 2.685685537388154409e-01
5.585222664863543685e+00 2.684641114102727100e-01
5.588635317116764867e+00 2.683597094563200947e-01
5.592049737904752682e+00 2.682553478616938603e-01
5.595465928144037981e+00 2.681510266111328811e-01
5.598883888751630344e+00 2.680467456893807499e-01
5.602303620644931037e+00 2.679425050811887199e-01
5.605725124741925747e+00 2.678383047713095988e-01
5.609148401960965202e+00 2.677341447445044098e-01
5.612573453220988995e+00 2.676300249855360081e-01
5.616000279441301757e+00 2.675259454791752978e-01
5.619428881541792542e+00 2.674219062101949040e-01
5.622859260442719886e+00 2.673179071633757786e-01
5.626291417064926748e+00 2.672139483235005386e-01
5.629725352329625565e+00 2.671100296753598502e-01
5.633161067158587443e+00 2.670061512037471552e-01
5.636598562474061325e+00 2.669023128934606692e-01
5.640037839198692282e+00 2.667985147293059911e-01
5.643478898255710696e+00 2.666947566960907179e-01
5.646921740568721759e+00 2.665910387786302183e-01
5.650366367061910644e+00 2.664873609617419148e-01
5.653812778659839111e+00 2.663837232302512792e-01
5.657260976287652454e+00 2.662801255689855595e-01
5.660710960870869890e+00 2.661765679627802195e-01
5.664162733335569300e+00 2.660730503964730542e-01
5.667616294608311733e+00 2.659695728549071325e-01
5.671071645616051704e+00 2.658661353229327950e-01
5.674528787286337916e+00 2.657627377854018813e-01
5.677987720547088557e+00 2.656593802271748350e-01
5.681448446326812451e+00 2.655560626331134877e-01
5.684910965554388795e+00 2.654527849880879975e-01
5.688375279159289200e+00 2.653495472769702990e-01
5.691841388071356533e+00 2.652463494846404868e-01
5.695309293221026969e+00 2.651431915959802099e-01
5.698778995539106162e+00 2.650400735958796661e-01
5.702250495956967313e+00 2.649369954692312179e-01
5.705723795406463239e+00 2.648339572009325571e-01
5.709198894819851766e+00 2.647309587758884253e-01
5.712675795129978695e+00 2.646280001790055070e-01
5.716154497270066415e+00 2.645250813951986468e-01
5.719635002173929728e+00 2.644222024093842438e-01
5.723117310775758249e+00 2.643193632064873011e-01
5.726601424010336672e+00 2.642165637714340432e-01
5.730087342812820062e+00 2.641138040891592986e-01
5.733575068118935469e+00 2.640110841446001722e-01
5.737064600864891339e+00 2.639084039226989309e-01
5.740555941987300237e+00 2.638057634084051140e-01
5.744049092423370695e+00 2.637031625866700368e-01
5.747544053110685169e+00 2.636006014424531196e-01
5.751040824987425637e+00 2.634980799607156698e-01
5.754539408992144445e+00 2.633955981264270996e-01
5.758039806063994348e+00 2.632931559245584863e-01
5.761542017142503802e+00 2.631907533400893451e-01
5.765046043167801670e+00 2.630883903580005789e-01
5.768551885080386299e+00 2.629860669632815839e-01
5.772059543821332461e+00 2.628837831409241987e-01
5.775569020332199877e+00 2.627815388759251469e-01
5.779080315554955050e+00 2.626793341532887016e-01
5.782593430432161341e+00 2.625771689580206347e-01
5.786108365906761364e+00 2.624750432751351559e-01
5.789625122922296363e+00 2.623729570896481400e-01
5.793143702422685060e+00 2.622709103865835667e-01
5.796664105352448360e+00 2.621689031509672474e-01
5.800186332656483756e+00 2.620669353678331537e-01
5.803710385280264283e+00 2.619650070222177551e-01
5.807236264169747031e+00 2.618631180991626839e-01
5.810763970271303869e+00 2.617612685837165665e-01
5.814293504531903523e+00 2.616594584609301943e-01
5.817824867898893082e+00 2.615576877158623526e-01
5.821358061320225374e+00 2.614559563335735470e-01
5.824893085744230703e+00 2.613542642991324993e-01
5.828429942119845997e+00 2.612526115976097074e-01
5.831968631396382108e+00 2.611509982140838293e-01
5.835509154523758291e+00 2.610494241336352439e-01
5.839051512452273940e+00 2.609478893413526568e-01
5.842595706132802214e+00 2.608463938223271050e-01
5.846141736516711873e+00 2.607449375616546772e-01
5.849689604555781131e+00 2.606435205444389003e-01
5.853239311202387718e+00 2.605421427557850778e-01
5.856790857409297502e+00 2.604408041808066177e-01
5.860344244129881197e+00 2.603395048046185933e-01
5.863899472317886996e+00 2.602382446123444604e-01
5.867456542927674157e+00 2.601370235891092841e-01
5.871015456913982966e+00 2.600358417200463457e-01
5.874576215232131027e+00 2.599346989902914795e-01
5.878138818837935098e+00 2.598335953849854607e-01
5.881703268687615171e+00 2.597325308892765583e-01
5.885269565738009412e+00 2.596315054883146511e-01
5.888837710946331683e+00 2.595305191672578893e-01
5.892407705270407803e+00 2.594295719112660326e-01
5.895979549668446396e+00 2.593286637055072230e-01
5.899553245099265375e+00 2.592277945351512125e-01
5.903128792522066348e+00 2.591269643853759685e-01
5.906706192896661989e+00 2.590261732413612905e-01
5.910285447183248664e+00 2.589254210882949714e-01
5.913866556342605385e+00 2.588247079113675242e-01
5.917449521336010321e+00 2.587240336957744025e-01
5.921034343125150201e+00 2.586233984267183317e-01
5.924621022672329929e+00 2.585228020894039247e-01
5.928209560940235434e+00 2.584222446690437880e-01
5.931799958892166380e+00 2.583217261508525264e-01
5.935392217491807010e+00 2.582212465200527940e-01
5.938986337703457963e+00 2.581208057618689100e-01
5.942582320491799130e+00 2.580204038615334650e-01
5.946180166822103708e+00 2.579200408042816584e-01
5.949779877660139604e+00 2.578197165753535747e-01
5.953381453972092174e+00 2.577194311599966259e-01
5.956984896724758727e+00 2.576191845434601668e-01
5.960590206885329145e+00 2.575189767110014349e-01
5.964197385421602604e+00 2.574188076478796661e-01
5.967806433301769964e+00 2.573186773393621452e-01
5.971417351494634040e+00 2.572185857707179890e-01
5.975030140969389336e+00 2.571185329272244191e-01
5.978644802695844973e+00 2.570185187941604887e-01
5.982261337644198207e+00 2.569185433568132448e-01
5.985879746785234268e+00 2.568186066004725654e-01
5.989500031090244647e+00 2.567187085104330468e-01
5.993122191530934728e+00 2.566188490719967796e-01
5.996746229079629842e+00 2.565190282704675195e-01
6.000372144709043454e+00 2.564192460911574045e-01
6.003999939392509866e+00 2.563195025193799603e-01
6.007629614103749738e+00 2.562197975404572059e-01
6.011261169817107231e+00 2.561201311397127700e-01
6.014894607507312863e+00 2.560205033024784971e-01
6.018529928149690456e+00 2.559209140140886740e-01
6.022167132720069205e+00 2.558213632598828058e-01
6.025806222194697526e+00 2.557218510252074473e-01
6.029447197550443782e+00 2.556223772954111517e-01
6.033090059764569801e+00 2.555229420558504105e-01
6.036734809814955582e+00 2.554235452918837135e-01
6.040381448679875476e+00 2.553241869888775994e-01
6.044029977338227333e+00 2.552248671322003282e-01
6.047680396769296252e+00 2.551255857072283195e-01
6.051332707952993495e+00 2.550263426993398252e-01
6.054986911869622901e+00 2.549271380939212572e-01
6.058643009500082499e+00 2.548279718763614143e-01
6.062301001825776581e+00 2.547288440320543135e-01
6.065960889828533098e+00 2.546297545464011325e-01
6.069622674490807057e+00 2.545307034048048256e-01
6.073286356795440710e+00 2.544316905926766181e-01
6.076951937725906916e+00 2.543327160954294563e-01
6.080619418266070220e+00 2.542337798984842800e-01
6.084288799400420444e+00 2.541348819872640274e-01
6.087960082113844429e+00 2.540360223471995749e-01
6.091633267391821427e+00 2.539372009637245187e-01
6.095308356220346724e+00 2.538384178222773402e-01
6.098985349585834825e+00 2.537396729083039038e-01
6.102664248475329956e+00 2.536409662072517945e-01
6.106345053876273354e+00 2.535422977045767023e-01
6.110027766776731539e+00 2.534436673857362599e-01
6.113712388165168043e+00 2.533450752361959268e-01
6.117398919030672566e+00 2.532465212414232725e-01
6.121087360362735375e+00 2.531480053868938596e-01
6.124777713151471126e+00 2.530495276580849717e-01
6.128469978387395045e+00 2.529510880404819972e-01
6.132164157061621879e+00 2.528526865195730444e-01
6.135860250165778851e+00 2.527543230808511066e-01
6.139558258691922177e+00 2.526559977098163379e-01
6.143258183632734237e+00 2.525577103919710575e-01
6.146960025981299758e+00 2.524594611128253563e-01
6.150663786731332294e+00 2.523612498578912122e-01
6.154369466876945971e+00 2.522630766126887081e-01
6.158077067412884631e+00 2.521649413627398140e-01
6.161786589334289133e+00 2.520668440935744936e-01
6.165498033636908737e+00 2.519687847907253198e-01
6.169211401317006072e+00 2.518707634397298056e-01
6.172926693371270979e+00 2.517727800261327920e-01
6.176643910797029235e+00 2.516748345354809513e-01
6.180363054592004524e+00 2.515769269533289498e-01
6.184084125754554684e+00 2.514790572652335077e-01
6.187807125283440790e+00 2.513812254567590054e-01
6.191532054178055411e+00 2.512834315134720442e-01
6.195258913438192572e+00 2.511856754209469966e-01
6.198987704064283122e+00 2.510879571647603448e-01
6.202718427057154926e+00 2.509902767304963978e-01
6.206451083418249581e+00 2.508926341037421848e-01
6.210185674149521162e+00 2.507950292700896200e-01
6.213922200253358064e+00 2.506974622151378895e-01
6.217660662732784616e+00 2.505999329244881224e-01
6.221401062591226605e+00 2.505024413837494413e-01
6.225143400832750196e+00 2.504049875785327450e-01
6.228887678461823008e+00 2.503075714944570374e-01
6.232633896483548597e+00 2.502101931171430982e-01
6.236382055903435528e+00 2.501128524322199231e-01
6.240132157727603435e+00 2.500155494253188393e-01
6.243884202962690644e+00 2.499182840820763918e-01
6.247638192615769803e+00 2.498210563881362312e-01
6.251394127694555714e+00 2.497238663291438121e-01
6.255152009207160191e+00 2.496267138907528604e-01
6.258911838162343422e+00 2.495295990586187118e-01
6.262673615569267938e+00 2.494325218184047510e-01
6.266437342437734870e+00 2.493354821557763334e-01
6.270203019777953024e+00 2.492384800564067804e-01
6.273970648600771582e+00 2.491415155059712172e-01
6.277740229917447401e+00 2.490445884901528462e-01
6.281511764739848402e+00 2.489476989946374785e-01
6.285285254080366535e+00 2.488508470051158383e-01
6.289060698951829842e+00 2.487540325072859770e-01
6.292838100367710297e+00 2.486572554868477225e-01
6.296617459341886658e+00 2.485605159295088684e-01
6.300398776888882502e+00 2.484638138209791514e-01
6.304182054023625525e+00 2.483671491469763570e-01
6.307967291761690909e+00 2.482705218932199920e-01
6.311754491119060617e+00 2.481739320454376951e-01
6.315543653112329459e+00 2.480773795893596867e-01
6.319334778758626925e+00 2.479808645107210163e-01
6.323127869075510610e+00 2.478843867952641444e-01
6.326922925081190918e+00 2.477879464287333078e-01
6.330719947794283264e+00 2.476915433968807367e-01
6.334518938234053209e+00 2.475951776854604935e-01
6.338319897420173987e+00 2.474988492802346896e-01
6.342122826372966315e+00 2.474025581669672957e-01
6.345927726113159473e+00 2.473063043314302212e-01
6.349734597662132884e+00 2.472100877593973733e-01
6.353543442041674538e+00 2.471139084366504313e-01
6.357354260274191482e+00 2.470177663489738495e-01
6.361167053382622782e+00 2.469216614821570510e-01
6.364981822390344490e+00 2.468255938219965362e-01
6.368798568321384579e+00 2.467295633542908040e-01
6.372617292200183137e+00 2.466335700648462359e-01
6.376437995051828622e+00 2.465376139394711286e-01
6.380260677901822497e+00 2.464416949639817445e-01
6.384085341776317257e+00 2.463458131241962057e-01
6.387911987701875738e+00 2.462499684059406557e-01
6.391740616705684275e+00 2.461541607950438193e-01
6.395571229815462999e+00 2.460583902773393061e-01
6.399403828059369026e+00 2.459626568386680812e-01
6.403238412466218499e+00 2.458669604648728579e-01
6.407074984065239676e+00 2.457713011418042603e-01
6.410913543886310961e+00 2.456756788553149384e-01
6.414754092959724652e+00 2.455800935912654803e-01
6.418596632316432959e+00 2.454845453355181673e-01
6.422441162987795771e+00 2.453890340739434406e-01
6.426287686005829336e+00 2.452935597924135736e-01
6.430136202402965573e+00 2.451981224768087220e-01
6.433986713212260788e+00 2.451027221130117340e-01
6.437839219467307750e+00 2.450073586869103981e-01
6.441693722202143313e+00 2.449120321843996084e-01
6.445550222451459810e+00 2.448167425913762296e-01
6.449408721250368792e+00 2.447214898937450089e-01
6.453269219634636400e+00 2.446262740774125810e-01
6.457131718640441775e+00 2.445310951282935463e-01
6.460996219304630195e+00 2.444359530323043928e-01
6.464862722664454608e+00 2.443408477753694907e-01
6.468731229757801238e+00 2.442457793434159030e-01
6.472601741623092764e+00 2.441507477223756051e-01
6.476474259299198621e+00 2.440557528981876778e-01
6.480348783825649051e+00 2.439607948567932283e-01
6.484225316242389958e+00 2.438658735841411351e-01
6.488103857590030721e+00 2.437709890661822754e-01
6.491984408909594606e+00 2.436761412888753531e-01
6.495866971242769239e+00 2.435813302381810153e-01
6.499751545631657912e+00 2.434865559000678747e-01
6.503638133119027387e+00 2.433918182605063207e-01
6.507526734748063646e+00 2.432971173054747638e-01
6.511417351562579725e+00 2.432024530209542790e-01
6.515309984606937554e+00 2.431078253929306598e-01
6.519204634925941377e+00 2.430132344073970552e-01
6.523101303565064235e+00 2.429186800503484178e-01
6.526999991570194837e+00 2.428241623077876388e-01
6.530900699987890690e+00 2.427296811657194409e-01
6.534803429865124080e+00 2.426352366101565405e-01
6.538708182249536094e+00 2.425408286271134584e-01
6.542614958189187035e+00 2.424464572026127085e-01
6.546523758732772258e+00 2.423521223226793309e-01
6.550434584929529791e+00 2.422578239733434169e-01
6.554347437829149747e+00 2.421635621406420802e-01
6.558262318481991926e+00 2.420693368106143772e-01
6.562179227938830905e+00 2.419751479693072194e-01
6.566098167251117168e+00 2.418809956027694608e-01
6.570019137470715975e+00 2.417868796970578382e-01
6.573942139650166716e+00 2.416928002382309482e-01
6.577867174842424447e+00 2.415987572123552973e-01
6.581794244101118352e+00 2.415047506054993354e-01
6.585723348480297723e+00 2.414107804037393112e-01
6.589654489034653118e+00 2.413168465931541662e-01
6.593587666819418658e+00 2.412229491598276987e-01
6.597522882890284102e+00 2.411290880898508959e-01
6.601460138303612446e+00 2.410352633693165492e-01
6.605399434116184132e+00 2.409414749843254711e-01
6.609340771385456392e+00 2.408477229209802506e-01
6.613284151169309233e+00 2.407540071653913316e-01
6.617229574526295899e+00 2.406603277036711286e-01
6.621177042515389743e+00 2.405666845219399663e-01
6.625126556196211602e+00 2.404730776063206399e-01
6.629078116628929429e+00 2.403795069429410514e-01
6.633031724874162371e+00 2.402859725179360417e-01
6.636987381993214363e+00 2.401924743174423948e-01
6.640945089047804117e+00 2.400990123276048605e-01
6.644904847100331580e+00 2.400055865345699369e-01
6.648866657213621245e+00 2.399121969244920605e-01
6.652830520451169960e+00 2.398188434835275828e-01
6.656796437876907113e+00 2.397255261978406271e-01
6.660764410555431780e+00 2.396322450535973425e-01
6.664734439551773804e+00 2.395390000369715944e-01
6.668706525931606066e+00 2.394457911341399958e-01
6.672680670761158339e+00 2.393526183312839895e-01
6.676656875107114253e+00 2.392594816145920955e-01
6.680635140036836006e+00 2.391663809702548049e-01
6.684615466618118340e+00 2.390733163844703524e-01
6.688597855919428348e+00 2.389802878434389988e-01
6.692582309009664776e+00 2.388872953333687488e-01
6.696568826958404941e+00 2.387943388404695777e-01
6.700557410835657812e+00 2.387014183509591769e-01
6.704548061712075402e+00 2.386085338510579856e-01
6.708540780658869274e+00 2.385156853269913835e-01
6.712535568747709291e+00 2.384228727649916335e-01
6.716532427050947440e+00 2.383300961512930805e-01
6.720531356641368248e+00 2.382373554721377296e-01
6.724532358592432146e+00 2.381446507137697233e-01
6.728535433978034774e+00 2.380519818624407813e-01
6.732540583872751228e+00 2.379593489044047050e-01
6.736547809351590921e+00 2.378667518259229841e-01
6.740557111490244502e+00 2.377741906132591343e-01
6.744568491364831608e+00 2.376816652526844154e-01
6.748581950052127354e+00 2.375891757304727236e-01
6.752597488629464628e+00 2.374967220329028961e-01
6.756615108174638173e+00 2.374043041462607084e-01
6.760634809766131958e+00 2.373119220568339349e-01
6.764656594482855390e+00 2.372195757509181213e-01
6.768680463404408876e+00 2.371272652148108118e-01
6.772706417610822704e+00 2.370349904348172665e-01
6.776734458182817278e+00 2.369427513972445776e-01
6.780764586201543764e+00 2.368505480884077474e-01
6.784796802748807920e+00 2.367583804946244153e-01
6.788831108906976830e+00 2.366662486022171330e-01
6.792867505758882984e+00 2.365741523975153360e-01
6.796905994388051653e+00 2.364820918668504857e-01
6.800946575878432654e+00 2.363900669965618428e-01
6.804989251314675691e+00 2.362980777729905002e-01
6.809034021781858570e+00 2.362061241824853774e-01
6.813080888365749210e+00 2.361142062113973650e-01
6.817129852152553404e+00 2.360223238460850415e-01
6.821180914229165282e+00 2.359304770729089562e-01
6.825234075682915957e+00 2.358386658782373746e-01
6.829289337601792909e+00 2.357468902484413098e-01
6.833346701074353824e+00 2.356551501698964934e-01
6.837406167189616468e+00 2.355634456289857903e-01
6.841467737037296715e+00 2.354717766120939249e-01
6.845531411707546532e+00 2.353801431056133930e-01
6.849597192291207115e+00 2.352885450959386893e-01
6.853665079879560196e+00 2.351969825694719129e-01
6.857735075564581173e+00 2.351054555126172174e-01
6.861807180438683318e+00 2.350139639117864443e-01
6.865881395594938930e+00 2.349225077533940997e-01
6.869957722126990518e+00 2.348310870238595471e-01
6.874036161128949551e+00 2.347397017096091443e-01
6.878116713695622053e+00 2.346483517970711641e-01
6.882199380922256360e+00 2.345570372726816233e-01
6.886284163904792699e+00 2.344657581228784815e-01
6.890371063739612723e+00 2.343745143341074422e-01
6.894460081523794415e+00 2.342833058928160961e-01
6.898551218354857184e+00 2.341921327854597501e-01
6.902644475331013219e+00 2.341009949984957927e-01
6.906739853550924124e+00 2.340098925183890510e-01
6.910837354113906095e+00 2.339188253316073218e-01
6.914936978119852640e+00 2.338277934246230649e-01
6.919038726669131556e+00 2.337367967839156513e-01
6.923142600862802531e+00 2.336458353959665890e-01
6.927248601802375561e+00 2.335549092472649080e-01
6.931356730590051640e+00 2.334640183243017475e-01
6.935466988328481186e+00 2.333731626135758519e-01
6.939579376121013610e+00 2.332823421015878251e-01
6.943693895071436195e+00 2.331915567748461537e-01
6.947810546284210353e+00 2.331008066198619055e-01
6.951929330864370371e+00 2.330100916231508390e-01
6.956050249917421269e+00 2.329194117712359291e-01
6.960173304549574169e+00 2.328287670506418994e-01
6.964298495867482508e+00 2.327381574479012727e-01
6.968425824978504934e+00 2.326475829495483760e-01
6.972555292990439746e+00 2.325570435421254190e-01
6.976686901011794895e+00 2.324665392121763874e-01
6.980820650151517093e+00 2.323760699462529833e-01
6.984956541519264483e+00 2.322856357309089070e-01
6.989094576225133082e+00 2.321952365527054918e-01
6.993234755379896583e+00 2.321048723982067352e-01
6.997377080094900670e+00 2.320145432539815200e-01
7.001521551481973304e+00 2.319242491066055289e-01
7.005668170653647664e+00 2.318339899426564987e-01
7.009816938722901014e+00 2.317437657487197988e-01
7.013967856803420275e+00 2.316535765113827694e-01
7.018120926009336458e+00 2.315634222172403556e-01
7.022276147455492890e+00 2.314733028528895009e-01
7.026433522257173436e+00 2.313832184049348095e-01
7.030593051530345861e+00 2.312931688599834945e-01
7.034754736391548136e+00 2.312031542046476262e-01
7.038918577957803180e+00 2.311131744255461862e-01
7.043084577346846231e+00 2.310232295093000709e-01
7.047252735676856616e+00 2.309333194425378655e-01
7.051423054066722429e+00 2.308434442118901253e-01
7.055595533635788286e+00 2.307536038039949833e-01
7.059770175504100465e+00 2.306637982054925429e-01
7.063946980792163544e+00 2.305740274030305681e-01
7.068125950621185538e+00 2.304842913832587659e-01
7.072307086112830987e+00 2.303945901328344481e-01
7.076490388389439445e+00 2.303049236384176190e-01
7.080675858573936665e+00 2.302152918866730569e-01
7.084863497789728015e+00 2.301256948642724232e-01
7.089053307160932960e+00 2.300361325578894334e-01
7.093245287812123934e+00 2.299466049542053248e-01
7.097439440868587468e+00 2.298571120399033052e-01
7.101635767456057735e+00 2.297676538016741876e-01
7.105834268700991885e+00 2.296782302262108388e-01
7.110034945730289380e+00 2.295888413002135919e-01
7.114237799671540685e+00 2.294994870103855278e-01
7.118442831652915359e+00 2.294101673434345290e-01
7.122650042803069681e+00 2.293208822860752782e-01
7.126859434251382908e+00 2.292316318250244844e-01
7.131071007127676609e+00 2.291424159470064614e-01
7.135284762562497107e+00 2.290532346387475215e-01
7.139500701686843698e+00 2.289640878869813878e-01
7.143718825632435099e+00 2.288749756784439482e-01
7.147939135531441224e+00 2.287858979998785569e-01
7.152161632516751411e+00 2.286968548380305943e-01
7.156386317721711521e+00 2.286078461796530181e-01
7.160613192280353090e+00 2.285188720115013672e-01
7.164842257327295627e+00 2.284299323203360377e-01
7.169073513997645364e+00 2.283410270929243369e-01
7.173306963427233285e+00 2.282521563160353761e-01
7.177542606752343346e+00 2.281633199764459830e-01
7.181780445109982480e+00 2.280745180609348999e-01
7.186020479637610592e+00 2.279857505562884468e-01
7.190262711473415891e+00 2.278970174492948586e-01
7.194507141756039559e+00 2.278083187267500032e-01
7.198753771624813780e+00 2.277196543754523572e-01
7.203002602219658712e+00 2.276310243822051993e-01
7.207253634680990118e+00 2.275424287338186358e-01
7.211506870149944959e+00 2.274538674171047159e-01
7.215762309768114946e+00 2.273653404188831217e-01
7.220019954677825424e+00 2.272768477259754227e-01
7.224279806021852934e+00 2.271883893252107656e-01
7.228541864943700546e+00 2.270999652034202398e-01
7.232806132587336734e+00 2.270115753474425402e-01
7.237072610097445846e+00 2.269232197441182486e-01
7.241341298619182965e+00 2.268348983802955521e-01
7.245612199298387068e+00 2.267466112428252467e-01
7.249885313281497545e+00 2.266583583185628747e-01
7.254160641715445834e+00 2.265701395943709173e-01
7.258438185747889904e+00 2.264819550571136320e-01
7.262717946526949575e+00 2.263938046936630477e-01
7.266999925201474753e+00 2.263056884908929145e-01
7.271284122920777193e+00 2.262176064356846983e-01
7.275570540834893407e+00 2.261295585149216969e-01
7.279859180094328863e+00 2.260415447154948132e-01
7.284150041850280033e+00 2.259535650242975591e-01
7.288443127254542020e+00 2.258656194282282481e-01
7.292738437459407308e+00 2.257777079141919663e-01
7.297035973617900240e+00 2.256898304690957424e-01
7.301335736883503458e+00 2.256019870798541549e-01
7.305637728410438569e+00 2.255141777333837527e-01
7.309941949353387258e+00 2.254264024166085789e-01
7.314248400867763067e+00 2.253386611164546194e-01
7.318557084109443167e+00 2.252509538198554373e-01
7.322868000235045471e+00 2.251632805137464277e-01
7.327181150401644416e+00 2.250756411850705907e-01
7.331496535767017875e+00 2.249880358207735909e-01
7.335814157489545906e+00 2.249004644078057558e-01
7.340134016728102395e+00 2.248129269331242686e-01
7.344456114642303746e+00 2.247254233836882276e-01
7.348780452392226437e+00 2.246379537464642251e-01
7.353107031138687688e+00 2.245505180084209074e-01
7.357435852042966573e+00 2.244631161565342758e-01
7.361766916267081129e+00 2.243757481777823859e-01
7.366100224973520127e+00 2.242884140591507036e-01
7.370435779325470449e+00 2.242011137876274152e-01
7.374773580486724711e+00 2.241138473502053974e-01
7.379113629621574688e+00 2.240266147338843272e-01
7.383455927895056448e+00 2.239394159256657968e-01
7.387800476472669686e+00 2.238522509125589477e-01
7.392147276520651289e+00 2.237651196815748089e-01
7.396496329205714204e+00 2.236780222197318757e-01
7.400847635695306792e+00 2.235909585140506972e-01
7.405201197157346371e+00 2.235039285515592333e-01
7.409557014760494553e+00 2.234169323192873591e-01
7.413915089673878356e+00 2.233299698042724435e-01
7.418275423067335339e+00 2.232430409935545479e-01
7.422638016111312353e+00 2.231561458741783965e-01
7.427002869976755406e+00 2.230692844331954305e-01
7.431369985835354797e+00 2.229824566576591727e-01
7.435739364859271561e+00 2.228956625346304732e-01
7.440111008221412803e+00 2.228089020511722917e-01
7.444484917095156362e+00 2.227221751943548600e-01
7.448861092654622595e+00 2.226354819512504635e-01
7.453239536074406146e+00 2.225488223089388540e-01
7.457620248529808649e+00 2.224621962545023923e-01
7.462003231196749908e+00 2.223756037750280745e-01
7.466388485251645335e+00 2.222890448576098077e-01
7.470776011871663513e+00 2.222025194893432753e-01
7.475165812234447316e+00 2.221160276573316827e-01
7.479557887518382131e+00 2.220295693486802335e-01
7.483952238902327636e+00 2.219431445505015421e-01
7.488348867565894906e+00 2.218567532499101103e-01
7.492747774689165752e+00 2.217703954340279060e-01
7.497148961452975158e+00 2.216840710899788680e-01
7.501552429038628844e+00 2.215977802048943457e-01
7.505958178628146626e+00 2.215115227659082975e-01
7.510366211404166492e+00 2.214252987601594558e-01
7.514776528549829138e+00 2.213391081747932143e-01
7.519189131249033764e+00 2.212529509969568819e-01
7.523604020686148530e+00 2.211668272138052893e-01
7.528021198046294771e+00 2.210807368124951822e-01
7.532440664515073436e+00 2.209946797801906337e-01
7.536862421278835100e+00 2.209086561040577712e-01
7.541286469524406400e+00 2.208226657712701047e-01
7.545712810439336948e+00 2.207367087690037255e-01
7.550141445211785651e+00 2.206507850844394991e-01
7.554572375030424780e+00 2.205648947047649244e-01
7.559005601084688664e+00 2.204790376171694433e-01
7.563441124564478812e+00 2.203932138088499915e-01
7.567878946660457018e+00 2.203074232670053367e-01
7.572319068563764688e+00 2.202216659788417130e-01
7.576761491466298182e+00 2.201359419315672972e-01
7.581206216560429922e+00 2.200502511123976213e-01
7.585653245039294390e+00 2.199645935085502158e-01
7.590102578096498576e+00 2.198789691072499664e-01
7.594554216926377777e+00 2.197933778957243678e-01
7.599008162723887239e+00 2.197078198612055777e-01
7.603464416684492022e+00 2.196222949909325817e-01
7.607922980004419244e+00 2.195368032721460860e-01
7.612383853880373863e+00 2.194513446920943744e-01
7.616847039509824668e+00 2.193659192380275624e-01
7.621312538090718292e+00 2.192805268972031763e-01
7.625780350821763420e+00 2.191951676568806850e-01
7.630250478902148359e+00 2.191098415043269132e-01
7.634722923531787941e+00 2.190245484268113496e-01
7.639197685911224056e+00 2.189392884116080906e-01
7.643674767241508405e+00 2.188540614459978662e-01
7.648154168724456525e+00 2.187688675172635155e-01
7.652635891562372450e+00 2.186837066126951223e-01
7.657119936958315165e+00 2.185985787195846852e-01
7.661606306115833931e+00 2.185134838252316414e-01
7.666095000239238288e+00 2.184284219169373154e-01
7.670586020533322724e+00 2.183433929820103869e-01
7.675079368203647334e+00 2.182583970077614788e-01
7.679575044456251831e+00 2.181734339815086243e-01
7.684073050497911339e+00 2.180885038905723550e-01
7.688573387536026260e+00 2.180036067222779761e-01
7.693076056778515692e+00 2.179187424639573156e-01
7.697581059434066120e+00 2.178339111029442832e-01
7.702088396711845419e+00 2.177491126265800325e-01
7.706598069821795960e+00 2.176643470222076882e-01
7.711110079974341502e+00 2.175796142771777020e-01
7.715624428380676747e+00 2.174949143788424410e-01
7.720141116252479563e+00 2.174102473145616832e-01
7.724660144802165007e+00 2.173256130716977319e-01
7.729181515242775191e+00 2.172410116376175537e-01
7.733705228787874475e+00 2.171564429996947210e-01
7.738231286651798158e+00 2.170719071453048321e-01
7.742759690049368260e+00 2.169874040618307853e-01
7.747290440196181294e+00 2.169029337366573107e-01
7.751823538308316941e+00 2.168184961571765768e-01
7.756358985602629375e+00 2.167340913107826950e-01
7.760896783296463042e+00 2.166497191848769377e-01
7.765436932607933329e+00 2.165653797668626868e-01
7.769979434755644121e+00 2.164810730441505127e-01
7.774524290958940043e+00 2.163967990041536504e-01
7.779071502437796326e+00 2.163125576342899425e-01
7.783621070412712228e+00 2.162283489219838373e-01
7.788172996104963275e+00 2.161441728546617258e-01
7.792727280736317041e+00 2.160600294197573823e-01
7.797283925529312043e+00 2.159759186047063850e-01
7.801842931706982398e+00 2.158918403969516675e-01
7.806404300493138493e+00 2.158077947839380784e-01
7.810968033112077435e+00 2.157237817531177382e-01
7.815534130788844180e+00 2.156398012919454876e-01
7.820102594749116065e+00 2.155558533878805805e-01
7.824673426219094452e+00 2.154719380283890706e-01
7.829246626425765854e+00 2.153880552009387883e-01
7.833822196596605281e+00 2.153042048930049746e-01
7.838400137959867564e+00 2.152203870920647300e-01
7.842980451744303139e+00 2.151366017856023993e-01
7.847563139179436931e+00 2.150528489611043537e-01
7.852148201495296576e+00 2.149691286060641249e-01
7.856735639922680647e+00 2.148854407079772988e-01
7.861325455692892206e+00 2.148017852543465667e-01
7.865917650037969722e+00 2.147181622326773676e-01
7.870512224190596484e+00 2.146345716304796647e-01
7.875109179383986913e+00 2.145510134352700271e-01
7.879708516852135247e+00 2.144674876345669390e-01
7.884310237829534884e+00 2.143839942158961842e-01
7.888914343551459041e+00 2.143005331667854063e-01
7.893520835253681867e+00 2.142171044747695208e-01
7.898129714172755556e+00 2.141337081273854415e-01
7.902740981545735011e+00 2.140503441121772432e-01
7.907354638610421205e+00 2.139670124166915821e-01
7.911970686605258152e+00 2.138837130284798049e-01
7.916589126769220996e+00 2.138004459350997255e-01
7.921209960342077139e+00 2.137172111241111283e-01
7.925833188564080700e+00 2.136340085830810698e-01
7.930458812676285163e+00 2.135508382995784660e-01
7.935086833920237837e+00 2.134677002611794772e-01
7.939717253538271180e+00 2.133845944554622620e-01
7.944350072773223914e+00 2.133015208700120569e-01
7.948985292868712804e+00 2.132184794924162352e-01
7.953622915068864430e+00 2.131354703102691650e-01
7.958262940618554993e+00 2.130524933111679620e-01
7.962905370763303736e+00 2.129695484827142660e-01
7.967550206749171693e+00 2.128866358125162950e-01
7.972197449823005044e+00 2.128037552881840710e-01
7.976847101232156234e+00 2.127209068973349992e-01
7.981499162224762856e+00 2.126380906275883165e-01
7.986153634049470540e+00 2.125553064665704761e-01
7.990810517955713621e+00 2.124725544019098467e-01
7.995469815193430918e+00 2.123898344212420131e-01
8.000131527013314425e+00 2.123071465122051693e-01
8.004795654666709837e+00 2.122244906624420335e-01
8.009462199405495753e+00 2.121418668596018464e-01
8.014131162482350135e+00 2.120592750913358193e-01
8.018802545150451877e+00 2.119767153453023245e-01
8.023476348663777458e+00 2.118941876091616494e-01
8.028152574276804287e+00 2.118116918705812701e-01
8.032831223244807362e+00 2.117292281172306334e-01
8.037512296823566160e+00 2.116467963367863470e-01
8.042195796269655972e+00 2.115643965169268503e-01
8.046881722840160123e+00 2.114820286453379106e-01
8.051570077792918667e+00 2.113996927097077649e-01
8.056260862386428911e+00 2.113173886977292304e-01
8.060954077879724622e+00 2.112351165971016742e-01
8.065649725532644254e+00 2.111528763955262955e-01
8.070347806605527197e+00 2.110706680807115376e-01
8.075048322359513975e+00 2.109884916403677868e-01
8.079751274056258481e+00 2.109063470622124237e-01
8.084456662958205087e+00 2.108242343339650215e-01
8.089164490328313306e+00 2.107421534433520649e-01
8.093874757430301159e+00 2.106601043781027582e-01
8.098587465528547469e+00 2.105780871259507192e-01
8.103302615887972848e+00 2.104961016746362268e-01
8.108020209774299047e+00 2.104141480119013363e-01
8.112740248453762959e+00 2.103322261254952641e-01
8.117462733193397284e+00 2.102503360031692803e-01
8.122187665260746314e+00 2.101684776326816217e-01
8.126915045924162584e+00 2.100866510017925792e-01
8.131644876452501336e+00 2.100048560982694656e-01
8.136377158115433161e+00 2.099230929098815923e-01
8.141111892183126031e+00 2.098413614244054037e-01
8.145849079926527736e+00 2.097596616296198702e-01
8.150588722617241544e+00 2.096779935133084583e-01
8.155330821527412510e+00 2.095963570632612405e-01
8.160075377930006368e+00 2.095147522672700657e-01
8.164822393098486231e+00 2.094331791131339715e-01
8.169571868307132334e+00 2.093516375886539105e-01
8.174323804830732954e+00 2.092701276816379408e-01
8.179078203944888159e+00 2.091886493798960633e-01
8.183835066925706059e+00 2.091072026712452736e-01
8.188594395050074581e+00 2.090257875435053425e-01
8.193356189595538908e+00 2.089444039845003154e-01
8.198120451840191336e+00 2.088630519820609266e-01
8.202887183062943066e+00 2.087817315240196592e-01
8.207656384543213335e+00 2.087004425982161571e-01
8.212428057561234951e+00 2.086191851924919516e-01
8.217202203397757643e+00 2.085379592946956795e-01
8.221978823334341158e+00 2.084567648926779759e-01
8.226757918653058610e+00 2.083756019742964705e-01
8.231539490636802014e+00 2.082944705274106800e-01
8.236323540568974977e+00 2.082133705398873103e-01
8.241110069733757371e+00 2.081323019995955648e-01
8.245899079415998756e+00 2.080512648944091436e-01
8.250690570901097587e+00 2.079702592122082139e-01
8.255484545475272995e+00 2.078892849408748300e-01
8.260281004425257478e+00 2.078083420682981519e-01
8.265079949038600660e+00 2.077274305823691991e-01
8.269881380603370857e+00 2.076465504709860688e-01
8.274685300408453514e+00 2.075657017220488842e-01
8.279491709743249217e+00 2.074848843234645968e-01
8.284300609897943701e+00 2.074040982631430163e-01
8.289112002163388837e+00 2.073233435289982274e-01
8.293925887830990717e+00 2.072426201089507813e-01
8.298742268192981442e+00 2.071619279909231448e-01
8.303561144542104699e+00 2.070812671628448343e-01
8.308382518171931963e+00 2.070006376126472813e-01
8.313206390376546295e+00 2.069200393282689954e-01
8.318032762450860318e+00 2.068394722976503730e-01
8.322861635690301796e+00 2.067589365087388609e-01
8.327693011391120947e+00 2.066784319494838207e-01
8.332526890850092016e+00 2.065979586078416086e-01
8.337363275364770843e+00 2.065175164717711620e-01
8.342202166233388283e+00 2.064371055292359425e-01
8.347043564754732969e+00 2.063567257682056844e-01
8.351887472228419540e+00 2.062763771766522036e-01
8.356733889954581329e+00 2.061960597425541997e-01
8.361582819234183006e+00 2.061157734538923147e-01
8.366434261368704384e+00 2.060355182986542411e-01
8.371288217660458386e+00 2.059552942648295859e-01
8.376144689412276634e+00 2.058751013404149788e-01
8.381003677927779449e+00 2.057949395134095194e-01
8.385865184511263948e+00 2.057148087718168872e-01
8.390729210467593902e+00 2.056347091036470343e-01
8.395595757102453760e+00 2.055546404969118557e-01
8.400464825722057327e+00 2.054746029396302687e-01
8.405336417633444412e+00 2.053945964198231056e-01
8.410210534144180627e+00 2.053146209255181931e-01
8.415087176562664695e+00 2.052346764447452454e-01
8.419966346197817586e+00 2.051547629655409710e-01
8.424848044359391608e+00 2.050748804759440214e-01
8.429732272357666645e+00 2.049950289640000423e-01
8.434619031503714837e+00 2.049152084177571498e-01
8.439508323109288668e+00 2.048354188252679842e-01
8.444400148486703728e+00 2.047556601745915139e-01
8.449294508949110494e+00 2.046759324537886504e-01
8.454191405810188797e+00 2.045962356509271884e-01
8.459090840384446253e+00 2.045165697540768934e-01
8.463992813986926933e+00 2.044369347513145252e-01
8.468897327933500918e+00 2.043573306307187309e-01
8.473804383540574747e+00 2.042777573803750968e-01
8.478713982125345439e+00 2.041982149883717901e-01
8.483626125005697460e+00 2.041187034428014468e-01
8.488540813500080162e+00 2.040392227317629203e-01
8.493458048927783111e+00 2.039597728433570623e-01
8.498377832608621674e+00 2.038803537656916076e-01
8.503300165863251436e+00 2.038009654868763454e-01
8.508225050012857338e+00 2.037216079950278647e-01
8.513152486379466310e+00 2.036422812782647251e-01
8.518082476285632865e+00 2.035629853247124532e-01
8.523015021054749951e+00 2.034837201224983794e-01
8.527950122010745204e+00 2.034044856597569118e-01
8.532887780478345618e+00 2.033252819246249565e-01
8.537827997782970968e+00 2.032461089052436942e-01
8.542770775250600579e+00 2.031669665897609112e-01
8.547716114208066429e+00 2.030878549663260313e-01
8.552664015982728074e+00 2.030087740230954729e-01
8.557614481902787062e+00 2.029297237482276806e-01
8.562567513296981403e+00 2.028507041298878988e-01
8.567523111494891097e+00 2.027717151562432318e-01
8.572481277826630830e+00 2.026927568154679171e-01
8.577442013623119976e+00 2.026138290957384958e-01
8.582405320215968914e+00 2.025349319852360608e-01
8.587371198937358230e+00 2.024560654721479225e-01
8.592339651120319388e+00 2.023772295446633895e-01
8.597310678098414982e+00 2.022984241909785430e-01
8.602284281206056704e+00 2.022196493992914346e-01
8.607260461778190930e+00 2.021409051578070826e-01
8.612239221150613133e+00 2.020621914547323095e-01
8.617220560659651696e+00 2.019835082782808766e-01
8.622204481642487650e+00 2.019048556166684605e-01
8.627190985436838488e+00 2.018262334581175932e-01
8.632180073381226393e+00 2.017476417908533881e-01
8.637171746814875206e+00 2.016690806031053440e-01
8.642166007077580758e+00 2.015905498831091491e-01
8.647162855509989754e+00 2.015120496191025179e-01
8.652162293453288910e+00 2.014335797993299371e-01
8.657164322249515820e+00 2.013551404120378641e-01
8.662168943241246311e+00 2.012767314454796119e-01
8.667176157771910638e+00 2.011983528879103811e-01
8.672185967185473743e+00 2.011200047275922831e-01
8.677198372826723016e+00 2.010416869527898442e-01
8.682213376041133301e+00 2.009633995517721705e-01
8.687230978174763862e+00 2.008851425128144463e-01
8.692251180574530167e+00 2.008069158241938268e-01
8.697273984587885920e+00 2.007287194741942671e-01
8.702299391563141029e+00 2.006505534511017208e-01
8.707327402849145415e+00 2.005724177432089139e-01
8.712358019795608755e+00 2.004943123388105153e-01
8.717391243752777186e+00 2.004162372262080494e-01
8.722427076071761931e+00 2.003381923937048725e-01
8.727465518104208897e+00 2.002601778296113078e-01
8.732506571202589996e+00 2.001821935222400928e-01
8.737550236720071695e+00 2.001042394599083507e-01
8.742596516010404883e+00 2.000263156309394774e-01
8.747645410428203760e+00 1.999484220236587284e-01
8.752696921328622537e+00 1.998705586263981870e-01
8.757751050067676957e+00 1.997927254274918518e-01
8.762807798001928106e+00 1.997149224152805491e-01
8.767867166488795050e+00 1.996371495781070204e-01
8.772929156886247526e+00 1.995594069043207797e-01
8.777993770553074171e+00 1.994816943822739497e-01
8.783061008848767059e+00 1.994040120003228445e-01
8.788130873133406240e+00 1.993263597468301895e-01
8.793203364767935071e+00 1.992487376101604590e-01
8.798278485113840475e+00 1.991711455786849827e-01
8.803356235533478014e+00 1.990935836407769777e-01
8.808436617389746814e+00 1.990160517848164889e-01
8.813519632046412866e+00 1.989385499991854767e-01
8.818605280867791052e+00 1.988610782722726456e-01
8.823693565219059565e+00 1.987836365924686433e-01
8.828784486465947268e+00 1.987062249481708620e-01
8.833878045975009030e+00 1.986288433277792753e-01
8.838974245113508488e+00 1.985514917196981588e-01
8.844073085249297250e+00 1.984741701123379776e-01
8.849174567751095566e+00 1.983968784941110841e-01
8.854278693988176130e+00 1.983196168534366033e-01
8.859385465330676723e+00 1.982423851787355751e-01
8.864494883149287574e+00 1.981651834584358118e-01
8.869606948815569325e+00 1.980880116809670410e-01
8.874721663701633290e+00 1.980108698347657348e-01
8.879839029180422116e+00 1.979337579082708909e-01
8.884959046625587220e+00 1.978566758899258371e-01
8.890081717411373319e+00 1.977796237681800351e-01
8.895207042912902651e+00 1.977026015314848895e-01
8.900335024505841020e+00 1.976256091682985216e-01
8.905465663566733525e+00 1.975486466670809682e-01
8.910598961472677715e+00 1.974717140162990381e-01
8.915734919601641550e+00 1.973948112044213998e-01
8.920873539332150770e+00 1.973179382199234666e-01
8.926014822043603303e+00 1.972410950512826222e-01
8.931158769115951301e+00 1.971642816869828840e-01
8.936305381929987135e+00 1.970874981155109062e-01
8.941454661867211939e+00 1.970107443253574786e-01
8.946606610309725482e+00 1.969340203050197469e-01
8.951761228640506829e+00 1.968573260429965777e-01
8.956918518243087490e+00 1.967806615277936377e-01
8.962078480501878275e+00 1.967040267479184812e-01
8.967241116801844214e+00 1.966274216918853790e-01
8.972406428528833189e+00 1.965508463482105173e-01
8.977574417069249080e+00 1.964743007054167989e-01
8.982745083810328879e+00 1.963977847520296249e-01
8.987918430140041437e+00 1.963212984765786706e-01
8.993094457446940027e+00 1.962448418675997730e-01
8.998273167120467875e+00 1.961684149136306565e-01
9.003454560550641972e+00 1.960920176032154294e-01
9.008638639128264458e+00 1.960156499249015583e-01
9.013825404244895978e+00 1.959393118672403677e-01
9.019014857292759757e+00 1.958630034187881508e-01
9.024206999664814433e+00 1.957867245681054191e-01
9.029401832754752277e+00 1.957104753037568201e-01
9.034599357956976107e+00 1.956342556143113864e-01
9.039799576666615266e+00 1.955580654883423974e-01
9.045002490279527407e+00 1.954819049144274345e-01
9.050208100192284277e+00 1.954057738811483536e-01
9.055416407802191259e+00 1.953296723770913679e-01
9.060627414507248290e+00 1.952536003908472428e-01
9.065841121706245787e+00 1.951775579110100745e-01
9.071057530798638524e+00 1.951015449261791768e-01
9.076276643184625570e+00 1.950255614249578884e-01
9.081498460265130745e+00 1.949496073959538223e-01
9.086722983441804402e+00 1.948736828277787825e-01
9.091950214117023421e+00 1.947977877090489862e-01
9.097180153693892990e+00 1.947219220283848140e-01
9.102412803576244826e+00 1.946460857744110040e-01
9.107648165168635401e+00 1.945702789357565132e-01
9.112886239876329952e+00 1.944945015010549338e-01
9.118127029105385972e+00 1.944187534589431610e-01
9.123370534262525311e+00 1.943430347980633355e-01
9.128616756755219441e+00 1.942673455070614841e-01
9.133865697991671695e+00 1.941916855745879633e-01
9.139117359380813710e+00 1.941160549892974319e-01
9.144371742332303654e+00 1.940404537398486839e-01
9.149628848256538660e+00 1.939648818149048992e-01
9.154888678564637061e+00 1.938893392031335039e-01
9.160151234668454379e+00 1.938138258932061153e-01
9.165416517980558453e+00 1.937383418737989860e-01
9.170684529914305827e+00 1.936628871335917268e-01
9.175955271883726283e+00 1.935874616612690280e-01
9.181228745303604555e+00 1.935120654455196598e-01
9.186504951589457235e+00 1.934366984750365281e-01
9.191783892157532776e+00 1.933613607385168687e-01
9.197065568424815041e+00 1.932860522246621637e-01
9.202349981809023305e+00 1.932107729221781423e-01
9.207637133728610479e+00 1.931355228197746965e-01
9.212927025602763109e+00 1.930603019061661041e-01
9.218219658851385390e+00 1.929851101700711391e-01
9.223515034895177322e+00 1.929099476002119062e-01
9.228813155155513925e+00 1.928348141853156450e-01
9.234114021054526944e+00 1.927597099141135362e-01
9.239417634015087089e+00 1.926846347753410904e-01
9.244723995460798704e+00 1.926095887577379262e-01
9.250033106816006878e+00 1.925345718500480474e-01
9.255344969505795660e+00 1.924595840410195380e-01
9.260659584955982737e+00 1.923846253194048395e-01
9.265976954593130088e+00 1.923096956739606123e-01
9.271297079844515565e+00 1.922347950934479299e-01
9.276619962138219933e+00 1.921599235666313910e-01
9.281945602903000747e+00 1.920850810822806176e-01
9.287274003568377623e+00 1.920102676291691457e-01
9.292605165564609138e+00 1.919354831960748131e-01
9.297939090322698164e+00 1.918607277717795934e-01
9.303275779274388313e+00 1.917860013450697620e-01
9.308615233852160387e+00 1.917113039047358136e-01
9.313957455489246584e+00 1.916366354395724336e-01
9.319302445619614517e+00 1.915619959383785265e-01
9.324650205677956549e+00 1.914873853899575484e-01
9.330000737099769736e+00 1.914128037831162865e-01
9.335354041321235030e+00 1.913382511066665514e-01
9.340710119779297216e+00 1.912637273494242063e-01
9.346068973911645372e+00 1.911892325002092496e-01
9.351430605156714648e+00 1.911147665478459545e-01
9.356795014953684486e+00 1.910403294811626740e-01
9.362162204742478622e+00 1.909659212889921187e-01
9.367532175963770413e+00 1.908915419601711350e-01
9.372904930058981066e+00 1.908171914835408156e-01
9.378280468470249431e+00 1.907428698479467222e-01
9.383658792640536817e+00 1.906685770422377191e-01
9.389039904013477766e+00 1.905943130552678610e-01
9.394423804033483094e+00 1.905200778758950331e-01
9.399810494145709683e+00 1.904458714929812835e-01
9.405199975796065814e+00 1.903716938953929627e-01
9.410592250431202288e+00 1.902975450720005568e-01
9.415987319498530184e+00 1.902234250116787428e-01
9.421385184446201322e+00 1.901493337033064446e-01
9.426785846723120699e+00 1.900752711357667490e-01
9.432189307778928722e+00 1.900012372979471842e-01
9.437595569064068712e+00 1.899272321787387752e-01
9.443004632029683876e+00 1.898532557670373211e-01
9.448416498127684804e+00 1.897793080517428121e-01
9.453831168810733487e+00 1.897053890217592353e-01
9.459248645532250421e+00 1.896314986659948520e-01
9.464668929746403947e+00 1.895576369733620592e-01
9.470092022908115581e+00 1.894838039327775003e-01
9.475517926473065344e+00 1.894099995331619268e-01
9.480946641897684657e+00 1.893362237634403922e-01
9.486378170639140350e+00 1.892624766125422242e-01
9.491812514155414604e+00 1.891887580694003035e-01
9.497249673905184153e+00 1.891150681229523955e-01
9.502689651347902000e+00 1.890414067621401517e-01
9.508132447943781429e+00 1.889677739759094421e-01
9.513578065153785346e+00 1.888941697532103559e-01
9.519026504439636938e+00 1.888205940829970619e-01
9.524477767263817896e+00 1.887470469542280038e-01
9.529931855089570192e+00 1.886735283558657050e-01
9.535388769380885421e+00 1.886000382768768802e-01
9.540848511602504800e+00 1.885265767062326847e-01
9.546311083219979565e+00 1.884531436329076881e-01
9.551776485699569719e+00 1.883797390458813170e-01
9.557244720508304425e+00 1.883063629341370226e-01
9.562715789113976683e+00 1.882330152866623363e-01
9.568189692985146877e+00 1.881596960924489526e-01
9.573666433591132119e+00 1.880864053404927294e-01
9.579146012402004473e+00 1.880131430197937714e-01
9.584628430888605166e+00 1.879399091193562077e-01
9.590113690522541035e+00 1.878667036281883862e-01
9.595601792776148997e+00 1.877935265353030958e-01
9.601092739122602637e+00 1.877203778297164005e-01
9.606586531035770093e+00 1.876472575004494159e-01
9.612083169990306430e+00 1.875741655365270877e-01
9.617582657461630546e+00 1.875011019269784696e-01
9.623084994925926949e+00 1.874280666608368617e-01
9.628590183860142204e+00 1.873550597271396445e-01
9.634098225741992039e+00 1.872820811149283338e-01
9.639609122049956014e+00 1.872091308132486365e-01
9.645122874263279300e+00 1.871362088111503674e-01
9.650639483861953138e+00 1.870633150976877823e-01
9.656158952326800105e+00 1.869904496619183842e-01
9.661681281139344435e+00 1.869176124929047833e-01
9.667206471781902621e+00 1.868448035797132811e-01
9.672734525737558542e+00 1.867720229114143704e-01
9.678265444490158131e+00 1.866992704770828182e-01
9.683799229524328922e+00 1.866265462657972496e-01
9.689335882325453397e+00 1.865538502666407306e-01
9.694875404379697414e+00 1.864811824687002129e-01
9.700417797173987111e+00 1.864085428610668949e-01
9.705963062196003577e+00 1.863359314328363325e-01
9.711511200934259236e+00 1.862633481731074403e-01
9.717062214877975279e+00 1.861907930709839898e-01
9.722616105517165153e+00 1.861182661155736662e-01
9.728172874342618570e+00 1.860457672959882902e-01
9.733732522845892632e+00 1.859732966013437905e-01
9.739295052519318929e+00 1.859008540207601479e-01
9.744860464856003546e+00 1.858284395433615621e-01
9.750428761349825280e+00 1.857560531582762575e-01
9.755999943495437421e+00 1.856836948546367050e-01
9.761574012788248211e+00 1.856113646215795665e-01
9.767150970724502557e+00 1.855390624482450013e-01
9.772730818801154129e+00 1.854667883237779424e-01
9.778313558515963066e+00 1.853945422373272367e-01
9.783899191367455117e+00 1.853223241780458386e-01
9.789487718854939402e+00 1.852501341350907826e-01
9.795079142478497758e+00 1.851779720976232113e-01
9.800673463738993618e+00 1.851058380548084303e-01
9.806270684138063132e+00 1.850337319958157700e-01
9.811870805178125821e+00 1.849616539098186963e-01
9.817473828362356159e+00 1.848896037859950325e-01
9.823079755194768836e+00 1.848175816135259331e-01
9.828688587180099745e+00 1.847455873815973815e-01
9.834300325823882361e+00 1.846736210793992750e-01
9.839914972632431756e+00 1.846016826961255630e-01
9.845532529112841047e+00 1.845297722209742475e-01
9.851152996772984949e+00 1.844578896431475212e-01
9.856776377121523325e+00 1.843860349518516017e-01
9.862402671667894083e+00 1.843142081362967866e-01
9.868031881922320281e+00 1.842424091856975088e-01
9.873664009395779928e+00 1.841706380892725037e-01
9.879299055600107238e+00 1.840988948362438371e-01
9.884937022047850519e+00 1.840271794158384322e-01
9.890577910252364546e+00 1.839554918172870146e-01
9.896221721727785692e+00 1.838838320298244733e-01
9.901868457989037253e+00 1.838122000426896940e-01
9.907518120551831231e+00 1.837405958451256427e-01
9.913170710932657670e+00 1.836690194263793652e-01
9.918826230648797093e+00 1.835974707757020707e-01
9.924484681218318727e+00 1.835259498823488822e-01
9.930146064160048525e+00 1.834544567355794742e-01
9.935810380993672197e+00 1.833829913246566023e-01
9.941477633239594880e+00 1.833115536388479905e-01
9.947147822419033503e+00 1.832401436674251094e-01
9.952820950053990146e+00 1.831687613996635655e-01
9.958497017667257367e+00 1.830974068248429620e-01
9.964176026782418205e+00 1.830260799322470378e-01
9.969857978923840847e+00 1.829547807111635560e-01
9.975542875616689287e+00 1.828835091508843325e-01
9.981230718386912670e+00 1.828122652407052628e-01
9.986921508761229305e+00 1.827410489699266005e-01
9.992615248267224359e+00 1.826698603278517352e-01
9.998311938433193546e+00 1.825986993037890804e-01
1.000401158078825681e+01 1.825275658870507411e-01
1.000971417686232279e+01 1.824564600669529024e-01
1.001541972818609594e+01 1.823853818328157461e-01
1.002112823629106941e+01 1.823143311739636452e-01
1.002683970270953395e+01 1.822433080797248584e-01
1.003255412897457077e+01 1.821723125394318077e-01
1.003827151662006045e+01 1.821013445424208843e-01
1.004399186718065096e+01 1.820304040780329202e-01
1.004971518219185533e+01 1.819594911356118283e-01
1.005544146318991672e+01 1.818886057045064342e-01
1.006117071171189536e+01 1.818177477740693937e-01
1.006690292929564734e+01 1.817469173336573318e-01
1.007263811747982274e+01 1.816761143726309813e-01
1.007837627780387635e+01 1.816053388803550439e-01
1.008411741180805521e+01 1.815345908461982460e-01
1.008986152103340572e+01 1.814638702595334496e-01
1.009560860702177187e+01 1.813931771097374857e-01
1.010135867131578102e+01 1.813225113861914595e-01
1.010711171545891673e+01 1.812518730782797516e-01
1.011286774099540153e+01 1.811812621753915997e-01
1.011862674947027863e+01 1.811106786669199054e-01
1.012438874242939590e+01 1.810401225422617055e-01
1.013015372141939707e+01 1.809695937908180063e-01
1.013592168798772875e+01 1.808990924019938384e-01
1.014169264368264223e+01 1.808286183651982293e-01
1.014746659005318641e+01 1.807581716698443419e-01
1.015324352864921664e+01 1.806877523053492529e-01
1.015902346102136811e+01 1.806173602611343687e-01
1.016480638872114817e+01 1.805469955266242876e-01
1.017059231330079960e+01 1.804766580912484097e-01
1.017638123631338765e+01 1.804063479444399654e-01
1.018217315931279110e+01 1.803360650756360983e-01
1.018796808385368990e+01 1.802658094742780603e-01
1.019376601149156514e+01 1.801955811298110721e-01
1.019956694378271322e+01 1.801253800316843234e-01
1.020537088228422817e+01 1.800552061693510841e-01
1.021117782855401757e+01 1.799850595322685931e-01
1.021698778415076880e+01 1.799149401098983359e-01
1.022280075063405036e+01 1.798448478917050730e-01
1.022861672956416434e+01 1.797747828671583115e-01
1.023443572250224776e+01 1.797047450257313050e-01
1.024025773101024939e+01 1.796347343569013599e-01
1.024608275665092449e+01 1.795647508501496681e-01
1.025191080098783303e+01 1.794947944949615570e-01
1.025774186558535561e+01 1.794248652808262401e-01
1.026357595200867756e+01 1.793549631972369829e-01
1.026941306182379421e+01 1.792850882336910479e-01
1.027525319659749137e+01 1.792152403796898885e-01
1.028109635789743947e+01 1.791454196247382891e-01
1.028694254729204260e+01 1.790756259583456689e-01
1.029279176635055215e+01 1.790058593700252221e-01
1.029864401664302420e+01 1.789361198492942229e-01
1.030449929974033374e+01 1.788664073856737757e-01
1.031035761721416755e+01 1.787967219686890930e-01
1.031621897063702420e+01 1.787270635878693004e-01
1.032208336158222295e+01 1.786574322327475484e-01
1.032795079162389307e+01 1.785878278928609564e-01
1.033382126233696141e+01 1.785182505577508905e-01
1.033969477529723591e+01 1.784487002169618253e-01
1.034557133208127588e+01 1.783791768600431205e-01
1.035145093426647556e+01 1.783096804765478272e-01
1.035733358343105159e+01 1.782402110560329100e-01
1.036321928115403601e+01 1.781707685880593306e-01
1.036910802901527973e+01 1.781013530621920193e-01
1.037499982859545256e+01 1.780319644679999314e-01
1.038089468147604144e+01 1.779626027950559075e-01
1.038679258923935755e+01 1.778932680329368132e-01
1.039269355346850432e+01 1.778239601712237328e-01
1.039859757574747867e+01 1.777546791995008590e-01
1.040450465766102361e+01 1.776854251073572422e-01
1.041041480079473303e+01 1.776161978843855960e-01
1.041632800673501791e+01 1.775469975201825201e-01
1.042224427706911527e+01 1.774778240043486943e-01
1.042816361338507747e+01 1.774086773264887118e-01
1.043408601727178997e+01 1.773395574762110238e-01
1.044001149031895181e+01 1.772704644431281895e-01
1.044594003411709693e+01 1.772013982168566260e-01
1.045187165025754439e+01 1.771323587870170524e-01
1.045780634033252632e+01 1.770633461432331857e-01
1.046374410593501558e+01 1.769943602751336553e-01
1.046968494865883947e+01 1.769254011723506714e-01
1.047562887009865307e+01 1.768564688245204408e-01
1.048157587184993389e+01 1.767875632212831394e-01
1.048752595550899080e+01 1.767186843522827733e-01
1.049347912267295335e+01 1.766498322071674565e-01
1.049943537493978596e+01 1.765810067755890778e-01
1.050539471390827728e+01 1.765122080472035782e-01
1.051135714117801889e+01 1.764434360116710898e-01
1.051732265834950830e+01 1.763746906586548258e-01
1.052329126702399797e+01 1.763059719778227730e-01
1.052926296880359125e+01 1.762372799588466377e-01
1.053523776529122635e+01 1.761686145914019286e-01
1.054121565809066752e+01 1.760999758651682345e-01
1.054719664880651742e+01 1.760313637698290024e-01
1.055318073904420118e+01 1.759627782950715924e-01
1.055916793040998236e+01 1.758942194305873064e-01
1.056515822451095588e+01 1.758256871660713871e-01
1.057115162295502309e+01 1.757571814912232966e-01
1.057714812735099130e+01 1.756887023957455496e-01
1.058314773930843344e+01 1.756202498693454350e-01
1.058915046043777508e+01 1.755518239017338777e-01
1.059515629235027667e+01 1.754834244826257439e-01
1.060116523665804245e+01 1.754150516017397576e-01
1.060717729497399731e+01 1.753467052487986955e-01
1.061319246891191703e+01 1.752783854135290809e-01
1.061921076008640163e+01 1.752100920856614341e-01
1.062523217011289844e+01 1.751418252549302446e-01
1.063125670060765593e+01 1.750735849110740816e-01
1.063728435318784271e+01 1.750053710438346788e-01
1.064331512947138947e+01 1.749371836429584604e-01
1.064934903107708841e+01 1.748690226981954865e-01
1.065538605962457019e+01 1.748008881992997587e-01
1.066142621673430924e+01 1.747327801360291644e-01
1.066746950402761662e+01 1.746646984981454764e-01
1.067351592312664010e+01 1.745966432754143816e-01
1.067956547565437297e+01 1.745286144576055076e-01
1.068561816323465230e+01 1.744606120344922850e-01
1.069167398749212339e+01 1.743926359958524464e-01
1.069773295005235347e+01 1.743246863314666939e-01
1.070379505254167896e+01 1.742567630311204763e-01
1.070986029658729777e+01 1.741888660846029058e-01
1.071592868381725872e+01 1.741209954817069527e-01
1.072200021586044727e+01 1.740531512122294733e-01
1.072807489434659800e+01 1.739853332659712093e-01
1.073415272090628925e+01 1.739175416327368162e-01
1.074023369717094134e+01 1.738497763023348353e-01
1.074631782477282371e+01 1.737820372645776656e-01
1.075240510534502825e+01 1.737143245092818700e-01
1.075849554052155810e+01 1.736466380262671749e-01
1.076458913193719802e+01 1.735789778053578591e-01
1.077068588122760495e+01 1.735113438363818650e-01
1.077678579002927961e+01 1.734437361091710483e-01
1.078288885997956825e+01 1.733761546135611509e-01
1.078899509271667156e+01 1.733085993393917168e-01
1.079510448987963755e+01 1.732410702765062038e-01
1.080121705310836333e+01 1.731735674147520110e-01
1.080733278404359332e+01 1.731060907439802843e-01
1.081345168432690329e+01 1.730386402540463886e-01
1.081957375560078383e+01 1.729712159348087974e-01
1.082569899950851777e+01 1.729038177761305362e-01
1.083182741769424773e+01 1.728364457678783495e-01
1.083795901180297960e+01 1.727690998999227845e-01
1.084409378348056663e+01 1.727017801621382465e-01
1.085023173437371824e+01 1.726344865444029986e-01
1.085637286612999475e+01 1.725672190365992453e-01
1.086251718039781267e+01 1.724999776286129938e-01
1.086866467882643938e+01 1.724327623103340812e-01
1.087481536306597540e+01 1.723655730716565360e-01
1.088096923476744848e+01 1.722984099024773841e-01
1.088712629558266620e+01 1.722312727926983700e-01
1.089328654716432432e+01 1.721641617322247630e-01
1.089944999116596591e+01 1.720970767109657185e-01
1.090561662924199737e+01 1.720300177188342772e-01
1.091178646304767774e+01 1.719629847457472549e-01
1.091795949423912937e+01 1.718959777816253531e-01
1.092413572447332903e+01 1.718289968163931314e-01
1.093031515540810972e+01 1.717620418399790072e-01
1.093649778870214639e+01 1.716951128423154782e-01
1.094268362601503952e+01 1.716282098133380951e-01
1.094887266900718181e+01 1.715613327429870161e-01
1.095506491933984705e+01 1.714944816212060907e-01
1.096126037867517589e+01 1.714276564379428602e-01
1.096745904867615984e+01 1.713608571831488070e-01
1.097366093100666262e+01 1.712940838467791882e-01
1.097986602733140415e+01 1.712273364187931746e-01
1.098607433931596944e+01 1.711606148891536838e-01
1.099228586862680679e+01 1.710939192478275195e-01
1.099850061693120118e+01 1.710272494847855929e-01
1.100471858589737728e+01 1.709606055900017851e-01
1.101093977719435379e+01 1.708939875534546404e-01
1.101716419249203049e+01 1.708273953651263111e-01
1.102339183346118112e+01 1.707608290150026686e-01
1.102962270177343918e+01 1.706942884930735538e-01
1.103585679910130857e+01 1.706277737893324986e-01
1.104209412711815830e+01 1.705612848937768933e-01
1.104833468749822245e+01 1.704948217964080415e-01
1.105457848191660730e+01 1.704283844872309106e-01
1.106082551204925934e+01 1.703619729562547147e-01
1.106707577957306832e+01 1.702955871934914989e-01
1.107332928616571976e+01 1.702292271889581377e-01
1.107958603350578919e+01 1.701628929326748918e-01
1.108584602327272961e+01 1.700965844146659078e-01
1.109210925714685558e+01 1.700303016249591070e-01
1.109837573680936273e+01 1.699640445535862410e-01
1.110464546394230823e+01 1.698978131905828914e-01
1.111091844022862674e+01 1.698316075259884150e-01
1.111719466735211981e+01 1.697654275498459708e-01
1.112347414699744341e+01 1.696992732522028535e-01
1.112975688085019677e+01 1.696331446231092444e-01
1.113604287059678200e+01 1.695670416526200153e-01
1.114233211792449119e+01 1.695009643307935909e-01
1.114862462452150282e+01 1.694349126476921430e-01
1.115492039207686048e+01 1.693688865933816456e-01
1.116121942228048702e+01 1.693028861579318756e-01
1.116752171682318284e+01 1.692369113314164397e-01
1.117382727739662052e+01 1.691709621039126643e-01
1.118013610569335370e+01 1.691050384655017891e-01
1.118644820340678336e+01 1.690391404062689673e-01
1.119276357223126617e+01 1.689732679163024609e-01
1.119908221386196345e+01 1.689074209856950559e-01
1.120540412999493363e+01 1.688415996045430911e-01
1.121172932232712149e+01 1.687758037629466523e-01
1.121805779255634583e+01 1.687100334510096833e-01
1.122438954238131004e+01 1.686442886588398193e-01
1.123072457350159148e+01 1.685785693765485815e-01
1.123706288761765570e+01 1.685128755942511547e-01
1.124340448643084400e+01 1.684472073020666094e-01
1.124974937164335564e+01 1.683815644901179853e-01
1.125609754495834736e+01 1.683159471485313474e-01
1.126244900807978766e+01 1.682503552674373404e-01
1.126880376271254214e+01 1.681847888369700783e-01
1.127516181056237343e+01 1.681192478472674778e-01
1.128152315333591638e+01 1.680537322884712026e-01
1.128788779274070109e+01 1.679882421507267187e-01
1.129425573048512987e+01 1.679227774241832394e-01
1.130062696827850388e+01 1.678573380989937247e-01
1.130700150783100177e+01 1.677919241653149651e-01
1.131337935085366198e+01 1.677265356133077479e-01
1.131976049905849102e+01 1.676611724331358022e-01
1.132614495415830547e+01 1.675958346149674372e-01
1.133253271786683136e+01 1.675305221489745144e-01
1.133892379189868471e+01 1.674652350253325317e-01
1.134531817796937503e+01 1.673999732342208169e-01
1.135171587779529112e+01 1.673347367658225282e-01
1.135811689309371886e+01 1.672695256103244321e-01
1.136452122558283229e+01 1.672043397579171808e-01
1.137092887698169363e+01 1.671391791987950626e-01
1.137733984901023021e+01 1.670740439231565011e-01
1.138375414338934455e+01 1.670089339212027790e-01
1.139017176184074565e+01 1.669438491831397864e-01
1.139659270608706443e+01 1.668787896991768271e-01
1.140301697785182355e+01 1.668137554595270355e-01
1.140944457885943919e+01 1.667487464544072651e-01
1.141587551083521923e+01 1.666837626740380884e-01
1.142230977550536863e+01 1.666188041086438532e-01
1.142874737459698586e+01 1.665538707484525704e-01
1.143518830983806644e+01 1.664889625836961096e-01
1.144163258295746921e+01 1.664240796046102810e-01
1.144808019568503354e+01 1.663592218014338098e-01
1.145453114975141418e+01 1.662943891644099725e-01
1.146098544688818777e+01 1.662295816837855988e-01
1.146744308882783336e+01 1.661647993498111264e-01
1.147390407730371997e+01 1.661000421527407955e-01
1.148036841405012076e+01 1.660353100828325934e-01
1.148683610080220596e+01 1.659706031303481710e-01
1.149330713929604819e+01 1.659059212855529264e-01
1.149978153126861002e+01 1.658412645387160322e-01
1.150625927845774221e+01 1.657766328801105749e-01
1.151274038260226185e+01 1.657120263000126936e-01
1.151922484544181735e+01 1.656474447887028856e-01
1.152571266871697730e+01 1.655828883364652282e-01
1.153220385416921978e+01 1.655183569335875182e-01
1.153869840354091991e+01 1.654538505703611606e-01
1.154519631857535700e+01 1.653893692370814184e-01
1.155169760101671628e+01 1.653249129240471349e-01
1.155820225261008716e+01 1.652604816215609840e-01
1.156471027510145611e+01 1.651960753199292753e-01
1.157122167023769777e+01 1.651316940094623154e-01
1.157773643976666733e+01 1.650673376804733805e-01
1.158425458543703890e+01 1.650030063232802158e-01
1.159077610899843336e+01 1.649386999282039523e-01
1.159730101220137044e+01 1.648744184855694961e-01
1.160382929679727404e+01 1.648101619857055000e-01
1.161036096453848465e+01 1.647459304189441698e-01
1.161689601717823983e+01 1.646817237756215691e-01
1.162343445647069551e+01 1.646175420460773975e-01
1.162997628417091178e+01 1.645533852206550740e-01
1.163652150203483338e+01 1.644892532897019310e-01
1.164307011181939622e+01 1.644251462435682432e-01
1.164962211528235692e+01 1.643610640726088368e-01
1.165617751418242598e+01 1.642970067671818413e-01
1.166273631027921098e+01 1.642329743176492163e-01
1.166929850533324320e+01 1.641689667143764741e-01
1.167586410110595452e+01 1.641049839477329297e-01
1.168243309935969698e+01 1.640410260080915339e-01
1.168900550185773568e+01 1.639770928858289845e-01
1.169558131036424875e+01 1.639131845713255320e-01
1.170216052664429895e+01 1.638493010549655349e-01
1.170874315246394559e+01 1.637854423271362103e-01
1.171532918959008818e+01 1.637216083782291609e-01
1.172191863979056059e+01 1.636577991986394309e-01
1.172851150483411686e+01 1.635940147787658949e-01
1.173510778649042585e+01 1.635302551090108969e-01
1.174170748653007834e+01 1.634665201797806111e-01
1.174831060672457639e+01 1.634028099814847923e-01
1.175491714884634220e+01 1.633391245045369422e-01
1.176152711466872169e+01 1.632754637393541985e-01
1.176814050596594363e+01 1.632118276763576126e-01
1.177475732451324220e+01 1.631482163059712054e-01
1.178137757208669001e+01 1.630846296186234112e-01
1.178800125046331004e+01 1.630210676047459950e-01
1.179462836142104365e+01 1.629575302547744964e-01
1.180125890673874878e+01 1.628940175591480910e-01
1.180789288819621596e+01 1.628305295083095350e-01
1.181453030757414524e+01 1.627670660927054147e-01
1.182117116665417100e+01 1.627036273027858693e-01
1.182781546721884425e+01 1.626402131290047015e-01
1.183446321105161303e+01 1.625768235618196833e-01
1.184111439993693615e+01 1.625134585916913343e-01
1.184776903566010908e+01 1.624501182090848372e-01
1.185442712000738297e+01 1.623868024044685665e-01
1.186108865476593621e+01 1.623235111683146714e-01
1.186775364172386560e+01 1.622602444910989095e-01
1.187442208267020938e+01 1.621970023633006464e-01
1.188109397939491885e+01 1.621337847754029671e-01
1.188776933368887434e+01 1.620705917178926203e-01
1.189444814734389588e+01 1.620074231812599630e-01
1.190113042215269168e+01 1.619442791559992101e-01
1.190781615990898779e+01 1.618811596326075464e-01
1.191450536240735580e+01 1.618180646015865143e-01
1.192119803144332302e+01 1.617549940534410702e-01
1.192789416881335285e+01 1.616919479786797786e-01
1.193459377631483243e+01 1.616289263678148957e-01
1.194129685574608501e+01 1.615659292113622580e-01
1.194800340890636825e+01 1.615029564998413658e-01
1.195471343759586169e+01 1.614400082237753831e-01
1.196142694361569170e+01 1.613770843736910543e-01
1.196814392876788169e+01 1.613141849401190653e-01
1.197486439485546938e+01 1.612513099135929329e-01
1.198158834368235226e+01 1.611884592846506148e-01
1.198831577705338525e+01 1.611256330438333717e-01
1.199504669677436119e+01 1.610628311816861280e-01
1.200178110465200554e+01 1.610000536887574996e-01
1.200851900249397985e+01 1.609373005555996550e-01
1.201526039210888541e+01 1.608745717727683711e-01
1.202200527530626317e+01 1.608118673308230884e-01
1.202875365389658313e+01 1.607491872203269112e-01
1.203550552969123721e+01 1.606865314318467186e-01
1.204226090450262632e+01 1.606238999559523040e-01
1.204901978014401465e+01 1.605612927832178738e-01
1.205578215842963985e+01 1.604987099042209098e-01
1.206254804117466506e+01 1.604361513095426128e-01
1.206931743019520908e+01 1.603736169897677089e-01
1.207609032730831977e+01 1.603111069354845875e-01
1.208286673433199354e+01 1.602486211372852187e-01
1.208964665308516828e+01 1.601861595857652365e-01
1.209643008538772335e+01 1.601237222715238273e-01
1.210321703306045293e+01 1.600613091851640635e-01
1.211000749792517794e+01 1.599989203172918761e-01
1.211680148180458261e+01 1.599365556585174986e-01
1.212359898652231927e+01 1.598742151994546334e-01
1.213040001390299238e+01 1.598118989307204529e-01
1.213720456577214257e+01 1.597496068429358207e-01
1.214401264395626256e+01 1.596873389267251808e-01
1.215082425028279367e+01 1.596250951727165579e-01
1.215763938658011689e+01 1.595628755715416125e-01
1.216445805467756891e+01 1.595006801138355024e-01
1.217128025640539946e+01 1.594385087902373821e-01
1.217810599359489387e+01 1.593763615913891540e-01
1.218493526807820082e+01 1.593142385079370504e-01
1.219176808168845128e+01 1.592521395305307175e-01
1.219860443625972302e+01 1.591900646498232985e-01
1.220544433362704062e+01 1.591280138564716007e-01
1.221228777562638612e+01 1.590659871411359838e-01
1.221913476409468657e+01 1.590039844944804437e-01
1.222598530086983004e+01 1.589420059071724733e-01
1.223283938779064783e+01 1.588800513698831463e-01
1.223969702669690029e+01 1.588181208732875604e-01
1.224655821942938516e+01 1.587562144080633675e-01
1.225342296782976881e+01 1.586943319648927431e-01
1.226029127374069994e+01 1.586324735344611658e-01
1.226716313900578470e+01 1.585706391074575838e-01
1.227403856546958316e+01 1.585088286745746089e-01
1.228091755497760929e+01 1.584470422265084610e-01
1.228780010937633982e+01 1.583852797539588020e-01
1.229468623051319831e+01 1.583235412476290405e-01
1.230157592023657465e+01 1.582618266982259991e-01
1.230846918039578597e+01 1.582001360964604142e-01
1.231536601284118859e+01 1.581384694330457974e-01
1.232226641942401635e+01 1.580768266986999904e-01
1.232917040199649250e+01 1.580152078841441377e-01
1.233607796241179422e+01 1.579536129801029642e-01
1.234298910252406678e+01 1.578920419773047756e-01
1.234990382418840937e+01 1.578304948664814022e-01
1.235682212926088930e+01 1.577689716383682272e-01
1.236374401959852953e+01 1.577074722837042420e-01
1.237066949705931762e+01 1.576459967932319350e-01
1.237759856350217369e+01 1.575845451576976808e-01
1.238453122078707302e+01 1.575231173678506014e-01
1.239146747077486310e+01 1.574617134144440933e-01
1.239840731532738616e+01 1.574003332882349115e-01
1.240535075630745077e+01 1.573389769799833637e-01
1.241229779557882651e+01 1.572776444804532825e-01
1.241924843500625109e+01 1.572163357804120531e-01
1.242620267645543386e+01 1.571550508706306415e-01
1.243316052179304165e+01 1.570937897418834828e-01
1.244012197288671651e+01 1.570325523849485927e-01
1.244708703160503482e+01 1.569713387906078728e-01
1.245405569981762994e+01 1.569101489496458335e-01
1.246102797939501627e+01 1.568489828528514818e-01
1.246800387220870832e+01 1.567878404910169332e-01
1.247498338013118691e+01 1.567267218549379393e-01
1.248196650503590988e+01 1.566656269354138042e-01
1.248895324879729785e+01 1.566045557232472463e-01
1.249594361329074843e+01 1.565435082092447028e-01
1.250293760039262914e+01 1.564824843842160251e-01
1.250993521198027913e+01 1.564214842389745619e-01
1.251693644993198440e+01 1.563605077643375474e-01
1.252394131612708961e+01 1.562995549511249360e-01
1.253094981244582051e+01 1.562386257901609843e-01
1.253796194076941894e+01 1.561777202722731683e-01
1.254497770298009307e+01 1.561168383882925448e-01
1.255199710096102272e+01 1.560559801290537507e-01
1.255902013659637539e+01 1.559951454853947816e-01
1.256604681177128491e+01 1.559343344481573246e-01
1.257307712837186919e+01 1.558735470081864527e-01
1.258011108828521252e+01 1.558127831563309029e-01
1.258714869339936548e+01 1.557520428834429926e-01
1.259418994560342497e+01 1.556913261803780091e-01
1.260123484678739558e+01 1.556306330379953196e-01
1.260828339884228200e+01 1.555699634471577053e-01
1.261533560366006945e+01 1.555093173987314170e-01
1.262239146313372551e+01 1.554486948835860916e-01
1.262945097915720005e+01 1.553880958925951128e-01
1.263651415362541997e+01 1.553275204166351398e-01
1.264358098843429801e+01 1.552669684465864675e-01
1.265065148548072749e+01 1.552064399733329159e-01
1.265772564666256095e+01 1.551459349877619409e-01
1.266480347387870964e+01 1.550854534807639129e-01
1.267188496902899608e+01 1.550249954432332822e-01
1.267897013401424644e+01 1.549645608660678853e-01
1.268605897073627276e+01 1.549041497401690282e-01
1.269315148109787827e+01 1.548437620564414863e-01
1.270024766700284857e+01 1.547833978057935045e-01
1.270734753035595332e+01 1.547230569791369081e-01
1.271445107306295519e+01 1.546627395673869643e-01
1.272155829703060093e+01 1.546024455614624094e-01
1.272866920416659653e+01 1.545421749522858101e-01
1.273578379637972446e+01 1.544819277307823702e-01
1.274290207557966603e+01 1.544217038878816228e-01
1.275002404367713105e+01 1.543615034145162657e-01
1.275714970258380454e+01 1.543013263016225489e-01
1.276427905421237519e+01 1.542411725401401645e-01
1.277141210047651576e+01 1.541810421210123017e-01
1.277854884329089380e+01 1.541209350351856466e-01
1.278568928457117160e+01 1.540608512736103275e-01
1.279283342623399378e+01 1.540007908272399972e-01
1.279998127019698195e+01 1.539407536870320004e-01
1.280713281837883066e+01 1.538807398439464569e-01
1.281428807269914039e+01 1.538207492889477057e-01
1.282144703507854722e+01 1.537607820130032776e-01
1.282860970743866780e+01 1.537008380070841729e-01
1.283577609170212241e+01 1.536409172621649166e-01
1.284294618979252789e+01 1.535810197692234480e-01
1.285012000363449403e+01 1.535211455192412588e-01
1.285729753515363250e+01 1.534612945032031994e-01
1.286447878627655150e+01 1.534014667120976727e-01
1.287166375893082737e+01 1.533416621369167454e-01
1.287885245504512177e+01 1.532818807686552876e-01
1.288604487654900765e+01 1.532221225983122770e-01
1.289324102537309535e+01 1.531623876168899667e-01
1.290044090344898464e+01 1.531026758153940515e-01
1.290764451270928070e+01 1.530429871848336953e-01
1.291485185508759770e+01 1.529833217162215042e-01
1.292206293251854099e+01 1.529236794005735534e-01
1.292927774693771781e+01 1.528640602289094153e-01
1.293649630028175324e+01 1.528044641922520208e-01
1.294371859448822804e+01 1.527448912816281035e-01
1.295094463149582431e+01 1.526853414880670889e-01
1.295817441324414787e+01 1.526258148026025108e-01
1.296540794167382060e+01 1.525663112162712332e-01
1.297264521872648757e+01 1.525068307201134510e-01
1.297988624634479393e+01 1.524473733051728841e-01
1.298713102647238671e+01 1.523879389624966940e-01
1.299437956105392722e+01 1.523285276831354562e-01
1.300163185203508043e+01 1.522691394581431878e-01
1.300888790136252382e+01 1.522097742785774033e-01
1.301614771098390655e+01 1.521504321354992251e-01
1.302341128284798444e+01 1.520911130199725514e-01
1.303067861890442813e+01 1.520318169230654159e-01
1.303794972110395278e+01 1.519725438358490444e-01
1.304522459139828072e+01 1.519132937493981317e-01
1.305250323174014682e+01 1.518540666547907869e-01
1.305978564408330023e+01 1.517948625431085607e-01
1.306707183038249909e+01 1.517356814054363900e-01
1.307436179259351583e+01 1.516765232328627366e-01
1.308165553267313896e+01 1.516173880164793930e-01
1.308895305257914110e+01 1.515582757473818709e-01
1.309625435427039086e+01 1.514991864166684299e-01
1.310355943970669301e+01 1.514401200154413540e-01
1.311086831084888971e+01 1.513810765348062859e-01
1.311818096965884628e+01 1.513220559658721431e-01
1.312549741809944237e+01 1.512630582997513129e-01
1.313281765813456836e+01 1.512040835275596518e-01
1.314014169172914137e+01 1.511451316404163747e-01
1.314746952084909459e+01 1.510862026294441107e-01
1.315480114746137907e+01 1.510272964857689582e-01
1.316213657353393174e+01 1.509684132005206514e-01
1.316947580103580329e+01 1.509095527648316171e-01
1.317681883193697345e+01 1.508507151698384174e-01
1.318416566820847358e+01 1.507919004066807789e-01
1.319151631182235818e+01 1.507331084665018417e-01
1.319887076475170140e+01 1.506743393404481601e-01
1.320622902897059880e+01 1.506155930196697024e-01
1.321359110645417445e+01 1.505568694953198505e-01
1.322095699917856493e+01 1.504981687585554007e-01
1.322832670912094244e+01 1.504394908005364795e-01
1.323570023825947217e+01 1.503808356124269330e-01
1.324307758857342776e+01 1.503222031853932994e-01
1.325045876204302253e+01 1.502635935106062248e-01
1.325784376064952674e+01 1.502050065792394362e-01
1.326523258637523561e+01 1.501464423824702132e-01
1.327262524120347464e+01 1.500879009114790830e-01
1.328002172711859252e+01 1.500293821574500419e-01
1.328742204610597355e+01 1.499708861115704728e-01
1.329482620015202166e+01 1.499124127650311722e-01
1.330223419124417816e+01 1.498539621090262675e-01
1.330964602137087738e+01 1.497955341347536051e-01
1.331706169252167982e+01 1.497371288334136408e-01
1.332448120668708569e+01 1.496787461962109655e-01
1.333190456585865569e+01 1.496203862143532515e-01
1.333933177202897902e+01 1.495620488790516955e-01
1.334676282719168938e+01 1.495037341815207421e-01
1.335419773334143656e+01 1.494454421129783050e-01
1.336163649247391838e+01 1.493871726646456288e-01
1.336907910658586118e+01 1.493289258277473719e-01
1.337652557767502515e+01 1.492707015935115789e-01
1.338397590774017765e+01 1.492124999531698470e-01
1.339143009878121227e+01 1.491543208979565494e-01
1.339888815279896583e+01 1.490961644191100555e-01
1.340635007179534988e+01 1.490380305078718992e-01
1.341381585777329732e+01 1.489799191554870283e-01
1.342128551273679982e+01 1.489218303532036658e-01
1.342875903869087040e+01 1.488637640922735317e-01
1.343623643764157194e+01 1.488057203639516213e-01
1.344371771159600293e+01 1.487476991594963438e-01
1.345120286256229747e+01 1.486897004701694669e-01
1.345869189254960929e+01 1.486317242872363387e-01
1.346618480356822012e+01 1.485737706019649718e-01
1.347368159762936024e+01 1.485158394056275144e-01
1.348118227674533109e+01 1.484579306894991957e-01
1.348868684292948217e+01 1.484000444448585476e-01
1.349619529819620922e+01 1.483421806629875439e-01
1.350370764456093831e+01 1.482843393351715167e-01
1.351122388404015773e+01 1.482265204526990732e-01
1.351874401865138431e+01 1.481687240068622624e-01
1.352626805041319002e+01 1.481109499889564918e-01
1.353379598134516293e+01 1.480531983902806936e-01
1.354132781346802439e+01 1.479954692021364648e-01
1.354886354880344967e+01 1.479377624158295657e-01
1.355640318937420297e+01 1.478800780226686706e-01
1.356394673720408584e+01 1.478224160139659793e-01
1.357149419431794968e+01 1.477647763810369663e-01
1.357904556274170638e+01 1.477071591152004648e-01
1.358660084450230343e+01 1.476495642077786385e-01
1.359416004162774527e+01 1.475919916500970652e-01
1.360172315614708971e+01 1.475344414334845144e-01
1.360929019009041241e+01 1.474769135492734751e-01
1.361686114548892945e+01 1.474194079887990450e-01
1.362443602437482326e+01 1.473619247434003188e-01
1.363201482878135629e+01 1.473044638044195553e-01
1.363959756074285323e+01 1.472470251632022609e-01
1.364718422229467620e+01 1.471896088110974110e-01
1.365477481547326022e+01 1.471322147394572011e-01
1.366236934231608302e+01 1.470748429396371848e-01
1.366996780486168817e+01 1.470174934029962466e-01
1.367757020514966371e+01 1.469601661208966570e-01
1.368517654522063864e+01 1.469028610847041560e-01
1.369278682711637529e+01 1.468455782857872594e-01
1.370040105287961296e+01 1.467883177155183405e-01
1.370801922455417987e+01 1.467310793652729373e-01
1.371564134418495762e+01 1.466738632264299458e-01
1.372326741381789184e+01 1.466166692903715651e-01
1.373089743549999042e+01 1.465594975484832696e-01
1.373853141127931643e+01 1.465023479921538918e-01
1.374616934320499873e+01 1.464452206127756229e-01
1.375381123332722311e+01 1.463881154017439290e-01
1.376145708369721454e+01 1.463310323504578014e-01
1.376910689636734730e+01 1.462739714503188959e-01
1.377676067339096555e+01 1.462169326927328650e-01
1.378441841682252011e+01 1.461599160691084143e-01
1.379208012871750988e+01 1.461029215708576356e-01
1.379974581113251020e+01 1.460459491893958961e-01
1.380741546612515691e+01 1.459889989161417823e-01
1.381508909575415700e+01 1.459320707425173502e-01
1.382276670207928149e+01 1.458751646599478757e-01
1.383044828716136543e+01 1.458182806598619097e-01
1.383813385306229016e+01 1.457614187336915557e-01
1.384582340184508809e+01 1.457045788728716373e-01
1.385351693557377573e+01 1.456477610688408364e-01
1.386121445631346383e+01 1.455909653130409709e-01
1.386891596613033784e+01 1.455341915969171340e-01
1.387662146709165079e+01 1.454774399119177219e-01
1.388433096126573396e+01 1.454207102494944337e-01
1.389204445072198091e+01 1.453640026011022712e-01
1.389976193753086164e+01 1.453073169581995394e-01
1.390748342376392266e+01 1.452506533122478183e-01
1.391520891149374428e+01 1.451940116547122128e-01
1.392293840279408990e+01 1.451373919770604370e-01
1.393067189973968212e+01 1.450807942707642018e-01
1.393840940440637155e+01 1.450242185272982154e-01
1.394615091887106750e+01 1.449676647381405448e-01
1.395389644521176642e+01 1.449111328947725041e-01
1.396164598550753944e+01 1.448546229886787107e-01
1.396939954183853239e+01 1.447981350113470567e-01
1.397715711628596935e+01 1.447416689542687374e-01
1.398491871093215444e+01 1.446852248089381954e-01
1.399268432786043981e+01 1.446288025668533983e-01
1.400045396915535356e+01 1.445724022195148950e-01
1.400822763690240080e+01 1.445160237584272589e-01
1.401600533318821107e+01 1.444596671750980332e-01
1.402378706010048504e+01 1.444033324610380919e-01
1.403157281972801051e+01 1.443470196077615286e-01
1.403936261416066067e+01 1.442907286067857675e-01
1.404715644548938513e+01 1.442344594496314802e-01
1.405495431580621535e+01 1.441782121278226136e-01
1.406275622720427876e+01 1.441219866328863619e-01
1.407056218177774731e+01 1.440657829563534442e-01
1.407837218162197068e+01 1.440096010897571610e-01
1.408618622883329330e+01 1.439534410246347540e-01
1.409400432550918048e+01 1.438973027525264625e-01
1.410182647374817932e+01 1.438411862649758843e-01
1.410965267564992942e+01 1.437850915535298368e-01
1.411748293331515036e+01 1.437290186097383571e-01
1.412531724884566131e+01 1.436729674251547295e-01
1.413315562434436501e+01 1.436169379913355970e-01
1.414099806191524777e+01 1.435609302998407943e-01
1.414884456366336707e+01 1.435049443422336535e-01
1.415669513169495808e+01 1.434489801100800876e-01
1.416454976811725608e+01 1.433930375949498681e-01
1.417240847503861367e+01 1.433371167884159303e-01
1.418027125456848658e+01 1.432812176820543459e-01
1.418813810881741233e+01 1.432253402674445175e-01
1.419600903989703333e+01 1.431694845361690394e-01
1.420388404992007736e+01 1.431136504798137532e-01
1.421176314100036997e+01 1.430578380899678037e-01
1.421964631525283451e+01 1.430020473582234997e-01
1.422753357479345837e+01 1.429462782761767026e-01
1.423542492173941731e+01 1.428905308354257719e-01
1.424332035820888898e+01 1.428348050275730641e-01
1.425121988632118608e+01 1.427791008442238496e-01
1.425912350819670849e+01 1.427234182769867576e-01
1.426703122595697160e+01 1.426677573174735258e-01
1.427494304172457973e+01 1.426121179572992226e-01
1.428285895762323321e+01 1.425565001880821081e-01
1.429077897577774081e+01 1.425009040014436901e-01
1.429870309831400910e+01 1.424453293890087513e-01
1.430663132735901577e+01 1.423897763424054885e-01
1.431456366504093936e+01 1.423342448532645965e-01
1.432250011348895491e+01 1.422787349132207946e-01
1.433044067483338679e+01 1.422232465139116886e-01
1.433838535120564828e+01 1.421677796469782706e-01
1.434633414473827528e+01 1.421123343040645581e-01
1.435428705756489265e+01 1.420569104768179269e-01
1.436224409182023898e+01 1.420015081568890003e-01
1.437020524964015777e+01 1.419461273359314823e-01
1.437817053316159921e+01 1.418907680056024634e-01
1.438613994452258815e+01 1.418354301575623366e-01
1.439411348586235206e+01 1.417801137834741321e-01
1.440209115932113981e+01 1.417248188750047377e-01
1.441007296704032470e+01 1.416695454238240670e-01
1.441805891116240623e+01 1.416142934216051974e-01
1.442604899383098882e+01 1.415590628600244261e-01
1.443404321719078176e+01 1.415038537307613253e-01
1.444204158338761523e+01 1.414486660254986039e-01
1.445004409456842254e+01 1.413934997359222179e-01
1.445805075288125785e+01 1.413383548537213430e-01
1.446606156047525005e+01 1.412832313705885412e-01
1.447407651950073948e+01 1.412281292782189834e-01
1.448209563210908790e+01 1.411730485683116432e-01
1.449011890045280104e+01 1.411179892325685192e-01
1.449814632668550018e+01 1.410629512626948023e-01
1.450617791296192394e+01 1.410079346503989028e-01
1.451421366143792646e+01 1.409529393873923953e-01
1.452225357427048102e+01 1.408979654653900460e-01
1.453029765361767467e+01 1.408430128761098687e-01
1.453834590163871532e+01 1.407880816112730971e-01
1.454639832049390158e+01 1.407331716626042672e-01
1.455445491234474176e+01 1.406782830218305802e-01
1.456251567935376912e+01 1.406234156806829838e-01
1.457058062368467333e+01 1.405685696308954791e-01
1.457864974750226317e+01 1.405137448642052034e-01
1.458672305297246474e+01 1.404589413723525415e-01
1.459480054226233747e+01 1.404041591470809869e-01
1.460288221754005455e+01 1.403493981801373081e-01
1.461096808097491540e+01 1.402946584632713822e-01
1.461905813473734383e+01 1.402399399882363340e-01
1.462715238099885262e+01 1.401852427467886741e-01
1.463525082193218552e+01 1.401305667306874114e-01
1.464335345971110769e+01 1.400759119316953849e-01
1.465146029651054782e+01 1.400212783415785145e-01
1.465957133450655725e+01 1.399666659521057177e-01
1.466768657587631530e+01 1.399120747550492427e-01
1.467580602279813462e+01 1.398575047421844186e-01
1.468392967745145228e+01 1.398029559052898219e-01
1.469205754201683867e+01 1.397484282361471375e-01
1.470018961867598506e+01 1.396939217265413258e-01
1.470832590961169473e+01 1.396394363682605388e-01
1.471646641700798952e+01 1.395849721530956766e-01
1.472461114304992869e+01 1.395305290728413306e-01
1.473276008992373320e+01 1.394761071192950896e-01
1.474091325981676270e+01 1.394217062842576793e-01
1.474907065491750657e+01 1.393673265595330168e-01
1.475723227741558929e+01 1.393129679369281282e-01
1.476539812950177044e+01 1.392586304082533422e-01
1.477356821336794468e+01 1.392043139653220130e-01
1.478174253120714532e+01 1.391500185999506589e-01
1.478992108521349813e+01 1.390957443039592956e-01
1.479810387758237944e+01 1.390414910691703532e-01
1.480629091051019586e+01 1.389872588874100368e-01
1.481448218619452817e+01 1.389330477505076322e-01
1.482267770683409580e+01 1.388788576502953953e-01
1.483087747462875861e+01 1.388246885786089124e-01
1.483908149177950797e+01 1.387705405272868231e-01
1.484728976048848992e+01 1.387164134881709310e-01
1.485550228295898023e+01 1.386623074531062316e-01
1.486371906139540044e+01 1.386082224139408292e-01
1.487194009800328587e+01 1.385541583625261586e-01
1.488016539498940638e+01 1.385001152907162913e-01
1.488839495456157991e+01 1.384460931903689074e-01
1.489662877892880566e+01 1.383920920533447674e-01
1.490486687030121615e+01 1.383381118715077407e-01
1.491310923089010387e+01 1.382841526367247498e-01
1.492135586290789107e+01 1.382302143408659922e-01
1.492960676856816882e+01 1.381762969758046911e-01
1.493786195008564555e+01 1.381224005334173444e-01
1.494612140967620562e+01 1.380685250055833924e-01
1.495438514955683473e+01 1.380146703841858280e-01
1.496265317194576383e+01 1.379608366611100034e-01
1.497092547906228610e+01 1.379070238282451011e-01
1.497920207312686181e+01 1.378532318774832455e-01
1.498748295636112182e+01 1.377994608007196420e-01
1.499576813098783035e+01 1.377457105898526046e-01
1.500405759923091153e+01 1.376919812367836948e-01
1.501235136331544240e+01 1.376382727334174716e-01
1.502064942546765280e+01 1.375845850716617136e-01
1.502895178791492370e+01 1.375309182434273081e-01
1.503725845288575869e+01 1.374772722406284176e-01
1.504556942260991903e+01 1.374236470551817579e-01
1.505388469931821405e+01 1.373700426790077644e-01
1.506220428524265031e+01 1.373164591040298421e-01
1.507052818261638549e+01 1.372628963221744769e-01
1.507885639367373898e+01 1.372093543253712356e-01
1.508718892065018480e+01 1.371558331055528768e-01
1.509552576578235517e+01 1.371023326546552401e-01
1.510386693130804758e+01 1.370488529646172460e-01
1.511221241946621419e+01 1.369953940273810067e-01
1.512056223249692977e+01 1.369419558348918819e-01
1.512891637264153388e+01 1.368885383790977850e-01
1.513727484214243546e+01 1.368351416519503205e-01
1.514563764324323003e+01 1.367817656454040076e-01
1.515400477818867131e+01 1.367284103514164739e-01
1.516237624922468541e+01 1.366750757619484558e-01
1.517075205859836373e+01 1.366217618689638258e-01
1.517913220855795231e+01 1.365684686644295098e-01
1.518751670135287313e+01 1.365151961403155423e-01
1.519590553923370280e+01 1.364619442885950940e-01
1.520429872445216191e+01 1.364087131012446386e-01
1.521269625926122870e+01 1.363555025702431478e-01
1.522109814591495791e+01 1.363023126875732294e-01
1.522950438666859796e+01 1.362491434452204608e-01
1.523791498377856968e+01 1.361959948351735006e-01
1.524632993950245918e+01 1.361428668494241434e-01
1.525474925609903210e+01 1.360897594799671539e-01
1.526317293582821222e+01 1.360366727188005442e-01
1.527160098095110641e+01 1.359836065579252962e-01
1.528003339372998326e+01 1.359305609893455558e-01
1.528847017642825534e+01 1.358775360050687719e-01
1.529691133131061065e+01 1.358245315971047806e-01
1.530535686064280654e+01 1.357715477574671925e-01
1.531380676669180474e+01 1.357185844781725048e-01
1.532226105172574648e+01 1.356656417512402957e-01
1.533071971801395605e+01 1.356127195686931963e-01
1.533918276782691947e+01 1.355598179225569466e-01
1.534765020343630582e+01 1.355069368048603395e-01
1.535612202711496366e+01 1.354540762076353044e-01
1.536459824113691042e+01 1.354012361229167960e-01
1.537307884777732525e+01 1.353484165427430719e-01
1.538156384931264853e+01 1.352956174591548599e-01
1.539005324802041130e+01 1.352428388641966073e-01
1.539854704617935610e+01 1.351900807499155366e-01
1.540704524606940495e+01 1.351373431083620347e-01
1.541554784997165939e+01 1.350846259315895415e-01
1.542405486016840754e+01 1.350319292116545500e-01
1.543256627894312061e+01 1.349792529406166619e-01
1.544108210858044217e+01 1.349265971105384765e-01
1.544960235136622018e+01 1.348739617134857294e-01
1.545812700958743235e+01 1.348213467415274036e-01
1.546665608553235671e+01 1.347687521867349247e-01
1.547518958149034773e+01 1.347161780411834375e-01
1.548372749975198914e+01 1.346636242969508623e-01
1.549226984260904061e+01 1.346110909461182836e-01
1.550081661235445907e+01 1.345585779807697835e-01
1.550936781128238451e+01 1.345060853929925249e-01
1.551792344168814353e+01 1.344536131748767238e-01
1.552648350586826353e+01 1.344011613185156218e-01
1.553504800612044434e+01 1.343487298160056242e-01
1.554361694474356170e+01 1.342963186594462732e-01
1.555219032403777035e+01 1.342439278409396086e-01
1.556076814630431926e+01 1.341915573525913064e-01
1.556935041384569018e+01 1.341392071865099844e-01
1.557793712896554439e+01 1.340868773348071752e-01
1.558652829396875106e+01 1.340345677895975751e-01
1.559512391116136953e+01 1.339822785429988505e-01
1.560372398285064932e+01 1.339300095871317486e-01
1.561232851134504074e+01 1.338777609141200697e-01
1.562093749895418426e+01 1.338255325160906950e-01
1.562955094798889277e+01 1.337733243851736420e-01
1.563816886076127233e+01 1.337211365135014540e-01
1.564679123958452678e+01 1.336689688932103104e-01
1.565541808677309277e+01 1.336168215164391937e-01
1.566404940464260420e+01 1.335646943753301674e-01
1.567268519550989936e+01 1.335125874620283482e-01
1.568132546169301378e+01 1.334605007686817946e-01
1.568997020551118027e+01 1.334084342874417295e-01
1.569861942928484666e+01 1.333563880104623178e-01
1.570727313533564740e+01 1.333043619299008054e-01
1.571593132598639997e+01 1.332523560379176297e-01
1.572459400356121861e+01 1.332003703266756989e-01
1.573326117038532246e+01 1.331484047883415289e-01
1.574193282878517053e+01 1.330964594150844671e-01
1.575060898108842622e+01 1.330445341990769137e-01
1.575928962962396085e+01 1.329926291324942667e-01
1.576797477672185366e+01 1.329407442075149492e-01
1.577666442471338470e+01 1.328888794163204379e-01
1.578535857593104907e+01 1.328370347510952065e-01
1.579405723270854622e+01 1.327852102040267823e-01
1.580276039738075866e+01 1.327334057673058565e-01
1.581146807228387274e+01 1.326816214331255905e-01
1.582018025975518327e+01 1.326298571936827819e-01
1.582889696213323205e+01 1.325781130411769482e-01
1.583761818175778302e+01 1.325263889678107154e-01
1.584634392096979383e+01 1.324746849657897352e-01
1.585507418211145136e+01 1.324230010273226010e-01
1.586380896752614689e+01 1.323713371446209874e-01
1.587254827955849024e+01 1.323196933098995387e-01
1.588129212055430628e+01 1.322680695153758967e-01
1.589004049286059583e+01 1.322164657532709509e-01
1.589879339882568843e+01 1.321648820158080051e-01
1.590755084079901494e+01 1.321133182952139440e-01
1.591631282113127810e+01 1.320617745837184831e-01
1.592507934217437437e+01 1.320102508735542801e-01
1.593385040628143301e+01 1.319587471569571013e-01
1.594262601580680894e+01 1.319072634261656274e-01
1.595140617310606146e+01 1.318557996734215920e-01
1.596019088053598267e+01 1.318043558909696988e-01
1.596898014045457259e+01 1.317529320710577045e-01
1.597777395522103916e+01 1.317015282059364745e-01
1.598657232719589771e+01 1.316501442878593164e-01
1.599537525874079336e+01 1.315987803090831743e-01
1.600418275221862530e+01 1.315474362618677118e-01
1.601299480999352198e+01 1.314961121384756737e-01
1.602181143443082689e+01 1.314448079311727469e-01
1.603063262789712340e+01 1.313935236322275879e-01
1.603945839276020990e+01 1.313422592339118511e-01
1.604828873138911760e+01 1.312910147285002715e-01
1.605712364615410337e+01 1.312397901082704432e-01
1.606596313942661425e+01 1.311885853655032352e-01
1.607480721357944020e+01 1.311374004924818482e-01
1.608365587098649030e+01 1.310862354814930908e-01
1.609250911402293838e+01 1.310350903248265753e-01
1.610136694506518751e+01 1.309839650147749113e-01
1.611022936649087711e+01 1.309328595436335951e-01
1.611909638067887229e+01 1.308817739037011763e-01
1.612796799000928161e+01 1.308307080872792294e-01
1.613684419686343219e+01 1.307796620866721882e-01
1.614572500362390173e+01 1.307286358941875670e-01
1.615461041267445097e+01 1.306776295021360168e-01
1.616350042640019424e+01 1.306266429028305198e-01
1.617239504718737209e+01 1.305756760885877221e-01
1.618129427742350046e+01 1.305247290517269620e-01
1.619019811949731746e+01 1.304738017845706310e-01
1.619910657579881885e+01 1.304228942794440071e-01
1.620801964871922962e+01 1.303720065286753382e-01
1.621693734065101467e+01 1.303211385245959530e-01
1.622585965398787522e+01 1.302702902595400392e-01
1.623478659112475952e+01 1.302194617258447540e-01
1.624371815445782019e+01 1.301686529158505023e-01
1.625265434638455275e+01 1.301178638218999650e-01
1.626159516930359672e+01 1.300670944363394033e-01
1.627054062561486347e+01 1.300163447515178816e-01
1.627949071771950429e+01 1.299656147597874067e-01
1.628844544801993521e+01 1.299149044535028719e-01
1.629740481891979087e+01 1.298642138250222788e-01
1.630636883282396710e+01 1.298135428667064328e-01
1.631533749213860318e+01 1.297628915709192199e-01
1.632431079927108541e+01 1.297122599300273849e-01
1.633328875663001156e+01 1.296616479364008367e-01
1.634227136662533297e+01 1.296110555824119270e-01
1.635125863166814497e+01 1.295604828604364767e-01
1.636025055417082896e+01 1.295099297628530544e-01
1.636924713654700980e+01 1.294593962820432265e-01
1.637824838121157356e+01 1.294088824103914737e-01
1.638725429058065330e+01 1.293583881402851909e-01
1.639626486707162556e+01 1.293079134641148265e-01
1.640528011310313516e+01 1.292574583742736871e-01
1.641430003109507041e+01 1.292070228631579942e-01
1.642332462346853816e+01 1.291566069231672165e-01
1.643235389264601309e+01 1.291062105467030985e-01
1.644138784105111029e+01 1.290558337261709099e-01
1.645042647110874512e+01 1.290054764539786958e-01
1.645946978524507998e+01 1.289551387225374157e-01
1.646851778588753845e+01 1.289048205242609990e-01
1.647757047546481246e+01 1.288545218515662616e-01
1.648662785640683026e+01 1.288042426968730170e-01
1.649568993114480264e+01 1.287539830526039375e-01
1.650475670211118739e+01 1.287037429111846931e-01
1.651382817173966444e+01 1.286535222650440624e-01
1.652290434246529216e+01 1.286033211066131554e-01
1.653198521672428356e+01 1.285531394283265794e-01
1.654107079695413773e+01 1.285029772226217171e-01
1.655016108559362564e+01 1.284528344819388379e-01
1.655925608508278302e+01 1.284027111987212089e-01
1.656835579786290324e+01 1.283526073654149280e-01
1.657746022637655869e+01 1.283025229744690354e-01
1.658656937306756873e+01 1.282524580183355967e-01
1.659568324038103526e+01 1.282024124894694250e-01
1.660480183076328586e+01 1.281523863803286090e-01
1.661392514666201592e+01 1.281023796833734851e-01
1.662305319052609320e+01 1.280523923910679429e-01
1.663218596480568578e+01 1.280024244958785362e-01
1.664132347195223005e+01 1.279524759902747333e-01
1.665046571441843781e+01 1.279025468667290000e-01
1.665961269465827854e+01 1.278526371177166610e-01
1.666876441512701490e+01 1.278027467357158997e-01
1.667792087828116365e+01 1.277528757132079251e-01
1.668708208657852055e+01 1.277030240426767771e-01
1.669624804247812477e+01 1.276531917166096319e-01
1.670541874844038688e+01 1.276033787274959697e-01
1.671459420692689335e+01 1.275535850678287675e-01
1.672377442040053808e+01 1.275038107301036949e-01
1.673295939132549748e+01 1.274540557068193913e-01
1.674214912216721274e+01 1.274043199904773549e-01
1.675134361539241112e+01 1.273546035735819704e-01
1.676054287346909888e+01 1.273049064486405091e-01
1.676974689886656122e+01 1.272552286081632400e-01
1.677895569405535525e+01 1.272055700446632354e-01
1.678816926150729572e+01 1.271559307506567038e-01
1.679738760369557937e+01 1.271063107186621299e-01
1.680661072309456827e+01 1.270567099412015510e-01
1.681583862217995673e+01 1.270071284107995579e-01
1.682507130342871093e+01 1.269575661199838501e-01
1.683430876931909381e+01 1.269080230612848470e-01
1.684355102233063661e+01 1.268584992272359380e-01
1.685279806494417087e+01 1.268089946103733712e-01
1.686204989964180001e+01 1.267595092032362813e-01
1.687130652890692417e+01 1.267100429983667453e-01
1.688056795522418696e+01 1.266605959883098376e-01
1.688983418107963175e+01 1.266111681656129917e-01
1.689910520896048851e+01 1.265617595228271108e-01
1.690838104135529463e+01 1.265123700525057904e-01
1.691766168075389487e+01 1.264629997472054290e-01
1.692694712964741655e+01 1.264136485994854509e-01
1.693623739052827659e+01 1.263643166019080000e-01
1.694553246589018869e+01 1.263150037470382736e-01
1.695483235822814905e+01 1.262657100274441613e-01
1.696413707003846127e+01 1.262164354356965779e-01
1.697344660381867243e+01 1.261671799643694636e-01
1.698276096206774355e+01 1.261179436060389791e-01
1.699208014728581517e+01 1.260687263532848656e-01
1.700140416197436011e+01 1.260195281986894456e-01
1.701073300863615145e+01 1.259703491348379834e-01
1.702006668977525905e+01 1.259211891543185469e-01
1.702940520789704237e+01 1.258720482497221183e-01
1.703874856550817540e+01 1.258229264136425385e-01
1.704809676511660754e+01 1.257738236386765351e-01
1.705744980923161336e+01 1.257247399174236668e-01
1.706680770036371086e+01 1.256756752424865731e-01
1.707617044102484272e+01 1.256266296064701415e-01
1.708553803372813462e+01 1.255776030019827572e-01
1.709491048098805877e+01 1.255285954216354416e-01
1.710428778532038407e+01 1.254796068580421031e-01
1.711366994924218332e+01 1.254306373038194811e-01
1.712305697527184023e+01 1.253816867515871736e-01
1.713244886592903526e+01 1.253327551939676654e-01
1.714184562373475984e+01 1.252838426235862723e-01
1.715124725121130922e+01 1.252349490330711690e-01
1.716065375088225409e+01 1.251860744150536109e-01
1.717006512527258266e+01 1.251372187621670462e-01
1.717948137690846622e+01 1.250883820670484203e-01
1.718890250831744382e+01 1.250395643223373709e-01
1.719832852202835483e+01 1.249907655206762974e-01
1.720775942057134245e+01 1.249419856547105134e-01
1.721719520647787505e+01 1.248932247170881360e-01
1.722663588228071774e+01 1.248444827004601687e-01
1.723608145051396079e+01 1.247957595974804185e-01
1.724553191371300187e+01 1.247470554008055926e-01
1.725498727441451763e+01 1.246983701030953823e-01
1.726444753515660224e+01 1.246497036970117822e-01
1.727391269847857203e+01 1.246010561752201456e-01
1.728338276692107556e+01 1.245524275303885875e-01
1.729285774302609369e+01 1.245038177551879288e-01
1.730233762933691466e+01 1.244552268422919189e-01
1.731182242839815189e+01 1.244066547843771242e-01
1.732131214275572972e+01 1.243581015741229284e-01
1.733080677495690480e+01 1.243095672042115463e-01
1.734030632755023760e+01 1.242610516673280652e-01
1.734981080308558177e+01 1.242125549561605841e-01
1.735932020411422627e+01 1.241640770633994223e-01
1.736883453318866088e+01 1.241156179817383409e-01
1.737835379286274318e+01 1.240671777038737378e-01
1.738787798569165233e+01 1.240187562225048279e-01
1.739740711423189268e+01 1.239703535303336573e-01
1.740694118104129018e+01 1.239219696200651033e-01
1.741648018867900305e+01 1.238736044844068462e-01
1.742602413970550046e+01 1.238252581160694255e-01
1.743557303668259806e+01 1.237769305077661697e-01
1.744512688217339047e+01 1.237286216522134469e-01
1.745468567874241472e+01 1.236803315421298871e-01
1.746424942895542642e+01 1.236320601702374372e-01
1.747381813537954187e+01 1.235838075292607779e-01
1.748339180058321674e+01 1.235355736119273379e-01
1.749297042713623540e+01 1.234873584109673489e-01
1.750255401760970742e+01 1.234391619191139294e-01
1.751214257457607815e+01 1.233909841291029597e-01
1.752173610060913589e+01 1.233428250336731369e-01
1.753133459828398699e+01 1.232946846255659895e-01
1.754093807017704520e+01 1.232465628975260297e-01
1.755054651886616668e+01 1.231984598423000177e-01
1.756015994693043325e+01 1.231503754526381000e-01
1.756977835695030166e+01 1.231023097212930462e-01
1.757940175150756801e+01 1.230542626410204010e-01
1.758903013318535713e+01 1.230062342045785406e-01
1.759866350456814388e+01 1.229582244047286582e-01
1.760830186824173182e+01 1.229102332342347087e-01
1.761794522679327812e+01 1.228622606858634919e-01
1.762759358281126509e+01 1.228143067523845972e-01
1.763724693888548600e+01 1.227663714265705835e-01
1.764690529760719784e+01 1.227184547011962584e-01
1.765656866156887261e+01 1.226705565690398153e-01
1.766623703336436790e+01 1.226226770228820151e-01
1.767591041558889131e+01 1.225748160555064498e-01
1.768558881083899692e+01 1.225269736596994730e-01
1.769527222171256753e+01 1.224791498282502972e-01
1.770496065080885018e+01 1.224313445539508410e-01
1.771465410072843127e+01 1.223835578295958820e-01
1.772435257407324727e+01 1.223357896479829454e-01
1.773405607344654555e+01 1.222880400019125680e-01
1.774376460145303014e+01 1.222403088841874930e-01
1.775347816069865203e+01 1.221925962876138083e-01
1.776319675379073715e+01 1.221449022050002664e-01
1.777292038333797564e+01 1.220972266291582842e-01
1.778264905195040413e+01 1.220495695529021513e-01
1.779238276223940574e+01 1.220019309690489329e-01
1.780212151681772426e+01 1.219543108704184697e-01
1.781186531829946063e+01 1.219067092498333643e-01
1.782161416930006226e+01 1.218591261001190362e-01
1.783136807243629818e+01 1.218115614141038333e-01
1.784112703032640823e+01 1.217640151846183239e-01
1.785089104558986861e+01 1.217164874044964623e-01
1.786066012084756238e+01 1.216689780665747289e-01
1.787043425872171909e+01 1.216214871636924350e-01
1.788021346183593607e+01 1.215740146886916118e-01
1.788999773281516426e+01 1.215265606344171218e-01
1.789978707428571880e+01 1.214791249937165474e-01
1.790958148887527557e+01 1.214317077594402744e-01
1.791938097921287110e+01 1.213843089244414503e-01
1.792918554792886354e+01 1.213369284815761506e-01
1.793899519765508899e+01 1.212895664237027271e-01
1.794880993102464473e+01 1.212422227436827787e-01
1.795862975067201361e+01 1.211948974343805552e-01
1.796845465923304985e+01 1.211475904886630123e-01
1.797828465934498610e+01 1.211003018993998953e-01
1.798811975364639792e+01 1.210530316594637251e-01
1.799795994477725003e+01 1.210057797617297565e-01
1.800780523537886069e+01 1.209585461990760197e-01
1.801765562809392662e+01 1.209113309643832929e-01
1.802751112556646618e+01 1.208641340505353379e-01
1.803737173044199693e+01 1.208169554504180537e-01
1.804723744536727992e+01 1.207697951569207118e-01
1.805710827299049015e+01 1.207226531629350952e-01
1.806698421596117754e+01 1.206755294613558044e-01
1.807686527693025624e+01 1.206284240450801459e-01
1.808675145855002597e+01 1.205813369070081881e-01
1.809664276347415424e+01 1.205342680400427746e-01
1.810653919435768344e+01 1.204872174370894694e-01
1.811644075385703445e+01 1.204401850910566119e-01
1.812634744462997105e+01 1.203931709948554418e-01
1.813625926933573496e+01 1.203461751413994058e-01
1.814617623063484686e+01 1.202991975236052669e-01
1.815609833118923078e+01 1.202522381343923280e-01
1.816602557366220339e+01 1.202052969666826537e-01
1.817595796071844916e+01 1.201583740134010286e-01
1.818589549502404523e+01 1.201114692674749851e-01
1.819583817924644364e+01 1.200645827218348033e-01
1.820578601605447844e+01 1.200177143694135112e-01
1.821573900811836566e+01 1.199708642031468708e-01
1.822569715810967139e+01 1.199240322159735306e-01
1.823566046870145740e+01 1.198772184008344011e-01
1.824562894256806089e+01 1.198304227506735709e-01
1.825560258238524014e+01 1.197836452584377931e-01
1.826558139083013543e+01 1.197368859170764577e-01
1.827556537058127972e+01 1.196901447195417578e-01
1.828555452431859507e+01 1.196434216587885790e-01
1.829554885472338910e+01 1.195967167277745546e-01
1.830554836447836209e+01 1.195500299194600241e-01
1.831555305626759633e+01 1.195033612268081025e-01
1.832556293277653836e+01 1.194567106427847636e-01
1.833557799669213750e+01 1.194100781603581740e-01
1.834559825070261851e+01 1.193634637724997616e-01
1.835562369749763079e+01 1.193168674721835493e-01
1.836565433976823414e+01 1.192702892523862385e-01
1.837569018020687039e+01 1.192237291060872229e-01
1.838573122150738115e+01 1.191771870262686994e-01
1.839577746636500066e+01 1.191306630059155158e-01
1.840582891747635941e+01 1.190841570380152536e-01
1.841588557753949829e+01 1.190376691155582423e-01
1.842594744925380112e+01 1.189911992315376560e-01
1.843601453532017231e+01 1.189447473789489174e-01
1.844608683844079877e+01 1.188983135507906130e-01
1.845616436131931692e+01 1.188518977400639248e-01
1.846624710666074876e+01 1.188054999397727546e-01
1.847633507717152668e+01 1.187591201429236687e-01
1.848642827555948287e+01 1.187127583425259814e-01
1.849652670453385994e+01 1.186664145315916852e-01
1.850663036680528961e+01 1.186200887031355067e-01
1.851673926508582468e+01 1.185737808501748924e-01
1.852685340208887510e+01 1.185274909657301340e-01
1.853697278052937492e+01 1.184812190428237155e-01
1.854709740312354427e+01 1.184349650744813548e-01
1.855722727258906701e+01 1.183887290537313092e-01
1.856736239164500901e+01 1.183425109736045006e-01
1.857750276301187142e+01 1.182963108271345987e-01
1.858764838941154807e+01 1.182501286073579516e-01
1.859779927356734675e+01 1.182039643073135998e-01
1.860795541820398924e+01 1.181578179200432899e-01
1.861811682604761131e+01 1.181116894385914606e-01
1.862828349982571652e+01 1.180655788560054376e-01
1.863845544226734319e+01 1.180194861653346833e-01
1.864863265610282639e+01 1.179734113596319217e-01
1.865881514406395070e+01 1.179273544319523609e-01
1.866900290888392533e+01 1.178813153753539011e-01
1.867919595329736637e+01 1.178352941828971767e-01
1.868939428004031456e+01 1.177892908476454586e-01
1.869959789185022458e+01 1.177433053626647103e-01
1.870980679146596870e+01 1.176973377210236427e-01
1.872002098162784023e+01 1.176513879157935760e-01
1.873024046507751805e+01 1.176054559400487448e-01
1.874046524455820872e+01 1.175595417868655346e-01
1.875069532281443330e+01 1.175136454493234950e-01
1.876093070259216944e+01 1.174677669205047292e-01
1.877117138663881590e+01 1.174219061934940328e-01
1.878141737770320319e+01 1.173760632613788241e-01
1.879166867853557221e+01 1.173302381172492692e-01
1.880192529188760631e+01 1.172844307541981851e-01
1.881218722051240277e+01 1.172386411653210253e-01
1.882245446716449067e+01 1.171928693437159635e-01
1.883272703459978104e+01 1.171471152824840462e-01
1.884300492557574103e+01 1.171013789747284151e-01
1.885328814285114163e+01 1.170556604135554318e-01
1.886357668918622466e+01 1.170099595920739560e-01
1.887387056734266366e+01 1.169642765033955395e-01
1.888416978008356040e+01 1.169186111406343709e-01
1.889447433017345190e+01 1.168729634969073311e-01
1.890478422037830697e+01 1.168273335653339379e-01
1.891509945346552257e+01 1.167817213390364289e-01
1.892542003220394164e+01 1.167361268111396511e-01
1.893574595936378913e+01 1.166905499747713237e-01
1.894607723771684960e+01 1.166449908230613314e-01
1.895641387003623279e+01 1.165994493491426809e-01
1.896675585909651218e+01 1.165539255461509049e-01
1.897710320767371073e+01 1.165084194072241730e-01
1.898745591854528314e+01 1.164629309255034023e-01
1.899781399449011943e+01 1.164174600941320359e-01
1.900817743828855910e+01 1.163720069062562645e-01
1.901854625272238053e+01 1.163265713550249159e-01
1.902892044057480092e+01 1.162811534335894681e-01
1.903930000463043726e+01 1.162357531351042167e-01
1.904968494767547682e+01 1.161903704527256220e-01
1.906007527249742850e+01 1.161450053796132809e-01
1.907047098188527912e+01 1.160996579089293018e-01
1.908087207862946855e+01 1.160543280338384164e-01
1.909127856552187907e+01 1.160090157475080347e-01
1.910169044535584604e+01 1.159637210431081755e-01
1.911210772092614008e+01 1.159184439138115641e-01
1.912253039502899199e+01 1.158731843527935068e-01
1.913295847046207498e+01 1.158279423532320024e-01
1.914339195002447269e+01 1.157827179083078806e-01
1.915383083651684615e+01 1.157375110112040112e-01
1.916427513274117445e+01 1.156923216551065253e-01
1.917472484150094658e+01 1.156471498332039549e-01
1.918517996560108330e+01 1.156019955386875242e-01
1.919564050784797971e+01 1.155568587647510526e-01
1.920610647104947333e+01 1.155117395045910239e-01
1.921657785801485474e+01 1.154666377514065589e-01
1.922705467155487824e+01 1.154215534983993874e-01
1.923753691448175118e+01 1.153764867387739174e-01
1.924802458960909490e+01 1.153314374657373603e-01
1.925851769975211525e+01 1.152864056724989816e-01
1.926901624772735744e+01 1.152413913522712663e-01
1.927952023635285883e+01 1.151963944982691418e-01
1.929002966844812050e+01 1.151514151037101308e-01
1.930054454683411080e+01 1.151064531618144482e-01
1.931106487433324759e+01 1.150615086658048902e-01
1.932159065376941953e+01 1.150165816089069037e-01
1.933212188796798614e+01 1.149716719843485307e-01
1.934265857975574932e+01 1.149267797853604639e-01
1.935320073196095692e+01 1.148819050051762269e-01
1.936374834741343420e+01 1.148370476370313698e-01
1.937430142894435292e+01 1.147922076741646480e-01
1.938485997938639471e+01 1.147473851098172321e-01
1.939542400157370139e+01 1.147025799372329291e-01
1.940599349834189624e+01 1.146577921496581692e-01
1.941656847252805917e+01 1.146130217403419915e-01
1.942714892697074802e+01 1.145682687025360580e-01
1.943773486450999144e+01 1.145235330294946258e-01
1.944832628798728180e+01 1.144788147144746165e-01
1.945892320024555744e+01 1.144341137507356720e-01
1.946952560412934119e+01 1.143894301315395989e-01
1.948013350248451303e+01 1.143447638501512847e-01
1.949074689815845929e+01 1.143001148998380873e-01
1.950136579400005843e+01 1.142554832738699455e-01
1.951199019285964908e+01 1.142108689655194492e-01
1.952262009758905847e+01 1.141662719680617277e-01
1.953325551104158819e+01 1.141216922747746165e-01
1.954389643607201066e+01 1.140771298789384491e-01
1.955454287553658688e+01 1.140325847738362791e-01
1.956519483229301670e+01 1.139880569527538245e-01
1.957585230920060226e+01 1.139435464089789546e-01
1.958651530912000283e+01 1.138990531358026470e-01
1.959718383491339821e+01 1.138545771265183359e-01
1.960785788944446750e+01 1.138101183744219813e-01
1.961853747557834637e+01 1.137656768728122214e-01
1.962922259618168397e+01 1.137212526149902619e-01
1.963991325412259670e+01 1.136768455942598899e-01
1.965060945227069311e+01 1.136324558039275012e-01
1.966131119349706324e+01 1.135880832373021149e-01
1.967201848067425374e+01 1.135437278876954559e-01
1.968273131667642062e+01 1.134993897484214143e-01
1.969344970437908060e+01 1.134550688127968915e-01
1.970417364665928517e+01 1.134107650741412870e-01
1.971490314639558150e+01 1.133664785257765401e-01
1.972563820646799471e+01 1.133222091610271987e-01
1.973637882975805624e+01 1.132779569732204061e-01
1.974712501914878260e+01 1.132337219556859148e-01
1.975787677752469662e+01 1.131895041017559889e-01
1.976863410777179908e+01 1.131453034047655293e-01
1.977939701277755447e+01 1.131011198580522403e-01
1.979016549543104375e+01 1.130569534549557970e-01
1.980093955862272992e+01 1.130128041888190382e-01
1.981171920524460361e+01 1.129686720529871763e-01
1.982250443819015828e+01 1.129245570408080601e-01
1.983329526035439017e+01 1.128804591456320505e-01
1.984409167463379831e+01 1.128363783608121035e-01
1.985489368392637033e+01 1.127923146797038118e-01
1.986570129113160732e+01 1.127482680956652661e-01
1.987651449915050605e+01 1.127042386020571801e-01
1.988733331088553413e+01 1.126602261922430015e-01
1.989815772924077208e+01 1.126162308595882316e-01
1.990898775712170377e+01 1.125722525974614530e-01
1.991982339743533714e+01 1.125282913992336764e-01
1.993066465309019719e+01 1.124843472582784804e-01
1.994151152699631879e+01 1.124404201679719828e-01
1.995236402206523962e+01 1.123965101216928830e-01
1.996322214121001082e+01 1.123526171128224477e-01
1.997408588734518986e+01 1.123087411347445386e-01
1.998495526338684414e+01 1.122648821808455433e-01
1.999583027225251186e+01 1.122210402445146249e-01
2.000671091686136904e+01 1.121772153191429588e-01
2.001759720013398436e+01 1.121334073981247875e-01
2.002848912499246481e+01 1.120896164748568236e-01
2.003938669436044862e+01 1.120458425427382498e-01
2.005028991116308035e+01 1.120020855951708721e-01
2.006119877832702514e+01 1.119583456255590082e-01
2.007211329878046868e+01 1.119146226273095707e-01
2.008303347545310302e+01 1.118709165938319983e-01
2.009395931127614432e+01 1.118272275185383247e-01
2.010489080918228666e+01 1.117835553948432620e-01
2.011582797210586548e+01 1.117399002161636179e-01
2.012677080298261956e+01 1.116962619759192116e-01
2.013771930474984018e+01 1.116526406675322908e-01
2.014867348034634986e+01 1.116090362844276151e-01
2.015963333271249169e+01 1.115654488200325256e-01
2.017059886479012576e+01 1.115218782677768888e-01
2.018157007952265047e+01 1.114783246210931389e-01
2.019254697985497415e+01 1.114347878734162495e-01
2.020352956873353989e+01 1.113912680181837200e-01
2.021451784910627936e+01 1.113477650488357978e-01
2.022551182392276559e+01 1.113042789588147702e-01
2.023651149613398559e+01 1.112608097415659497e-01
2.024751686869249667e+01 1.112173573905370083e-01
2.025852794455238026e+01 1.111739218991782130e-01
2.026954472666924545e+01 1.111305032609423427e-01
2.028056721800024675e+01 1.110871014692846881e-01
2.029159542150406281e+01 1.110437165176631213e-01
2.030262934014090703e+01 1.110003483995380263e-01
2.031366897687252049e+01 1.109569971083723405e-01
2.032471433466214705e+01 1.109136626376317075e-01
2.033576541647468972e+01 1.108703449807837693e-01
2.034682222527645123e+01 1.108270441312992488e-01
2.035788476403533309e+01 1.107837600826511865e-01
2.036895303572076088e+01 1.107404928283152040e-01
2.038002704330370207e+01 1.106972423617694212e-01
2.039110678975666602e+01 1.106540086764944975e-01
2.040219227805369329e+01 1.106107917659736317e-01
2.041328351117038054e+01 1.105675916236925210e-01
2.042438049208385564e+01 1.105244082431394298e-01
2.043548322377275284e+01 1.104812416178052731e-01
2.044659170921736902e+01 1.104380917411830199e-01
2.045770595139943282e+01 1.103949586067686506e-01
2.046882595330224319e+01 1.103518422080605188e-01
2.047995171791065872e+01 1.103087425385594761e-01
2.049108324821107630e+01 1.102656595917688997e-01
2.050222054719144538e+01 1.102225933611947206e-01
2.051336361784126083e+01 1.101795438403453398e-01
2.052451246315157363e+01 1.101365110227317118e-01
2.053566708611497305e+01 1.100934949018672754e-01
2.054682748972556183e+01 1.100504954712681754e-01
2.055799367697913027e+01 1.100075127244525969e-01
2.056916565087287907e+01 1.099645466549416806e-01
2.058034341440561832e+01 1.099215972562589821e-01
2.059152697057769998e+01 1.098786645219304858e-01
2.060271632239104278e+01 1.098357484454847710e-01
2.061391147284910730e+01 1.097928490204528734e-01
2.062511242495692798e+01 1.097499662403683546e-01
2.063631918172107760e+01 1.097071000987672879e-01
2.064753174614970632e+01 1.096642505891882446e-01
2.065875012125246002e+01 1.096214177051724886e-01
2.066997431004068986e+01 1.095786014402632680e-01
2.068120431552717520e+01 1.095358017880068424e-01
2.069244014072628701e+01 1.094930187419518308e-01
2.070368178865397368e+01 1.094502522956493223e-01
2.071492926232774678e+01 1.094075024426529041e-01
2.072618256476666687e+01 1.093647691765187169e-01
2.073744169899136836e+01 1.093220524908053437e-01
2.074870666802405950e+01 1.092793523790738658e-01
2.075997747488849399e+01 1.092366688348879317e-01
2.077125412260997095e+01 1.091940018518137850e-01
2.078253661421547349e+01 1.091513514234196680e-01
2.079382495273343068e+01 1.091087175432768619e-01
2.080511914119387384e+01 1.090661002049589517e-01
2.081641918262841884e+01 1.090234994020420067e-01
2.082772508007024470e+01 1.089809151281045801e-01
2.083903683655410433e+01 1.089383473767277372e-01
2.085035445511631380e+01 1.088957961414950687e-01
2.086167793879478083e+01 1.088532614159925666e-01
2.087300729062897275e+01 1.088107431938087899e-01
2.088434251365989525e+01 1.087682414685349208e-01
2.089568361093025572e+01 1.087257562337640981e-01
2.090703058548421822e+01 1.086832874830925000e-01
2.091838344036755615e+01 1.086408352101185942e-01
2.092974217862762032e+01 1.085983994084433468e-01
2.094110680331335672e+01 1.085559800716701800e-01
2.095247731747527453e+01 1.085135771934050281e-01
2.096385372416547099e+01 1.084711907672562953e-01
2.097523602643762430e+01 1.084288207868348425e-01
2.098662422734699007e+01 1.083864672457540701e-01
2.099801832995037643e+01 1.083441301376299321e-01
2.100941833730629682e+01 1.083018094560804362e-01
2.102082425247472131e+01 1.082595051947265324e-01
2.103223607851724708e+01 1.082172173471915022e-01
2.104365381849705585e+01 1.081749459071010833e-01
2.105507747547892450e+01 1.081326908680834697e-01
2.106650705252921441e+01 1.080904522237693677e-01
2.107794255271587502e+01 1.080482299677919256e-01
2.108938397910844387e+01 1.080060240937867622e-01
2.110083133477805717e+01 1.079638345953919942e-01
2.111228462279738594e+01 1.079216614662483475e-01
2.112374384624084200e+01 1.078795046999985047e-01
2.113520900818428316e+01 1.078373642902881457e-01
2.114668011170521211e+01 1.077952402307652269e-01
2.115815715988272316e+01 1.077531325150802022e-01
2.116964015579751290e+01 1.077110411368859405e-01
2.118112910253187309e+01 1.076689660898377948e-01
2.119262400316967998e+01 1.076269073675936022e-01
2.120412486079642989e+01 1.075848649638136145e-01
2.121563167849919296e+01 1.075428388721605955e-01
2.122714445936661676e+01 1.075008290862999039e-01
2.123866320648907546e+01 1.074588355998988415e-01
2.125018792295840697e+01 1.074168584066277077e-01
2.126171861186809764e+01 1.073748975001590500e-01
2.127325527631323965e+01 1.073329528741679278e-01
2.128479791939052745e+01 1.072910245223317877e-01
2.129634654419826489e+01 1.072491124383305600e-01
2.130790115383634742e+01 1.072072166158466455e-01
2.131946175140629407e+01 1.071653370485648737e-01
2.133102834001122261e+01 1.071234737301725304e-01
2.134260092275581400e+01 1.070816266543595102e-01
2.135417950274649712e+01 1.070397958148176648e-01
2.136576408309116815e+01 1.069979812052418017e-01
2.137735466689938590e+01 1.069561828193289765e-01
2.138895125728231861e+01 1.069144006507787292e-01
2.140055385735275095e+01 1.068726346932930005e-01
2.141216247022506280e+01 1.068308849405762706e-01
2.142377709901527894e+01 1.067891513863353098e-01
2.143539774684100863e+01 1.067474340242794556e-01
2.144702441682149185e+01 1.067057328481204603e-01
2.145865711207753890e+01 1.066640478515726576e-01
2.147029583573171507e+01 1.066223790283523098e-01
2.148194059090806007e+01 1.065807263721786496e-01
2.149359138073229047e+01 1.065390898767731853e-01
2.150524820833172157e+01 1.064974695358598261e-01
2.151691107683531357e+01 1.064558653431649654e-01
2.152857998937362893e+01 1.064142772924173558e-01
2.154025494907887150e+01 1.063727053773482617e-01
2.155193595908485094e+01 1.063311495916913485e-01
2.156362302252700403e+01 1.062896099291827101e-01
2.157531614254235564e+01 1.062480863835610218e-01
2.158701532226968567e+01 1.062065789485669293e-01
2.159872056484926617e+01 1.061650876179439651e-01
2.161043187342304606e+01 1.061236123854379654e-01
2.162214925113459074e+01 1.060821532447971671e-01
2.163387270112911409e+01 1.060407101897722221e-01
2.164560222655343225e+01 1.059992832141162383e-01
2.165733783055601691e+01 1.059578723115847249e-01
2.166907951628696694e+01 1.059164774759356192e-01
2.168082728689800476e+01 1.058750987009292877e-01
2.169258114554244088e+01 1.058337359803286637e-01
2.170434109537536571e+01 1.057923893078986516e-01
2.171610713955336536e+01 1.057510586774070005e-01
2.172787928123469925e+01 1.057097440826237911e-01
2.173965752357927528e+01 1.056684455173214632e-01
2.175144186974862848e+01 1.056271629752748853e-01
2.176323232290593879e+01 1.055858964502613545e-01
2.177502888621602395e+01 1.055446459360605965e-01
2.178683156284533950e+01 1.055034114264546963e-01
2.179864035596198590e+01 1.054621929152282228e-01
2.181045526873565166e+01 1.054209903961682848e-01
2.182227630433781940e+01 1.053798038630638922e-01
2.183410346594146745e+01 1.053386333097069694e-01
2.184593675672126167e+01 1.052974787298917164e-01
2.185777617985352350e+01 1.052563401174147067e-01
2.186962173851621216e+01 1.052152174660749423e-01
2.188147343588893889e+01 1.051741107696738120e-01
2.189333127515295274e+01 1.051330200220151334e-01
2.190519525949116897e+01 1.050919452169050972e-01
2.191706539208812998e+01 1.050508863481523364e-01
2.192894167613000889e+01 1.050098434095680100e-01
2.194082411480474448e+01 1.049688163949652198e-01
2.195271271130179969e+01 1.049278052981599541e-01
2.196460746881233916e+01 1.048868101129704217e-01
2.197650839052917604e+01 1.048458308332172462e-01
2.198841547964678256e+01 1.048048674527234381e-01
2.200032873936127586e+01 1.047639199653144226e-01
2.201224817287044289e+01 1.047229883648179982e-01
2.202417378337372611e+01 1.046820726450643640e-01
2.203610557407220938e+01 1.046411727998861479e-01
2.204804354816861434e+01 1.046002888231184758e-01
2.205998770886744609e+01 1.045594207085984301e-01
2.207193805937472675e+01 1.045185684501659384e-01
2.208389460289819795e+01 1.044777320416631905e-01
2.209585734264726398e+01 1.044369114769347073e-01
2.210782628183298115e+01 1.043961067498274664e-01
2.211980142366807556e+01 1.043553178541908044e-01
2.213178277136694660e+01 1.043145447838764173e-01
2.214377032814564572e+01 1.042737875327384572e-01
2.215576409722189766e+01 1.042330460946333803e-01
2.216776408181505076e+01 1.041923204634202377e-01
2.217977028514625104e+01 1.041516106329599817e-01
2.219178271043818995e+01 1.041109165971163958e-01
2.220380136091526069e+01 1.040702383497555394e-01
2.221582623980354043e+01 1.040295758847457896e-01
2.222785735033076548e+01 1.039889291959579382e-01
2.223989469572634903e+01 1.039482982772651776e-01
2.225193827922138468e+01 1.039076831225430181e-01
2.226398810404863582e+01 1.038670837256693985e-01
2.227604417344253918e+01 1.038265000805246030e-01
2.228810649063915861e+01 1.037859321809914831e-01
2.230017505887638052e+01 1.037453800209547639e-01
2.231224988139363674e+01 1.037048435943020014e-01
2.232433096143206441e+01 1.036643228949230278e-01
2.233641830223449531e+01 1.036238179167099788e-01
2.234851190704543811e+01 1.035833286535573911e-01
2.236061177911108189e+01 1.035428550993621882e-01
2.237271792167930329e+01 1.035023972480236115e-01
2.238483033799965227e+01 1.034619550934433307e-01
2.239694903132336634e+01 1.034215286295253472e-01
2.240907400490332790e+01 1.033811178501762018e-01
2.242120526199423480e+01 1.033407227493042951e-01
2.243334280585234453e+01 1.033003433208209004e-01
2.244548663973563762e+01 1.032599795586394975e-01
2.245763676690378574e+01 1.032196314566758977e-01
2.246979319061814806e+01 1.031792990088483131e-01
2.248195591414178196e+01 1.031389822090772873e-01
2.249412494073942170e+01 1.030986810512857232e-01
2.250630027367751396e+01 1.030583955293989107e-01
2.251848191622417517e+01 1.030181256373444432e-01
2.253066987164918800e+01 1.029778713690525094e-01
2.254286414322415411e+01 1.029376327184551160e-01
2.255506473422224545e+01 1.028974096794870868e-01
2.256727164791836060e+01 1.028572022460855356e-01
2.257948488758911409e+01 1.028170104121898243e-01
2.259170445651279380e+01 1.027768341717417294e-01
2.260393035796941774e+01 1.027366735186853314e-01
2.261616259524068084e+01 1.026965284469671114e-01
2.262840117160997977e+01 1.026563989505358959e-01
2.264064609036242359e+01 1.026162850233428153e-01
2.265289735478476629e+01 1.025761866593415256e-01
2.266515496816561637e+01 1.025361038524875978e-01
2.267741893379513840e+01 1.024960365967393650e-01
2.268968925496524847e+01 1.024559848860573941e-01
2.270196593496957504e+01 1.024159487144045561e-01
2.271424897710344482e+01 1.023759280757460671e-01
2.272653838466389686e+01 1.023359229640495305e-01
2.273883416094968268e+01 1.022959333732848530e-01
2.275113630926125907e+01 1.022559592974243009e-01
2.276344483290078813e+01 1.022160007304424578e-01
2.277575973517210883e+01 1.021760576663164194e-01
2.278808101938090402e+01 1.021361300990251547e-01
2.280040868883442684e+01 1.020962180225504085e-01
2.281274274684169967e+01 1.020563214308761596e-01
2.282508319671345021e+01 1.020164403179886770e-01
2.283743004176212921e+01 1.019765746778765747e-01
2.284978328530190694e+01 1.019367245045307985e-01
2.286214293064865899e+01 1.018968897919446392e-01
2.287450898111998754e+01 1.018570705341137195e-01
2.288688144003521785e+01 1.018172667250359653e-01
2.289926031071533785e+01 1.017774783587118287e-01
2.291164559648320420e+01 1.017377054291435795e-01
2.292403730066325451e+01 1.016979479303363465e-01
2.293643542658169210e+01 1.016582058562973540e-01
2.294883997756645044e+01 1.016184792010361854e-01
2.296125095694718965e+01 1.015787679585647557e-01
2.297366836805527512e+01 1.015390721228973392e-01
2.298609221422382376e+01 1.014993916880504582e-01
2.299852249878766841e+01 1.014597266480430082e-01
2.301095922508337210e+01 1.014200769968961885e-01
2.302340239644916764e+01 1.013804427286336962e-01
2.303585201622518852e+01 1.013408238372810327e-01
2.304830808775312434e+01 1.013012203168665443e-01
2.306077061437646947e+01 1.012616321614207004e-01
2.307323959944043779e+01 1.012220593649763162e-01
2.308571504629197690e+01 1.011825019215685101e-01
2.309819695827977171e+01 1.011429598252347045e-01
2.311068533875424080e+01 1.011034330700146394e-01
2.312318019106754363e+01 1.010639216499504001e-01
2.313568151857357691e+01 1.010244255590863338e-01
2.314818932462791778e+01 1.009849447914692860e-01
2.316070361258803345e+01 1.009454793411479617e-01
2.317322438581298627e+01 1.009060292021738137e-01
2.318575164766363272e+01 1.008665943686004596e-01
2.319828540150256302e+01 1.008271748344838348e-01
2.321082565069410464e+01 1.007877705938821505e-01
2.322337239860435432e+01 1.007483816408559496e-01
2.323592564860111409e+01 1.007090079694681062e-01
2.324848540405396946e+01 1.006696495737837427e-01
2.326105166833423255e+01 1.006303064478703130e-01
2.327362444481491011e+01 1.005909785857977273e-01
2.328620373687090961e+01 1.005516659816377695e-01
2.329878954787874790e+01 1.005123686294649293e-01
2.331138188121673238e+01 1.004730865233558618e-01
2.332398074026491841e+01 1.004338196573895392e-01
2.333658612840511637e+01 1.003945680256472239e-01
2.334919804902089879e+01 1.003553316222124542e-01
2.336181650549757194e+01 1.003161104411711274e-01
2.337444150122221842e+01 1.002769044766113476e-01
2.338707303958365458e+01 1.002377137226235781e-01
2.339971112397242337e+01 1.001985381733007247e-01
2.341235575778095424e+01 1.001593778227375109e-01
2.342500694440330378e+01 1.001202326650313945e-01
2.343766468723532626e+01 1.000811026942820120e-01
2.345032898967463808e+01 1.000419879045912619e-01
2.346299985512061426e+01 1.000028882900633603e-01
2.347567728697439904e+01 9.996380384480477166e-02
2.348836128863889172e+01 9.992473456292429168e-02
2.350105186351875730e+01 9.988568043853296441e-02
2.351374901502043002e+01 9.984664146574415144e-02
2.352645274655204943e+01 9.980761763867364300e-02
2.353916306152367710e+01 9.976860895143901953e-02
2.355187996334699463e+01 9.972961539816069254e-02
2.356460345543549550e+01 9.969063697296111359e-02
2.357733354120444602e+01 9.965167366996503795e-02
2.359007022407088527e+01 9.961272548329952459e-02
2.360281350745361451e+01 9.957379240709392232e-02
2.361556339477320776e+01 9.953487443547982816e-02
2.362831988945202966e+01 9.949597156259110120e-02
2.364108299491418919e+01 9.945708378256393201e-02
2.365385271458553973e+01 9.941821108953693975e-02
2.366662905189386379e+01 9.937935347765046445e-02
2.367941201026854969e+01 9.934051094104771884e-02
2.369220159314082608e+01 9.930168347387392791e-02
2.370499780394370859e+01 9.926287107027663426e-02
2.371780064611197858e+01 9.922407372440564255e-02
2.373061012308219020e+01 9.918529143041307505e-02
2.374342623829269883e+01 9.914652418245324672e-02
2.375624899518363264e+01 9.910777197468277622e-02
2.376907839719689264e+01 9.906903480126058592e-02
2.378191444777613839e+01 9.903031265634795743e-02
2.379475715036693018e+01 9.899160553410803198e-02
2.380760650841649806e+01 9.895291342870662921e-02
2.382046252537388398e+01 9.891423633431171980e-02
2.383332520468993110e+01 9.887557424509353654e-02
2.384619454981725895e+01 9.883692715522454653e-02
2.385907056421028472e+01 9.879829505887952057e-02
2.387195325132521972e+01 9.875967795023543605e-02
2.388484261462005520e+01 9.872107582347157406e-02
2.389773865755458360e+01 9.868248867276947778e-02
2.391064138359033464e+01 9.864391649231307735e-02
2.392355079619078850e+01 9.860535927628810704e-02
2.393646689882106315e+01 9.856681701888304892e-02
2.394938969494811687e+01 9.852828971428845284e-02
2.396231918804072691e+01 9.848977735669711686e-02
2.397525538156944336e+01 9.845127994030415663e-02
2.398819827900662816e+01 9.841279745930683887e-02
2.400114788382644093e+01 9.837432990790481724e-02
2.401410419950483899e+01 9.833587728029986874e-02
2.402706722951959151e+01 9.829743957069606020e-02
2.404003697735019429e+01 9.825901677329992867e-02
2.405301344647812911e+01 9.822060888231973208e-02
2.406599664038650843e+01 9.818221589196644838e-02
2.407898656256030634e+01 9.814383779645315109e-02
2.409198321648630881e+01 9.810547458999517578e-02
2.410498660565310303e+01 9.806712626681009237e-02
2.411799673355108453e+01 9.802879282111771897e-02
2.413101360367245007e+01 9.799047424714013577e-02
2.414403721951122606e+01 9.795217053910161564e-02
2.415706758456323300e+01 9.791388169122872132e-02
2.417010470232605357e+01 9.787560769775038860e-02
2.418314857629924219e+01 9.783734855289735743e-02
2.419619920998401597e+01 9.779910425090303228e-02
2.420925660688344294e+01 9.776087478600294089e-02
2.422232077050242438e+01 9.772266015243480375e-02
2.423539170434765921e+01 9.768446034443864501e-02
2.424846941192768313e+01 9.764627535625666765e-02
2.426155389675283658e+01 9.760810518213332287e-02
2.427464516233528613e+01 9.756994981631532393e-02
2.428774321218901378e+01 9.753180925305157678e-02
2.430084804982977076e+01 9.749368348659340211e-02
2.431395967877529429e+01 9.745557251119386921e-02
2.432707810254497716e+01 9.741747632110879518e-02
2.434020332466009506e+01 9.737939491059599550e-02
2.435333534864373917e+01 9.734132827391557552e-02
2.436647417802084448e+01 9.730327640532984712e-02
2.437961981631816144e+01 9.726523929910334265e-02
2.439277226706425949e+01 9.722721694950284266e-02
2.440593153378955549e+01 9.718920935079730650e-02
2.441909762002628170e+01 9.715121649725801112e-02
2.443227052930845389e+01 9.711323838315850943e-02
2.444545026517207731e+01 9.707527500277415844e-02
2.445863683115482701e+01 9.703732635038303522e-02
2.447183023079627162e+01 9.699939242026524300e-02
2.448503046763781299e+01 9.696147320670309155e-02
2.449823754522267549e+01 9.692356870398116664e-02
2.451145146709593803e+01 9.688567890638621893e-02
2.452467223680450559e+01 9.684780380820724732e-02
2.453789985789711992e+01 9.680994340373547113e-02
2.455113433392437372e+01 9.677209768726430239e-02
2.456437566843863607e+01 9.673426665308954009e-02
2.457762386499427265e+01 9.669645029550874571e-02
2.459087892714734380e+01 9.665864860882213139e-02
2.460414085845579990e+01 9.662086158733199093e-02
2.461740966247943518e+01 9.658308922534282470e-02
2.463068534277988419e+01 9.654533151716132577e-02
2.464396790292063955e+01 9.650758845709642153e-02
2.465725734646703060e+01 9.646986003945924593e-02
2.467055367698623058e+01 9.643214625856313948e-02
2.468385689804727434e+01 9.639444710872366318e-02
2.469716701322098018e+01 9.635676258425869556e-02
2.471048402608019146e+01 9.631909267948789155e-02
2.472380794019942130e+01 9.628143738873361224e-02
2.473713875915511551e+01 9.624379670632018935e-02
2.475047648652554599e+01 9.620617062657423058e-02
2.476382112589086759e+01 9.616855914382446691e-02
2.477717268083306124e+01 9.613096225240196080e-02
2.479053115493598725e+01 9.609337994663981475e-02
2.480389655178535335e+01 9.605581222087344884e-02
2.481726887496872180e+01 9.601825906944043421e-02
2.483064812807547028e+01 9.598072048668071510e-02
2.484403431469698731e+01 9.594319646693598436e-02
2.485742743842636315e+01 9.590568700455055773e-02
2.487082750285862076e+01 9.586819209387077712e-02
2.488423451159061983e+01 9.583071172924527426e-02
2.489764846822109945e+01 9.579324590502477643e-02
2.491106937635066387e+01 9.575579461556223138e-02
2.492449723958178609e+01 9.571835785521280726e-02
2.493793206151878650e+01 9.568093561833385108e-02
2.495137384576787198e+01 9.564352789928490250e-02
2.496482259593706843e+01 9.560613469242781881e-02
2.497827831563640899e+01 9.556875599212623362e-02
2.499174100847766766e+01 9.553139179274637571e-02
2.500521067807451203e+01 9.549404208865655552e-02
2.501868732804250683e+01 9.545670687422726230e-02
2.503217096199908553e+01 9.541938614383110862e-02
2.504566158356354322e+01 9.538207989184301072e-02
2.505915919635706146e+01 9.534478811263998044e-02
2.507266380400270478e+01 9.530751080060120839e-02
2.508617541012539220e+01 9.527024795010814728e-02
2.509969401835190084e+01 9.523299955554448415e-02
2.511321963231101861e+01 9.519576561129569625e-02
2.512675225563326720e+01 9.515854611174988376e-02
2.514029189195109382e+01 9.512134105129718686e-02
2.515383854489884996e+01 9.508415042432986908e-02
2.516739221811274518e+01 9.504697422524244210e-02
2.518095291523088264e+01 9.500981244843156870e-02
2.519452063989325907e+01 9.497266508829604881e-02
2.520809539574174352e+01 9.493553213923691669e-02
2.522167718642010215e+01 9.489841359565735768e-02
2.523526601557393434e+01 9.486130945196287467e-02
2.524886188685089294e+01 9.482421970256067756e-02
2.526246480390034321e+01 9.478714434186065463e-02
2.527607477037361861e+01 9.475008336427465094e-02
2.528969178992392486e+01 9.471303676421671813e-02
2.530331586620637552e+01 9.467600453610308664e-02
2.531694700287797417e+01 9.463898667435208245e-02
2.533058520359761445e+01 9.460198317338430751e-02
2.534423047202609069e+01 9.456499402762247319e-02
2.535788281182609438e+01 9.452801923149142804e-02
2.537154222666215375e+01 9.449105877941840759e-02
2.538520872020087538e+01 9.445411266583231269e-02
2.539888229611058534e+01 9.441718088516465324e-02
2.541256295806157439e+01 9.438026343184896527e-02
2.542625070972603751e+01 9.434336030032097753e-02
2.543994555477806330e+01 9.430647148501851429e-02
2.545364749689365169e+01 9.426959698038162028e-02
2.546735653975070335e+01 9.423273678085247740e-02
2.548107268702903028e+01 9.419589088087541862e-02
2.549479594241034519e+01 9.415905927489692795e-02
2.550852630957822242e+01 9.412224195736580701e-02
2.552226379221829689e+01 9.408543892273259213e-02
2.553600839401796918e+01 9.404865016545035927e-02
2.554976011866657615e+01 9.401187567997427996e-02
2.556351896985539796e+01 9.397511546076157962e-02
2.557728495127760837e+01 9.393836950227169025e-02
2.559105806662829252e+01 9.390163779896622265e-02
2.560483831960447176e+01 9.386492034530886930e-02
2.561862571390505749e+01 9.382821713576551537e-02
2.563242025323089379e+01 9.379152816480419708e-02
2.564622194128468990e+01 9.375485342689522661e-02
2.566003078177121921e+01 9.371819291651065087e-02
2.567384677839703855e+01 9.368154662812505640e-02
2.568766993487065520e+01 9.364491455621509752e-02
2.570150025490251622e+01 9.360829669525951025e-02
2.571533774220497648e+01 9.357169303973920937e-02
2.572918240049232708e+01 9.353510358413723302e-02
2.574303423348077757e+01 9.349852832293881200e-02
2.575689324488846665e+01 9.346196725063124489e-02
2.577075943843545502e+01 9.342542036170400910e-02
2.578463281784368277e+01 9.338888765064888575e-02
2.579851338683717898e+01 9.335236911195930742e-02
2.581240114914173489e+01 9.331586474013135735e-02
2.582629610848513835e+01 9.327937452966304777e-02
2.584019826859710278e+01 9.324289847505452811e-02
2.585410763320926719e+01 9.320643657080811273e-02
2.586802420605521746e+01 9.316998881142825317e-02
2.588194799087046505e+01 9.313355519142153816e-02
2.589587899139245764e+01 9.309713570529665194e-02
2.590981721136058979e+01 9.306073034756441598e-02
2.592376265451612838e+01 9.302433911273798317e-02
2.593771532460243989e+01 9.298796199533217177e-02
2.595167522536468496e+01 9.295159898986435354e-02
2.596564236055000663e+01 9.291525009085387088e-02
2.597961673390748416e+01 9.287891529282223113e-02
2.599359834918815082e+01 9.284259459029306494e-02
2.600758721014498320e+01 9.280628797779211236e-02
2.602158332053289769e+01 9.276999544984723678e-02
2.603558668410875754e+01 9.273371700098845261e-02
2.604959730463137291e+01 9.269745262574788369e-02
2.606361518586144754e+01 9.266120231865991597e-02
2.607764033156179906e+01 9.262496607426065620e-02
2.609167274549703919e+01 9.258874388708869529e-02
2.610571243143376563e+01 9.255253575168467806e-02
2.611975939314054429e+01 9.251634166259134484e-02
2.613381363438788441e+01 9.248016161435353155e-02
2.614787515894825987e+01 9.244399560151823902e-02
2.616194397059609145e+01 9.240784361863452201e-02
2.617602007310775747e+01 9.237170566025361407e-02
2.619010347026159735e+01 9.233558172092881655e-02
2.620419416583783701e+01 9.229947179521574840e-02
2.621829216361885884e+01 9.226337587767165227e-02
2.623239746738880740e+01 9.222729396285635206e-02
2.624651008093386295e+01 9.219122604533162846e-02
2.626063000804215619e+01 9.215517211966137157e-02
2.627475725250378957e+01 9.211913218041159479e-02
2.628889181811082665e+01 9.208310622215042096e-02
2.630303370865729207e+01 9.204709423944805458e-02
2.631718292793919289e+01 9.201109622687686507e-02
2.633133947975447242e+01 9.197511217901126190e-02
2.634550336790302438e+01 9.193914209042795826e-02
2.635967459618684217e+01 9.190318595570533267e-02
2.637385316840975591e+01 9.186724376942427550e-02
2.638803908837759948e+01 9.183131552616767557e-02
2.640223235989817852e+01 9.179540122052050333e-02
2.641643298678129170e+01 9.175950084706981091e-02
2.643064097283869529e+01 9.172361440040480152e-02
2.644485632188412083e+01 9.168774187511673224e-02
2.645907903773328940e+01 9.165188326579902511e-02
2.647330912420388671e+01 9.161603856704712834e-02
2.648754658511552407e+01 9.158020777345877994e-02
2.650179142428996215e+01 9.154439087963336941e-02
2.651604364555077709e+01 9.150858788017282586e-02
2.653030325272357715e+01 9.147279876968100742e-02
2.654457024963594947e+01 9.143702354276390942e-02
2.655884464011748136e+01 9.140126219402956720e-02
2.657312642799972124e+01 9.136551471808816716e-02
2.658741561711622481e+01 9.132978110955194961e-02
2.660171221130251595e+01 9.129406136303526431e-02
2.661601621439612586e+01 9.125835547315454266e-02
2.663032763023649707e+01 9.122266343452847814e-02
2.664464646266525349e+01 9.118698524177737408e-02
2.665897271552581671e+01 9.115132088952411504e-02
2.667330639266367598e+01 9.111567037239347300e-02
2.668764749792629942e+01 9.108003368501235708e-02
2.670199603516316600e+01 9.104441082200973034e-02
2.671635200822572642e+01 9.100880177801665138e-02
2.673071542096744935e+01 9.097320654766626047e-02
2.674508627724378940e+01 9.093762512559379341e-02
2.675946458091219426e+01 9.090205750643658156e-02
2.677385033583206564e+01 9.086650368483413509e-02
2.678824354586497591e+01 9.083096365542767114e-02
2.680264421487431292e+01 9.079543741286089098e-02
2.681705234672553928e+01 9.075992495177941100e-02
2.683146794528611423e+01 9.072442626683098477e-02
2.684589101442549719e+01 9.068894135266540590e-02
2.686032155801516552e+01 9.065347020393453581e-02
2.687475957992858611e+01 9.061801281529234531e-02
2.688920508404124377e+01 9.058256918139490077e-02
2.690365807423063771e+01 9.054713929690025309e-02
2.691811855437620338e+01 9.051172315646874300e-02
2.693258652835957534e+01 9.047632075476236269e-02
2.694706200006420715e+01 9.044093208644558846e-02
2.696154497337563782e+01 9.040555714618482563e-02
2.697603545218142429e+01 9.037019592864851958e-02
2.699053344037112012e+01 9.033484842850725283e-02
2.700503894183630749e+01 9.029951464043363407e-02
2.701955196047059005e+01 9.026419455910233980e-02
2.703407250016956809e+01 9.022888817919015592e-02
2.704860056483088826e+01 9.019359549537585286e-02
2.706313615835412989e+01 9.015831650234053252e-02
2.707767928464109985e+01 9.012305119476680948e-02
2.709222994759541692e+01 9.008779956733987959e-02
2.710678815112281370e+01 9.005256161474683996e-02
2.712135389913102657e+01 9.001733733167679996e-02
2.713592719552982402e+01 8.998212671282102004e-02
2.715050804423099606e+01 8.994692975287274517e-02
2.716509644914837196e+01 8.991174644652732972e-02
2.717969241419779891e+01 8.987657678848215426e-02
2.719429594329714206e+01 8.984142077343672261e-02
2.720890704036626673e+01 8.980627839609264806e-02
2.722352570932723026e+01 8.977114965115323697e-02
2.723815195410393386e+01 8.973603453332427982e-02
2.725278577862239970e+01 8.970093303731344059e-02
2.726742718681065369e+01 8.966584515783050657e-02
2.728207618259877876e+01 8.963077088958723571e-02
2.729673276991889352e+01 8.959571022729750922e-02
2.731139695270513812e+01 8.956066316567724839e-02
2.732606873489370614e+01 8.952562969944437288e-02
2.734074812042283043e+01 8.949060982331893954e-02
2.735543511323272270e+01 8.945560353202312853e-02
2.737012971726580801e+01 8.942061082028078534e-02
2.738483193646638725e+01 8.938563168281821181e-02
2.739954177478085739e+01 8.935066611436362494e-02
2.741425923615765825e+01 8.931571410964729563e-02
2.742898432454729374e+01 8.928077566340152094e-02
2.744371704390228572e+01 8.924585077036065184e-02
2.745845739817723086e+01 8.921093942526110709e-02
2.747320539132876149e+01 8.917604162284133162e-02
2.748796102731556346e+01 8.914115735784179650e-02
2.750272431009832275e+01 8.910628662500517938e-02
2.751749524363993160e+01 8.907142941907579548e-02
2.753227383190519362e+01 8.903658573480038863e-02
2.754706007886099073e+01 8.900175556692760392e-02
2.756185398847629031e+01 8.896693891020816813e-02
2.757665556472209190e+01 8.893213575939482030e-02
2.759146481157147335e+01 8.889734610924231173e-02
2.760628173299955535e+01 8.886256995450746154e-02
2.762110633298353690e+01 8.882780728994914277e-02
2.763593861550265629e+01 8.879305811032819906e-02
2.765077858453816972e+01 8.875832241040772230e-02
2.766562624407356807e+01 8.872360018495241418e-02
2.768048159809423225e+01 8.868889142872936338e-02
2.769534465058766770e+01 8.865419613650761532e-02
2.771021540554344753e+01 8.861951430305819999e-02
2.772509386695320188e+01 8.858484592315424289e-02
2.773998003881064278e+01 8.855019099157084017e-02
2.775487392511154638e+01 8.851554950308512804e-02
2.776977552985375652e+01 8.848092145247632434e-02
2.778468485703719537e+01 8.844630683452560371e-02
2.779960191066379238e+01 8.841170564401631959e-02
2.781452669473773653e+01 8.837711787573349076e-02
2.782945921326510685e+01 8.834254352446452296e-02
2.784439947025411755e+01 8.830798258499873710e-02
2.785934746971506470e+01 8.827343505212745245e-02
2.787430321566031921e+01 8.823890092064405610e-02
2.788926671210433739e+01 8.820438018534389191e-02
2.790423796306364324e+01 8.816987284102438538e-02
2.791921697255685686e+01 8.813537888248494656e-02
2.793420374460467315e+01 8.810089830452703941e-02
2.794919828322980848e+01 8.806643110195425117e-02
2.796420059245724943e+01 8.803197726957180669e-02
2.797921067631388325e+01 8.799753680218733165e-02
2.799422853882875017e+01 8.796310969461033913e-02
2.800925418403297584e+01 8.792869594165236835e-02
2.802428761595977136e+01 8.789429553812698470e-02
2.803932883864444747e+01 8.785990847884973809e-02
2.805437785612439328e+01 8.782553475863821846e-02
2.806943467243909041e+01 8.779117437231201415e-02
2.808449929163013437e+01 8.775682731469273967e-02
2.809957171774113505e+01 8.772249358060411895e-02
2.811465195481797608e+01 8.768817316487155511e-02
2.812974000690847376e+01 8.765386606232279665e-02
2.814483587806258669e+01 8.761957226778749330e-02
2.815993957233238731e+01 8.758529177609730709e-02
2.817505109377203354e+01 8.755102458208591232e-02
2.819017044643779002e+01 8.751677068058896780e-02
2.820529763438802817e+01 8.748253006644415852e-02
2.822043266168321907e+01 8.744830273449116786e-02
2.823557553238593698e+01 8.741408867957167761e-02
2.825072625056079190e+01 8.737988789652953447e-02
2.826588482027469951e+01 8.734570038021016725e-02
2.828105124559649397e+01 8.731152612546139169e-02
2.829622553059717660e+01 8.727736512713292483e-02
2.831140767934986258e+01 8.724321738007644045e-02
2.832659769592976318e+01 8.720908287914568013e-02
2.834179558441422131e+01 8.717496161919634223e-02
2.835700134888269375e+01 8.714085359508610962e-02
2.837221499341672626e+01 8.710675880167469132e-02
2.838743652210000334e+01 8.707267723382376701e-02
2.840266593901825942e+01 8.703860888639718130e-02
2.841790324825952396e+01 8.700455375426034699e-02
2.843314845391376977e+01 8.697051183228109161e-02
2.844840156007314036e+01 8.693648311532907458e-02
2.846366257083190732e+01 8.690246759827596756e-02
2.847893149028645965e+01 8.686846527599545453e-02
2.849420832253532154e+01 8.683447614336316234e-02
2.850949307167911684e+01 8.680050019525675786e-02
2.852478574182061877e+01 8.676653742655585089e-02
2.854008633706471088e+01 8.673258783214210510e-02
2.855539486151835860e+01 8.669865140689922423e-02
2.857071131929081531e+01 8.666472814571257732e-02
2.858603571449330261e+01 8.663081804346986492e-02
2.860136805123922343e+01 8.659692109506067492e-02
2.861670833364411592e+01 8.656303729537655200e-02
2.863205656582564629e+01 8.652916663931106700e-02
2.864741275190362302e+01 8.649530912175971975e-02
2.866277689599998624e+01 8.646146473762002238e-02
2.867814900223879704e+01 8.642763348179151317e-02
2.869352907474628722e+01 8.639381534917561778e-02
2.870891711765073140e+01 8.636001033467594068e-02
2.872431313508274187e+01 8.632621843319768229e-02
2.873971713117489202e+01 8.629243963964836062e-02
2.875512911006195438e+01 8.625867394893738105e-02
2.877054907588084021e+01 8.622492135597613350e-02
2.878597703277061015e+01 8.619118185567793688e-02
2.880141298487246715e+01 8.615745544295812242e-02
2.881685693632975998e+01 8.612374211273403357e-02
2.883230889128797969e+01 8.609004185992491509e-02
2.884776885389478451e+01 8.605635467945201011e-02
2.886323682829989323e+01 8.602268056623869896e-02
2.887871281865538720e+01 8.598901951520990239e-02
2.889419682911529108e+01 8.595537152129292813e-02
2.890968886383585712e+01 8.592173657941690190e-02
2.892518892697549049e+01 8.588811468451294784e-02
2.894069702269474575e+01 8.585450583151416071e-02
2.895621315515634109e+01 8.582091001535555042e-02
2.897173732852514405e+01 8.578732723097416690e-02
2.898726954696818936e+01 8.575375747330898912e-02
2.900280981465466468e+01 8.572020073730095280e-02
2.901835813575585732e+01 8.568665701789311695e-02
2.903391451444540650e+01 8.565312631003008104e-02
2.904947895489891962e+01 8.561960860865885925e-02
2.906505146129423522e+01 8.558610390872822826e-02
2.908063203781135542e+01 8.555261220518899090e-02
2.909622068863245659e+01 8.551913349299383738e-02
2.911181741794187516e+01 8.548566776709748405e-02
2.912742222992611474e+01 8.545221502245657630e-02
2.914303512877384250e+01 8.541877525402975790e-02
2.915865611867591767e+01 8.538534845677757390e-02
2.917428520382528845e+01 8.535193462566270650e-02
2.918992238841727271e+01 8.531853375564935060e-02
2.920556767664917075e+01 8.528514584170410195e-02
2.922122107272052105e+01 8.525177087879537430e-02
2.923688258083304348e+01 8.521840886189349651e-02
2.925255220519062860e+01 8.518505978597080974e-02
2.926822994999934835e+01 8.515172364600155641e-02
2.928391581946745958e+01 8.511840043696194957e-02
2.929960981780538987e+01 8.508509015383015905e-02
2.931531194922575168e+01 8.505179279158633920e-02
2.933102221794329267e+01 8.501850834521264277e-02
2.934674062817510887e+01 8.498523680969284622e-02
2.936246718414030354e+01 8.495197818001307133e-02
2.937820189006023597e+01 8.491873245116120239e-02
2.939394475015844677e+01 8.488549961812712208e-02
2.940969576866067214e+01 8.485227967590262821e-02
2.942545494979482257e+01 8.481907261948148924e-02
2.944122229779101474e+01 8.478587844385943040e-02
2.945699781688154317e+01 8.475269714403407817e-02
2.947278151130091928e+01 8.471952871500500193e-02
2.948857338528575767e+01 8.468637315177389435e-02
2.950437344307508170e+01 8.465323044934396080e-02
2.952018168890990424e+01 8.462010060272075196e-02
2.953599812703350835e+01 8.458698360691163654e-02
2.955182276169137978e+01 8.455387945692589835e-02
2.956765559713118918e+01 8.452078814777477800e-02
2.958349663760282411e+01 8.448770967447147284e-02
2.959934588735836769e+01 8.445464403203105375e-02
2.961520335065211285e+01 8.442159121547060385e-02
2.963106903174054096e+01 8.438855121980912144e-02
2.964694293488230059e+01 8.435552404006760319e-02
2.966282506433840638e+01 8.432250967126872498e-02
2.967871542437192289e+01 8.428950810843734154e-02
2.969461401924816002e+01 8.425651934660022269e-02
2.971052085323466940e+01 8.422354338078598401e-02
2.972643593060117695e+01 8.419058020602525338e-02
2.974235925561964322e+01 8.415762981735054604e-02
2.975829083256424923e+01 8.412469220979627849e-02
2.977423066571137511e+01 8.409176737839885174e-02
2.979017875933961790e+01 8.405885531819659584e-02
2.980613511772973823e+01 8.402595602422985310e-02
2.982209974516490902e+01 8.399306949154052016e-02
2.983807264593030695e+01 8.396019571517282509e-02
2.985405382431342503e+01 8.392733469017280012e-02
2.987004328460395541e+01 8.389448641158837872e-02
2.988604103109383203e+01 8.386165087446939559e-02
2.990204706807718438e+01 8.382882807386768387e-02
2.991806139985040147e+01 8.379601800483692242e-02
2.993408403071207147e+01 8.376322066243277464e-02
2.995011496496302428e+01 8.373043604171276355e-02
2.996615420690626408e+01 8.369766413773650771e-02
2.998220176084718247e+01 8.366490494556516611e-02
2.999825763109325294e+01 8.363215846026213207e-02
3.001432182195420850e+01 8.359942467689268630e-02
3.003039433774204170e+01 8.356670359052395525e-02
3.004647518277096907e+01 8.353399519622499436e-02
3.006256436135743826e+01 8.350129948906681587e-02
3.007866187782013867e+01 8.346861646412231939e-02
3.009476773648000147e+01 8.343594611646629189e-02
3.011088194166019960e+01 8.340328844117546325e-02
3.012700449768606958e+01 8.337064343332861727e-02
3.014313540888538867e+01 8.333801108800605040e-02
3.015927467958798047e+01 8.330539140029034895e-02
3.017542231412598852e+01 8.327278436526588945e-02
3.019157831683378745e+01 8.324018997801894970e-02
3.020774269204801499e+01 8.320760823363772263e-02
3.022391544410753284e+01 8.317503912721231629e-02
3.024009657735346934e+01 8.314248265383475389e-02
3.025628609612919462e+01 8.310993880859894600e-02
3.027248400478033119e+01 8.307740758660071834e-02
3.028869030765470072e+01 8.304488898293790888e-02
3.030490500910254070e+01 8.301238299270993770e-02
3.032112811347618830e+01 8.297988961101843142e-02
3.033735962513027218e+01 8.294740883296686240e-02
3.035359954842169827e+01 8.291494065366054877e-02
3.036984788770959653e+01 8.288248506820679318e-02
3.038610464735540262e+01 8.285004207171467461e-02
3.040236983172277974e+01 8.281761165929529822e-02
3.041864344517765772e+01 8.278519382606158716e-02
3.043492549208823661e+01 8.275278856712839359e-02
3.045121597682491910e+01 8.272039587761259583e-02
3.046751490376054150e+01 8.268801575263258485e-02
3.048382227727004690e+01 8.265564818730901375e-02
3.050013810173068407e+01 8.262329317676436746e-02
3.051646238152198265e+01 8.259095071612292116e-02
3.053279512102573889e+01 8.255862080051094842e-02
3.054913632462602280e+01 8.252630342505654082e-02
3.056548599670916389e+01 8.249399858488974668e-02
3.058184414166378318e+01 8.246170627514243234e-02
3.059821076388076122e+01 8.242942649094842089e-02
3.061458586775320256e+01 8.239715922744353382e-02
3.063096945767667023e+01 8.236490447976507756e-02
3.064736153804880914e+01 8.233266224305268999e-02
3.066376211326962675e+01 8.230043251244768820e-02
3.068017118774139007e+01 8.226821528309333220e-02
3.069658876586866114e+01 8.223601055013476935e-02
3.071301485205827575e+01 8.220381830871900664e-02
3.072944945071935763e+01 8.217163855399496619e-02
3.074589256626331846e+01 8.213947128111342977e-02
3.076234420310384365e+01 8.210731648522708037e-02
3.077880436565686040e+01 8.207517416149059941e-02
3.079527305834076856e+01 8.204304430506016710e-02
3.081175028557605344e+01 8.201092691109426736e-02
3.082823605178557713e+01 8.197882197475307720e-02
3.084473036139446478e+01 8.194672949119871652e-02
3.086123321883017212e+01 8.191464945559512323e-02
3.087774462852241797e+01 8.188258186310816422e-02
3.089426459490323396e+01 8.185052670890553828e-02
3.091079312240693611e+01 8.181848398815688705e-02
3.092733021547015326e+01 8.178645369603367021e-02
3.094387587853173116e+01 8.175443582770937356e-02
3.096043011603302730e+01 8.172243037835899560e-02
3.097699293241749885e+01 8.169043734315974137e-02
3.099356433213096196e+01 8.165845671729062005e-02
3.101014431962155982e+01 8.162648849593247269e-02
3.102673289933971290e+01 8.159453267426802769e-02
3.104333007573816161e+01 8.156258924748191474e-02
3.105993585327195916e+01 8.153065821076056763e-02
3.107655023639846092e+01 8.149873955929234914e-02
3.109317322957733865e+01 8.146683328826746784e-02
3.110980483727049517e+01 8.143493939287813066e-02
3.112644506394234867e+01 8.140305786831804336e-02
3.114309391405944893e+01 8.137118870978314600e-02
3.115975139209070477e+01 8.133933191247112726e-02
3.117641750250735555e+01 8.130748747158153544e-02
3.119309224978294992e+01 8.127565538231577846e-02
3.120977563839335289e+01 8.124383563987716550e-02
3.122646767281675295e+01 8.121202823947082372e-02
3.124316835753366917e+01 8.118023317630376767e-02
3.125987769702692987e+01 8.114845044558487153e-02
3.127659569578162291e+01 8.111668004252498010e-02
3.129332235828535147e+01 8.108492196233646476e-02
3.131005768902786457e+01 8.105317620023388958e-02
3.132680169250129154e+01 8.102144275143356722e-02
3.134355437320007809e+01 8.098972161115369772e-02
3.136031573562103603e+01 8.095801277461428525e-02
3.137708578426326511e+01 8.092631623703722132e-02
3.139386452362823121e+01 8.089463199364627100e-02
3.141065195821970235e+01 8.086296003966704504e-02
3.142744809254380556e+01 8.083130037032697224e-02
3.144425293110892028e+01 8.079965298085552139e-02
3.146106647842596971e+01 8.076801786648359072e-02
3.147788873900801576e+01 8.073639502244435440e-02
3.149471971737052911e+01 8.070478444397265194e-02
3.151155941803130389e+01 8.067318612630522412e-02
3.152840784551048614e+01 8.064160006468065744e-02
3.154526500433058089e+01 8.061002625433937030e-02
3.156213089901640245e+01 8.057846469052365457e-02
3.157900553409513122e+01 8.054691536847762012e-02
3.159588891409630662e+01 8.051537828344723646e-02
3.161278104355171337e+01 8.048385343068047149e-02
3.162968192699571546e+01 8.045234080542673638e-02
3.164659156896481562e+01 8.042084040293767666e-02
3.166350997399792533e+01 8.038935221846663093e-02
3.168043714663632926e+01 8.035787624726883904e-02
3.169737309142364268e+01 8.032641248460131722e-02
3.171431781290584695e+01 8.029496092572298294e-02
3.173127131563128245e+01 8.026352156589455777e-02
3.174823360415064855e+01 8.023209440037863682e-02
3.176520468301698230e+01 8.020067942443961928e-02
3.178218455678563714e+01 8.016927663334390275e-02
3.179917323001452445e+01 8.013788602235932812e-02
3.181617070726370144e+01 8.010650758675595673e-02
3.183317699309566251e+01 8.007514132180557076e-02
3.185019209207528235e+01 8.004378722278178426e-02
3.186721600876978044e+01 8.001244528496004316e-02
3.188424874774874951e+01 7.998111550361763911e-02
3.190129031358414835e+01 7.994979787403369564e-02
3.191834071085031610e+01 7.991849239148916817e-02
3.193539994412395799e+01 7.988719905126684395e-02
3.195246801798406722e+01 7.985591784865146703e-02
3.196954493701223754e+01 7.982464877892925248e-02
3.198663070579221568e+01 7.979339183738862196e-02
3.200372532891020683e+01 7.976214701931967632e-02
3.202082881095477518e+01 7.973091432001438994e-02
3.203794115651687235e+01 7.969969373476652741e-02
3.205506237018983029e+01 7.966848525887169907e-02
3.207219245656936124e+01 7.963728888762734714e-02
3.208933142025355778e+01 7.960610461633273183e-02
3.210647926584289280e+01 7.957493244028894519e-02
3.212363599794016267e+01 7.954377235479903607e-02
3.214080162115074302e+01 7.951262435516749660e-02
3.215797614008219796e+01 7.948148843670102548e-02
3.217515955934454297e+01 7.945036459470801449e-02
3.219235188355019517e+01 7.941925282449867340e-02
3.220955311731394488e+01 7.938815312138504388e-02
3.222676326525299118e+01 7.935706548068099941e-02
3.224398233198690633e+01 7.932598989770220377e-02
3.226121032213767137e+01 7.929492636776616643e-02
3.227844724032965473e+01 7.926387488619222876e-02
3.229569309118956966e+01 7.923283544830161951e-02
3.231294787934670154e+01 7.920180804941708008e-02
3.233021160943255978e+01 7.917079268486350296e-02
3.234748428608109805e+01 7.913978934996750148e-02
3.236476591392869295e+01 7.910879804005746530e-02
3.238205649761410854e+01 7.907781875046362985e-02
3.239935604177852468e+01 7.904685147651803467e-02
3.241666455106550870e+01 7.901589621355453730e-02
3.243398203012105796e+01 7.898495295690881324e-02
3.245130848359355724e+01 7.895402170191834212e-02
3.246864391613374323e+01 7.892310244392253260e-02
3.248598833239496741e+01 7.889219517826225048e-02
3.250334173703276974e+01 7.886129990028055425e-02
3.252070413470520549e+01 7.883041660532215389e-02
3.253807553007271736e+01 7.879954528873357733e-02
3.255545592779816388e+01 7.876868594586319827e-02
3.257284533254683367e+01 7.873783857206116676e-02
3.259024374898642407e+01 7.870700316267940921e-02
3.260765118178705535e+01 7.867617971307172553e-02
3.262506763562125656e+01 7.864536821859366422e-02
3.264249311516392993e+01 7.861456867460275832e-02
3.265992762509259251e+01 7.858378107645791477e-02
3.267737117008697822e+01 7.855300541952024707e-02
3.269482375482932213e+01 7.852224169915257568e-02
3.271228538400427510e+01 7.849148991071945580e-02
3.272975606229893231e+01 7.846075004958728838e-02
3.274723579440280474e+01 7.843002211112426458e-02
3.276472458500784057e+01 7.839930609070040746e-02
3.278222243880841091e+01 7.836860198368747477e-02
3.279972936050132404e+01 7.833790978545908390e-02
3.281724535478576144e+01 7.830722949139073963e-02
3.283477042636353360e+01 7.827656109685937613e-02
3.285230457993868924e+01 7.824590459724412028e-02
3.286984782021777818e+01 7.821525998792573653e-02
3.288740015190979449e+01 7.818462726428682119e-02
3.290496157972617652e+01 7.815400642171171919e-02
3.292253210838078559e+01 7.812339745558662119e-02
3.294011174258994856e+01 7.809280036129945257e-02
3.295770048707242239e+01 7.806221513423999836e-02
3.297529834654941538e+01 7.803164176979979216e-02
3.299290532574450907e+01 7.800108026337228273e-02
3.301052142938394951e+01 7.797053061035236210e-02
3.302814666219620676e+01 7.793999280613704561e-02
3.304578102891228042e+01 7.790946684612506945e-02
3.306342453426563566e+01 7.787895272571690453e-02
3.308107718299217481e+01 7.784845044031482586e-02
3.309873897983024449e+01 7.781795998532291259e-02
3.311640992952067108e+01 7.778748135614702020e-02
3.313409003680673237e+01 7.775701454819478053e-02
3.315177930643413617e+01 7.772655955687561569e-02
3.316947774315102748e+01 7.769611637760084899e-02
3.318718535170818740e+01 7.766568500578324707e-02
3.320490213685864944e+01 7.763526543683769987e-02
3.322262810335799799e+01 7.760485766618076264e-02
3.324036325596426877e+01 7.757446168923075314e-02
3.325810759943796313e+01 7.754407750140783484e-02
3.327586113854206928e+01 7.751370509813386434e-02
3.329362387804201262e+01 7.748334447483254395e-02
3.331139582270570543e+01 7.745299562692932460e-02
3.332917697730353268e+01 7.742265854985144746e-02
3.334696734660828099e+01 7.739233323902802719e-02
3.336476693539541571e+01 7.736201968988963562e-02
3.338257574844266173e+01 7.733171789786895400e-02
3.340039379053030189e+01 7.730142785840031505e-02
3.341822106644109169e+01 7.727114956691982783e-02
3.343605758096025937e+01 7.724088301886540553e-02
3.345390333887552003e+01 7.721062820967668217e-02
3.347175834497707569e+01 7.718038513479510976e-02
3.348962260405759395e+01 7.715015378966388893e-02
3.350749612091224350e+01 7.711993416972801052e-02
3.352537890033858758e+01 7.708972627043432502e-02
3.354327094713691082e+01 7.705953008723111231e-02
3.356117226610975735e+01 7.702934561556880333e-02
3.357908286206222925e+01 7.699917285089943886e-02
3.359700273980193685e+01 7.696901178867683602e-02
3.361493190413895604e+01 7.693886242435658829e-02
3.363287035988588514e+01 7.690872475339606551e-02
3.365081811185778804e+01 7.687859877125438612e-02
3.366877516487224398e+01 7.684848447339241717e-02
3.368674152374931907e+01 7.681838185527282981e-02
3.370471719331150240e+01 7.678829091236016868e-02
3.372270217838400441e+01 7.675821164012035236e-02
3.374069648379433062e+01 7.672814403402145045e-02
3.375870011437253737e+01 7.669808808953317014e-02
3.377671307495119635e+01 7.666804380212698111e-02
3.379473537036538744e+01 7.663801116727607388e-02
3.381276700545269875e+01 7.660799018045547082e-02
3.383080798505319819e+01 7.657798083714190129e-02
3.384885831400949030e+01 7.654798313281385713e-02
3.386691799716669493e+01 7.651799706295160652e-02
3.388498703937233358e+01 7.648802262303727728e-02
3.390306544547669887e+01 7.645805980855439887e-02
3.392115322033235003e+01 7.642810861498862407e-02
3.393925036879443979e+01 7.639816903782722934e-02
3.395735689572065752e+01 7.636824107255925365e-02
3.397547280597117947e+01 7.633832471467549841e-02
3.399359810440872565e+01 7.630841995966847202e-02
3.401173279589851006e+01 7.627852680303250088e-02
3.402987688530830468e+01 7.624864524026360446e-02
3.404803037750836125e+01 7.621877526685960635e-02
3.406619327737141845e+01 7.618891687832013426e-02
3.408436558977293629e+01 7.615907007014628693e-02
3.410254731959069119e+01 7.612923483784120315e-02
3.412073847170506014e+01 7.609941117690965928e-02
3.413893905099895676e+01 7.606959908285822192e-02
3.415714906235781001e+01 7.603979855119517850e-02
3.417536851066958548e+01 7.601000957743053732e-02
3.419359740082479249e+01 7.598023215707609690e-02
3.421183573771645570e+01 7.595046628564536273e-02
3.423008352624015771e+01 7.592071195865360278e-02
3.424834077129392540e+01 7.589096917161795852e-02
3.426660747777855676e+01 7.586123792005691757e-02
3.428488365059716614e+01 7.583151819949111860e-02
3.430316929465547560e+01 7.580181000544278236e-02
3.432146441486175803e+01 7.577211333343589206e-02
3.433976901612681587e+01 7.574242817899615177e-02
3.435808310336402371e+01 7.571275453765101415e-02
3.437640668148927858e+01 7.568309240492968049e-02
3.439473975542102835e+01 7.565344177636308676e-02
3.441308233008027884e+01 7.562380264748388981e-02
3.443143441039050856e+01 7.559417501382660609e-02
3.444979600127796004e+01 7.556455887092715373e-02
3.446816710767122771e+01 7.553495421432353252e-02
3.448654773450150657e+01 7.550536103955532430e-02
3.450493788670257089e+01 7.547577934216388729e-02
3.452333756921073160e+01 7.544620911769230054e-02
3.454174678696488598e+01 7.541665036168536396e-02
3.456016554490646087e+01 7.538710306968962604e-02
3.457859384797945523e+01 7.535756723725337003e-02
3.459703170113044024e+01 7.532804285992657223e-02
3.461547910930845973e+01 7.529852993326111021e-02
3.463393607746535707e+01 7.526902845281017995e-02
3.465240261055531334e+01 7.523953841412911459e-02
3.467087871353515993e+01 7.521005981277481545e-02
3.468936439136427197e+01 7.518059264430594635e-02
3.470785964900462517e+01 7.515113690428286419e-02
3.472636449142075321e+01 7.512169258826764673e-02
3.474487892357976904e+01 7.509225969182414806e-02
3.476340295045133644e+01 7.506283821051791538e-02
3.478193657700772690e+01 7.503342813991620286e-02
3.480047980822369169e+01 7.500402947558811040e-02
3.481903264907679585e+01 7.497464221310413957e-02
3.483759510454694919e+01 7.494526634803685972e-02
3.485616717961674027e+01 7.491590187596039452e-02
3.487474887927130140e+01 7.488654879245063012e-02
3.489334020849838680e+01 7.485720709308518739e-02
3.491194117228830862e+01 7.482787677344335253e-02
3.493055177563397962e+01 7.479855782910618811e-02
3.494917202353089181e+01 7.476925025565644978e-02
3.496780192097713069e+01 7.473995404867857240e-02
3.498644147297330420e+01 7.471066920375890597e-02
3.500509068452281269e+01 7.468139571648510500e-02
3.502374956063145106e+01 7.465213358244689179e-02
3.504241810630767162e+01 7.462288279723561235e-02
3.506109632656252728e+01 7.459364335644430577e-02
3.507978422640965022e+01 7.456441525566774586e-02
3.509848181086529451e+01 7.453519849050238566e-02
3.511718908494830771e+01 7.450599305654641291e-02
3.513590605368011666e+01 7.447679894939972234e-02
3.515463272208478429e+01 7.444761616466392951e-02
3.517336909518888888e+01 7.441844469794246797e-02
3.519211517802181532e+01 7.438928454484011743e-02
3.521087097561537149e+01 7.436013570096372538e-02
3.522963649300400846e+01 7.433099816192174913e-02
3.524841173522482052e+01 7.430187192332432522e-02
3.526719670731748124e+01 7.427275698078331101e-02
3.528599141432429320e+01 7.424365332991228472e-02
3.530479586129018088e+01 7.421456096632646215e-02
3.532361005326266934e+01 7.418547988564286322e-02
3.534243399529189134e+01 7.415641008348013152e-02
3.536126769243053758e+01 7.412735155545879806e-02
3.538011114973414806e+01 7.409830429720064282e-02
3.539896437226062886e+01 7.406926830432962461e-02
3.541782736507060747e+01 7.404024357247120103e-02
3.543670013322732615e+01 7.401123009725257829e-02
3.545558268179665617e+01 7.398222787430260017e-02
3.547447501584707652e+01 7.395323689925187294e-02
3.549337714044973069e+01 7.392425716773266819e-02
3.551228906067833435e+01 7.389528867537896450e-02
3.553121078160928192e+01 7.386633141782646128e-02
3.555014230832150446e+01 7.383738539071262041e-02
3.556908364589678939e+01 7.380845058967629158e-02
3.558803479941932579e+01 7.377952701035833671e-02
3.560699577397602411e+01 7.375061464840122760e-02
3.562596657465643801e+01 7.372171349944912910e-02
3.564494720655273596e+01 7.369282355914787142e-02
3.566393767475973675e+01 7.366394482314497782e-02
3.568293798437490949e+01 7.363507728708970634e-02
3.570194814049835230e+01 7.360622094663296644e-02
3.572096814823279942e+01 7.357737579742737455e-02
3.573999801268357857e+01 7.354854183512733734e-02
3.575903773895887383e+01 7.351971905538863539e-02
3.577808733216928516e+01 7.349090745386903378e-02
3.579714679742814099e+01 7.346210702622792132e-02
3.581621613985142716e+01 7.343331776812636602e-02
3.583529536455777276e+01 7.340453967522707346e-02
3.585438447666847139e+01 7.337577274319451170e-02
3.587348348130743858e+01 7.334701696769478640e-02
3.589259238360128990e+01 7.331827234439566854e-02
3.591171118867926282e+01 7.328953886896666381e-02
3.593083990167319541e+01 7.326081653707905428e-02
3.594997852771780344e+01 7.323210534440545427e-02
3.596912707195024694e+01 7.320340528662050428e-02
3.598828553951040732e+01 7.317471635940042685e-02
3.600745393554084472e+01 7.314603855842310987e-02
3.602663226518677675e+01 7.311737187936813431e-02
3.604582053359609262e+01 7.308871631791673262e-02
3.606501874591933898e+01 7.306007186975187195e-02
3.608422690730974836e+01 7.303143853055814316e-02
3.610344502292320357e+01 7.300281629602184408e-02
3.612267309791820225e+01 7.297420516183103500e-02
3.614191113745613393e+01 7.294560512367515015e-02
3.616115914670083242e+01 7.291701617724560824e-02
3.618041713081888844e+01 7.288843831823539621e-02
3.619968509497957143e+01 7.285987154233920793e-02
3.621896304435482961e+01 7.283131584525334712e-02
3.623825098411927570e+01 7.280277122267585221e-02
3.625754891945023672e+01 7.277423767030641311e-02
3.627685685552768291e+01 7.274571518384637114e-02
3.629617479753431297e+01 7.271720375899876077e-02
3.631550275065539068e+01 7.268870339146839277e-02
3.633484072007912147e+01 7.266021407696141021e-02
3.635418871099617633e+01 7.263173581118596844e-02
3.637354672859996896e+01 7.260326858985177712e-02
3.639291477808662734e+01 7.257481240867021122e-02
3.641229286465495818e+01 7.254636726335431107e-02
3.643168099350646827e+01 7.251793314961876846e-02
3.645107916984535734e+01 7.248951006317998214e-02
3.647048739887851809e+01 7.246109799975597454e-02
3.648990568581555038e+01 7.243269695506646122e-02
3.650933403586867598e+01 7.240430692483293407e-02
3.652877245425304409e+01 7.237592790477816174e-02
3.654822094618627659e+01 7.234755989062698067e-02
3.656767951688878071e+01 7.231920287810574000e-02
3.658714817158365662e+01 7.229085686294246804e-02
3.660662691549672587e+01 7.226252184086683072e-02
3.662611575385651719e+01 7.223419780761017317e-02
3.664561469189425225e+01 7.220588475890549196e-02
3.666512373484388121e+01 7.217758269048744901e-02
3.668464288794206141e+01 7.214929159809235770e-02
3.670417215642808628e+01 7.212101147745830776e-02
3.672371154554419093e+01 7.209274232432467955e-02
3.674326106053511154e+01 7.206448413443290735e-02
3.676282070664835544e+01 7.203623690352591036e-02
3.678239048913416553e+01 7.200800062734830087e-02
3.680197041324551321e+01 7.197977530164630100e-02
3.682156048423806993e+01 7.195156092216786758e-02
3.684116070737024984e+01 7.192335748466251177e-02
3.686077108790317425e+01 7.189516498488146556e-02
3.688039163110070717e+01 7.186698341857757077e-02
3.690002234222935584e+01 7.183881278150550109e-02
3.691966322655859045e+01 7.181065306942113757e-02
3.693931428936038230e+01 7.178250427808244294e-02
3.695897553590950224e+01 7.175436640324887871e-02
3.697864697148347091e+01 7.172623944068154400e-02
3.699832860136253032e+01 7.169812338614318936e-02
3.701802043082966520e+01 7.167001823539825844e-02
3.703772246517058875e+01 7.164192398421277697e-02
3.705743470967376396e+01 7.161384062835443598e-02
3.707715716963039654e+01 7.158576816359261963e-02
3.709688985033434960e+01 7.155770658569839127e-02
3.711663275708247056e+01 7.152965589044417427e-02
3.713638589517409372e+01 7.150161607360436267e-02
3.715614926991140976e+01 7.147358713095487703e-02
3.717592288659934496e+01 7.144556905827327553e-02
3.719570675054556830e+01 7.141756185133876778e-02
3.721550086706051275e+01 7.138956550593220096e-02
3.723530524145733978e+01 7.136158001783604599e-02
3.725511987905199618e+01 7.133360538283443908e-02
3.727494478516315013e+01 7.130564159671314017e-02
3.729477996511217697e+01 7.127768865525968556e-02
3.731462542422342921e+01 7.124974655426287440e-02
3.733448116782378889e+01 7.122181528951347651e-02
3.735434720124297314e+01 7.119389485680382990e-02
3.737422352981346307e+01 7.116598525192788238e-02
3.739411015887049672e+01 7.113808647068120550e-02
3.741400709375209743e+01 7.111019850886103610e-02
3.743391433979901706e+01 7.108232136226623477e-02
3.745383190235482829e+01 7.105445502669727187e-02
3.747375978676581809e+01 7.102659949795626926e-02
3.749369799838100903e+01 7.099875477184708350e-02
3.751364654255240083e+01 7.097092084417488955e-02
3.753360542463454408e+01 7.094309771074681914e-02
3.755357464998485284e+01 7.091528536737148891e-02
3.757355422396349809e+01 7.088748380985919473e-02
3.759354415193344323e+01 7.085969303402182840e-02
3.761354443926042279e+01 7.083191303567293318e-02
3.763355509131294241e+01 7.080414381062766216e-02
3.765357611346232147e+01 7.077638535470277825e-02
3.767360751108262917e+01 7.074863766371673746e-02
3.769364928955066318e+01 7.072090073348964723e-02
3.771370145424623388e+01 7.069317455984297505e-02
3.773376401055169538e+01 7.066545913860011741e-02
3.775383696385229371e+01 7.063775446558595572e-02
3.777392031953604601e+01 7.061006053662706450e-02
3.779401408299376186e+01 7.058237734755158643e-02
3.781411825961906459e+01 7.055470489418928792e-02
3.783423285480834153e+01 7.052704317237157294e-02
3.785435787396079377e+01 7.049939217793148305e-02
3.787449332247842904e+01 7.047175190670364187e-02
3.789463920576596223e+01 7.044412235452442161e-02
3.791479552923114937e+01 7.041650351723148515e-02
3.793496229828431865e+01 7.038889539066442436e-02
3.795513951833865463e+01 7.036129797066438540e-02
3.797532719481019114e+01 7.033371125307408267e-02
3.799552533311774027e+01 7.030613523373785423e-02
3.801573393868292072e+01 7.027856990850167573e-02
3.803595301693016495e+01 7.025101527321311878e-02
3.805618257328672627e+01 7.022347132372139256e-02
3.807642261318265753e+01 7.019593805587728830e-02
3.809667314205075428e+01 7.016841546553334585e-02
3.811693416532686030e+01 7.014090354854339571e-02
3.813720568844940573e+01 7.011340230076315572e-02
3.815748771685971974e+01 7.008591171804988418e-02
3.817778025600192393e+01 7.005843179626249084e-02
3.819808331132300339e+01 7.003096253126141202e-02
3.821839688827273562e+01 7.000350391890874935e-02
3.823872099230373323e+01 6.997605595506820042e-02
3.825905562887142963e+01 6.994861863560507265e-02
3.827940080343410045e+01 6.992119195638624163e-02
3.829975652145274978e+01 6.989377591328038708e-02
3.832012278839146546e+01 6.986637050215738221e-02
3.834049960971690751e+01 6.983897571888908473e-02
3.836088699089868470e+01 6.981159155934880955e-02
3.838128493740920533e+01 6.978421801941150915e-02
3.840169345472373408e+01 6.975685509495373193e-02
3.842211254832036360e+01 6.972950278185360840e-02
3.844254222368002161e+01 6.970216107599089272e-02
3.846298248628649219e+01 6.967482997324694893e-02
3.848343334162639451e+01 6.964750946950472310e-02
3.850389479518909752e+01 6.962019956064886828e-02
3.852436685246706816e+01 6.959290024256532814e-02
3.854484951895538103e+01 6.956561151114196151e-02
3.856534280015203819e+01 6.953833336226811213e-02
3.858584670155788388e+01 6.951106579183474743e-02
3.860636122867661157e+01 6.948380879573440305e-02
3.862688638701477828e+01 6.945656236986123833e-02
3.864742218208179025e+01 6.942932651011096690e-02
3.866796861938990304e+01 6.940210121238095387e-02
3.868852570445422856e+01 6.937488647257011865e-02
3.870909344279267117e+01 6.934768228657908762e-02
3.872967183992621898e+01 6.932048865030976392e-02
3.875026090137848911e+01 6.929330555966599359e-02
3.877086063267603322e+01 6.926613301055306593e-02
3.879147103934828067e+01 6.923897099887788009e-02
3.881209212692751720e+01 6.921181952054893116e-02
3.883272390094888493e+01 6.918467857147628242e-02
3.885336636695042500e+01 6.915754814757162083e-02
3.887401953047301362e+01 6.913042824474820158e-02
3.889468339706042599e+01 6.910331885892087578e-02
3.891535797225920845e+01 6.907621998600618762e-02
3.893604326161904083e+01 6.904913162192194420e-02
3.895673927069223197e+01 6.902205376258786773e-02
3.897744600503403944e+01 6.899498640392516535e-02
3.899816347020261276e+01 6.896792954185661240e-02
3.901889167175896489e+01 6.894088317230658014e-02
3.903963061526701495e+01 6.891384729120102193e-02
3.906038030629353841e+01 6.888682189446748705e-02
3.908114075040822399e+01 6.885980697803507911e-02
3.910191195318362389e+01 6.883280253783453928e-02
3.912269392019510406e+01 6.880580856979821858e-02
3.914348665702117103e+01 6.877882506985978639e-02
3.916429016924295325e+01 6.875185203395479949e-02
3.918510446244459899e+01 6.872488945802029958e-02
3.920592954221310578e+01 6.869793733799489655e-02
3.922676541413839146e+01 6.867099566981876846e-02
3.924761208381325162e+01 6.864406444943367547e-02
3.926846955683340212e+01 6.861714367278298754e-02
3.928933783879744368e+01 6.859023333581160120e-02
3.931021693530689021e+01 6.856333343446603668e-02
3.933110685196604805e+01 6.853644396469446565e-02
3.935200759438241391e+01 6.850956492244632268e-02
3.937291916816612769e+01 6.848269630367295746e-02
3.939384157893029936e+01 6.845583810432716299e-02
3.941477483229098056e+01 6.842899032036328655e-02
3.943571893386710769e+01 6.840215294773731303e-02
3.945667388928053754e+01 6.837532598240673998e-02
3.947763970415605428e+01 6.834850942033067478e-02
3.949861638412133402e+01 6.832170325746975137e-02
3.951960393480697320e+01 6.829490748978624126e-02
3.954060236184642463e+01 6.826812211324402579e-02
3.956161167087628883e+01 6.824134712380827694e-02
3.958263186753583796e+01 6.821458251744602630e-02
3.960366295746736398e+01 6.818782829012579039e-02
3.962470494631607210e+01 6.816108443781765391e-02
3.964575783973008782e+01 6.813435095649325590e-02
3.966682164336048544e+01 6.810762784212581744e-02
3.968789636286124534e+01 6.808091509069008618e-02
3.970898200388928245e+01 6.805421269816243346e-02
3.973007857210444627e+01 6.802752066052074331e-02
3.975118607316945685e+01 6.800083897374459285e-02
3.977230451275017487e+01 6.797416763381480820e-02
3.979343389651517526e+01 6.794750663671410285e-02
3.981457423013606700e+01 6.792085597842660583e-02
3.983572551928736516e+01 6.789421565493805599e-02
3.985688776964654778e+01 6.786758566223573264e-02
3.987806098689402035e+01 6.784096599630846935e-02
3.989924517671315130e+01 6.781435665314666794e-02
3.992044034479022940e+01 6.778775762874229838e-02
3.994164649681452772e+01 6.776116891908884332e-02
3.996286363847814016e+01 6.773459052018152016e-02
3.998409177547639359e+01 6.770802242801672588e-02
4.000533091350730075e+01 6.768146463859275874e-02
4.002658105827190127e+01 6.765491714790937416e-02
4.004784221547422618e+01 6.762837995196786800e-02
4.006911439082121262e+01 6.760185304677109042e-02
4.009039759002280334e+01 6.757533642832345977e-02
4.011169181879186141e+01 6.754883009263093485e-02
4.013299708284424128e+01 6.752233403570102876e-02
4.015431338789872484e+01 6.749584825354282280e-02
4.017564073967701432e+01 6.746937274216700808e-02
4.019697914390399518e+01 6.744290749758558023e-02
4.021832860630728845e+01 6.741645251581235287e-02
4.023968913261755631e+01 6.739000779286259679e-02
4.026106072856843809e+01 6.736357332475313708e-02
4.028244339989652900e+01 6.733714910750233928e-02
4.030383715234142272e+01 6.731073513713013712e-02
4.032524199164566880e+01 6.728433140965796311e-02
4.034665792355479397e+01 6.725793792110887348e-02
4.036808495381731632e+01 6.723155466750739551e-02
4.038952308818462456e+01 6.720518164487973567e-02
4.041097233241136166e+01 6.717881884925336333e-02
4.043243269225489200e+01 6.715246627665756585e-02
4.045390417347564949e+01 6.712612392312308773e-02
4.047538678183704519e+01 6.709979178468218619e-02
4.049688052310550290e+01 6.707346985736871436e-02
4.051838540305039515e+01 6.704715813721802420e-02
4.053990142744411429e+01 6.702085662026703583e-02
4.056142860206203693e+01 6.699456530255418207e-02
4.058296693268252398e+01 6.696828418011946393e-02
4.060451642508686376e+01 6.694201324900451999e-02
4.062607708505957049e+01 6.691575250525222396e-02
4.064764891838792238e+01 6.688950194490725365e-02
4.066923193086228139e+01 6.686326156401577181e-02
4.069082612827599377e+01 6.683703135862546774e-02
4.071243151642541847e+01 6.681081132478557116e-02
4.073404810110992003e+01 6.678460145854681063e-02
4.075567588813186148e+01 6.675840175596149673e-02
4.077731488329662568e+01 6.673221221308345275e-02
4.079896509241258684e+01 6.670603282596804240e-02
4.082062652129105373e+01 6.667986359067226698e-02
4.084229917574661073e+01 6.665370450325434903e-02
4.086398306159657778e+01 6.662755555977434296e-02
4.088567818466138704e+01 6.660141675629374647e-02
4.090738455076450464e+01 6.657528808887559768e-02
4.092910216573237392e+01 6.654916955358443353e-02
4.095083103539450065e+01 6.652306114648635915e-02
4.097257116558338197e+01 6.649696286364897846e-02
4.099432256213454195e+01 6.647087470114144969e-02
4.101608523088654579e+01 6.644479665503441601e-02
4.103785917768088609e+01 6.641872872140021367e-02
4.105964440836233820e+01 6.639267089631235852e-02
4.108144092877844145e+01 6.636662317584619830e-02
4.110324874477988288e+01 6.634058555607852403e-02
4.112506786222034094e+01 6.631455803308765329e-02
4.114689828695656360e+01 6.628854060295338857e-02
4.116874002484830442e+01 6.626253326175711444e-02
4.119059308175837941e+01 6.623653600558168653e-02
4.121245746355261730e+01 6.621054883051154250e-02
4.123433317609990212e+01 6.618457173263257720e-02
4.125622022527208088e+01 6.615860470803235083e-02
4.127811861694427620e+01 6.613264775279964480e-02
4.130002835699443153e+01 6.610670086302503079e-02
4.132194945130358832e+01 6.608076403480053762e-02
4.134388190575585043e+01 6.605483726421967905e-02
4.136582572623838416e+01 6.602892054737749539e-02
4.138778091864138275e+01 6.600301388037059513e-02
4.140974748885810897e+01 6.597711725929703008e-02
4.143172544278486669e+01 6.595123068025640634e-02
4.145371478632103646e+01 6.592535413934985655e-02
4.147571552536902573e+01 6.589948763267999832e-02
4.149772766583424755e+01 6.587363115635111455e-02
4.151975121362539767e+01 6.584778470646864001e-02
4.154178617465402112e+01 6.582194827913986912e-02
4.156383255483476802e+01 6.579612187047349792e-02
4.158589036008537221e+01 6.577030547657973514e-02
4.160795959632662999e+01 6.574449909357028832e-02
4.163004026948243563e+01 6.571870271755840542e-02
4.165213238547969610e+01 6.569291634465881935e-02
4.167423595024844474e+01 6.566713997098778954e-02
4.169635096972176314e+01 6.564137359266307425e-02
4.171847744983570294e+01 6.561561720580406931e-02
4.174061539652969088e+01 6.558987080653133628e-02
4.176276481574595323e+01 6.556413439096726858e-02
4.178492571342987105e+01 6.553840795523567520e-02
4.180709809552992340e+01 6.551269149546186388e-02
4.182928196799766596e+01 6.548698500777262732e-02
4.185147733678773818e+01 6.546128848829631253e-02
4.187368420785786327e+01 6.543560193316273754e-02
4.189590258716885529e+01 6.540992533850323309e-02
4.191813248068461206e+01 6.538425870045062871e-02
4.194037389437205121e+01 6.535860201513936374e-02
4.196262683420142281e+01 6.533295527870508490e-02
4.198489130614582621e+01 6.530731848728522915e-02
4.200716731618152266e+01 6.528169163701864897e-02
4.202945487028789984e+01 6.525607472404569565e-02
4.205175397444741492e+01 6.523046774450821927e-02
4.207406463464564439e+01 6.520487069454956874e-02
4.209638685687126269e+01 6.517928357031457787e-02
4.211872064711604224e+01 6.515370636794960701e-02
4.214106601137486052e+01 6.512813908360252924e-02
4.216342295564562903e+01 6.510258171342274414e-02
4.218579148592961303e+01 6.507703425356091420e-02
4.220817160823092706e+01 6.505149670016947827e-02
4.223056332855689021e+01 6.502596904940227684e-02
4.225296665291794085e+01 6.500045129741462147e-02
4.227538158732761531e+01 6.497494344036336411e-02
4.229780813780257631e+01 6.494944547440682781e-02
4.232024631036261297e+01 6.492395739570479274e-02
4.234269611103061237e+01 6.489847920041859342e-02
4.236515754583259508e+01 6.487301088471103538e-02
4.238763062079763699e+01 6.484755244474647851e-02
4.241011534195816068e+01 6.482210387669054552e-02
4.243261171534948062e+01 6.479666517671059389e-02
4.245511974701011582e+01 6.477123634097539662e-02
4.247763944298172589e+01 6.474581736565521162e-02
4.250017080930908264e+01 6.472040824692176786e-02
4.252271385204010556e+01 6.469500898094830699e-02
4.254526857722584765e+01 6.466961956390955557e-02
4.256783499092048118e+01 6.464423999198173898e-02
4.259041309918134743e+01 6.461887026134251200e-02
4.261300290806880753e+01 6.459351036817119474e-02
4.263560442364663317e+01 6.456816030864823142e-02
4.265821765198149507e+01 6.454282007895591200e-02
4.268084259914326850e+01 6.451748967527783096e-02
4.270347927120500486e+01 6.449216909379913709e-02
4.272612767424286773e+01 6.446685833070645022e-02
4.274878781433619679e+01 6.444155738218781959e-02
4.277145969756746524e+01 6.441626624443284876e-02
4.279414333002231530e+01 6.439098491363257071e-02
4.281683871778952977e+01 6.436571338597953107e-02
4.283954586696096101e+01 6.434045165766787144e-02
4.286226478363188619e+01 6.431519972489282977e-02
4.288499547390046729e+01 6.428995758385154524e-02
4.290773794386812767e+01 6.426472523074240606e-02
4.293049219963945262e+01 6.423950266176539636e-02
4.295325824732217512e+01 6.421428987312190195e-02
4.297603609302721850e+01 6.418908686101482131e-02
4.299882574286863246e+01 6.416389362164852395e-02
4.302162720296368548e+01 6.413871015122882269e-02
4.304444047943277951e+01 6.411353644596305690e-02
4.306726557839941449e+01 6.408837250206010638e-02
4.309010250599052938e+01 6.406321831573004444e-02
4.311295126833596214e+01 6.403807388318470684e-02
4.313581187156883345e+01 6.401293920063730325e-02
4.315868432182542591e+01 6.398781426430251440e-02
4.318156862524520534e+01 6.396269907039650593e-02
4.320446478797083500e+01 6.393759361513690065e-02
4.322737281614814719e+01 6.391249789474279241e-02
4.325029271592615032e+01 6.388741190543477388e-02
4.327322449345705735e+01 6.386233564343485325e-02
4.329616815489616499e+01 6.383726910496666240e-02
4.331912370640224452e+01 6.381221228625497122e-02
4.334209115413698044e+01 6.378716518352631204e-02
4.336507050426534704e+01 6.376212779300861888e-02
4.338806176295549477e+01 6.373710011093125516e-02
4.341106493637879282e+01 6.371208213352506922e-02
4.343408003070979362e+01 6.368707385702238044e-02
4.345710705212626834e+01 6.366207527765695151e-02
4.348014600680916431e+01 6.363708639166405778e-02
4.350319690094264047e+01 6.361210719528036239e-02
4.352625974071398218e+01 6.358713768474416606e-02
4.354933453231394935e+01 6.356217785629486583e-02
4.357242128193622221e+01 6.353722770617369064e-02
4.359551999577779213e+01 6.351228723062318782e-02
4.361863068003888344e+01 6.348735642588737571e-02
4.364175334092288239e+01 6.346243528821171598e-02
4.366488798463643661e+01 6.343752381384316907e-02
4.368803461738939831e+01 6.341262199903011099e-02
4.371119324539482420e+01 6.338772984002243038e-02
4.373436387486900401e+01 6.336284733307141759e-02
4.375754651203135381e+01 6.333797447442994499e-02
4.378074116310477848e+01 6.331311126035205072e-02
4.380394783431516004e+01 6.328825768709353539e-02
4.382716653189165612e+01 6.326341375091151797e-02
4.385039726206669997e+01 6.323857944806461628e-02
4.387364003107591515e+01 6.321375477481286365e-02
4.389689484515817952e+01 6.318893972741779219e-02
4.392016171055558971e+01 6.316413430214236346e-02
4.394344063351349661e+01 6.313933849525096842e-02
4.396673162028046278e+01 6.311455230300949681e-02
4.399003467710821980e+01 6.308977572168536496e-02
4.401334981025200221e+01 6.306500874754714103e-02
4.403667702597001465e+01 6.304025137686515567e-02
4.406001633052378708e+01 6.301550360591107180e-02
4.408336773017811083e+01 6.299076543095802339e-02
4.410673123120101735e+01 6.296603684828058767e-02
4.413010683986378524e+01 6.294131785415477132e-02
4.415349456244093318e+01 6.291660844485805204e-02
4.417689440521024835e+01 6.289190861666935084e-02
4.420030637445275801e+01 6.286721836586904588e-02
4.422373047645266553e+01 6.284253768873902801e-02
4.424716671749769858e+01 6.281786658156235381e-02
4.427061510387856913e+01 6.279320504062384234e-02
4.429407564188932867e+01 6.276855306220964492e-02
4.431754833782731140e+01 6.274391064260734230e-02
4.434103319799310583e+01 6.271927777810597238e-02
4.436453022869056895e+01 6.269465446499600247e-02
4.438803943622681913e+01 6.267004069956938483e-02
4.441156082691223617e+01 6.264543647811944560e-02
4.443509440706049674e+01 6.262084179694103747e-02
4.445864018298841813e+01 6.259625665233045644e-02
4.448219816101639879e+01 6.257168104058523361e-02
4.450576834746783561e+01 6.254711495800457932e-02
4.452935074866947929e+01 6.252255840088906391e-02
4.455294537095136320e+01 6.249801136554068715e-02
4.457655222064680345e+01 6.247347384826288513e-02
4.460017130409239883e+01 6.244894584536055809e-02
4.462380262762803085e+01 6.242442735314002178e-02
4.464744619759687794e+01 6.239991836790900748e-02
4.467110202034537281e+01 6.237541888597673140e-02
4.469477010222318825e+01 6.235092890365390855e-02
4.471845044958352844e+01 6.232644841725240581e-02
4.474214306878263869e+01 6.230197742308581782e-02
4.476584796618013229e+01 6.227751591746906457e-02
4.478956514813893364e+01 6.225306389671850932e-02
4.481329462102524275e+01 6.222862135715197252e-02
4.483703639120859208e+01 6.220418829508864156e-02
4.486079046506177548e+01 6.217976470684920959e-02
4.488455684896091924e+01 6.215535058875574365e-02
4.490833554928544658e+01 6.213094593713176794e-02
4.493212657241798524e+01 6.210655074830234018e-02
4.495592992474475835e+01 6.208216501859363523e-02
4.497974561265501592e+01 6.205778874433355574e-02
4.500357364254141856e+01 6.203342192185135051e-02
4.502741402079992383e+01 6.200906454747766999e-02
4.505126675382982171e+01 6.198471661754460793e-02
4.507513184803371331e+01 6.196037812838568054e-02
4.509900930981750378e+01 6.193604907633584039e-02
4.512289914559043780e+01 6.191172945773145558e-02
4.514680136176507119e+01 6.188741926891030976e-02
4.517071596475719986e+01 6.186311850621171310e-02
4.519464296098620792e+01 6.183882716597612073e-02
4.521858235687453487e+01 6.181454524454570165e-02
4.524253415884805207e+01 6.179027273826392247e-02
4.526649837333592075e+01 6.176600964347573469e-02
4.529047500677069849e+01 6.174175595652741516e-02
4.531446406558822559e+01 6.171751167376675340e-02
4.533846555622770325e+01 6.169327679154290589e-02
4.536247948513165085e+01 6.166905130620647241e-02
4.538650585874592736e+01 6.164483521410946826e-02
4.541054468351966023e+01 6.162062851160540061e-02
4.543459596590558647e+01 6.159643119504894931e-02
4.545865971235950553e+01 6.157224326079646648e-02
4.548273592934064880e+01 6.154806470520562955e-02
4.550682462331160849e+01 6.152389552463555927e-02
4.553092580073832352e+01 6.149973571544674333e-02
4.555503946809007942e+01 6.147558527400113354e-02
4.557916563183951553e+01 6.145144419666206947e-02
4.560330429846261779e+01 6.142731247979431319e-02
4.562745547443874017e+01 6.140319011976404923e-02
4.565161916625050509e+01 6.137907711293894009e-02
4.567579538038415166e+01 6.135497345568782096e-02
4.569998412332902404e+01 6.133087914438118543e-02
4.572418540157791966e+01 6.130679417539084547e-02
4.574839922162698258e+01 6.128271854509007022e-02
4.577262558997573194e+01 6.125865224985348884e-02
4.579686451312707618e+01 6.123459528605715296e-02
4.582111599758725617e+01 6.121054765007852977e-02
4.584538004986592341e+01 6.118650933829649502e-02
4.586965667647606892e+01 6.116248034709134002e-02
4.589394588393398777e+01 6.113846067284484098e-02
4.591824767875961300e+01 6.111445031193991906e-02
4.594256206747601112e+01 6.109044926076116072e-02
4.596688905660968061e+01 6.106645751569448471e-02
4.599122865269053051e+01 6.104247507312720450e-02
4.601558086225183075e+01 6.101850192944804907e-02
4.603994569183026897e+01 6.099453808104713520e-02
4.606432314796588656e+01 6.097058352431600214e-02
4.608871323720214264e+01 6.094663825564757692e-02
4.611311596608586427e+01 6.092270227143620903e-02
4.613753134116719679e+01 6.089877556807771208e-02
4.616195936899993768e+01 6.087485814196905848e-02
4.618640005614101796e+01 6.085094998950887901e-02
4.621085340915087158e+01 6.082705110709710206e-02
4.623531943459330051e+01 6.080316149113509233e-02
4.625979813903553151e+01 6.077928113802558152e-02
4.628428952904818772e+01 6.075541004417271684e-02
4.630879361120529580e+01 6.073154820598204023e-02
4.633331039208428592e+01 6.070769561986048835e-02
4.635783987826600594e+01 6.068385228221639255e-02
4.638238207633462196e+01 6.066001818945958302e-02
4.640693699287798779e+01 6.063619333800100014e-02
4.643150463448707654e+01 6.061237772425327047e-02
4.645608500775639982e+01 6.058857134463031119e-02
4.648067811928385851e+01 6.056477419554744807e-02
4.650528397567079253e+01 6.054098627342136690e-02
4.652990258352195951e+01 6.051720757467018985e-02
4.655453394944552059e+01 6.049343809571340602e-02
4.657917808005309723e+01 6.046967783297191312e-02
4.660383498195970020e+01 6.044592678286798970e-02
4.662850466178368691e+01 6.042218494182540617e-02
4.665318712614715224e+01 6.039845230626902234e-02
4.667788238167531034e+01 6.037472887262539806e-02
4.670259043499689966e+01 6.035101463732237687e-02
4.672731129274412609e+01 6.032730959678919702e-02
4.675204496155259193e+01 6.030361374745647762e-02
4.677679144806136691e+01 6.027992708575622555e-02
4.680155075891295269e+01 6.025624960812184933e-02
4.682632290075329706e+01 6.023258131098812446e-02
4.685110788023178685e+01 6.020892219079122809e-02
4.687590570400115553e+01 6.018527224396881536e-02
4.690071637871788113e+01 6.016163146695963776e-02
4.692553991104158939e+01 6.013799985620412597e-02
4.695037630763548719e+01 6.011437740814398051e-02
4.697522557516618491e+01 6.009076411922231742e-02
4.700008772030378879e+01 6.006715998588359889e-02
4.702496274972183699e+01 6.004356500457370960e-02
4.704985067009734223e+01 6.001997917173987340e-02
4.707475148811075627e+01 5.999640248383074359e-02
4.709966521044603383e+01 5.997283493729630571e-02
4.712459184379043364e+01 5.994927652858807188e-02
4.714953139483503719e+01 5.992572725415860196e-02
4.717448387027406653e+01 5.990218711046214201e-02
4.719944927680529645e+01 5.987865609395423561e-02
4.722442762113000470e+01 5.985513420109179333e-02
4.724941890995294358e+01 5.983162142833307884e-02
4.727442314998230444e+01 5.980811777213777825e-02
4.729944034792978869e+01 5.978462322896691689e-02
4.732447051051055098e+01 5.976113779528292175e-02
4.734951364444323474e+01 5.973766146754959372e-02
4.737456975644988688e+01 5.971419424223217698e-02
4.739963885325632020e+01 5.969073611579703981e-02
4.742472094159150942e+01 5.966728708471220194e-02
4.744981602818806010e+01 5.964384714544693211e-02
4.747492411978203108e+01 5.962041629447192154e-02
4.750004522311299837e+01 5.959699452825918675e-02
4.752517934492401253e+01 5.957358184328215983e-02
4.755032649196163419e+01 5.955017823601560512e-02
4.757548667097590567e+01 5.952678370293568166e-02
4.760065988872036513e+01 5.950339824051991550e-02
4.762584615195196847e+01 5.948002184524729674e-02
4.765104546743146585e+01 5.945665451359788412e-02
4.767625784192279781e+01 5.943329624205343636e-02
4.770148328219352862e+01 5.940994702709693348e-02
4.772672179501471845e+01 5.938660686521273629e-02
4.775197338716093753e+01 5.936327575288660036e-02
4.777723806541028750e+01 5.933995368660561348e-02
4.780251583654433034e+01 5.931664066285826514e-02
4.782780670734821626e+01 5.929333667813437708e-02
4.785311068461052741e+01 5.927004172892515188e-02
4.787842777512335601e+01 5.924675581172324235e-02
4.790375798568252463e+01 5.922347892302241151e-02
4.792910132308714566e+01 5.920021105931803224e-02
4.795445779413991261e+01 5.917695221710676801e-02
4.797982740564708593e+01 5.915370239288662846e-02
4.800521016441839350e+01 5.913046158315701101e-02
4.803060607726715858e+01 5.910722978441863840e-02
4.805601515101017185e+01 5.908400699317364196e-02
4.808143739246782644e+01 5.906079320592545756e-02
4.810687280846396874e+01 5.903758841917894351e-02
4.813232140582596230e+01 5.901439262944034592e-02
4.815778319138495078e+01 5.899120583321704886e-02
4.818325817197533212e+01 5.896802802701802543e-02
4.820874635443517775e+01 5.894485920735355322e-02
4.823424774560605499e+01 5.892169937073523517e-02
4.825976235233310518e+01 5.889854851367606198e-02
4.828529018146501528e+01 5.887540663269034968e-02
4.831083123985400363e+01 5.885227372429380210e-02
4.833638553435585550e+01 5.882914978500344838e-02
4.836195307182993020e+01 5.880603481133767768e-02
4.838753385913899052e+01 5.878292879981634328e-02
4.841312790314968595e+01 5.875983174696038092e-02
4.843873521073193444e+01 5.873674364929231534e-02
4.846435578875929906e+01 5.871366450333596887e-02
4.848998964410888846e+01 5.869059430561650303e-02
4.851563678366142085e+01 5.866753305266043245e-02
4.854129721430112454e+01 5.864448074099562480e-02
4.856697094291585870e+01 5.862143736715128006e-02
4.859265797639698548e+01 5.859840292765799985e-02
4.861835832163948368e+01 5.857537741904766254e-02
4.864407198554179246e+01 5.855236083785364531e-02
4.866979897500622343e+01 5.852935318061037312e-02
4.869553929693837091e+01 5.850635444385390155e-02
4.872129295824750272e+01 5.848336462412152825e-02
4.874705996584646073e+01 5.846038371795193173e-02
4.877284032665168212e+01 5.843741172188508803e-02
4.879863404758319234e+01 5.841444863246236102e-02
4.882444113556457665e+01 5.839149444622643986e-02
4.885026159752303698e+01 5.836854915972135294e-02
4.887609544038935638e+01 5.834561276949249559e-02
4.890194267109780668e+01 5.832268527208667869e-02
4.892780329658653926e+01 5.829976666405179558e-02
4.895367732379703085e+01 5.827685694193732863e-02
4.897956475967443168e+01 5.825395610229406468e-02
4.900546561116750865e+01 5.823106414167408124e-02
4.903137988522861690e+01 5.820818105663080888e-02
4.905730758881371401e+01 5.818530684371903822e-02
4.908324872888236001e+01 5.816244149949488518e-02
4.910920331239774583e+01 5.813958502051579796e-02
4.913517134632665062e+01 5.811673740334057786e-02
4.916115283763934229e+01 5.809389864452946250e-02
4.918714779331006071e+01 5.807106874064372343e-02
4.921315622031629289e+01 5.804824768824628362e-02
4.923917812563929175e+01 5.802543548390127343e-02
4.926521351626390555e+01 5.800263212417418324e-02
4.929126239917861341e+01 5.797983760563183570e-02
4.931732478137548981e+01 5.795705192484238572e-02
4.934340066985026851e+01 5.793427507837532048e-02
4.936949007160229286e+01 5.791150706280146637e-02
4.939559299363451572e+01 5.788874787469298899e-02
4.942170944295344981e+01 5.786599751062344865e-02
4.944783942656952291e+01 5.784325596716752976e-02
4.947398295149650949e+01 5.782052324090144330e-02
4.950014002475188590e+01 5.779779932840269085e-02
4.952631065335679494e+01 5.777508422625010631e-02
4.955249484433601737e+01 5.775237793102382111e-02
4.957869260471795769e+01 5.772968043930533366e-02
4.960490394153467975e+01 5.770699174767743994e-02
4.963112886182186401e+01 5.768431185272429595e-02
4.965736737261887868e+01 5.766164075103136222e-02
4.968361948096860914e+01 5.763897843918552172e-02
4.970988519391789850e+01 5.761632491377474685e-02
4.973616451851694364e+01 5.759368017138854351e-02
4.976245746181969309e+01 5.757104420861771515e-02
4.978876403088375469e+01 5.754841702205435588e-02
4.981508423277039554e+01 5.752579860829190594e-02
4.984141807454452788e+01 5.750318896392511009e-02
4.986776556327473031e+01 5.748058808555006616e-02
4.989412670603326205e+01 5.745799596976416956e-02
4.992050150989602031e+01 5.743541261316614799e-02
4.994688998194249052e+01 5.741283801235614465e-02
4.997329212925613717e+01 5.739027216393535052e-02
4.999970795892374298e+01 5.736771506450657337e-02
5.002613747803592759e+01 5.734516671067379362e-02
5.005258069368693441e+01 5.732262709904238640e-02
5.007903761297472300e+01 5.730009622621898974e-02
5.010550824300090511e+01 5.727757408881158085e-02
5.013199259087077309e+01 5.725506068342948313e-02
5.015849066369332832e+01 5.723255600668328280e-02
5.018500246858121727e+01 5.721006005518494697e-02
5.021152801265069598e+01 5.718757282554779581e-02
5.023806730302201373e+01 5.716509431438623196e-02
5.026462034681880198e+01 5.714262451831623318e-02
5.029118715116847227e+01 5.712016343395500545e-02
5.031776772320213809e+01 5.709771105792107310e-02
5.034436207005461483e+01 5.707526738683427192e-02
5.037097019886441984e+01 5.705283241731574223e-02
5.039759211677374395e+01 5.703040614598796354e-02
5.042422783092850835e+01 5.700798856947471294e-02
5.045087734847832195e+01 5.698557968440107202e-02
5.047754067657640320e+01 5.696317948739354486e-02
5.050421782237996382e+01 5.694078797507969025e-02
5.053090879304965455e+01 5.691840514408859353e-02
5.055761359574992042e+01 5.689603099105060985e-02
5.058433223764890840e+01 5.687366551259739889e-02
5.061106472591848160e+01 5.685130870536192482e-02
5.063781106773425478e+01 5.682896056597844248e-02
5.066457127027550911e+01 5.680662109108255281e-02
5.069134534072528453e+01 5.678429027731114048e-02
5.071813328627033712e+01 5.676196812130239466e-02
5.074493511410102542e+01 5.673965461969591312e-02
5.077175083141176515e+01 5.671734976913234832e-02
5.079858044540037554e+01 5.669505356625389320e-02
5.082542396326851986e+01 5.667276600770397577e-02
5.085228139222159172e+01 5.665048709012733552e-02
5.087915273946871508e+01 5.662821681017000952e-02
5.090603801222273717e+01 5.660595516447934628e-02
5.093293721770028526e+01 5.658370214970396411e-02
5.095985036312166727e+01 5.656145776249385526e-02
5.098677745571098541e+01 5.653922199950023320e-02
5.101371850269595143e+01 5.651699485737577550e-02
5.104067351130835561e+01 5.649477633277414507e-02
5.106764248878339174e+01 5.647256642235059382e-02
5.109462544236014026e+01 5.645036512276158797e-02
5.112162237928141906e+01 5.642817243066488436e-02
5.114863330679380482e+01 5.640598834271954437e-02
5.117565823214761878e+01 5.638381285558594080e-02
5.120269716259694093e+01 5.636164596592571630e-02
5.122975010539961715e+01 5.633948767040185962e-02
5.125681706781727343e+01 5.631733796567859468e-02
5.128389805711513816e+01 5.629519684842159560e-02
5.131099308056258224e+01 5.627306431529752184e-02
5.133810214543238715e+01 5.625094036297461492e-02
5.136522525900124236e+01 5.622882498812230984e-02
5.139236242854956060e+01 5.620671818741137388e-02
5.141951366136158441e+01 5.618461995751380944e-02
5.144667896472528668e+01 5.616253029510297895e-02
5.147385834593242748e+01 5.614044919685350077e-02
5.150105181227856121e+01 5.611837665944127695e-02
5.152825937106300813e+01 5.609631267954352796e-02
5.155548102958878331e+01 5.607425725383884813e-02
5.158271679516296615e+01 5.605221037900687264e-02
5.160996667509614610e+01 5.603017205172875631e-02
5.163723067670279931e+01 5.600814226868688211e-02
5.166450880730117490e+01 5.598612102656492368e-02
5.169180107421330916e+01 5.596410832204785218e-02
5.171910748476506825e+01 5.594210415182190865e-02
5.174642804628608417e+01 5.592010851257461779e-02
5.177376276610980455e+01 5.589812140099482268e-02
5.180111165157345710e+01 5.587614281377264319e-02
5.182847471001799278e+01 5.585417274759956613e-02
5.185585194878846238e+01 5.583221119916809833e-02
5.188324337523342678e+01 5.581025816517231480e-02
5.191064899670531929e+01 5.578831364230748407e-02
5.193806882056044572e+01 5.576637762727013059e-02
5.196550285415886350e+01 5.574445011675811107e-02
5.199295110486449545e+01 5.572253110747053817e-02
5.202041358004503735e+01 5.570062059610781519e-02
5.204789028707202903e+01 5.567871857937162910e-02
5.207538123332082591e+01 5.565682505396493673e-02
5.210288642617048538e+01 5.563494001659210347e-02
5.213040587300424278e+01 5.561306346395846617e-02
5.215793958120880092e+01 5.559119539277092986e-02
5.218548755817480611e+01 5.556933579973761389e-02
5.221304981129676293e+01 5.554748468156786578e-02
5.224062634797297022e+01 5.552564203497237227e-02
5.226821717560557801e+01 5.550380785666304828e-02
5.229582230160058032e+01 5.548198214335312017e-02
5.232344173336780102e+01 5.546016489175708414e-02
5.235107547832090091e+01 5.543835609859071312e-02
5.237872354387727114e+01 5.541655576057114008e-02
5.240638593745848084e+01 5.539476387441653188e-02
5.243406266648963054e+01 5.537298043684656806e-02
5.246175373839974299e+01 5.535120544458213554e-02
5.248945916062172756e+01 5.532943889434538409e-02
5.251717894059231639e+01 5.530768078285976802e-02
5.254491308575211406e+01 5.528593110684997675e-02
5.257266160354558338e+01 5.526418986304198339e-02
5.260042450142103831e+01 5.524245704816305863e-02
5.262820178683063688e+01 5.522073265894172217e-02
5.265599346723032426e+01 5.519901669210786760e-02
5.268379955008018811e+01 5.517730914439239465e-02
5.271162004284391145e+01 5.515561001252772960e-02
5.273945495298912789e+01 5.513391929324748530e-02
5.276730428798732220e+01 5.511223698328655135e-02
5.279516805531387291e+01 5.509056307938109409e-02
5.282304626244804524e+01 5.506889757826852888e-02
5.285093891687294843e+01 5.504724047668756171e-02
5.287884602607558548e+01 5.502559177137814755e-02
5.290676759754683900e+01 5.500395145908153205e-02
5.293470363878137164e+01 5.498231953654028614e-02
5.296265415727804537e+01 5.496069600049802162e-02
5.299061916053929622e+01 5.493908084769984906e-02
5.301859865607153210e+01 5.491747407489206562e-02
5.304659265138506896e+01 5.489587567882225211e-02
5.307460115399411649e+01 5.487428565623923837e-02
5.310262417141675684e+01 5.485270400389311712e-02
5.313066171117500858e+01 5.483113071853525089e-02
5.315871378079476273e+01 5.480956579691825814e-02
5.318678038780579698e+01 5.478800923579604104e-02
5.321486153974170463e+01 5.476646103192382709e-02
5.324295724414030673e+01 5.474492118205787072e-02
5.327106750854299122e+01 5.472338968295591827e-02
5.329919234049518195e+01 5.470186653137691646e-02
5.332733174754620364e+01 5.468035172408106798e-02
5.335548573724927479e+01 5.465884525782982450e-02
5.338365431716156451e+01 5.463734712938591448e-02
5.341183749484413568e+01 5.461585733551330146e-02
5.344003527786197338e+01 5.459437587297722577e-02
5.346824767378399201e+01 5.457290273854419060e-02
5.349647469018288604e+01 5.455143792898203836e-02
5.352471633463564871e+01 5.452998144105959677e-02
5.355297261472284021e+01 5.450853327154723399e-02
5.358124353802907081e+01 5.448709341721646310e-02
5.360952911214288719e+01 5.446566187484006005e-02
5.363782934465675822e+01 5.444423864119207757e-02
5.366614424316706078e+01 5.442282371304780347e-02
5.369447381527417917e+01 5.440141708718377461e-02
5.372281806858237729e+01 5.438001876037779070e-02
5.375117701069986254e+01 5.435862872940892127e-02
5.377955064923870054e+01 5.433724699105754730e-02
5.380793899181522733e+01 5.431587354210505592e-02
5.383634204604938844e+01 5.429450837933434693e-02
5.386475981956517245e+01 5.427315149952949280e-02
5.389319231999055404e+01 5.425180289947579421e-02
5.392163955495744432e+01 5.423046257595981468e-02
5.395010153210168369e+01 5.420913052576938757e-02
5.397857825906312002e+01 5.418780674569356054e-02
5.400706974348550915e+01 5.416649123252265802e-02
5.403557599301661440e+01 5.414518398304823954e-02
5.406409701530801470e+01 5.412388499406319692e-02
5.409263281801561618e+01 5.410259426236142810e-02
5.412118340879894163e+01 5.408131178473831596e-02
5.414974879532159235e+01 5.406003755799042299e-02
5.417832898525114871e+01 5.403877157891553984e-02
5.420692398625915587e+01 5.401751384431272007e-02
5.423553380602116647e+01 5.399626435098224542e-02
5.426415845221664824e+01 5.397502309572566742e-02
5.429279793252912611e+01 5.395379007534575194e-02
5.432145225464604010e+01 5.393256528664652771e-02
5.435012142625875242e+01 5.391134872643333492e-02
5.437880545506289565e+01 5.389014039151253377e-02
5.440750434875779717e+01 5.386894027869195550e-02
5.443621811504687713e+01 5.384774838478059017e-02
5.446494676163752757e+01 5.382656470658868375e-02
5.449369029624116934e+01 5.380538924092769654e-02
5.452244872657318808e+01 5.378422198461035864e-02
5.455122206035297694e+01 5.376306293445063528e-02
5.458001030530394360e+01 5.374191208726370600e-02
5.460881346915347478e+01 5.372076943986602016e-02
5.463763155963287232e+01 5.369963498907533161e-02
5.466646458447776524e+01 5.367850873171038650e-02
5.469531255142745607e+01 5.365739066459142281e-02
5.472417546822537560e+01 5.363628078453983039e-02
5.475305334261897627e+01 5.361517908837822727e-02
5.478194618235970381e+01 5.359408557293047354e-02
5.481085399520303980e+01 5.357300023502167829e-02
5.483977678890847329e+01 5.355192307147816494e-02
5.486871457123952212e+01 5.353085407912749893e-02
5.489766734996371866e+01 5.350979325479848780e-02
5.492663513285252463e+01 5.348874059532123665e-02
5.495561792768175025e+01 5.346769609752685670e-02
5.498461574223089343e+01 5.344665975824795107e-02
5.501362858428361591e+01 5.342563157431821919e-02
5.504265646162760817e+01 5.340461154257263726e-02
5.507169938205457527e+01 5.338359965984742356e-02
5.510075735336030789e+01 5.336259592297997595e-02
5.512983038334456865e+01 5.334160032880896907e-02
5.515891847981121288e+01 5.332061287417429879e-02
5.518802165056813180e+01 5.329963355591706836e-02
5.521713990342714595e+01 5.327866237087970636e-02
5.524627324620444568e+01 5.325769931590563361e-02
5.527542168671995881e+01 5.323674438783973506e-02
5.530458523279776983e+01 5.321579758352803363e-02
5.533376389226602754e+01 5.319485889981778737e-02
5.536295767295690951e+01 5.317392833355748943e-02
5.539216658270666471e+01 5.315300588159684730e-02
5.542139062935563487e+01 5.313209154078679664e-02
5.545062982074816915e+01 5.311118530797950127e-02
5.547988416473271656e+01 5.309028718002835323e-02
5.550915366916168381e+01 5.306939715378803518e-02
5.553843834189186879e+01 5.304851522611422204e-02
5.556773819078382104e+01 5.302764139386405978e-02
5.559705322370224678e+01 5.300677565389582541e-02
5.562638344851595917e+01 5.298591800306901717e-02
5.565572887309784278e+01 5.296506843824436844e-02
5.568508950532483226e+01 5.294422695628381997e-02
5.571446535307799053e+01 5.292339355405054069e-02
5.574385642424241638e+01 5.290256822840892770e-02
5.577326272670735818e+01 5.288175097622457854e-02
5.580268426836597229e+01 5.286094179436440221e-02
5.583212105711587725e+01 5.284014067969628609e-02
5.586157310085845040e+01 5.281934762908958858e-02
5.589104040749927549e+01 5.279856263941477140e-02
5.592052298494800056e+01 5.277778570754355913e-02
5.595002084111843743e+01 5.275701683034884210e-02
5.597953398392841962e+01 5.273625600470477348e-02
5.600906242129994439e+01 5.271550322748670692e-02
5.603860616115910176e+01 5.269475849557121033e-02
5.606816521143607446e+01 5.267402180583605209e-02
5.609773958006503847e+01 5.265329315516031894e-02
5.612732927498464619e+01 5.263257254042405520e-02
5.615693430413730880e+01 5.261185995850878316e-02
5.618655467546965099e+01 5.259115540629712843e-02
5.621619039693246123e+01 5.257045888067294476e-02
5.624584147648060650e+01 5.254977037852128635e-02
5.627550792207307495e+01 5.252908989672845641e-02
5.630518974167301138e+01 5.250841743218191693e-02
5.633488694324767465e+01 5.248775298177037196e-02
5.636459953476842344e+01 5.246709654238373988e-02
5.639432752421067363e+01 5.244644811091321579e-02
5.642407091955431042e+01 5.242580768425095933e-02
5.645382972878297778e+01 5.240517525929060810e-02
5.648360395988461136e+01 5.238455083292689607e-02
5.651339362085126794e+01 5.236393440205577843e-02
5.654319871967913969e+01 5.234332596357442469e-02
5.657301926436858963e+01 5.232272551438119090e-02
5.660285526292409486e+01 5.230213305137566826e-02
5.663270672335429623e+01 5.228154857145864143e-02
5.666257365367198418e+01 5.226097207153208163e-02
5.669245606189397790e+01 5.224040354849928541e-02
5.672235395604162278e+01 5.221984299926447914e-02
5.675226734414003715e+01 5.219929042073335329e-02
5.678219623421865236e+01 5.217874580981270854e-02
5.681214063431102090e+01 5.215820916341056684e-02
5.684210055245488746e+01 5.213768047843613668e-02
5.687207599669215341e+01 5.211715975179984084e-02
5.690206697506890521e+01 5.209664698041328174e-02
5.693207349563534336e+01 5.207614216118931078e-02
5.696209556644591743e+01 5.205564529104192428e-02
5.699213319555907731e+01 5.203515636688643697e-02
5.702218639103781328e+01 5.201467538563910725e-02
5.705225516094895966e+01 5.199420234421764375e-02
5.708233951336362821e+01 5.197373723954086533e-02
5.711243945635712294e+01 5.195328006852879821e-02
5.714255499800893290e+01 5.193283082810266210e-02
5.717268614640273228e+01 5.191238951518486328e-02
5.720283290962639455e+01 5.189195612669902924e-02
5.723299529577196409e+01 5.187153065956996018e-02
5.726317331293567747e+01 5.185111311072369139e-02
5.729336696921788530e+01 5.183070347708747944e-02
5.732357627272344303e+01 5.181030175558958006e-02
5.735380123156109278e+01 5.178990794315966456e-02
5.738404185384387546e+01 5.176952203672852831e-02
5.741429814768903128e+01 5.174914403322814632e-02
5.744457012121802819e+01 5.172877392959170789e-02
5.747485778255651923e+01 5.170841172275358194e-02
5.750516113983439226e+01 5.168805740964933088e-02
5.753548020118572737e+01 5.166771098721570366e-02
5.756581497474881104e+01 5.164737245239067742e-02
5.759616546866607223e+01 5.162704180211344362e-02
5.762653169108448026e+01 5.160671903332418597e-02
5.765691365015488401e+01 5.158640414296451066e-02
5.768731135403245958e+01 5.156609712797712020e-02
5.771772481087663209e+01 5.154579798530591755e-02
5.774815402885104021e+01 5.152550671189599224e-02
5.777859901612353610e+01 5.150522330469364113e-02
5.780905978086624941e+01 5.148494776064632683e-02
5.783953633125551619e+01 5.146468007670268463e-02
5.787002867547190732e+01 5.144442024981257799e-02
5.790053682170010774e+01 5.142416827692711939e-02
5.793106077812944932e+01 5.140392415499834416e-02
5.796160055295307245e+01 5.138368788097975176e-02
5.799215615436855842e+01 5.136345945182592410e-02
5.802272759057769491e+01 5.134323886449263658e-02
5.805331486978651867e+01 5.132302611593684422e-02
5.808391800020534390e+01 5.130282120311668859e-02
5.811453699004871254e+01 5.128262412299149781e-02
5.814517184753543688e+01 5.126243487252177267e-02
5.817582258088858538e+01 5.124225344866922133e-02
5.820648919833537605e+01 5.122207984839677319e-02
5.823717170810764543e+01 5.120191406866834299e-02
5.826787011844113806e+01 5.118175610644922630e-02
5.829858443757596831e+01 5.116160595870586358e-02
5.832931467375654222e+01 5.114146362240584720e-02
5.836006083523154331e+01 5.112132909451793522e-02
5.839082293025389703e+01 5.110120237201210697e-02
5.842160096708084183e+01 5.108108345185949362e-02
5.845239495397388652e+01 5.106097233103239902e-02
5.848320489919879606e+01 5.104086900650433439e-02
5.851403081102552761e+01 5.102077347525003220e-02
5.854487269772867819e+01 5.100068573424518942e-02
5.857573056758675989e+01 5.098060578046691160e-02
5.860660442888272570e+01 5.096053361089339373e-02
5.863749428990377766e+01 5.094046922250401038e-02
5.866840015894144500e+01 5.092041261227932963e-02
5.869932204429153444e+01 5.090036377720106447e-02
5.873025995425416568e+01 5.088032271425212139e-02
5.876121389713375720e+01 5.086028942041657952e-02
5.879218388123902628e+01 5.084026389267967683e-02
5.882316991488288949e+01 5.082024612802791413e-02
5.885417200638290325e+01 5.080023612344874984e-02
5.888519016406059592e+01 5.078023387593100929e-02
5.891622439624193674e+01 5.076023938246463502e-02
5.894727471125718665e+01 5.074025264004073527e-02
5.897834111744092667e+01 5.072027364565161178e-02
5.900942362313207923e+01 5.070030239629068347e-02
5.904052223667386556e+01 5.068033888895259048e-02
5.907163696641384121e+01 5.066038312063311788e-02
5.910276782070388180e+01 5.064043508832923729e-02
5.913391480790006938e+01 5.062049478903914157e-02
5.916507793636318269e+01 5.060056221976198115e-02
5.919625721445799371e+01 5.058063737749828731e-02
5.922745265055367980e+01 5.056072025924969460e-02
5.925866425302379525e+01 5.054081086201900330e-02
5.928989203024621446e+01 5.052090918281018639e-02
5.932113599060316744e+01 5.050101521862835480e-02
5.935239614248121853e+01 5.048112896647981990e-02
5.938367249427127348e+01 5.046125042337204492e-02
5.941496505436860076e+01 5.044137958631363799e-02
5.944627383117269659e+01 5.042151645231448404e-02
5.947759883308776807e+01 5.040166101838535612e-02
5.950894006852200135e+01 5.038181328153847754e-02
5.954029754588808032e+01 5.036197323878711940e-02
5.957167127360305159e+01 5.034214088714569768e-02
5.960306126008829608e+01 5.032231622362985657e-02
5.963446751376960009e+01 5.030249924525631577e-02
5.966589004307707711e+01 5.028268994904303707e-02
5.969732885644523890e+01 5.026288833200907163e-02
5.972878396231293863e+01 5.024309439117469883e-02
5.976025536912329983e+01 5.022330812356138457e-02
5.979174308532419957e+01 5.020352952619153153e-02
5.982324711936750106e+01 5.018375859608894402e-02
5.985476747970958655e+01 5.016399533027851576e-02
5.988630417481120105e+01 5.014423972578627847e-02
5.991785721313750201e+01 5.012449177963941571e-02
5.994942660315801675e+01 5.010475148886629759e-02
5.998101235334667081e+01 5.008501885049641833e-02
6.001261447218175960e+01 5.006529386156045175e-02
6.004423296814600519e+01 5.004557651909020966e-02
6.007586784972637162e+01 5.002586682011875285e-02
6.010751912541461195e+01 5.000616476168005115e-02
6.013918680370648673e+01 4.998647034080948293e-02
6.017087089310231818e+01 4.996678355454346049e-02
6.020257140210680546e+01 4.994710439991958961e-02
6.023428833922904602e+01 4.992743287397662100e-02
6.026602171298259947e+01 4.990776897375443638e-02
6.029777153188538108e+01 4.988811269629408324e-02
6.032953780445975411e+01 4.986846403863776783e-02
6.036132053923245877e+01 4.984882299782884829e-02
6.039311974473457667e+01 4.982918957091189704e-02
6.042493542950195717e+01 4.980956375493240246e-02
6.045676760207452816e+01 4.978994554693725455e-02
6.048861627099670812e+01 4.977033494397439112e-02
6.052048144481739911e+01 4.975073194309293650e-02
6.055236313208992982e+01 4.973113654134309752e-02
6.058426134137202013e+01 4.971154873577630917e-02
6.061617608122586631e+01 4.969196852344510279e-02
6.064810736021809845e+01 4.967239590140314076e-02
6.068005518691975197e+01 4.965283086670529977e-02
6.071201956990620374e+01 4.963327341640762225e-02
6.074400051775766940e+01 4.961372354756707348e-02
6.077599803905840048e+01 4.959418125724201348e-02
6.080801214239723151e+01 4.957464654249185698e-02
6.084004283636745924e+01 4.955511940037717056e-02
6.087209012956682841e+01 4.953559982795965877e-02
6.090415403059753885e+01 4.951608782230217110e-02
6.093623454806624551e+01 4.949658338046870193e-02
6.096833169058405844e+01 4.947708649952438364e-02
6.100044546676657120e+01 4.945759717653550047e-02
6.103257588523369037e+01 4.943811540856953707e-02
6.106472295461018973e+01 4.941864119269490790e-02
6.109688668352491447e+01 4.939917452598138747e-02
6.112906708061132122e+01 4.937971540549981886e-02
6.116126415450735010e+01 4.936026382832219006e-02
6.119347791385538216e+01 4.934081979152161318e-02
6.122570836730231747e+01 4.932138329217235218e-02
6.125795552349950412e+01 4.930195432734980204e-02
6.129021939110280925e+01 4.928253289413049576e-02
6.132249997877254089e+01 4.926311898959213204e-02
6.135479729517341241e+01 4.924371261081356144e-02
6.138711134897498312e+01 4.922431375487460598e-02
6.141944214885093345e+01 4.920492241885641993e-02
6.145178970347953396e+01 4.918553859984122617e-02
6.148415402154361686e+01 4.916616229491237861e-02
6.151653511173047661e+01 4.914679350115436218e-02
6.154893298273187696e+01 4.912743221565281371e-02
6.158134764324415755e+01 4.910807843549448021e-02
6.161377910196810603e+01 4.908873215776727444e-02
6.164622736760904331e+01 4.906939337956020553e-02
6.167869244887667435e+01 4.905006209796351768e-02
6.171117435448557842e+01 4.903073831006835026e-02
6.174367309315451990e+01 4.901142201296720263e-02
6.177618867360685329e+01 4.899211320375362888e-02
6.180872110457048763e+01 4.897281187952232107e-02
6.184127039477782262e+01 4.895351803736910229e-02
6.187383655296584095e+01 4.893423167439089200e-02
6.190641958787598753e+01 4.891495278768579619e-02
6.193901950825426184e+01 4.889568137435302414e-02
6.197163632285122503e+01 4.887641743149288842e-02
6.200427004042180812e+01 4.885716095620695060e-02
6.203692066972586616e+01 4.883791194559763266e-02
6.206958821952743222e+01 4.881867039676873743e-02
6.210227269859520050e+01 4.879943630682511552e-02
6.213497411570239137e+01 4.878020967287274162e-02
6.216769247962678691e+01 4.876099049201871455e-02
6.220042779915070952e+01 4.874177876137125720e-02
6.223318008306107174e+01 4.872257447803972352e-02
6.226594934014927674e+01 4.870337763913458462e-02
6.229873557921131777e+01 4.868418824176744958e-02
6.233153880904762190e+01 4.866500628305110709e-02
6.236435903846355444e+01 4.864583176009926874e-02
6.239719627626865162e+01 4.862666467002697834e-02
6.243005053127717474e+01 4.860750500995031365e-02
6.246292181230790419e+01 4.858835277698651117e-02
6.249581012818423176e+01 4.856920796825389686e-02
6.252871548773409671e+01 4.855007058087194155e-02
6.256163789979000711e+01 4.853094061196121939e-02
6.259457737318910375e+01 4.851181805864342861e-02
6.262753391677302517e+01 4.849270291804140542e-02
6.266050753938791473e+01 4.847359518727915179e-02
6.269349824988490383e+01 4.845449486348158558e-02
6.272650605711926630e+01 4.843540194377496388e-02
6.275953096995103664e+01 4.841631642528657076e-02
6.279257299724481811e+01 4.839723830514484904e-02
6.282563214786983252e+01 4.837816758047931015e-02
6.285870843069988467e+01 4.835910424842060351e-02
6.289180185461336237e+01 4.834004830610050957e-02
6.292491242849327904e+01 4.832099975065191205e-02
6.295804016122724533e+01 4.830195857920881186e-02
6.299118506170733411e+01 4.828292478890638256e-02
6.302434713883063466e+01 4.826389837688072060e-02
6.305752640149843558e+01 4.824487934026924080e-02
6.309072285861680029e+01 4.822586767621039883e-02
6.312393651909637526e+01 4.820686338184377445e-02
6.315716739185245387e+01 4.818786645431004378e-02
6.319041548580490542e+01 4.816887689075100704e-02
6.322368080987828876e+01 4.814989468830958852e-02
6.325696337300171024e+01 4.813091984412979502e-02
6.329026318410896579e+01 4.811195235535677128e-02
6.332358025213832775e+01 4.809299221913682088e-02
6.335691458603308490e+01 4.807403943261717022e-02
6.339026619474077506e+01 4.805509399294635720e-02
6.342363508721369669e+01 4.803615589727393970e-02
6.345702127240882362e+01 4.801722514275062748e-02
6.349042475928771978e+01 4.799830172652819887e-02
6.352384555681661027e+01 4.797938564575956327e-02
6.355728367396640976e+01 4.796047689759872640e-02
6.359073911971260884e+01 4.794157547920081114e-02
6.362421190303538765e+01 4.792268138772203673e-02
6.365770203291945961e+01 4.790379462031982283e-02
6.369120951835456879e+01 4.788491517415244952e-02
6.372473436833475091e+01 4.786604304637953611e-02
6.375827659185877394e+01 4.784717823416173577e-02
6.379183619793015225e+01 4.782832073466079803e-02
6.382541319555699033e+01 4.780947054503958960e-02
6.385900759375211067e+01 4.779062766246207350e-02
6.389261940153298269e+01 4.777179208409331607e-02
6.392624862792176543e+01 4.775296380709948690e-02
6.395989528194527907e+01 4.773414282864786584e-02
6.399355937263489125e+01 4.771532914590689151e-02
6.402724090902704290e+01 4.769652275604591846e-02
6.406093990016246664e+01 4.767772365623556413e-02
6.409465635508674097e+01 4.765893184364754231e-02
6.412839028285007714e+01 4.764014731545462150e-02
6.416214169250740440e+01 4.762137006883068735e-02
6.419591059311837000e+01 4.760260010095071492e-02
6.422969699374726815e+01 4.758383740899080339e-02
6.426350090346311106e+01 4.756508199012811355e-02
6.429732233133961472e+01 4.754633384154094422e-02
6.433116128645507104e+01 4.752759296040873216e-02
6.436501777789287360e+01 4.750885934391180926e-02
6.439889181474069346e+01 4.749013298923182580e-02
6.443278340609109023e+01 4.747141389355145902e-02
6.446669256104129886e+01 4.745270205405445474e-02
6.450061928869328653e+01 4.743399746792568983e-02
6.453456359815373844e+01 4.741530013235112362e-02
6.456852549853404355e+01 4.739661004451779791e-02
6.460250499895033727e+01 4.737792720161387861e-02
6.463650210852345879e+01 4.735925160082860019e-02
6.467051683637883741e+01 4.734058323935236984e-02
6.470454919164707519e+01 4.732192211437646900e-02
6.473859918346303743e+01 4.730326822309350449e-02
6.477266682096650641e+01 4.728462156269707534e-02
6.480675211330198238e+01 4.726598213038191165e-02
6.484085506961871204e+01 4.724734992334379824e-02
6.487497569907067430e+01 4.722872493877963013e-02
6.490911401081659449e+01 4.721010717388738481e-02
6.494327001401995858e+01 4.719149662586615002e-02
6.497744371784899897e+01 4.717289329191607511e-02
6.501163513147652395e+01 4.715429716923848907e-02
6.504584426408055720e+01 4.713570825503559519e-02
6.508007112484344248e+01 4.711712654651089432e-02
6.511431572295241210e+01 4.709855204086890040e-02
6.514857806759947323e+01 4.707998473531522371e-02
6.518285816798140786e+01 4.706142462705655699e-02
6.521715603329974442e+01 4.704287171330068934e-02
6.525147167276077198e+01 4.702432599125649232e-02
6.528580509557558287e+01 4.700578745813391301e-02
6.532015631096000163e+01 4.698725611114399486e-02
6.535452532813454241e+01 4.696873194749893315e-02
6.538891215632484943e+01 4.695021496441181136e-02
6.542331680476098654e+01 4.693170515909698276e-02
6.545773928267792030e+01 4.691320252876982760e-02
6.549217959931539212e+01 4.689470707064682248e-02
6.552663776391794670e+01 4.687621878194549868e-02
6.556111378573490356e+01 4.685773765988450468e-02
6.559560767402039971e+01 4.683926370168355058e-02
6.563011943803336123e+01 4.682079690456342203e-02
6.566464908703747483e+01 4.680233726574600794e-02
6.569919663030115942e+01 4.678388478245434218e-02
6.573376207709797825e+01 4.676543945191230511e-02
6.576834543670592836e+01 4.674700127134510247e-02
6.580294671840796639e+01 4.672857023797892528e-02
6.583756593149180958e+01 4.671014634904105400e-02
6.587220308525004953e+01 4.669172960175985848e-02
6.590685818898002424e+01 4.667331999336476328e-02
6.594153125198394605e+01 4.665491752108628931e-02
6.597622228356883056e+01 4.663652218215603301e-02
6.601093129304652507e+01 4.661813397380666635e-02
6.604565828973352382e+01 4.659975289327200620e-02
6.608040328295160748e+01 4.658137893778673683e-02
6.611516628202696211e+01 4.656301210458683310e-02
6.614994729629074754e+01 4.654465239090926909e-02
6.618474633507894112e+01 4.652629979399210136e-02
6.621956340773238026e+01 4.650795431107446198e-02
6.625439852359673409e+01 4.648961593939653775e-02
6.628925169202250345e+01 4.647128467619961872e-02
6.632412292236506346e+01 4.645296051872605664e-02
6.635901222398460675e+01 4.643464346421927180e-02
6.639391960624605815e+01 4.641633350992382945e-02
6.642884507851960052e+01 4.639803065308515523e-02
6.646378865017985049e+01 4.637973489094997931e-02
6.649875033060645535e+01 4.636144622076598942e-02
6.653373012918389406e+01 4.634316463978199047e-02
6.656872805530150572e+01 4.632489014524781429e-02
6.660374411835350372e+01 4.630662273441442378e-02
6.663877832773897580e+01 4.628836240453378104e-02
6.667383069286186981e+01 4.627010915285895837e-02
6.670890122313103632e+01 4.625186297664409668e-02
6.674398992796000130e+01 4.623362387314447486e-02
6.677909681676764819e+01 4.621539183961621139e-02
6.681422189897729425e+01 4.619716687331672927e-02
6.684936518401728733e+01 4.617894897150442990e-02
6.688452668132084966e+01 4.616073813143878324e-02
6.691970640032610618e+01 4.614253435038034173e-02
6.695490435047608457e+01 4.612433762559069172e-02
6.699012054121865845e+01 4.610614795433252977e-02
6.702535498200666098e+01 4.608796533386958633e-02
6.706060768229775704e+01 4.606978976146666044e-02
6.709587865155444319e+01 4.605162123438969607e-02
6.713116789924447403e+01 4.603345974990548373e-02
6.716647543484013738e+01 4.601530530528209068e-02
6.720180126781875174e+01 4.599715789778856950e-02
6.723714540766255254e+01 4.597901752469505526e-02
6.727250786385867798e+01 4.596088418327272385e-02
6.730788864589918319e+01 4.594275787079383361e-02
6.734328776328106869e+01 4.592463858453168374e-02
6.737870522550620933e+01 4.590652632176064896e-02
6.741414104208146796e+01 4.588842107975616563e-02
6.744959522251842543e+01 4.587032285579478730e-02
6.748506777633406273e+01 4.585223164715393485e-02
6.752055871304985146e+01 4.583414745111227817e-02
6.755606804219233652e+01 4.581607026494950025e-02
6.759159577329299395e+01 4.579800008594631794e-02
6.762714191588825940e+01 4.577993691138453752e-02
6.766270647951951389e+01 4.576188073854699223e-02
6.769828947373305539e+01 4.574383156471759082e-02
6.773389090808014146e+01 4.572578938718129676e-02
6.776951079211698925e+01 4.570775420322412824e-02
6.780514913540459077e+01 4.568972601013323448e-02
6.784080594750939497e+01 4.567170480519658349e-02
6.787648123800229882e+01 4.565369058570346167e-02
6.791217501645932941e+01 4.563568334894409217e-02
6.794788729246151604e+01 4.561768309220978063e-02
6.798361807559479075e+01 4.559968981279287348e-02
6.801936737545007361e+01 4.558170350798677189e-02
6.805513520162330110e+01 4.556372417508593869e-02
6.809092156371532667e+01 4.554575181138587753e-02
6.812672647133199177e+01 4.552778641418316757e-02
6.816254993408399798e+01 4.550982798077547742e-02
6.819839196158741856e+01 4.549187650846134995e-02
6.823425256346290269e+01 4.547393199454056317e-02
6.827013174933622963e+01 4.545599443631390124e-02
6.830602952883815249e+01 4.543806383108317526e-02
6.834194591160445498e+01 4.542014017615125798e-02
6.837788090727585200e+01 4.540222346882207688e-02
6.841383452549810329e+01 4.538431370640059331e-02
6.844980677592195661e+01 4.536641088619283724e-02
6.848579766820313353e+01 4.534851500550587250e-02
6.852180721200225832e+01 4.533062606164789399e-02
6.855783541698536965e+01 4.531274405192792232e-02
6.859388229282308203e+01 4.529486897365622711e-02
6.862994784919119695e+01 4.527700082414407717e-02
6.866603209577046130e+01 4.525913960070378217e-02
6.870213504224669521e+01 4.524128530064869952e-02
6.873825669831073526e+01 4.522343792129321360e-02
6.877439707365843446e+01 4.520559745995277739e-02
6.881055617799064805e+01 4.518776391394387776e-02
6.884673402101327611e+01 4.516993728058403545e-02
6.888293061243712145e+01 4.515211755719191616e-02
6.891914596197841547e+01 4.513430474108699048e-02
6.895538007935803648e+01 4.511649882958999186e-02
6.899163297430199293e+01 4.509869982002262523e-02
6.902790465654136653e+01 4.508090770970765715e-02
6.906419513581228387e+01 4.506312249596886033e-02
6.910050442185588793e+01 4.504534417613107605e-02
6.913683252441842342e+01 4.502757274752017952e-02
6.917317945325113726e+01 4.500980820746308675e-02
6.920954521811033544e+01 4.499205055328775460e-02
6.924592982875726932e+01 4.497429978232325015e-02
6.928233329495863302e+01 4.495655589189947315e-02
6.931875562648578182e+01 4.493881887934755848e-02
6.935519683311527217e+01 4.492108874199962631e-02
6.939165692462873380e+01 4.490336547718883770e-02
6.942813591081284130e+01 4.488564908224937366e-02
6.946463380145938515e+01 4.486793955451646998e-02
6.950115060636517228e+01 4.485023689132639629e-02
6.953768633533213972e+01 4.483254109001643534e-02
6.957424099816726937e+01 4.481485214792495231e-02
6.961081460468250270e+01 4.479717006239138100e-02
6.964740716469528081e+01 4.477949483075598092e-02
6.968401868802772015e+01 4.476182645036029528e-02
6.972064918450713833e+01 4.474416491854679018e-02
6.975729866396598311e+01 4.472651023265897946e-02
6.979396713624178972e+01 4.470886239004142476e-02
6.983065461117715245e+01 4.469122138803970079e-02
6.986736109861983834e+01 4.467358722400043003e-02
6.990408660842263089e+01 4.465595989527125498e-02
6.994083115044351473e+01 4.463833939920086591e-02
6.997759473454536305e+01 4.462072573313904944e-02
7.001437737059660549e+01 4.460311889443641098e-02
7.005117906847038967e+01 4.458551888044479106e-02
7.008799983804510703e+01 4.456792568851700859e-02
7.012483968920425070e+01 4.455033931600689556e-02
7.016169863183644395e+01 4.453275976026932481e-02
7.019857667583545435e+01 4.451518701866018918e-02
7.023547383110013698e+01 4.449762108853642234e-02
7.027239010753450543e+01 4.448006196725598493e-02
7.030932551504773187e+01 4.446250965217785761e-02
7.034628006355390539e+01 4.444496414066213125e-02
7.038325376297277103e+01 4.442742543006968775e-02
7.042024662322870654e+01 4.440989351776269273e-02
7.045725865425143297e+01 4.439236840110422078e-02
7.049428986597577307e+01 4.437485007745840121e-02
7.053134026834173653e+01 4.435733854419039029e-02
7.056840987129444898e+01 4.433983379866635044e-02
7.060549868478423718e+01 4.432233583825349182e-02
7.064260671876651543e+01 4.430484466032002383e-02
7.067973398320194178e+01 4.428736026223521055e-02
7.071688048805611970e+01 4.426988264136938467e-02
7.075404624330028014e+01 4.425241179509370459e-02
7.079123125891038626e+01 4.423494772078057080e-02
7.082843554486773030e+01 4.421749041580330664e-02
7.086565911115872041e+01 4.420003987753629709e-02
7.090290196777505116e+01 4.418259610335491250e-02
7.094016412471344779e+01 4.416515909063557788e-02
7.097744559197595038e+01 4.414772883675570359e-02
7.101474637956970071e+01 4.413030533909376857e-02
7.105206649750705594e+01 4.411288859502922322e-02
7.108940595580540389e+01 4.409547860194263508e-02
7.112676476448778828e+01 4.407807535721537662e-02
7.116414293358197085e+01 4.406067885823005542e-02
7.120154047312109924e+01 4.404328910237020889e-02
7.123895739314346542e+01 4.402590608702041525e-02
7.127639370369260519e+01 4.400852980956626581e-02
7.131384941481726969e+01 4.399116026739435109e-02
7.135132453657136864e+01 4.397379745789230243e-02
7.138881907901406976e+01 4.395644137844875732e-02
7.142633305220971351e+01 4.393909202645338019e-02
7.146386646622774208e+01 4.392174939929689020e-02
7.150141933114325354e+01 4.390441349437085305e-02
7.153899165703609242e+01 4.388708430906804181e-02
7.157658345399151756e+01 4.386976184078216628e-02
7.161419473210000319e+01 4.385244608690796325e-02
7.165182550145721052e+01 4.383513704484118256e-02
7.168947577216410139e+01 4.381783471197858715e-02
7.172714555432681038e+01 4.380053908571794608e-02
7.176483485805675855e+01 4.378325016345803455e-02
7.180254369347058230e+01 4.376596794259867557e-02
7.184027207068999132e+01 4.374869242054073987e-02
7.187801999984243650e+01 4.373142359468590312e-02
7.191578749106012935e+01 4.371416146243709000e-02
7.195357455448070993e+01 4.369690602119814110e-02
7.199138120024703369e+01 4.367965726837389623e-02
7.202920743850727092e+01 4.366241520137024296e-02
7.206705327941479311e+01 4.364517981759405418e-02
7.210491873312825817e+01 4.362795111445320895e-02
7.214280380981159624e+01 4.361072908935661324e-02
7.218070851963399548e+01 4.359351373971417226e-02
7.221863287276975996e+01 4.357630506293685979e-02
7.225657687939892071e+01 4.355910305643646147e-02
7.229454054970634047e+01 4.354190771762597723e-02
7.233252389388228210e+01 4.352471904391934376e-02
7.237052692212233751e+01 4.350753703273151085e-02
7.240854964462735666e+01 4.349036168147840664e-02
7.244659207160347592e+01 4.347319298757700012e-02
7.248465421326208968e+01 4.345603094844525949e-02
7.252273607981994985e+01 4.343887556150213131e-02
7.256083768149905211e+01 4.342172682416760299e-02
7.259895902852655070e+01 4.340458473386270277e-02
7.263710013113536945e+01 4.338744928800928463e-02
7.267526099956326391e+01 4.337032048403040296e-02
7.271344164405344657e+01 4.335319831935003504e-02
7.275164207485444479e+01 4.333608279139317121e-02
7.278986230222010079e+01 4.331897389758579409e-02
7.282810233640955744e+01 4.330187163535492018e-02
7.286636218768730089e+01 4.328477600212852355e-02
7.290464186632308952e+01 4.326768699533560525e-02
7.294294138259205340e+01 4.325060461240617243e-02
7.298126074677445274e+01 4.323352885077128699e-02
7.301959996915635998e+01 4.321645970786280877e-02
7.305795906002875029e+01 4.319939718111379806e-02
7.309633802968798477e+01 4.318234126795825883e-02
7.313473688843588150e+01 4.316529196583118733e-02
7.317315564657950233e+01 4.314824927216857897e-02
7.321159431443130927e+01 4.313121318440742841e-02
7.325005290230907917e+01 4.311418369998570865e-02
7.328853142053594638e+01 4.309716081634243356e-02
7.332702987944037432e+01 4.308014453091758150e-02
7.336554828935607020e+01 4.306313484115218554e-02
7.340408666062251086e+01 4.304613174448810448e-02
7.344264500358410430e+01 4.302913523836837673e-02
7.348122332859075811e+01 4.301214532023698439e-02
7.351982164599772318e+01 4.299516198753886714e-02
7.355843996616566471e+01 4.297818523772000548e-02
7.359707829946059121e+01 4.296121506822733749e-02
7.363573665625385445e+01 4.294425147650882124e-02
7.367441504692222054e+01 4.292729446001340016e-02
7.371311348184782730e+01 4.291034401619100297e-02
7.375183197141804214e+01 4.289340014249262700e-02
7.379057052602604472e+01 4.287646283637005368e-02
7.382932915606998847e+01 4.285953209527626484e-02
7.386810787195351224e+01 4.284260791666517215e-02
7.390690668408569763e+01 4.282569029799165178e-02
7.394572560288098373e+01 4.280877923671161378e-02
7.398456463875925238e+01 4.279187473028191191e-02
7.402342380214572870e+01 4.277497677616042687e-02
7.406230310347109480e+01 4.275808537180599694e-02
7.410120255317139026e+01 4.274120051467848735e-02
7.414012216168791269e+01 4.272432220223879723e-02
7.417906193946788562e+01 4.270745043194860285e-02
7.421802189696343532e+01 4.269058520127080175e-02
7.425700204463227294e+01 4.267372650766916575e-02
7.429600239293750974e+01 4.265687434860850752e-02
7.433502295234772816e+01 4.264002872155458340e-02
7.437406373333689658e+01 4.262318962397416283e-02
7.441312474638441188e+01 4.260635705333498668e-02
7.445220600197511374e+01 4.258953100710578810e-02
7.449130751059927036e+01 4.257271148275628553e-02
7.453042928275243639e+01 4.255589847775724521e-02
7.456957132893606399e+01 4.253909198958023136e-02
7.460873365965659332e+01 4.252229201569797390e-02
7.464791628542603519e+01 4.250549855358413259e-02
7.468711921676188581e+01 4.248871160071334557e-02
7.472634246418708415e+01 4.247193115456122936e-02
7.476558603822998350e+01 4.245515721260440661e-02
7.480484994942446519e+01 4.243838977232044368e-02
7.484413420830978225e+01 4.242162883118793387e-02
7.488343882543071572e+01 4.240487438668640724e-02
7.492276381133734731e+01 4.238812643629647631e-02
7.496210917658567041e+01 4.237138497749951688e-02
7.500147493173668067e+01 4.235465000777809130e-02
7.504086108735702965e+01 4.233792152461567787e-02
7.508026765401881164e+01 4.232119952549672631e-02
7.511969464229963478e+01 4.230448400790666474e-02
7.515914206278254994e+01 4.228777496933192742e-02
7.519860992605613603e+01 4.227107240725988535e-02
7.523809824271444313e+01 4.225437631917890874e-02
7.527760702335696408e+01 4.223768670257836005e-02
7.531713627858859184e+01 4.222100355494862178e-02
7.535668601902018793e+01 4.220432687378086745e-02
7.539625625526757347e+01 4.218765665656743630e-02
7.543584699795229653e+01 4.217099290080159046e-02
7.547545825770136219e+01 4.215433560397755658e-02
7.551509004514734613e+01 4.213768476359054660e-02
7.555474237092825263e+01 4.212104037713673699e-02
7.559441524568765658e+01 4.210440244211329647e-02
7.563410868007463250e+01 4.208777095601833745e-02
7.567382268474375451e+01 4.207114591635098544e-02
7.571355727035501104e+01 4.205452732061137205e-02
7.575331244757431648e+01 4.203791516630042691e-02
7.579308822707270110e+01 4.202130945092024533e-02
7.583288461952686532e+01 4.200471017197381085e-02
7.587270163561902336e+01 4.198811732696510618e-02
7.591253928603693168e+01 4.197153091339907161e-02
7.595239758147393161e+01 4.195495092878161192e-02
7.599227653262882143e+01 4.193837737061963111e-02
7.603217615020601272e+01 4.192181023642096299e-02
7.607209644491541667e+01 4.190524952369446138e-02
7.611203742747241563e+01 4.188869522994995848e-02
7.615199910859830368e+01 4.187214735269810528e-02
7.619198149901957606e+01 4.185560588945069771e-02
7.623198460946832711e+01 4.183907083772044067e-02
7.627200845068230706e+01 4.182254219502101050e-02
7.631205303340480839e+01 4.180601995886703420e-02
7.635211836838463739e+01 4.178950412677413795e-02
7.639220446637625628e+01 4.177299469625888467e-02
7.643231133813962686e+01 4.175649166483882263e-02
7.647243899444032422e+01 4.173999503003245071e-02
7.651258744604933781e+01 4.172350478935931556e-02
7.655275670374371089e+01 4.170702094033973406e-02
7.659294677830560261e+01 4.169054348049516801e-02
7.663315768052291332e+01 4.167407240734799512e-02
7.667338942118912826e+01 4.165760771842154375e-02
7.671364201110334591e+01 4.164114941124012065e-02
7.675391546107023544e+01 4.162469748332898317e-02
7.679420978190007929e+01 4.160825193221436707e-02
7.683452498440875900e+01 4.159181275542346568e-02
7.687486107941778357e+01 4.157537995048441598e-02
7.691521807775404795e+01 4.155895351492641665e-02
7.695559599025061459e+01 4.154253344627940880e-02
7.699599482774563342e+01 4.152611974207449930e-02
7.703641460108303818e+01 4.150971239984369010e-02
7.707685532111237592e+01 4.149331141711994075e-02
7.711731699868884959e+01 4.147691679143718224e-02
7.715779964467326124e+01 4.146052852033028230e-02
7.719830326993204039e+01 4.144414660133510092e-02
7.723882788533722987e+01 4.142777103198842792e-02
7.727937350176654263e+01 4.141140180982803842e-02
7.731994013010319122e+01 4.139503893239269983e-02
7.736052778123641360e+01 4.137868239722197750e-02
7.740113646606070574e+01 4.136233220185656090e-02
7.744176619547631901e+01 4.134598834383804156e-02
7.748241698038917491e+01 4.132965082070898938e-02
7.752308883171083664e+01 4.131331963001289020e-02
7.756378176035850913e+01 4.129699476929423602e-02
7.760449577725509585e+01 4.128067623609841391e-02
7.764523089332912775e+01 4.126436402797183101e-02
7.768598711951479174e+01 4.124805814246181035e-02
7.772676446675181694e+01 4.123175857711669501e-02
7.776756294598605734e+01 4.121546532948559827e-02
7.780838256816855392e+01 4.119917839711879221e-02
7.784922334425618828e+01 4.118289777756742320e-02
7.789008528521154062e+01 4.116662346838358133e-02
7.793096840200284703e+01 4.115035546712033504e-02
7.797187270560404215e+01 4.113409377133169648e-02
7.801279820699471657e+01 4.111783837857262147e-02
7.805374491716020202e+01 4.110158928639903037e-02
7.809471284709150041e+01 4.108534649236778025e-02
7.813570200778512742e+01 4.106910999403674822e-02
7.817671241024380890e+01 4.105287978896458856e-02
7.821774406547547187e+01 4.103665587471107268e-02
7.825879698449392663e+01 4.102043824883687406e-02
7.829987117831866783e+01 4.100422690890360988e-02
7.834096665797491710e+01 4.098802185247384794e-02
7.838208343449360882e+01 4.097182307711110666e-02
7.842322151891140436e+01 4.095563058037984816e-02
7.846438092227064942e+01 4.093944435984548519e-02
7.850556165561944511e+01 4.092326441307439500e-02
7.854676373001143475e+01 4.090709073763393322e-02
7.858798715650650024e+01 4.089092333109223265e-02
7.862923194616975309e+01 4.087476219101856406e-02
7.867049811007218807e+01 4.085860731498307946e-02
7.871178565929056958e+01 4.084245870055687455e-02
7.875309460490737479e+01 4.082631634531198178e-02
7.879442495801085045e+01 4.081018024682140505e-02
7.883577672969494188e+01 4.079405040265907112e-02
7.887714993105940664e+01 4.077792681039985045e-02
7.891854457320971505e+01 4.076180946761957108e-02
7.895996066725692231e+01 4.074569837189506716e-02
7.900139822431835057e+01 4.072959352080390838e-02
7.904285725551660846e+01 4.071349491192482323e-02
7.908433777198018788e+01 4.069740254283740061e-02
7.912583978484339298e+01 4.068131641112218005e-02
7.916736330524626908e+01 4.066523651436063785e-02
7.920890834433464534e+01 4.064916285013520092e-02
7.925047491326012050e+01 4.063309541602923292e-02
7.929206302318007715e+01 4.061703420962702732e-02
7.933367268525768168e+01 4.060097922851384905e-02
7.937530391066172797e+01 4.058493047027592754e-02
7.941695671056727690e+01 4.056888793250026243e-02
7.945863109615467579e+01 4.055285161277499828e-02
7.950032707861026893e+01 4.053682150868912620e-02
7.954204466912617022e+01 4.052079761783258793e-02
7.958378387890030581e+01 4.050477993779626890e-02
7.962554471913638565e+01 4.048876846617199127e-02
7.966732720104393195e+01 4.047276320055250703e-02
7.970913133583830756e+01 4.045676413853150494e-02
7.975095713474064496e+01 4.044077127770363128e-02
7.979280460897776095e+01 4.042478461566450382e-02
7.983467376978275354e+01 4.040880415001050358e-02
7.987656462839406402e+01 4.039282987833914956e-02
7.991847719605611644e+01 4.037686179824880039e-02
7.996041148401918974e+01 4.036089990733875837e-02
8.000236750353934667e+01 4.034494420320929725e-02
8.004434526587851906e+01 4.032899468346157895e-02
8.008634478230445097e+01 4.031305134569771603e-02
8.012836606409074136e+01 4.029711418752077168e-02
8.017040912251684404e+01 4.028118320653471807e-02
8.021247396886785452e+01 4.026525840034453352e-02
8.025456061443524902e+01 4.024933976655593187e-02
8.029666907051583280e+01 4.023342730277577189e-02
8.033879934841245074e+01 4.021752100661175194e-02
8.038095145943378839e+01 4.020162087567252102e-02
8.042312541489441458e+01 4.018572690756765098e-02
8.046532122611473881e+01 4.016983909990765045e-02
8.050753890442105387e+01 4.015395745030395092e-02
8.054977846114550744e+01 4.013808195636892062e-02
8.059203990762611625e+01 4.012221261571585762e-02
8.063432325520663824e+01 4.010634942595904529e-02
8.067662851523716938e+01 4.009049238471351639e-02
8.071895569907320578e+01 4.007464148959541395e-02
8.076130481807631156e+01 4.005879673822175524e-02
8.080367588361391995e+01 4.004295812821046657e-02
8.084606890705933324e+01 4.002712565718042487e-02
8.088848389979180808e+01 4.001129932275142298e-02
8.093092087319645600e+01 3.999547912254417664e-02
8.097337983866427180e+01 3.997966505418033833e-02
8.101586080759219044e+01 3.996385711528249035e-02
8.105836379138287384e+01 3.994805530347417255e-02
8.110088880144539303e+01 3.993225961637969501e-02
8.114343584919421914e+01 3.991647005162447803e-02
8.118600494604993401e+01 3.990068660683478846e-02
8.122859610343900272e+01 3.988490927963782989e-02
8.127120933279384474e+01 3.986913806766172186e-02
8.131384464555279123e+01 3.985337296853550676e-02
8.135650205316008510e+01 3.983761397988916375e-02
8.139918156706592356e+01 3.982186109935358098e-02
8.144188319872641557e+01 3.980611432456057641e-02
8.148460695960345390e+01 3.979037365314295333e-02
8.152735286116539726e+01 3.977463908273423665e-02
8.157012091488599026e+01 3.975891061096907542e-02
8.161291113224513083e+01 3.974318823548297908e-02
8.165572352472864281e+01 3.972747195391235914e-02
8.169855810382836125e+01 3.971176176389456386e-02
8.174141488104196185e+01 3.969605766306785744e-02
8.178429386787320254e+01 3.968035964907141999e-02
8.182719507583171037e+01 3.966466771954536147e-02
8.187011851643315197e+01 3.964898187213069386e-02
8.191306420119890674e+01 3.963330210446942836e-02
8.195603214165691952e+01 3.961762841420429782e-02
8.199902234934054945e+01 3.960196079897913141e-02
8.204203483578932321e+01 3.958629925643863956e-02
8.208506961254872181e+01 3.957064378422842782e-02
8.212812669117022324e+01 3.955499437999502460e-02
8.217120608321133091e+01 3.953935104138586731e-02
8.221430780023547413e+01 3.952371376604932318e-02
8.225743185381209344e+01 3.950808255163466842e-02
8.230057825551666895e+01 3.949245739579208825e-02
8.234374701693045040e+01 3.947683829617276707e-02
8.238693814964122453e+01 3.946122525042859014e-02
8.243015166524229187e+01 3.944561825621256679e-02
8.247338757533307785e+01 3.943001731117853903e-02
8.251664589151906171e+01 3.941442241298127869e-02
8.255992662541176230e+01 3.939883355927645270e-02
8.260322978862865284e+01 3.938325074772065088e-02
8.264655539279324614e+01 3.936767397597139978e-02
8.268990344953510885e+01 3.935210324168708640e-02
8.273327397048981879e+01 3.933653854252704835e-02
8.277666696729878026e+01 3.932097987615159468e-02
8.282008245160999138e+01 3.930542724022173529e-02
8.286352043507694987e+01 3.928988063239960415e-02
8.290698092935936359e+01 3.927434005034817488e-02
8.295046394612299423e+01 3.925880549173131617e-02
8.299396949703962889e+01 3.924327695421384044e-02
8.303749759378710849e+01 3.922775443546143437e-02
8.308104824804937039e+01 3.921223793314070061e-02
8.312462147151633474e+01 3.919672744491917160e-02
8.316821727588401814e+01 3.918122296846526798e-02
8.321183567285433469e+01 3.916572450144838874e-02
8.325547667413576391e+01 3.915023204153864761e-02
8.329914029144232757e+01 3.913474558640726852e-02
8.334282653649430017e+01 3.911926513372629421e-02
8.338653542101805272e+01 3.910379068116869722e-02
8.343026695674599580e+01 3.908832222640833826e-02
8.347402115541665069e+01 3.907285976712000786e-02
8.351779802877459247e+01 3.905740330097937085e-02
8.356159758857050690e+01 3.904195282566302883e-02
8.360541984656114778e+01 3.902650833884845766e-02
8.364926481450922324e+01 3.901106983821413243e-02
8.369313250418400685e+01 3.899563732143921518e-02
8.373702292736041386e+01 3.898021078620397123e-02
8.378093609581956969e+01 3.896479023018951243e-02
8.382487202134873883e+01 3.894937565107785965e-02
8.386883071574131066e+01 3.893396704655190804e-02
8.391281219079675679e+01 3.891856441429548258e-02
8.395681645832065954e+01 3.890316775199329641e-02
8.400084353012475447e+01 3.888777705733097168e-02
8.404489341802685942e+01 3.887239232799503258e-02
8.408896613385077501e+01 3.885701356167295395e-02
8.413306168942693830e+01 3.884164075605293920e-02
8.417718009659137124e+01 3.882627390882427421e-02
8.422132136718643380e+01 3.881091301767707752e-02
8.426548551306063928e+01 3.879555808030237668e-02
8.430967254606858319e+01 3.878020909439208741e-02
8.435388247807105699e+01 3.876486605763902749e-02
8.439811532093499125e+01 3.874952896773692368e-02
8.444237108653341295e+01 3.873419782238039094e-02
8.448664978674560189e+01 3.871887261926493240e-02
8.453095143345670692e+01 3.870355335608703651e-02
8.457527603855864129e+01 3.868824003054388561e-02
8.461962361394894572e+01 3.867293264033374450e-02
8.466399417153144213e+01 3.865763118315572455e-02
8.470838772321621946e+01 3.864233565670981141e-02
8.475280428091943463e+01 3.862704605869691360e-02
8.479724385656349739e+01 3.861176238681881395e-02
8.484170646207695654e+01 3.859648463877819735e-02
8.488619210939455684e+01 3.858121281227863686e-02
8.493070081045723896e+01 3.856594690502461453e-02
8.497523257721192635e+01 3.855068691472157000e-02
8.501978742161229263e+01 3.853543283907562289e-02
8.506436535561763890e+01 3.852018467579400307e-02
8.510896639119368956e+01 3.850494242258475225e-02
8.515359054031233654e+01 3.848970607715681419e-02
8.519823781495168191e+01 3.847447563722002778e-02
8.524290822709602367e+01 3.845925110048510620e-02
8.528760178873589837e+01 3.844403246466367163e-02
8.533231851186805272e+01 3.842881972746823444e-02
8.537705840849542938e+01 3.841361288661219314e-02
8.542182149062701058e+01 3.839841193980988998e-02
8.546660777027857137e+01 3.838321688477639576e-02
8.551141725947154271e+01 3.836802771922783600e-02
8.555624997023377887e+01 3.835284444088116890e-02
8.560110591459937268e+01 3.833766704745424081e-02
8.564598510460864134e+01 3.832249553666579323e-02
8.569088755230815480e+01 3.830732990623544193e-02
8.573581326975070738e+01 3.829217015388371864e-02
8.578076226899536039e+01 3.827701627733200856e-02
8.582573456210742791e+01 3.826186827430260590e-02
8.587073016115826363e+01 3.824672614251875546e-02
8.591574907822604246e+01 3.823158987970438905e-02
8.596079132539463785e+01 3.821645948358452088e-02
8.600585691475440342e+01 3.820133495188498401e-02
8.605094585840193133e+01 3.818621628233249965e-02
8.609605816844008075e+01 3.817110347265467024e-02
8.614119385697799203e+01 3.815599652058000724e-02
8.618635293613107251e+01 3.814089542383786863e-02
8.623153541802102495e+01 3.812580018015851446e-02
8.627674131477581909e+01 3.811071078727309991e-02
8.632197063852952112e+01 3.809562724291370300e-02
8.636722340142304688e+01 3.808054954481312343e-02
8.641249961560306758e+01 3.806547769070521559e-02
8.645779929322267776e+01 3.805041167832465265e-02
8.650312244644135262e+01 3.803535150540699600e-02
8.654846908742479172e+01 3.802029716968869516e-02
8.659383922834503267e+01 3.800524866890706011e-02
8.663923288138045109e+01 3.799020600080030285e-02
8.668465005871568962e+01 3.797516916310750973e-02
8.673009077254168631e+01 3.796013815356864829e-02
8.677555503505560353e+01 3.794511296992461591e-02
8.682104285846136804e+01 3.793009360991702467e-02
8.686655425496876148e+01 3.791508007128854829e-02
8.691208923679401721e+01 3.790007235178265849e-02
8.695764781615974925e+01 3.788507044914372901e-02
8.700323000529486706e+01 3.787007436111700098e-02
8.704883581643464652e+01 3.785508408544858983e-02
8.709446526182068737e+01 3.784009961988549914e-02
8.714011835370092740e+01 3.782512096217560682e-02
8.718579510432968505e+01 3.781014811006766507e-02
8.723149552596741785e+01 3.779518106131135591e-02
8.727721963088147561e+01 3.778021981365707604e-02
8.732296743134502037e+01 3.776526436485626304e-02
8.736873893963780802e+01 3.775031471266118016e-02
8.741453416804588983e+01 3.773537085482496500e-02
8.746035312886172619e+01 3.772043278910161557e-02
8.750619583438411553e+01 3.770550051324602497e-02
8.755206229691827957e+01 3.769057402501394677e-02
8.759795252877577809e+01 3.767565332216201573e-02
8.764386654227455153e+01 3.766073840244774096e-02
8.768980434973875049e+01 3.764582926362956133e-02
8.773576596349946044e+01 3.763092590346660965e-02
8.778175139589360754e+01 3.761602831971906646e-02
8.782776065926468334e+01 3.760113651014795194e-02
8.787379376596261693e+01 3.758625047251510504e-02
8.791985072834368964e+01 3.757137020458328758e-02
8.796593155877059189e+01 3.755649570411610794e-02
8.801203626961246584e+01 3.754162696887805573e-02
8.805816487324477748e+01 3.752676399663448098e-02
8.810431738204952978e+01 3.751190678515160803e-02
8.815049380841483639e+01 3.749705533219660492e-02
8.819669416473584533e+01 3.748220963553729884e-02
8.824291846341355949e+01 3.746736969294259950e-02
8.828916671685563244e+01 3.745253550218220762e-02
8.833543893747608422e+01 3.743770706102669821e-02
8.838173513769540079e+01 3.742288436724750672e-02
8.842805532994050566e+01 3.740806741861694290e-02
8.847439952664475982e+01 3.739325621290819079e-02
8.852076774024796180e+01 3.737845074789528793e-02
8.856715998319636185e+01 3.736365102135314614e-02
8.861357626794249143e+01 3.734885703105760707e-02
8.866001660694584530e+01 3.733406877478519237e-02
8.870648101267184416e+01 3.731928625031347840e-02
8.875296949759260201e+01 3.730450945542083258e-02
8.879948207418661354e+01 3.728973838788650352e-02
8.884601875493889622e+01 3.727497304549058643e-02
8.889257955234089081e+01 3.726021342601407160e-02
8.893916447889057508e+01 3.724545952723878894e-02
8.898577354709236431e+01 3.723071134694742185e-02
8.903240676945713972e+01 3.721596888292354882e-02
8.907906415850210635e+01 3.720123213295165737e-02
8.912574572675153206e+01 3.718650109481690114e-02
8.917245148673553956e+01 3.717177576630551622e-02
8.921918145099104436e+01 3.715705614520450201e-02
8.926593563206134263e+01 3.714234222930174606e-02
8.931271404249631019e+01 3.712763401638597555e-02
8.935951669485233140e+01 3.711293150424677806e-02
8.940634360169219974e+01 3.709823469067465018e-02
8.945319477558535937e+01 3.708354357346088648e-02
8.950007022910764931e+01 3.706885815039767662e-02
8.954696997484131771e+01 3.705417841927811234e-02
8.959389402537563285e+01 3.703950437789599315e-02
8.964084239330587423e+01 3.702483602404613161e-02
8.968781509123401463e+01 3.701017335552413828e-02
8.973481213176856386e+01 3.699551637012650496e-02
8.978183352752456869e+01 3.698086506565055609e-02
8.982887929112358449e+01 3.696621943989450432e-02
8.987594943519374624e+01 3.695157949065738801e-02
8.992304397236971170e+01 3.693694521573911288e-02
8.997016291529270404e+01 3.692231661294045203e-02
9.001730627661027029e+01 3.690769368006309448e-02
9.006447406897711971e+01 3.689307641490939538e-02
9.011166630505395858e+01 3.687846481528273684e-02
9.015888299750818646e+01 3.686385887898734059e-02
9.020612415901382519e+01 3.684925860382821938e-02
9.025338980225143359e+01 3.683466398761130189e-02
9.030067993990813591e+01 3.682007502814332867e-02
9.034799458467769284e+01 3.680549172323191454e-02
9.039533374926035947e+01 3.679091407068552089e-02
9.044269744636299890e+01 3.677634206831347646e-02
9.049008568869892599e+01 3.676177571392600513e-02
9.053749848898851837e+01 3.674721500533401075e-02
9.058493585995826436e+01 3.673265994034943804e-02
9.063239781434137399e+01 3.671811051678500193e-02
9.067988436487770798e+01 3.670356673245429857e-02
9.072739552431366405e+01 3.668902858517175680e-02
9.077493130540230482e+01 3.667449607275266588e-02
9.082249172090330092e+01 3.665996919301314771e-02
9.087007678358287421e+01 3.664544794377020548e-02
9.091768650621392567e+01 3.663093232284166806e-02
9.096532090157577954e+01 3.661642232804628028e-02
9.101297998245489396e+01 3.660191795720346697e-02
9.106066376164385190e+01 3.658741920813365911e-02
9.110837225194204336e+01 3.657292607865811340e-02
9.115610546615545218e+01 3.655843856659889146e-02
9.120386341709672706e+01 3.654395666977894308e-02
9.125164611758516742e+01 3.652948038602204378e-02
9.129945358044669490e+01 3.651500971315281563e-02
9.134728581851388185e+01 3.650054464899674111e-02
9.139514284462595128e+01 3.648608519138013540e-02
9.144302467162862058e+01 3.647163133813022262e-02
9.149093131237476939e+01 3.645718308707492084e-02
9.153886277972340224e+01 3.644274043604314034e-02
9.158681908654043013e+01 3.642830338286457553e-02
9.163480024569832949e+01 3.641387192536980205e-02
9.168280627007631267e+01 3.639944606139020739e-02
9.173083717256027114e+01 3.638502578875802557e-02
9.177889296604274705e+01 3.637061110530635799e-02
9.182697366342299006e+01 3.635620200886912484e-02
9.187507927760687210e+01 3.634179849728111367e-02
9.192320982150685893e+01 3.632740056837798631e-02
9.197136530804260701e+01 3.631300821999610545e-02
9.201954575013991189e+01 3.629862144997281215e-02
9.206775116073147558e+01 3.628424025614628012e-02
9.211598155275669342e+01 3.626986463635547414e-02
9.216423693916163984e+01 3.625549458844024020e-02
9.221251733289916785e+01 3.624113011024124309e-02
9.226082274692876695e+01 3.622677119960000108e-02
9.230915319421667675e+01 3.621241785435887206e-02
9.235750868773585864e+01 3.619807007236105351e-02
9.240588924046579677e+01 3.618372785145061721e-02
9.245429486539327968e+01 3.616939118947234272e-02
9.250272557551127761e+01 3.615506008427199491e-02
9.255118138381959625e+01 3.614073453369613664e-02
9.259966230332491932e+01 3.612641453559214955e-02
9.264816834704052440e+01 3.611210008780827568e-02
9.269669952798655288e+01 3.609779118819357591e-02
9.274525585918981108e+01 3.608348783459796455e-02
9.279383735368389807e+01 3.606919002487218168e-02
9.284244402450917732e+01 3.605489775686780696e-02
9.289107588471252086e+01 3.604061102843732906e-02
9.293973294734817614e+01 3.602632983743388195e-02
9.298841522547661498e+01 3.601205418171161271e-02
9.303712273216520146e+01 3.599778405912545248e-02
9.308585548048812086e+01 3.598351946753116509e-02
9.313461348352629443e+01 3.596926040478535397e-02
9.318339675436746461e+01 3.595500686874544827e-02
9.323220530610612400e+01 3.594075885726971675e-02
9.328103915184357220e+01 3.592651636821726086e-02
9.332989830468787318e+01 3.591227939944802855e-02
9.337878277775372737e+01 3.589804794882283517e-02
9.342769258416315381e+01 3.588382201420318302e-02
9.347662773704446693e+01 3.586960159345155968e-02
9.352558824953293026e+01 3.585538668443123689e-02
9.357457413477061436e+01 3.584117728500631206e-02
9.362358540590639677e+01 3.582697339304172224e-02
9.367262207609601887e+01 3.581277500640324407e-02
9.372168415850198642e+01 3.579858212295745912e-02
9.377077166629362637e+01 3.578439474057180936e-02
9.381988461264711532e+01 3.577021285711455556e-02
9.386902301074526633e+01 3.575603647045483280e-02
9.391818687377828212e+01 3.574186557846245615e-02
9.396737621494263237e+01 3.572770017900823297e-02
9.401659104744183537e+01 3.571354026996374081e-02
9.406583138448621639e+01 3.569938584920138297e-02
9.411509723929299298e+01 3.568523691459440927e-02
9.416438862508616126e+01 3.567109346401688141e-02
9.421370555509665223e+01 3.565695549534369374e-02
9.426304804256220393e+01 3.564282300645056634e-02
9.431241610072743242e+01 3.562869599521405195e-02
9.436180974284360445e+01 3.561457445951157763e-02
9.441122898216946169e+01 3.560045839722125044e-02
9.446067383196999856e+01 3.558634780622214194e-02
9.451014430551734335e+01 3.557224268439411474e-02
9.455964041609041715e+01 3.555814302961785717e-02
9.460916217697509012e+01 3.554404883977486940e-02
9.465870960146411051e+01 3.552996011274748428e-02
9.470828270285704775e+01 3.551587684641888121e-02
9.475788149446046305e+01 3.550179903867301673e-02
9.480750598958772457e+01 3.548772668739471475e-02
9.485715620155897909e+01 3.547365979046966655e-02
9.490683214370179144e+01 3.545959834578420178e-02
9.495653382935010711e+01 3.544554235122567010e-02
9.500626127184496283e+01 3.543149180468216364e-02
9.505601448453428759e+01 3.541744670404261414e-02
9.510579348077291684e+01 3.540340704719676518e-02
9.515559827392264935e+01 3.538937283203519302e-02
9.520542887735220461e+01 3.537534405644927882e-02
9.525528530443718012e+01 3.536132071833125029e-02
9.530516756856017935e+01 3.534730281557412618e-02
9.535507568311045645e+01 3.533329034607182728e-02
9.540500966148486839e+01 3.531928330771891278e-02
9.545496951708661015e+01 3.530528169841093411e-02
9.550495526332596796e+01 3.529128551604421987e-02
9.555496691362024819e+01 3.527729475851588969e-02
9.560500448139366370e+01 3.526330942372390975e-02
9.565506798007741907e+01 3.524932950956704419e-02
9.570515742310965379e+01 3.523535501394488983e-02
9.575527282393547068e+01 3.522138593475784840e-02
9.580541419600692166e+01 3.520742226990716817e-02
9.585558155278289405e+01 3.519346401729493701e-02
9.590577490772979274e+01 3.517951117482390894e-02
9.595599427432043171e+01 3.516556374039782329e-02
9.600623966603478721e+01 3.515162171192117574e-02
9.605651109635982721e+01 3.513768508729928075e-02
9.610680857878951144e+01 3.512375386443826464e-02
9.615713212682479138e+01 3.510982804124507944e-02
9.620748175397359603e+01 3.509590761562748212e-02
9.625785747375091717e+01 3.508199258549404842e-02
9.630825929967866728e+01 3.506808294875417287e-02
9.635868724528563689e+01 3.505417870331811042e-02
9.640914132410819093e+01 3.504027984709677523e-02
9.645962154968908919e+01 3.502638637800205984e-02
9.651012793557836744e+01 3.501249829394659924e-02
9.656066049533301054e+01 3.499861559284387497e-02
9.661121924251710880e+01 3.498473827260814573e-02
9.666180419070174423e+01 3.497086633115448900e-02
9.671241535346501905e+01 3.495699976639881495e-02
9.676305274439208404e+01 3.494313857625783865e-02
9.681371637707511013e+01 3.492928275864908005e-02
9.686440626511316054e+01 3.491543231149091958e-02
9.691512242211290129e+01 3.490158723270239682e-02
9.696586486168747854e+01 3.488774752020351588e-02
9.701663359745727178e+01 3.487391317191505802e-02
9.706742864304973750e+01 3.486008418575857470e-02
9.711825001209936659e+01 3.484626055965647090e-02
9.716909771824775532e+01 3.483244229153194260e-02
9.721997177514352018e+01 3.481862937930897683e-02
9.727087219644241145e+01 3.480482182091239329e-02
9.732179899580717120e+01 3.479101961426783046e-02
9.737275218690754741e+01 3.477722275730174561e-02
9.742373178342083406e+01 3.476343124794128298e-02
9.747473779903090474e+01 3.474964508411454434e-02
9.752577024742890899e+01 3.473586426375038089e-02
9.757682914231304494e+01 3.472208878477844179e-02
9.762791449738867300e+01 3.470831864512920889e-02
9.767902632636821636e+01 3.469455384273393422e-02
9.773016464297121786e+01 3.468079437552471639e-02
9.778132946092432576e+01 3.466704024143442420e-02
9.783252079396130796e+01 3.465329143839675913e-02
9.788373865582285305e+01 3.463954796434625533e-02
9.793498306025733768e+01 3.462580981721812001e-02
9.798625402101970394e+01 3.461207699494850409e-02
9.803755155187221249e+01 3.459834949547431482e-02
9.808887566658424362e+01 3.458462731673326435e-02
9.814022637893232570e+01 3.457091045666386975e-02
9.819160370270010674e+01 3.455719891320544607e-02
9.824300765167838279e+01 3.454349268429811326e-02
9.829443823966514060e+01 3.452979176788280313e-02
9.834589548046548657e+01 3.451609616190123159e-02
9.839737938789141936e+01 3.450240586429598882e-02
9.844888997576279621e+01 3.448872087301029649e-02
9.850042725790599718e+01 3.447504118598834072e-02
9.855199124815474931e+01 3.446136680117504320e-02
9.860358196034995615e+01 3.444769771651615131e-02
9.865519940833971191e+01 3.443403392995818268e-02
9.870684360597928730e+01 3.442037543944848066e-02
9.875851456713110110e+01 3.440672224293518655e-02
9.881021230566477698e+01 3.439307433836721883e-02
9.886193683545714350e+01 3.437943172369431477e-02
9.891368817039199257e+01 3.436579439686705817e-02
9.896546632436093205e+01 3.435216235583667121e-02
9.901727131126214942e+01 3.433853559855534060e-02
9.906910314500123604e+01 3.432491412297598160e-02
9.912096183949101658e+01 3.431129792705232134e-02
9.917284740865147796e+01 3.429768700873888493e-02
9.922475986640988310e+01 3.428408136599098155e-02
9.927669922670067137e+01 3.427048099676472531e-02
9.932866550346548706e+01 3.425688589901703524e-02
9.938065871065325041e+01 3.424329607070561443e-02
9.943267886221985918e+01 3.422971150978901950e-02
9.948472597212908397e+01 3.421613221422643847e-02
9.953680005435131761e+01 3.420255818197801695e-02
9.958890112286437102e+01 3.418898941100463607e-02
9.964102919165334526e+01 3.417542589926799573e-02
9.969318427471053212e+01 3.416186764473055915e-02
9.974536638603552774e+01 3.414831464535560135e-02
9.979757553963516159e+01 3.413476689910718842e-02
9.984981174952349647e+01 3.412122440395016360e-02
9.990207502972189957e+01 3.410768715785019584e-02
9.995436539425875822e+01 3.409415515877377290e-02
1.000066828571704036e+02 3.408062840468802090e-02
1.000590274324997750e+02 3.406710689356102356e-02
1.001113991342973009e+02 3.405359062336160009e-02
1.001637979766207138e+02 3.404007959205936074e-02
1.002162239735349942e+02 3.402657379762470680e-02
1.002686771391124410e+02 3.401307323802883059e-02
1.003211574874326573e+02 3.399957791124372242e-02
1.003736650325825082e+02 3.398608781524214278e-02
1.004261997886561772e+02 3.397260294799765712e-02
1.004787617697549393e+02 3.395912330748467739e-02
1.005313509899880273e+02 3.394564889167823313e-02
1.005839674634712964e+02 3.393217969855432531e-02
1.006366112043281902e+02 3.391871572608964880e-02
1.006892822266894427e+02 3.390525697226172419e-02
1.007419805446931207e+02 3.389180343504885617e-02
1.007947061724846236e+02 3.387835511243011272e-02
1.008474591242166554e+02 3.386491200238536670e-02
1.009002394140492669e+02 3.385147410289529590e-02
1.009530470561498561e+02 3.383804141194132059e-02
1.010058820646929405e+02 3.382461392750574225e-02
1.010587444538610384e+02 3.381119164757146606e-02
1.011116342378433330e+02 3.379777457012236169e-02
1.011645514308366529e+02 3.378436269314299273e-02
1.012174960470451168e+02 3.377095601461876234e-02
1.012704681006802048e+02 3.375755453253581617e-02
1.013234676059608290e+02 3.374415824488109783e-02
1.013764945771131778e+02 3.373076714964234890e-02
1.014295490283708858e+02 3.371738124480806731e-02
1.014826309739749206e+02 3.370400052836755589e-02
1.015357404281734546e+02 3.369062499831094321e-02
1.015888774052226182e+02 3.367725465262901008e-02
1.016420419193853917e+02 3.366388948931342551e-02
1.016952339849322300e+02 3.365052950635664258e-02
1.017484536161411199e+02 3.363717470175185686e-02
1.018017008272973527e+02 3.362382507349306882e-02
1.018549756326936517e+02 3.361048061957506300e-02
1.019082780466301585e+02 3.359714133799337338e-02
1.019616080834143901e+02 3.358380722674435964e-02
1.020149657573613382e+02 3.357047828382513088e-02
1.020683510827931286e+02 3.355715450723364274e-02
1.021217640740400299e+02 3.354383589496846146e-02
1.021752047454390038e+02 3.353052244502910395e-02
1.022286731113347145e+02 3.351721415541580873e-02
1.022821691860792725e+02 3.350391102412959149e-02
1.023356929840321925e+02 3.349061304917225201e-02
1.023892445195604211e+02 3.347732022854636724e-02
1.024428238070383799e+02 3.346403256025528433e-02
1.024964308608479513e+02 3.345075004230313453e-02
1.025500656953784357e+02 3.343747267269483320e-02
1.026037283250263670e+02 3.342420044943612834e-02
1.026574187641964215e+02 3.341093337053336471e-02
1.027111370273000972e+02 3.339767143399383770e-02
1.027648831287565372e+02 3.338441463782556434e-02
1.028186570829923880e+02 3.337116298003734577e-02
1.028724589044417428e+02 3.335791645863874638e-02
1.029262886075462262e+02 3.334467507164011468e-02
1.029801462067549096e+02 3.333143881705256245e-02
1.030340317165243391e+02 3.331820769288799944e-02
1.030879451513185785e+02 3.330498169715908480e-02
1.031418865256089958e+02 3.329176082787931729e-02
1.031958558538750168e+02 3.327854508306282016e-02
1.032498531506030304e+02 3.326533446072462569e-02
1.033038784302870852e+02 3.325212895888050857e-02
1.033579317074287474e+02 3.323892857554700681e-02
1.034120129965371291e+02 3.322573330874143555e-02
1.034661223121288174e+02 3.321254315648186628e-02
1.035202596687279453e+02 3.319935811678717541e-02
1.035744250808661917e+02 3.318617818767698180e-02
1.036286185630827106e+02 3.317300336717169534e-02
1.036828401299240312e+02 3.315983365329253085e-02
1.037370897959448683e+02 3.314666904406132764e-02
1.037913675757067722e+02 3.313350953750085481e-02
1.038456734837791231e+02 3.312035513163460315e-02
1.039000075347387906e+02 3.310720582448681976e-02
1.039543697431702753e+02 3.309406161408253583e-02
1.040087601236655530e+02 3.308092249844754584e-02
1.040631786908242304e+02 3.306778847560840756e-02
1.041176254592534036e+02 3.305465954359245589e-02
1.041721004435678140e+02 3.304153570042780985e-02
1.042266036583895499e+02 3.302841694414336560e-02
1.042811351183488711e+02 3.301530327276867849e-02
1.043356948380830147e+02 3.300219468433419207e-02
1.043902828322370482e+02 3.298909117687108539e-02
1.044448991154635280e+02 3.297599274841131467e-02
1.044995437024226987e+02 3.296289939698756472e-02
1.045542166077823794e+02 3.294981112063331830e-02
1.046089178462179632e+02 3.293672791738282146e-02
1.046636474324125032e+02 3.292364978527107661e-02
1.047184053810565842e+02 3.291057672233385634e-02
1.047731917068482232e+02 3.289750872660776593e-02
1.048280064244937506e+02 3.288444579612997964e-02
1.048828495487064032e+02 3.287138792893863626e-02
1.049377210942072765e+02 3.285833512307256843e-02
1.049926210757251255e+02 3.284528737657136516e-02
1.050475495079962798e+02 3.283224468747539260e-02
1.051025064057647711e+02 3.281920705382577325e-02
1.051574917837822483e+02 3.280617447366439288e-02
1.052125056568079486e+02 3.279314694503390748e-02
1.052675480396088545e+02 3.278012446597774326e-02
1.053226189469593095e+02 3.276710703454010359e-02
1.053777183936419988e+02 3.275409464876584409e-02
1.054328463944466279e+02 3.274108730670070161e-02
1.054880029641707324e+02 3.272808500639115548e-02
1.055431881176195787e+02 3.271508774588442053e-02
1.055984018696060787e+02 3.270209552322847490e-02
1.056536442349507894e+02 3.268910833647207387e-02
1.057089152284820130e+02 3.267612618366472210e-02
1.057642148650356688e+02 3.266314906285668757e-02
1.058195431594554066e+02 3.265017697209900149e-02
1.058749001265923653e+02 3.263720990944347922e-02
1.059302857813059688e+02 3.262424787294258832e-02
1.059857001384627608e+02 3.261129086064966376e-02
1.060411432129371576e+02 3.259833887061877600e-02
1.060966150196113347e+02 3.258539190090474491e-02
1.061521155733750845e+02 3.257244994956315365e-02
1.062076448891260583e+02 3.255951301465032782e-02
1.062632029817694672e+02 3.254658109422337714e-02
1.063187898662183670e+02 3.253365418634014683e-02
1.063744055573934872e+02 3.252073228905923846e-02
1.064300500702231034e+02 3.250781540044007240e-02
1.064857234196438611e+02 3.249490351854266573e-02
1.065414256205994832e+02 3.248199664142795151e-02
1.065971566880416788e+02 3.246909476715755666e-02
1.066529166369298736e+02 3.245619789379387832e-02
1.067087054822312950e+02 3.244330601940004916e-02
1.067645232389208729e+02 3.243041914203997206e-02
1.068203699219813387e+02 3.241753725977829931e-02
1.068762455464031689e+02 3.240466037068043953e-02
1.069321501271845847e+02 3.239178847281255769e-02
1.069880836793314245e+02 3.237892156424160284e-02
1.070440462178578969e+02 3.236605964303515548e-02
1.071000377577853868e+02 3.235320270726169123e-02
1.071560583141432375e+02 3.234035075499036571e-02
1.072121079019686221e+02 3.232750378429112559e-02
1.072681865363064304e+02 3.231466179323463916e-02
1.073242942322094677e+02 3.230182477989233109e-02
1.073804310047382415e+02 3.228899274233639621e-02
1.074365968689610895e+02 3.227616567863975799e-02
1.074927918399541937e+02 3.226334358687611009e-02
1.075490159328012680e+02 3.225052646511993026e-02
1.076052691625945528e+02 3.223771431144631383e-02
1.076615515444334505e+02 3.222490712393123041e-02
1.077178630934253931e+02 3.221210490065138515e-02
1.077742038246855856e+02 3.219930763968419096e-02
1.078305737533372053e+02 3.218651533910785179e-02
1.078869728945110893e+02 3.217372799700130015e-02
1.079434012633461037e+02 3.216094561144419717e-02
1.079998588749887745e+02 3.214816818051700886e-02
1.080563457445936422e+02 3.213539570230087433e-02
1.081128618873227651e+02 3.212262817487780003e-02
1.081694073183467708e+02 3.210986559633034754e-02
1.082259820528434631e+02 3.209710796474199435e-02
1.082825861059987886e+02 3.208435527819689798e-02
1.083392194930064818e+02 3.207160753477999310e-02
1.083958822290681923e+02 3.205886473257692215e-02
1.084525743293934852e+02 3.204612686967409779e-02
1.085092958091997133e+02 3.203339394415868208e-02
1.085660466837122158e+02 3.202066595411856564e-02
1.086228269681641336e+02 3.200794289764239547e-02
1.086796366777963669e+02 3.199522477281960958e-02
1.087364758278583281e+02 3.198251157774024273e-02
1.087933444336066486e+02 3.196980331049522478e-02
1.088502425103061313e+02 3.195709996917617257e-02
1.089071700732294659e+02 3.194440155187545927e-02
1.089641271376572860e+02 3.193170805668618661e-02
1.090211137188780981e+02 3.191901948170221270e-02
1.090781298321883810e+02 3.190633582501812421e-02
1.091351754928924862e+02 3.189365708472927802e-02
1.091922507163027092e+02 3.188098325893174573e-02
1.092493555177391329e+02 3.186831434572238997e-02
1.093064899125303526e+02 3.185565034319868399e-02
1.093636539160122538e+02 3.184299124945898923e-02
1.094208475435289500e+02 3.183033706260234713e-02
1.094780708104324844e+02 3.181768778072854159e-02
1.095353237320827873e+02 3.180504340193810592e-02
1.095926063238478463e+02 3.179240392433230894e-02
1.096499186011035647e+02 3.177976934601316195e-02
1.097072605792337896e+02 3.176713966508340481e-02
1.097646322736304114e+02 3.175451487964654068e-02
1.098220336996930087e+02 3.174189498780682905e-02
1.098794648728298426e+02 3.172927998766914698e-02
1.099369258084564791e+02 3.171666987733925275e-02
1.099944165219966834e+02 3.170406465492357773e-02
1.100519370288822643e+02 3.169146431852932350e-02
1.101094873445529743e+02 3.167886886626438553e-02
1.101670674844565667e+02 3.166627829623742951e-02
1.102246774640488240e+02 3.165369260655786360e-02
1.102823172987935720e+02 3.164111179533578982e-02
1.103399870041625661e+02 3.162853586068210127e-02
1.103976865956354203e+02 3.161596480070843346e-02
1.104554160887004457e+02 3.160339861352703256e-02
1.105131754988532293e+02 3.159083729725103290e-02
1.105709648415977284e+02 3.157828084999422802e-02
1.106287841324458299e+02 3.156572926987118166e-02
1.106866333869175207e+02 3.155318255499715840e-02
1.107445126205408172e+02 3.154064070348819304e-02
1.108024218488517931e+02 3.152810371346100732e-02
1.108603610873945229e+02 3.151557158303311401e-02
1.109183303517212096e+02 3.150304431032271285e-02
1.109763296573918439e+02 3.149052189344880154e-02
1.110343590199751702e+02 3.147800433053098840e-02
1.110924184550473086e+02 3.146549161968970748e-02
1.111505079781927066e+02 3.145298375904613530e-02
1.112086276050038549e+02 3.144048074672214227e-02
1.112667773510813589e+02 3.142798258084034124e-02
1.113249572320338814e+02 3.141548925952408061e-02
1.113831672634781711e+02 3.140300078089744429e-02
1.114414074610391054e+02 3.139051714308523089e-02
1.114996778403496194e+02 3.137803834421298149e-02
1.115579784170505491e+02 3.136556438240701433e-02
1.116163092067914846e+02 3.135309525579423745e-02
1.116746702252295051e+02 3.134063096250242625e-02
1.117330614880299891e+02 3.132817150066004308e-02
1.117914830108663864e+02 3.131571686839627194e-02
1.118499348094203611e+02 3.130326706384103930e-02
1.119084168993816633e+02 3.129082208512498631e-02
1.119669292964481713e+02 3.127838193037949660e-02
1.120254720163259066e+02 3.126594659773666157e-02
1.120840450747289907e+02 3.125351608532932896e-02
1.121426484873795317e+02 3.124109039129110282e-02
1.122012822700084058e+02 3.122866951375617706e-02
1.122599464383539924e+02 3.121625345085960943e-02
1.123186410081630697e+02 3.120384220073714118e-02
1.123773659951905017e+02 3.119143576152524910e-02
1.124361214151994375e+02 3.117903413136111773e-02
1.124949072839610551e+02 3.116663730838268101e-02
1.125537236172548177e+02 3.115424529072858065e-02
1.126125704308683311e+02 3.114185807653818347e-02
1.126714477405973298e+02 3.112947566395160223e-02
1.127303555622455917e+02 3.111709805110969215e-02
1.127892939116257196e+02 3.110472523615391213e-02
1.128482628045578338e+02 3.109235721722658496e-02
1.129072622568704816e+02 3.107999399247069958e-02
1.129662922844004100e+02 3.106763556002998389e-02
1.130253529029925943e+02 3.105528191804887705e-02
1.130844441285002091e+02 3.104293306467254335e-02
1.131435659767846289e+02 3.103058899804687562e-02
1.132027184637154420e+02 3.101824971631849184e-02
1.132619016051704932e+02 3.100591521763471775e-02
1.133211154170356281e+02 3.099358550014366664e-02
1.133803599152055739e+02 3.098126056199401734e-02
1.134396351155826324e+02 3.096894040133532297e-02
1.134989410340776033e+02 3.095662501631779237e-02
1.135582776866094434e+02 3.094431440509238726e-02
1.136176450891054515e+02 3.093200856581075978e-02
1.136770432575011682e+02 3.091970749662529411e-02
1.137364722077403343e+02 3.090741119568909956e-02
1.137959319557749893e+02 3.089511966115600014e-02
1.138554225175654295e+02 3.088283289118054151e-02
1.139149439090800371e+02 3.087055088391802912e-02
1.139744961462961186e+02 3.085827363752435132e-02
1.140340792451985408e+02 3.084600115015626379e-02
1.140936932217807680e+02 3.083373341997117795e-02
1.141533380920444642e+02 3.082147044512723380e-02
1.142130138719996495e+02 3.080921222378329299e-02
1.142727205776646002e+02 3.079695875409892147e-02
1.143324582250659205e+02 3.078471003423441724e-02
1.143922268302385135e+02 3.077246606235078605e-02
1.144520264092255672e+02 3.076022683660975532e-02
1.145118569780783844e+02 3.074799235517380880e-02
1.145717185528573197e+02 3.073576261620601310e-02
1.146316111496302312e+02 3.072353761787029180e-02
1.146915347844736459e+02 3.071131735833122767e-02
1.147514894734723754e+02 3.069910183575413898e-02
1.148114752327196157e+02 3.068689104830503098e-02
1.148714920783168054e+02 3.067468499415064789e-02
1.149315400263738383e+02 3.066248367145843826e-02
1.149916190930088504e+02 3.065028707839656877e-02
1.150517292943484478e+02 3.063809521313391737e-02
1.151118706465272652e+02 3.062590807384011835e-02
1.151720431656890469e+02 3.061372565868538537e-02
1.152322468679851681e+02 3.060154796584078907e-02
1.152924817695756587e+02 3.058937499347805580e-02
1.153527478866288760e+02 3.057720673976963011e-02
1.154130452353215617e+02 3.056504320288867468e-02
1.154733738318388703e+02 3.055288438100905307e-02
1.155337336923742981e+02 3.054073027230535045e-02
1.155941248331297828e+02 3.052858087495286324e-02
1.156545472703156463e+02 3.051643618712758521e-02
1.157150010201503534e+02 3.050429620700628383e-02
1.157754860988614780e+02 3.049216093276628861e-02
1.158360025226843248e+02 3.048003036258578949e-02
1.158965503078628672e+02 3.046790449464362172e-02
1.159571294706493916e+02 3.045578332711935607e-02
1.160177400273047397e+02 3.044366685819324680e-02
1.160783819940980806e+02 3.043155508604627676e-02
1.161390553873071099e+02 3.041944800886012268e-02
1.161997602232178224e+02 3.040734562481718639e-02
1.162604965181247962e+02 3.039524793210056364e-02
1.163212642883307240e+02 3.038315492889411690e-02
1.163820635501475067e+02 3.037106661338226724e-02
1.164428943198947479e+02 3.035898298375028573e-02
1.165037566139007623e+02 3.034690403818410959e-02
1.165646504485023485e+02 3.033482977487038032e-02
1.166255758400447746e+02 3.032276019199643680e-02
1.166865328048816934e+02 3.031069528775034300e-02
1.167475213593753267e+02 3.029863506032085679e-02
1.168085415198963801e+02 3.028657950789744036e-02
1.168695933028239580e+02 3.027452862867027403e-02
1.169306767245454921e+02 3.026248242083027368e-02
1.169917918014575804e+02 3.025044088256893457e-02
1.170529385499646224e+02 3.023840401207859158e-02
1.171141169864797718e+02 3.022637180755223529e-02
1.171753271274246089e+02 3.021434426718356409e-02
1.172365689892293688e+02 3.020232138916697714e-02
1.172978425883326423e+02 3.019030317169758490e-02
1.173591479411816465e+02 3.017828961297119167e-02
1.174204850642320821e+02 3.016628071118431301e-02
1.174818539739481764e+02 3.015427646453416530e-02
1.175432546868024843e+02 3.014227687121870738e-02
1.176046872192767552e+02 3.013028192943647057e-02
1.176661515878605968e+02 3.011829163738682924e-02
1.177276478090524279e+02 3.010630599326979961e-02
1.177891758993591651e+02 3.009432499528610916e-02
1.178507358752962801e+02 3.008234864163719657e-02
1.179123277533878991e+02 3.007037693052517363e-02
1.179739515501665608e+02 3.005840986015288763e-02
1.180356072821734728e+02 3.004644742872386240e-02
1.180972949659584117e+02 3.003448963444232955e-02
1.181590146180794676e+02 3.002253647551325969e-02
1.182207662551040102e+02 3.001058795014220279e-02
1.182825498936072961e+02 2.999864405653553459e-02
1.183443655501734355e+02 2.998670479290027613e-02
1.184062132413951218e+02 2.997477015744416315e-02
1.184680929838736319e+02 2.996284014837561488e-02
1.185300047942188115e+02 2.995091476390377219e-02
1.185919486890491896e+02 2.993899400223844903e-02
1.186539246849918925e+02 2.992707786159016364e-02
1.187159327986825872e+02 2.991516634017014550e-02
1.187779730467653962e+02 2.990325943619035268e-02
1.188400454458937787e+02 2.989135714786331222e-02
1.189021500127291091e+02 2.987945947340236996e-02
1.189642867639416011e+02 2.986756641102154483e-02
1.190264557162101084e+02 2.985567795893553575e-02
1.190886568862221964e+02 2.984379411535973900e-02
1.191508902906739564e+02 2.983191487851026211e-02
1.192131559462702768e+02 2.982004024660388566e-02
1.192754538697246005e+02 2.980817021785809456e-02
1.193377840777590535e+02 2.979630479049107800e-02
1.194001465871042029e+02 2.978444396272175373e-02
1.194625414144999951e+02 2.977258773276959813e-02
1.195249685766943628e+02 2.976073609885492369e-02
1.195874280904440923e+02 2.974888905919868473e-02
1.196499199725147093e+02 2.973704661202254337e-02
1.197124442396804085e+02 2.972520875554883826e-02
1.197750009087240812e+02 2.971337548800060541e-02
1.198375899964373446e+02 2.970154680760157470e-02
1.199002115196204272e+02 2.968972271257617687e-02
1.199628654950823545e+02 2.967790320114952612e-02
1.200255519396406072e+02 2.966608827154746872e-02
1.200882708701220878e+02 2.965427792199641643e-02
1.201510223033616711e+02 2.964247215072361025e-02
1.202138062562032275e+02 2.963067095595692604e-02
1.202766227454993810e+02 2.961887433592493707e-02
1.203394717881114389e+02 2.960708228885691393e-02
1.204023534009094618e+02 2.959529481298280376e-02
1.204652676007722931e+02 2.958351190653324414e-02
1.205282144045874446e+02 2.957173356773958733e-02
1.205911938292512531e+02 2.955995979483383787e-02
1.206542058916685392e+02 2.954819058604876356e-02
1.207172506087535879e+02 2.953642593961768037e-02
1.207803279974287847e+02 2.952466585377470920e-02
1.208434380746254675e+02 2.951291032675464054e-02
1.209065808572837710e+02 2.950115935679293450e-02
1.209697563623526122e+02 2.948941294212575545e-02
1.210329646067896761e+02 2.947767108098993741e-02
1.210962056075614584e+02 2.946593377162301172e-02
1.211594793816432230e+02 2.945420101226320017e-02
1.212227859460191013e+02 2.944247280114939760e-02
1.212861253176816376e+02 2.943074913652125521e-02
1.213494975136330396e+02 2.941903001661894806e-02
1.214129025508836008e+02 2.940731543968348391e-02
1.214763404464525536e+02 2.939560540395651927e-02
1.215398112173680829e+02 2.938389990768038376e-02
1.216033148806671136e+02 2.937219894909809739e-02
1.216668514533954379e+02 2.936050252645336367e-02
1.217304209526076590e+02 2.934881063799057999e-02
1.217940233953672475e+02 2.933712328195481334e-02
1.218576587987464848e+02 2.932544045659182114e-02
1.219213271798262781e+02 2.931376216014809633e-02
1.219850285556970988e+02 2.930208839087067307e-02
1.220487629434575751e+02 2.929041914700740087e-02
1.221125303602153878e+02 2.927875442680677801e-02
1.221763308230871701e+02 2.926709422851797582e-02
1.222401643491983236e+02 2.925543855039085608e-02
1.223040309556831886e+02 2.924378739067596059e-02
1.223679306596849443e+02 2.923214074762451112e-02
1.224318634783557371e+02 2.922049861948840255e-02
1.224958294288564815e+02 2.920886100452023404e-02
1.225598285283568174e+02 2.919722790097331599e-02
1.226238607940360339e+02 2.918559930710149658e-02
1.226879262430815487e+02 2.917397522115945663e-02
1.227520248926898887e+02 2.916235564140251188e-02
1.228161567600665904e+02 2.915074056608664421e-02
1.228803218624260722e+02 2.913912999346851898e-02
1.229445202169915916e+02 2.912752392180550237e-02
1.230087518409954868e+02 2.911592234935560242e-02
1.230730167516788640e+02 2.910432527437754532e-02
1.231373149662918962e+02 2.909273269513070609e-02
1.232016465020933396e+02 2.908114460987520911e-02
1.232660113763517415e+02 2.906956101687169572e-02
1.233304096063437925e+02 2.905798191438163300e-02
1.233948412093553912e+02 2.904640730066712986e-02
1.234593062026813755e+02 2.903483717399096137e-02
1.235238046036255923e+02 2.902327153261657910e-02
1.235883364295007993e+02 2.901171037480812162e-02
1.236529016976288204e+02 2.900015369883039013e-02
1.237175004253403614e+02 2.898860150294887625e-02
1.237821326299751377e+02 2.897705378542974122e-02
1.238467983288816043e+02 2.896551054453986793e-02
1.239114975394179794e+02 2.895397177854667353e-02
1.239762302789506663e+02 2.894243748571840441e-02
1.240409965648554191e+02 2.893090766432391409e-02
1.241057964145169024e+02 2.891938231263274303e-02
1.241706298453288042e+02 2.890786142891511520e-02
1.242354968746938653e+02 2.889634501144191375e-02
1.243003975200238074e+02 2.888483305848469837e-02
1.243653317987394189e+02 2.887332556831571223e-02
1.244302997282704553e+02 2.886182253920786464e-02
1.244953013260555110e+02 2.885032396943477961e-02
1.245603366095429863e+02 2.883882985727062240e-02
1.246254055961894665e+02 2.882734020099037703e-02
1.246905083034609305e+02 2.881585499886964163e-02
1.247556447488323528e+02 2.880437424918469436e-02
1.248208149497878452e+02 2.879289795021247600e-02
1.248860189238204867e+02 2.878142610023060738e-02
1.249512566884324656e+02 2.876995869751738238e-02
1.250165282611350079e+02 2.875849574035176104e-02
1.250818336594484919e+02 2.874703722701337297e-02
1.251471729009020208e+02 2.873558315578257291e-02
1.252125460030346318e+02 2.872413352494024644e-02
1.252779529833936465e+02 2.871268833276807014e-02
1.253433938595357091e+02 2.870124757754837636e-02
1.254088686490266014e+02 2.868981125756413925e-02
1.254743773694412283e+02 2.867837937109901647e-02
1.255399200383635758e+02 2.866695191643731794e-02
1.256054966733866820e+02 2.865552889186405439e-02
1.256711072921127936e+02 2.864411029566488187e-02
1.257367519121532382e+02 2.863269612612612605e-02
1.258024305511282535e+02 2.862128638153482729e-02
1.258681432266679110e+02 2.860988106017856372e-02
1.259338899564106953e+02 2.859848016034571491e-02
1.259996707580044699e+02 2.858708368032528147e-02
1.260654856491062503e+02 2.857569161840693012e-02
1.261313346473822179e+02 2.856430397288099374e-02
1.261972177705076632e+02 2.855292074203847480e-02
1.262631350361670854e+02 2.854154192417104538e-02
1.263290864620541498e+02 2.853016751757103328e-02
1.263950720658716591e+02 2.851879752053143591e-02
1.264610918653313121e+02 2.850743193134597578e-02
1.265271458781548262e+02 2.849607074830888195e-02
1.265932341220722748e+02 2.848471396971520228e-02
1.266593566148232384e+02 2.847336159386058829e-02
1.267255133741564066e+02 2.846201361904137153e-02
1.267917044178297061e+02 2.845067004355454621e-02
1.268579297636103007e+02 2.843933086569776225e-02
1.269241894292745059e+02 2.842799608376933226e-02
1.269904834326079168e+02 2.841666569606823844e-02
1.270568117914052664e+02 2.840533970089413260e-02
1.271231745234702828e+02 2.839401809654735695e-02
1.271895716466167414e+02 2.838270088132879843e-02
1.272560031786667878e+02 2.837138805354013152e-02
1.273224691374521456e+02 2.836007961148365175e-02
1.273889695408136902e+02 2.834877555346232078e-02
1.274555044066016762e+02 2.833747587777974558e-02
1.275220737526754249e+02 2.832618058274021661e-02
1.275886775969037217e+02 2.831488966664867310e-02
1.276553159571644187e+02 2.830360312781071697e-02
1.277219888513447472e+02 2.829232096453260931e-02
1.277886962973409481e+02 2.828104317512131899e-02
1.278554383130592385e+02 2.826976975788434571e-02
1.279222149164144184e+02 2.825850071112996978e-02
1.279890261253308097e+02 2.824723603316709603e-02
1.280558719577419708e+02 2.823597572230529193e-02
1.281227524315908397e+02 2.822471977685477723e-02
1.281896675648295627e+02 2.821346819512643433e-02
1.282566173754196939e+02 2.820222097543179790e-02
1.283236018813319959e+02 2.819097811608306872e-02
1.283906211005465536e+02 2.817973961539310679e-02
1.284576750510526040e+02 2.816850547167546598e-02
1.285247637508493881e+02 2.815727568324423100e-02
1.285918872179447590e+02 2.814605024841427758e-02
1.286590454703560908e+02 2.813482916550108168e-02
1.287262385261101656e+02 2.812361243282080273e-02
1.287934664032431158e+02 2.811240004869022466e-02
1.288607291198002827e+02 2.810119201142681489e-02
1.289280266938365571e+02 2.808998831934868268e-02
1.289953591434160387e+02 2.807878897077459648e-02
1.290627264866122630e+02 2.806759396402397355e-02
1.291301287415078036e+02 2.805640329741694930e-02
1.291975659261955229e+02 2.804521696927415875e-02
1.292650380587766961e+02 2.803403497791704183e-02
1.293325451573623468e+02 2.802285732166763868e-02
1.294000872400729065e+02 2.801168399884864865e-02
1.294676643250381289e+02 2.800051500778342334e-02
1.295352764303972037e+02 2.798935034679597006e-02
1.296029235742986714e+02 2.797819001421094839e-02
1.296706057749005652e+02 2.796703400835367018e-02
1.297383230503702407e+02 2.795588232755010297e-02
1.298060754188842907e+02 2.794473497012690127e-02
1.298738628986293975e+02 2.793359193441126084e-02
1.299416855078010258e+02 2.792245321873114069e-02
1.300095432646041900e+02 2.791131882141512088e-02
1.300774361872534541e+02 2.790018874079243025e-02
1.301453642939727331e+02 2.788906297519294641e-02
1.302133276029954914e+02 2.787794152294719233e-02
1.302813261325644874e+02 2.786682438238635706e-02
1.303493599009321144e+02 2.785571155184227154e-02
1.304174289263600599e+02 2.784460302964741896e-02
1.304855332271193333e+02 2.783349881413497984e-02
1.305536728214911193e+02 2.782239890363863780e-02
1.306218477277653562e+02 2.781130329649288135e-02
1.306900579642416744e+02 2.780021199103278884e-02
1.307583035492292254e+02 2.778912498559408736e-02
1.308265845010465966e+02 2.777804227851316324e-02
1.308949008380218970e+02 2.776696386812704462e-02
1.309632525784927566e+02 2.775588975277340845e-02
1.310316397408062414e+02 2.774481993079058739e-02
1.311000623433190526e+02 2.773375440051754556e-02
1.311685204043969861e+02 2.772269316029395136e-02
1.312370139424162687e+02 2.771163620845999015e-02
1.313055429757617958e+02 2.770058354335662096e-02
1.313741075228282682e+02 2.768953516332540304e-02
1.314427076020198797e+02 2.767849106670856180e-02
1.315113432317504589e+02 2.766745125184893669e-02
1.315800144304432990e+02 2.765641571709003682e-02
1.316487212165312712e+02 2.764538446077601658e-02
1.317174636084567965e+02 2.763435748125166527e-02
1.317862416246718169e+02 2.762333477686242794e-02
1.318550552836375971e+02 2.761231634595443310e-02
1.319239046038258039e+02 2.760130218687432274e-02
1.319927896037168011e+02 2.759029229796951255e-02
1.320617103018009004e+02 2.757928667758803229e-02
1.321306667165778777e+02 2.756828532407853971e-02
1.321996588665572006e+02 2.755728823579034134e-02
1.322686867702578581e+02 2.754629541107339250e-02
1.323377504462084460e+02 2.753530684827829034e-02
1.324068499129471661e+02 2.752432254575627041e-02
1.324759851890218840e+02 2.751334250185921704e-02
1.325451562929897307e+02 2.750236671493969803e-02
1.326143632434182962e+02 2.749139518335079121e-02
1.326836060588840098e+02 2.748042790544635502e-02
1.327528847579731064e+02 2.746946487958083771e-02
1.328221993592815409e+02 2.745850610410932938e-02
1.328915498814149032e+02 2.744755157738756890e-02
1.329609363429883899e+02 2.743660129777193007e-02
1.330303587626268325e+02 2.742565526361943548e-02
1.330998171589647541e+02 2.741471347328773220e-02
1.331693115506463130e+02 2.740377592513512650e-02
1.332388419563250750e+02 2.739284261752059774e-02
1.333084083946650651e+02 2.738191354880363873e-02
1.333780108843391758e+02 2.737098871734450559e-02
1.334476494440302474e+02 2.736006812150406503e-02
1.335173240924307834e+02 2.734915175964381176e-02
1.335870348482430359e+02 2.733823963012587885e-02
1.336567817301788637e+02 2.732733173131304122e-02
1.337265647569599025e+02 2.731642806156871217e-02
1.337963839473174232e+02 2.730552861925695032e-02
1.338662393199924736e+02 2.729463340274243532e-02
1.339361308937354522e+02 2.728374241039054071e-02
1.340060586873073589e+02 2.727285564056715003e-02
1.340760227194781180e+02 2.726197309163890664e-02
1.341460230090275445e+02 2.725109476197304717e-02
1.342160595747453158e+02 2.724022064993745010e-02
1.342861324354307726e+02 2.722935075390062881e-02
1.343562416098930044e+02 2.721848507223172814e-02
1.344263871169508775e+02 2.720762360330053475e-02
1.344965689754329787e+02 2.719676634547747371e-02
1.345667872041776434e+02 2.718591329713359803e-02
1.346370418220327281e+02 2.717506445664064421e-02
1.347073328478566907e+02 2.716421982237085184e-02
1.347776603005169136e+02 2.715337939269722028e-02
1.348480241988907835e+02 2.714254316599335609e-02
1.349184245618655780e+02 2.713171114063348335e-02
1.349888614083382663e+02 2.712088331499246455e-02
1.350593347572156802e+02 2.711005968744580399e-02
1.351298446274143998e+02 2.709924025636963399e-02
1.352003910378608396e+02 2.708842502014071479e-02
1.352709740074911906e+02 2.707761397713644158e-02
1.353415935552512224e+02 2.706680712573489994e-02
1.354122497000973055e+02 2.705600446431466119e-02
1.354829424609948205e+02 2.704520599125505992e-02
1.355536718569193226e+02 2.703441170493603440e-02
1.356244379068560590e+02 2.702362160373814048e-02
1.356952406298002529e+02 2.701283568604256891e-02
1.357660800447569045e+02 2.700205395023114185e-02
1.358369561707408195e+02 2.699127639468631643e-02
1.359078690267768081e+02 2.698050301779117768e-02
1.359788186318993439e+02 2.696973381792943866e-02
1.360498050051526491e+02 2.695896879348549241e-02
1.361208281655915755e+02 2.694820794284422463e-02
1.361918881322799848e+02 2.693745126439129126e-02
1.362629849242919988e+02 2.692669875651291719e-02
1.363341185607114880e+02 2.691595041759598309e-02
1.364052890606323558e+02 2.690520624602796979e-02
1.364764964431583110e+02 2.689446624019701040e-02
1.365477407274029815e+02 2.688373039849184867e-02
1.366190219324898862e+02 2.687299871930187017e-02
1.366903400775524631e+02 2.686227120101708499e-02
1.367616951817338133e+02 2.685154784202817280e-02
1.368330872641878102e+02 2.684082864072630942e-02
1.369045163440773081e+02 2.683011359550342700e-02
1.369759824405755069e+02 2.681940270475205099e-02
1.370474855728654404e+02 2.680869596686532436e-02
1.371190257601401470e+02 2.679799338023701807e-02
1.371906030216025840e+02 2.678729494326153801e-02
1.372622173764656281e+02 2.677660065433390066e-02
1.373338688439522173e+02 2.676591051184976783e-02
1.374055574432951516e+02 2.675522451420540501e-02
1.374772831937368949e+02 2.674454265979776812e-02
1.375490461145308814e+02 2.673386494702429533e-02
1.376208462249394984e+02 2.672319137428318114e-02
1.376926835442355355e+02 2.671252193997320293e-02
1.377645580917016446e+02 2.670185664249377297e-02
1.378364698866305957e+02 2.669119548024490723e-02
1.379084189483250498e+02 2.668053845162726007e-02
1.379804052960977572e+02 2.666988555504210684e-02
1.380524289492714161e+02 2.665923678889134396e-02
1.381244899271787858e+02 2.664859215157749234e-02
1.381965882491623177e+02 2.663795164150374248e-02
1.382687239345753483e+02 2.662731525707377755e-02
1.383408970027804230e+02 2.661668299669203014e-02
1.384131074731503475e+02 2.660605485876350179e-02
1.384853553650680453e+02 2.659543084169384633e-02
1.385576406979264164e+02 2.658481094388930391e-02
1.386299634911284500e+02 2.657419516375676000e-02
1.387023237640871400e+02 2.656358349970371416e-02
1.387747215362256270e+02 2.655297595013828005e-02
1.388471568269770273e+02 2.654237251346920623e-02
1.389196296557842913e+02 2.653177318810590046e-02
1.389921400421013118e+02 2.652117797245825276e-02
1.390646880053911616e+02 2.651058686493691641e-02
1.391372735651273729e+02 2.649999986395310675e-02
1.392098967407933969e+02 2.648941696791866710e-02
1.392825575518830021e+02 2.647883817524606873e-02
1.393552560178999045e+02 2.646826348434837967e-02
1.394279921583579664e+02 2.645769289363930979e-02
1.395007659927811687e+02 2.644712640153317612e-02
1.395735775407036101e+02 2.643656400644491325e-02
1.396464268216692517e+02 2.642600570679012190e-02
1.397193138552329970e+02 2.641545150098488851e-02
1.397922386609590433e+02 2.640490138744605239e-02
1.398652012584220188e+02 2.639435536459101839e-02
1.399382016672066982e+02 2.638381343083781236e-02
1.400112399069080027e+02 2.637327558460508467e-02
1.400843159971309717e+02 2.636274182431208937e-02
1.401574299574908764e+02 2.635221214837870155e-02
1.402305818076130777e+02 2.634168655522542077e-02
1.403037715671331682e+02 2.633116504327335378e-02
1.403769992556966031e+02 2.632064761094426650e-02
1.404502648929598649e+02 2.631013425666041405e-02
1.405235684985888156e+02 2.629962497884480097e-02
1.405969100922597192e+02 2.628911977592099380e-02
1.406702896936590719e+02 2.627861864631318364e-02
1.407437073224835729e+02 2.626812158844616871e-02
1.408171629984401250e+02 2.625762860074536478e-02
1.408906567412459196e+02 2.624713968163679828e-02
1.409641885706282096e+02 2.623665482954711664e-02
1.410377585063245931e+02 2.622617404290357793e-02
1.411113665680825875e+02 2.621569732013409593e-02
1.411850127756607662e+02 2.620522465966706321e-02
1.412586971488271104e+02 2.619475605993163217e-02
1.413324197073601169e+02 2.618429151935749988e-02
1.414061804710485717e+02 2.617383103637499486e-02
1.414799794596914921e+02 2.616337460941505280e-02
1.415538166930981276e+02 2.615292223690921999e-02
1.416276921910880162e+02 2.614247391728964989e-02
1.417016059734909845e+02 2.613202964898912045e-02
1.417755580601470911e+02 2.612158943044100984e-02
1.418495484709064556e+02 2.611115326007934848e-02
1.419235772256303107e+02 2.610072113633866292e-02
1.419976443441892684e+02 2.609029305765420831e-02
1.420717498464645985e+02 2.607986902246180530e-02
1.421458937523478596e+02 2.606944902919789211e-02
1.422200760817408991e+02 2.605903307629951066e-02
1.422942968545558813e+02 2.604862116220431692e-02
1.423685560907153160e+02 2.603821328535057752e-02
1.424428538101520303e+02 2.602780944417715930e-02
1.425171900328091112e+02 2.601740963712354665e-02
1.425915647786397926e+02 2.600701386262987622e-02
1.426659780676084495e+02 2.599662211913675997e-02
1.427404299196889781e+02 2.598623440508554538e-02
1.428149203548659045e+02 2.597585071891814895e-02
1.428894493931340435e+02 2.596547105907710123e-02
1.429640170544986972e+02 2.595509542400552261e-02
1.430386233589754568e+02 2.594472381214715448e-02
1.431132683265902585e+02 2.593435622194634887e-02
1.431879519773794698e+02 2.592399265184805110e-02
1.432626743313898317e+02 2.591363310029782055e-02
1.433374354086782034e+02 2.590327756574186194e-02
1.434122352293126426e+02 2.589292604662686917e-02
1.434870738133708130e+02 2.588257854140025779e-02
1.435619511809410369e+02 2.587223504851000888e-02
1.436368673521219819e+02 2.586189556640471759e-02
1.437118223470229168e+02 2.585156009353356890e-02
1.437868161857633140e+02 2.584122862834636533e-02
1.438618488884731903e+02 2.583090116929351310e-02
1.439369204752930216e+02 2.582057771482601516e-02
1.440120309663736293e+02 2.581025826339548163e-02
1.440871803818760384e+02 2.579994281345417487e-02
1.441623687419726139e+02 2.578963136345482909e-02
1.442375960668452421e+02 2.577932391185091057e-02
1.443128623766866099e+02 2.576902045709644762e-02
1.443881676916998629e+02 2.575872099764606529e-02
1.444635120320985777e+02 2.574842553195500275e-02
1.445388954181068755e+02 2.573813405847908894e-02
1.446143178699592795e+02 2.572784657567476346e-02
1.446897794079008293e+02 2.571756308199906610e-02
1.447652800521871370e+02 2.570728357590963686e-02
1.448408198230838480e+02 2.569700805586476455e-02
1.449163987408681180e+02 2.568673652032320634e-02
1.449920168258267381e+02 2.567646896774445839e-02
1.450676740982572426e+02 2.566620539658855810e-02
1.451433705784676818e+02 2.565594580531615695e-02
1.452191062867767073e+02 2.564569019238850667e-02
1.452948812435134300e+02 2.563543855626744875e-02
1.453706954690174769e+02 2.562519089541543879e-02
1.454465489836391328e+02 2.561494720829551527e-02
1.455224418077390851e+02 2.560470749337133770e-02
1.455983739616883668e+02 2.559447174910719006e-02
1.456743454658694645e+02 2.558423997396783514e-02
1.457503563406744433e+02 2.557401216641875738e-02
1.458264066065063389e+02 2.556378832492601019e-02
1.459024962837787029e+02 2.555356844795622293e-02
1.459786253929156885e+02 2.554335253397664943e-02
1.460547939543520215e+02 2.553314058145512294e-02
1.461310019885330291e+02 2.552293258886006999e-02
1.462072495159145831e+02 2.551272855466054160e-02
1.462835365569632700e+02 2.550252847732615777e-02
1.463598631321558514e+02 2.549233235532719077e-02
1.464362292619806567e+02 2.548214018713438472e-02
1.465126349669357921e+02 2.547195197121919844e-02
1.465890802675301927e+02 2.546176770605365278e-02
1.466655651842834800e+02 2.545158739011036189e-02
1.467420897377258768e+02 2.544141102186253320e-02
1.468186539483982358e+02 2.543123859978397433e-02
1.468952578368521245e+02 2.542107012234908620e-02
1.469719014236496832e+02 2.541090558803286298e-02
1.470485847293637676e+02 2.540074499531089214e-02
1.471253077745774931e+02 2.539058834265940992e-02
1.472020705798856852e+02 2.538043562855510707e-02
1.472788731658928612e+02 2.537028685147540291e-02
1.473557155532145373e+02 2.536014200989826148e-02
1.474325977624768598e+02 2.535000110230225048e-02
1.475095198143166897e+02 2.533986412716652398e-02
1.475864817293816884e+02 2.532973108297082582e-02
1.476634835283300617e+02 2.531960196819550354e-02
1.477405252318307873e+02 2.530947678132149450e-02
1.478176068605635862e+02 2.529935552083032238e-02
1.478947284352185250e+02 2.528923818520414923e-02
1.479718899764973514e+02 2.527912477292560203e-02
1.480490915051116474e+02 2.526901528247803286e-02
1.481263330417839938e+02 2.525890971234533156e-02
1.482036146072476868e+02 2.524880806101198819e-02
1.482809362222468508e+02 2.523871032696308261e-02
1.483582979075362687e+02 2.522861650868428104e-02
1.484356996838814950e+02 2.521852660466184989e-02
1.485131415720589416e+02 2.520844061338263498e-02
1.485906235928556782e+02 2.519835853333407885e-02
1.486681457670692907e+02 2.518828036300425205e-02
1.487457081155090464e+02 2.517820610088170041e-02
1.488233106589940746e+02 2.516813574545567062e-02
1.489009534183545895e+02 2.515806929521596444e-02
1.489786364144316622e+02 2.514800674865297347e-02
1.490563596680770786e+02 2.513794810425767565e-02
1.491341232001535104e+02 2.512789336052163522e-02
1.492119270315343726e+02 2.511784251593700973e-02
1.492897711831039089e+02 2.510779556899654652e-02
1.493676556757572484e+02 2.509775251819357580e-02
1.494455805303999796e+02 2.508771336202205576e-02
1.495235457679494573e+02 2.507767809897641989e-02
1.496015514093329557e+02 2.506764672755179557e-02
1.496795974754889187e+02 2.505761924624386877e-02
1.497576839873666472e+02 2.504759565354890485e-02
1.498358109659262141e+02 2.503757594796376940e-02
1.499139784321386912e+02 2.502756012798589350e-02
1.499921864069859225e+02 2.501754819211331540e-02
1.500704349114606373e+02 2.500754013884464236e-02
1.501487239665664788e+02 2.499753596667907488e-02
1.502270535933176347e+02 2.498753567411644144e-02
1.503054238127401163e+02 2.497753925965703198e-02
1.503838346458699107e+02 2.496754672180184417e-02
1.504622861137542316e+02 2.495755805905242042e-02
1.505407782374511214e+02 2.494757326991087903e-02
1.506193110380296503e+02 2.493759235287993856e-02
1.506978845365697453e+02 2.492761530646288998e-02
1.507764987541622475e+02 2.491764212916361063e-02
1.508551537119089403e+02 2.490767281948656417e-02
1.509338494309225496e+02 2.489770737593679020e-02
1.510125859323264308e+02 2.488774579701996323e-02
1.510913632372558482e+02 2.487778808124221919e-02
1.511701813668559851e+02 2.486783422711038444e-02
1.512490403422834504e+02 2.485788423313184045e-02
1.513279401847056533e+02 2.484793809781454116e-02
1.514068809153010591e+02 2.483799581966704070e-02
1.514858625552591604e+02 2.482805739719844487e-02
1.515648851257803074e+02 2.481812282891847354e-02
1.516439486480758774e+02 2.480819211333740865e-02
1.517230531433683609e+02 2.479826524896611498e-02
1.518021986328907360e+02 2.478834223431608877e-02
1.518813851378880315e+02 2.477842306789927729e-02
1.519606126796153944e+02 2.476850774822832515e-02
1.520398812793391983e+02 2.475859627381642863e-02
1.521191909583369011e+02 2.474868864317735645e-02
1.521985417378969316e+02 2.473878485482546019e-02
1.522779336393188032e+02 2.472888490727567085e-02
1.523573666839130851e+02 2.471898879904349880e-02
1.524368408930013175e+02 2.470909652864503037e-02
1.525163562879161248e+02 2.469920809459693473e-02
1.525959128900009318e+02 2.468932349541649862e-02
1.526755107206110154e+02 2.467944272962146676e-02
1.527551498011119406e+02 2.466956579573028122e-02
1.528348301528805848e+02 2.465969269226192875e-02
1.529145517973048811e+02 2.464982341773596514e-02
1.529943147557839040e+02 2.463995797067252552e-02
1.530741190497277557e+02 2.463009634959232794e-02
1.531539647005577081e+02 2.462023855301666286e-02
1.532338517297060321e+02 2.461038457946740365e-02
1.533137801586162539e+02 2.460053442746698571e-02
1.533937500087425292e+02 2.459068809553847587e-02
1.534737613015511783e+02 2.458084558220539548e-02
1.535538140585186966e+02 2.457100688599195629e-02
1.536339083011329762e+02 2.456117200542291476e-02
1.537140440508931079e+02 2.455134093902358247e-02
1.537942213293092948e+02 2.454151368531987121e-02
1.538744401579028249e+02 2.453169024283825481e-02
1.539547005582062695e+02 2.452187061010578303e-02
1.540350025517632275e+02 2.451205478565008505e-02
1.541153461601286097e+02 2.450224276799935902e-02
1.541957314048679848e+02 2.449243455568242064e-02
1.542761583075592284e+02 2.448263014722853667e-02
1.543566268897903342e+02 2.447282954116767467e-02
1.544371371731608917e+02 2.446303273603032610e-02
1.545176891792815752e+02 2.445323973034756529e-02
1.545982829297743422e+02 2.444345052265102514e-02
1.546789184462723483e+02 2.443366511147293529e-02
1.547595957504199191e+02 2.442388349534607359e-02
1.548403148638726350e+02 2.441410567280380417e-02
1.549210758082972461e+02 2.440433164238006367e-02
1.550018786053715019e+02 2.439456140260939238e-02
1.550827232767852877e+02 2.438479495202678510e-02
1.551636098442386924e+02 2.437503228916794440e-02
1.552445383294435430e+02 2.436527341256907592e-02
1.553255087541227795e+02 2.435551832076697856e-02
1.554065211400107103e+02 2.434576701229900983e-02
1.554875755088527569e+02 2.433601948570310661e-02
1.555686718824057380e+02 2.432627573951777131e-02
1.556498102824376986e+02 2.431653577228207533e-02
1.557309907307279957e+02 2.430679958253566600e-02
1.558122132490669003e+02 2.429706716881879086e-02
1.558934778592569899e+02 2.428733852967215889e-02
1.559747845831111022e+02 2.427761366363716256e-02
1.560561334424538416e+02 2.426789256925572166e-02
1.561375244591209253e+02 2.425817524507032849e-02
1.562189576549595813e+02 2.424846168962404083e-02
1.563004330518282359e+02 2.423875190146048547e-02
1.563819506715966838e+02 2.422904587912386512e-02
1.564635105361460603e+02 2.421934362115893413e-02
1.565451126673688123e+02 2.420964512611103320e-02
1.566267570871684427e+02 2.419995039252609628e-02
1.567084438174607328e+02 2.419025941895051879e-02
1.567901728801718946e+02 2.418057220393136572e-02
1.568719442972398213e+02 2.417088874601624332e-02
1.569537580906137180e+02 2.416120904375331641e-02
1.570356142822542438e+02 2.415153309569132573e-02
1.571175128941333980e+02 2.414186090037956714e-02
1.571994539482345772e+02 2.413219245636790550e-02
1.572814374665525179e+02 2.412252776220677811e-02
1.573634634710934961e+02 2.411286681644718086e-02
1.574455319838746732e+02 2.410320961764072026e-02
1.575276430269257446e+02 2.409355616433944344e-02
1.576097966222868081e+02 2.408390645509608102e-02
1.576919927920096427e+02 2.407426048846390138e-02
1.577742315581575951e+02 2.406461826299672105e-02
1.578565129428052671e+02 2.405497977724892905e-02
1.579388369680388564e+02 2.404534502977547297e-02
1.580212036559559294e+02 2.403571401913187633e-02
1.581036130286655066e+02 2.402608674387421428e-02
1.581860651082881191e+02 2.401646320255913444e-02
1.582685599169553541e+02 2.400684339374387077e-02
1.583510974768112760e+02 2.399722731598612213e-02
1.584336778100104652e+02 2.398761496784426045e-02
1.585163009387193540e+02 2.397800634787717461e-02
1.585989668851157717e+02 2.396840145464432942e-02
1.586816756713890300e+02 2.395880028670573439e-02
1.587644273197400651e+02 2.394920284262197843e-02
1.588472218523812103e+02 2.393960912095419516e-02
1.589300592915363097e+02 2.393001912026409758e-02
1.590129396594408320e+02 2.392043283911395035e-02
1.590958629783413016e+02 2.391085027606660793e-02
1.591788292704968626e+02 2.390127142968539314e-02
1.592618385581771179e+02 2.389169629853428456e-02
1.593448908636636077e+02 2.388212488117779156e-02
1.594279862092493829e+02 2.387255717618098558e-02
1.595111246172391191e+02 2.386299318210948969e-02
1.595943061099489455e+02 2.385343289752949944e-02
1.596775307097066445e+02 2.384387632100775506e-02
1.597607984388514808e+02 2.383432345111156578e-02
1.598441093197344003e+02 2.382477428640879941e-02
1.599274633747175187e+02 2.381522882546791703e-02
1.600108606261755710e+02 2.380568706685781688e-02
1.600943010964938651e+02 2.379614900914809802e-02
1.601777848080696458e+02 2.378661465090884525e-02
1.602613117833118679e+02 2.377708399071072273e-02
1.603448820446408831e+02 2.376755702712494631e-02
1.604284956144888952e+02 2.375803375872328690e-02
1.605121525152995900e+02 2.374851418407807752e-02
1.605958527695283067e+02 2.373899830176220624e-02
1.606795963996420653e+02 2.372948611034911628e-02
1.607633834281191412e+02 2.371997760841284414e-02
1.608472138774505140e+02 2.371047279452788079e-02
1.609310877701377365e+02 2.370097166726936946e-02
1.610150051286944688e+02 2.369147422521298424e-02
1.610989659756459389e+02 2.368198046693495429e-02
1.611829703335290844e+02 2.367249039101205349e-02
1.612670182248925528e+02 2.366300399602162471e-02
1.613511096722966442e+02 2.365352128054156247e-02
1.614352446983133405e+02 2.364404224315030598e-02
1.615194233255263043e+02 2.363456688242686690e-02
1.616036455765306812e+02 2.362509519695082938e-02
1.616879114739342072e+02 2.361562718530223551e-02
1.617722210403553333e+02 2.360616284606178658e-02
1.618565742984246185e+02 2.359670217781070431e-02
1.619409712707843596e+02 2.358724517913075858e-02
1.620254119800885917e+02 2.357779184860427091e-02
1.621098964490029744e+02 2.356834218481413182e-02
1.621944247002050474e+02 2.355889618634376265e-02
1.622789967563840605e+02 2.354945385177715719e-02
1.623636126402410014e+02 2.354001517969884355e-02
1.624482723744883401e+02 2.353058016869395697e-02
1.625329759818512230e+02 2.352114881734806290e-02
1.626177234850656532e+02 2.351172112424739294e-02
1.627025149068797134e+02 2.350229708797869563e-02
1.627873502700533379e+02 2.349287670712926421e-02
1.628722295973581708e+02 2.348345998028695050e-02
1.629571529115776798e+02 2.347404690604015104e-02
1.630421202355071557e+02 2.346463748297782093e-02
1.631271315919537130e+02 2.345523170968946344e-02
1.632121870037363180e+02 2.344582958476512310e-02
1.632972864936852773e+02 2.343643110679544464e-02
1.633824300846438859e+02 2.342703627437150646e-02
1.634676177994662680e+02 2.341764508608503922e-02
1.635528496610186266e+02 2.340825754052830790e-02
1.636381256921791021e+02 2.339887363629410480e-02
1.637234459158376296e+02 2.338949337197578776e-02
1.638088103548960532e+02 2.338011674616724545e-02
1.638942190322680688e+02 2.337074375746293550e-02
1.639796719708792239e+02 2.336137440445784988e-02
1.640651691936670034e+02 2.335200868574753216e-02
1.641507107235804028e+02 2.334264659992811575e-02
1.642362965835812929e+02 2.333328814559616771e-02
1.643219267966424866e+02 2.332393332134891084e-02
1.644076013857490466e+02 2.331458212578408143e-02
1.644933203738978591e+02 2.330523455749996392e-02
1.645790837840978327e+02 2.329589061509539094e-02
1.646648916393697561e+02 2.328655029716973288e-02
1.647507439627463270e+02 2.327721360232292216e-02
1.648366407772722084e+02 2.326788052915542554e-02
1.649225821060040005e+02 2.325855107626825097e-02
1.650085679720098710e+02 2.324922524226301357e-02
1.650945983983710619e+02 2.323990302574173786e-02
1.651806734081796435e+02 2.323058442530711448e-02
1.652667930245400782e+02 2.322126943956234410e-02
1.653529572705687656e+02 2.321195806711117207e-02
1.654391661693940421e+02 2.320265030655788499e-02
1.655254197441563235e+02 2.319334615650732456e-02
1.656117180180079629e+02 2.318404561556485638e-02
1.656980610141132786e+02 2.317474868233641155e-02
1.657844487556486683e+02 2.316545535542845549e-02
1.658708812658021543e+02 2.315616563344803647e-02
1.659573585677748326e+02 2.314687951500263297e-02
1.660438806847786850e+02 2.313759699870038267e-02
1.661304476400382555e+02 2.312831808314992285e-02
1.662170594567899968e+02 2.311904276696043550e-02
1.663037161582823842e+02 2.310977104874165425e-02
1.663904177677760288e+02 2.310050292710384354e-02
1.664771643085435073e+02 2.309123840065781599e-02
1.665639558038695611e+02 2.308197746801492548e-02
1.666507922770508969e+02 2.307272012778707054e-02
1.667376737513960165e+02 2.306346637858672569e-02
1.668246002502264957e+02 2.305421621902679213e-02
1.669115717968749379e+02 2.304496964772083378e-02
1.669985884146864805e+02 2.303572666328290372e-02
1.670856501270182832e+02 2.302648726432761014e-02
1.671727569572396135e+02 2.301725144947009902e-02
1.672599089287318463e+02 2.300801921732604713e-02
1.673471060648885498e+02 2.299879056651168638e-02
1.674343483891153141e+02 2.298956549564377255e-02
1.675216359248298943e+02 2.298034400333961308e-02
1.676089686954618401e+02 2.297112608821709132e-02
1.676963467244539174e+02 2.296191174889451389e-02
1.677837700352599200e+02 2.295270098399084316e-02
1.678712386513462320e+02 2.294349379212553761e-02
1.679587525961913173e+02 2.293429017191859695e-02
1.680463118932858890e+02 2.292509012199055868e-02
1.681339165661327684e+02 2.291589364096250150e-02
1.682215666382469692e+02 2.290670072745604538e-02
1.683092621331556984e+02 2.289751138009334455e-02
1.683970030743983841e+02 2.288832559749707715e-02
1.684847894855262496e+02 2.287914337829052153e-02
1.685726213901037909e+02 2.286996472109736542e-02
1.686604988117067307e+02 2.286078962454194882e-02
1.687484217739232406e+02 2.285161808724911481e-02
1.688363903003538269e+02 2.284245010784423380e-02
1.689244044146111605e+02 2.283328568495322439e-02
1.690124641403201338e+02 2.282412481720253947e-02
1.691005695011179739e+02 2.281496750321915581e-02
1.691887205206540727e+02 2.280581374163060879e-02
1.692769172225901286e+02 2.279666353106493681e-02
1.693651596305996918e+02 2.278751687015078548e-02
1.694534477683696707e+02 2.277837375751720281e-02
1.695417816595982288e+02 2.276923419179388910e-02
1.696301613279960918e+02 2.276009817161104426e-02
1.697185867972863207e+02 2.275096569559939899e-02
1.698070580912042828e+02 2.274183676239022178e-02
1.698955752334975955e+02 2.273271137061531194e-02
1.699841382479261824e+02 2.272358951890700654e-02
1.700727471582623593e+02 2.271447120589817695e-02
1.701614019882906916e+02 2.270535643022222189e-02
1.702501027618077387e+02 2.269624519051311254e-02
1.703388495026234182e+02 2.268713748540525724e-02
1.704276422345589594e+02 2.267803331353368534e-02
1.705164809814483249e+02 2.266893267353392930e-02
1.706053657671377550e+02 2.265983556404205929e-02
1.706942966154859391e+02 2.265074198369467634e-02
1.707832735503637878e+02 2.264165193112891578e-02
1.708722965956547455e+02 2.263256540498244027e-02
1.709613657752545350e+02 2.262348240389344331e-02
1.710504811130712426e+02 2.261440292650065617e-02
1.711396426330250904e+02 2.260532697144336869e-02
1.712288503590496873e+02 2.259625453736130440e-02
1.713181043150899825e+02 2.258718562289481480e-02
1.714074045251036864e+02 2.257812022668475443e-02
1.714967510130609867e+02 2.256905834737250524e-02
1.715861438029444059e+02 2.255999998359997996e-02
1.716755829187489724e+02 2.255094513400961870e-02
1.717650683844821344e+02 2.254189379724439238e-02
1.718546002241636756e+02 2.253284597194781316e-02
1.719441784618259987e+02 2.252380165676389975e-02
1.720338031215134720e+02 2.251476085033725719e-02
1.721234742272840492e+02 2.250572355131290336e-02
1.722131918032071098e+02 2.249668975833648416e-02
1.723029558733647377e+02 2.248765947005415891e-02
1.723927664618516644e+02 2.247863268511259699e-02
1.724826235927750133e+02 2.246960940215900204e-02
1.725725272902544134e+02 2.246058961984110508e-02
1.726624775784219992e+02 2.245157333680716794e-02
1.727524744814223823e+02 2.244256055170598327e-02
1.728425180234127083e+02 2.243355126318686069e-02
1.729326082285623727e+02 2.242454546989967532e-02
1.730227451210542142e+02 2.241554317049472556e-02
1.731129287250826110e+02 2.240654436362294818e-02
1.732031590648547876e+02 2.239754904793576570e-02
1.732934361645906733e+02 2.238855722208512103e-02
1.733837600485225039e+02 2.237956888472349484e-02
1.734741307408952764e+02 2.237058403450388824e-02
1.735645482659664083e+02 2.236160267007982622e-02
1.736550126480060214e+02 2.235262479010535763e-02
1.737455239112967149e+02 2.234365039323506566e-02
1.738360820801333659e+02 2.233467947812408858e-02
1.739266871788244657e+02 2.232571204342798099e-02
1.740173392316900731e+02 2.231674808780293243e-02
1.741080382630632073e+02 2.230778760990562160e-02
1.741987842972894498e+02 2.229883060839324763e-02
1.742895773587271151e+02 2.228987708192353354e-02
1.743804174717469664e+02 2.228092702915473663e-02
1.744713046607325566e+02 2.227198044874562771e-02
1.745622389500799443e+02 2.226303733935550144e-02
1.746532203641979777e+02 2.225409769964417639e-02
1.747442489275076412e+02 2.224516152827203663e-02
1.748353246644437320e+02 2.223622882389987912e-02
1.749264475994526720e+02 2.222729958518912183e-02
1.750176177569938147e+02 2.221837381080168233e-02
1.751088351615392753e+02 2.220945149939998822e-02
1.752000998375737595e+02 2.220053264964700485e-02
1.752914118095948197e+02 2.219161726020620062e-02
1.753827711021124571e+02 2.218270532974157827e-02
1.754741777396496332e+02 2.217379685691766439e-02
1.755656317467418432e+02 2.216489184039949906e-02
1.756571331479370315e+02 2.215599027885267400e-02
1.757486819677968697e+02 2.214709217094321461e-02
1.758402782308947678e+02 2.213819751533774999e-02
1.759319219618171246e+02 2.212930631070341228e-02
1.760236131851631853e+02 2.212041855570784712e-02
1.761153519255448430e+02 2.211153424901922404e-02
1.762071382075868371e+02 2.210265338930621909e-02
1.762989720559266118e+02 2.209377597523804609e-02
1.763908534952143725e+02 2.208490200548443236e-02
1.764827825501131429e+02 2.207603147871561866e-02
1.765747592452983667e+02 2.206716439360239743e-02
1.766667836054593010e+02 2.205830074881599129e-02
1.767588556552969408e+02 2.204944054302823003e-02
1.768509754195255255e+02 2.204058377491142917e-02
1.769431429228719423e+02 2.203173044313843851e-02
1.770353581900759821e+02 2.202288054638261092e-02
1.771276212458903387e+02 2.201403408331780928e-02
1.772199321150803257e+02 2.200519105261843772e-02
1.773122908224243304e+02 2.199635145295939995e-02
1.774046973927133877e+02 2.198751528301612010e-02
1.774971518507511234e+02 2.197868254146458089e-02
1.775896542213550902e+02 2.196985322698116749e-02
1.776822045293545216e+02 2.196102733824289652e-02
1.777748027995920381e+02 2.195220487392725989e-02
1.778674490569230500e+02 2.194338583271226301e-02
1.779601433262158139e+02 2.193457021327643863e-02
1.780528856323515470e+02 2.192575801429881913e-02
1.781456760002242845e+02 2.191694923445897461e-02
1.782385144547410505e+02 2.190814387243696440e-02
1.783314010208217155e+02 2.189934192691337864e-02
1.784243357233986842e+02 2.189054339656936257e-02
1.785173185874184298e+02 2.188174828008645698e-02
1.786103496378392492e+02 2.187295657614683059e-02
1.787034288996327120e+02 2.186416828343313440e-02
1.787965563977833199e+02 2.185538340062852247e-02
1.788897321572885915e+02 2.184660192641667623e-02
1.789829562031589205e+02 2.183782385948178015e-02
1.790762285604177180e+02 2.182904919850853914e-02
1.791695492541012982e+02 2.182027794218216812e-02
1.792629183092590210e+02 2.181151008918839895e-02
1.793563357509528089e+02 2.180274563821350819e-02
1.794498016042587096e+02 2.179398458794417487e-02
1.795433158942646514e+02 2.178522693706771290e-02
1.796368786460719491e+02 2.177647268427189073e-02
1.797304898847948209e+02 2.176772182824501453e-02
1.798241496355606728e+02 2.175897436767587970e-02
1.799178579235098141e+02 2.175023030125380202e-02
1.800116147737956283e+02 2.174148962766861079e-02
1.801054202115844873e+02 2.173275234561065222e-02
1.801992742620558658e+02 2.172401845377076868e-02
1.802931769504018291e+02 2.171528795084036109e-02
1.803871283018287386e+02 2.170656083551123286e-02
1.804811283415548360e+02 2.169783710647580147e-02
1.805751770948117212e+02 2.168911676242696318e-02
1.806692745868442103e+02 2.168039980205812081e-02
1.807634208429101648e+02 2.167168622406318718e-02
1.808576158882804634e+02 2.166297602713658510e-02
1.809518597482391442e+02 2.165426920997325783e-02
1.810461524480833759e+02 2.164556577126863432e-02
1.811404940131233161e+02 2.163686570971868131e-02
1.812348844686819973e+02 2.162816902401988595e-02
1.813293238400966629e+02 2.161947571286915171e-02
1.814238121527164935e+02 2.161078577496399269e-02
1.815183494319042268e+02 2.160209920900240180e-02
1.816129357030358449e+02 2.159341601368286456e-02
1.817075709915002619e+02 2.158473618770439736e-02
1.818022553226997502e+02 2.157605972976650230e-02
1.818969887220496560e+02 2.156738663856920535e-02
1.819917712149785132e+02 2.155871691281302863e-02
1.820866028269280150e+02 2.155005055119901120e-02
1.821814835833526729e+02 2.154138755242872988e-02
1.822764135097212943e+02 2.153272791520416743e-02
1.823713926315148797e+02 2.152407163822789987e-02
1.824664209742278729e+02 2.151541872020299936e-02
1.825614985633679055e+02 2.150676915983304113e-02
1.826566254244559957e+02 2.149812295582207919e-02
1.827518015830262073e+02 2.148948010687471571e-02
1.828470270646260190e+02 2.148084061169601780e-02
1.829423018948159267e+02 2.147220446899159377e-02
1.830376260991698416e+02 2.146357167746752725e-02
1.831329997032745496e+02 2.145494223583046048e-02
1.832284227327311328e+02 2.144631614278743117e-02
1.833238952131528379e+02 2.143769339704608423e-02
1.834194171701666107e+02 2.142907399731453985e-02
1.835149886294126702e+02 2.142045794230141437e-02
1.836106096165444512e+02 2.141184523071583412e-02
1.837062801572287469e+02 2.140323586126742506e-02
1.838020002771456518e+02 2.139462983266632312e-02
1.838977700019885333e+02 2.138602714362316040e-02
1.839935893574641170e+02 2.137742779284908246e-02
1.840894583692920605e+02 2.136883177905576220e-02
1.841853770632064027e+02 2.136023910095527847e-02
1.842813454649535743e+02 2.135164975726030687e-02
1.843773636002934779e+02 2.134306374668401216e-02
1.844734314949995735e+02 2.133448106794003443e-02
1.845695491748585937e+02 2.132590171974253421e-02
1.846657166656706011e+02 2.131732570080616812e-02
1.847619339932491016e+02 2.130875300984609935e-02
1.848582011834209595e+02 2.130018364557798374e-02
1.849545182620263688e+02 2.129161760671798714e-02
1.850508852549186258e+02 2.128305489198280276e-02
1.851473021879654084e+02 2.127449550008953666e-02
1.852437690870468998e+02 2.126593942975587778e-02
1.853402859780568406e+02 2.125738667969999732e-02
1.854368528869025283e+02 2.124883724864055912e-02
1.855334698395046473e+02 2.124029113529673357e-02
1.856301368617973253e+02 2.123174833838818373e-02
1.857268539797280766e+02 2.122320885663508266e-02
1.858236212192579728e+02 2.121467268875808915e-02
1.859204386063613867e+02 2.120613983347837544e-02
1.860173061670259358e+02 2.119761028951763077e-02
1.861142239272537040e+02 2.118908405559796412e-02
1.862111919130592241e+02 2.118056113044206393e-02
1.863082101504708135e+02 2.117204151277309737e-02
1.864052786655302612e+02 2.116352520131472084e-02
1.865023974842929988e+02 2.115501219479109726e-02
1.865995666328277878e+02 2.114650249192687528e-02
1.866967861372169466e+02 2.113799609144721703e-02
1.867940560235563794e+02 2.112949299207777382e-02
1.868913763179554337e+02 2.112099319254469657e-02
1.869887470465366448e+02 2.111249669157466008e-02
1.870861682354372419e+02 2.110400348789474509e-02
1.871836399108068179e+02 2.109551358023262907e-02
1.872811620988089203e+02 2.108702696731644399e-02
1.873787348256206542e+02 2.107854364787483184e-02
1.874763581174326816e+02 2.107006362063692032e-02
1.875740320004492503e+02 2.106158688433233672e-02
1.876717565008881650e+02 2.105311343769120450e-02
1.877695316449808445e+02 2.104464327944413973e-02
1.878673574589723216e+02 2.103617640832226160e-02
1.879652339691207885e+02 2.102771282305720968e-02
1.880631612016991880e+02 2.101925252238102948e-02
1.881611391829929971e+02 2.101079550502634591e-02
1.882591679393016761e+02 2.100234176972625919e-02
1.883572474969382711e+02 2.099389131521435525e-02
1.884553778822294987e+02 2.098544414022472313e-02
1.885535591215157751e+02 2.097700024349194101e-02
1.886517912411510167e+02 2.096855962375107976e-02
1.887500742675029528e+02 2.096012227973769945e-02
1.888484082269528699e+02 2.095168821018787361e-02
1.889467931458954126e+02 2.094325741383817538e-02
1.890452290507400051e+02 2.093482988942559422e-02
1.891437159679086335e+02 2.092640563568769901e-02
1.892422539238373815e+02 2.091798465136252699e-02
1.893408429449759751e+02 2.090956693518859766e-02
1.894394830577878679e+02 2.090115248590493358e-02
1.895381742887502980e+02 2.089274130225104303e-02
1.896369166643541178e+02 2.088433338296693392e-02
1.897357102111039353e+02 2.087592872679308945e-02
1.898345549555181719e+02 2.086752733247050628e-02
1.899334509241284934e+02 2.085912919874069460e-02
1.900323981434815437e+02 2.085073432434554966e-02
1.901313966401365860e+02 2.084234270802757388e-02
1.902304464406669524e+02 2.083395434852971378e-02
1.903295475716598162e+02 2.082556924459541201e-02
1.904287000597160500e+02 2.081718739496860385e-02
1.905279039314504246e+02 2.080880879839371034e-02
1.906271592134914385e+02 2.080043345361564516e-02
1.907264659324813749e+02 2.079206135937981120e-02
1.908258241150763865e+02 2.078369251443210053e-02
1.909252337879459276e+02 2.077532691751893604e-02
1.910246949777745726e+02 2.076696456738711880e-02
1.911242077112595155e+02 2.075860546278404661e-02
1.912237720151121323e+02 2.075024960245756833e-02
1.913233879160576691e+02 2.074189698515602198e-02
1.914230554408352987e+02 2.073354760962823826e-02
1.915227746161979212e+02 2.072520147462353704e-02
1.916225454689123353e+02 2.071685857889172047e-02
1.917223680257593230e+02 2.070851892118307641e-02
1.918222423135333372e+02 2.070018250024839926e-02
1.919221683590425300e+02 2.069184931483898301e-02
1.920221461891100319e+02 2.068351936370651720e-02
1.921221758305716492e+02 2.067519264560328113e-02
1.922222573102775982e+02 2.066686915928201210e-02
1.923223906550919082e+02 2.065854890349591924e-02
1.924225758918926203e+02 2.065023187699871129e-02
1.925228130475716171e+02 2.064191807854457925e-02
1.926231021490347644e+02 2.063360750688820675e-02
1.927234432232018833e+02 2.062530016078474929e-02
1.928238362970067215e+02 2.061699603898986544e-02
1.929242813973965838e+02 2.060869514025972030e-02
1.930247785513339238e+02 2.060039746335087102e-02
1.931253277857940702e+02 2.059210300702045762e-02
1.932259291277665625e+02 2.058381177002607115e-02
1.933265826042550373e+02 2.057552375112579879e-02
1.934272882422771147e+02 2.056723894907819261e-02
1.935280460688644553e+02 2.055895736264230431e-02
1.936288561110625892e+02 2.055067899057766434e-02
1.937297183959312008e+02 2.054240383164429584e-02
1.938306329505439578e+02 2.053413188460269378e-02
1.939315998019881135e+02 2.052586314821387356e-02
1.940326189773662122e+02 2.051759762123924261e-02
1.941336905037936162e+02 2.050933530244078429e-02
1.942348144084001831e+02 2.050107619058093300e-02
1.943359907183297821e+02 2.049282028442260886e-02
1.944372194607403230e+02 2.048456758272921077e-02
1.945385006628038411e+02 2.047631808426463029e-02
1.946398343517064689e+02 2.046807178779322736e-02
1.947412205546484074e+02 2.045982869207985458e-02
1.948426592988439268e+02 2.045158879588984679e-02
1.949441506115209961e+02 2.044335209798904887e-02
1.950456945199229324e+02 2.043511859714368731e-02
1.951472910513059844e+02 2.042688829212057841e-02
1.952489402329408961e+02 2.041866118168697911e-02
1.953506420921124800e+02 2.041043726461062857e-02
1.954523966561198165e+02 2.040221653965975171e-02
1.955542039522761115e+02 2.039399900560304874e-02
1.956560640079085829e+02 2.038578466120970559e-02
1.957579768503587729e+02 2.037757350524938699e-02
1.958599425069822928e+02 2.036936553649223297e-02
1.959619610051486234e+02 2.036116075370890399e-02
1.960640323722425649e+02 2.035295915567043867e-02
1.961661566356618778e+02 2.034476074114845850e-02
1.962683338228189882e+02 2.033656550891502560e-02
1.963705639611405331e+02 2.032837345774267737e-02
1.964728470780672751e+02 2.032018458640444739e-02
1.965751832010542728e+02 2.031199889367383410e-02
1.966775723575708241e+02 2.030381637832481476e-02
1.967800145751004379e+02 2.029563703913185232e-02
1.968825098811408338e+02 2.028746087486988509e-02
1.969850583032036013e+02 2.027928788431436480e-02
1.970876598688157912e+02 2.027111806624111792e-02
1.971903146055175284e+02 2.026295141942655378e-02
1.972930225408636602e+02 2.025478794264751886e-02
1.973957837024231878e+02 2.024662763468134188e-02
1.974985981177794940e+02 2.023847049430583384e-02
1.976014658145302576e+02 2.023031652029927061e-02
1.977043868202873682e+02 2.022216571144041727e-02
1.978073611626771537e+02 2.021401806650851424e-02
1.979103888693401530e+02 2.020587358428326680e-02
1.980134699679308881e+02 2.019773226354490414e-02
1.981166044861194280e+02 2.018959410307401975e-02
1.982197924515888872e+02 2.018145910165180384e-02
1.983230338920372162e+02 2.017332725805985952e-02
1.984263288351766903e+02 2.016519857108029293e-02
1.985296773087339943e+02 2.015707303949566126e-02
1.986330793404500525e+02 2.014895066208902477e-02
1.987365349580802842e+02 2.014083143764389128e-02
1.988400441893944333e+02 2.013271536494426819e-02
1.989436070621767101e+02 2.012460244277461396e-02
1.990472236042252234e+02 2.011649266991991439e-02
1.991508938433537423e+02 2.010838604516552303e-02
1.992546178073892520e+02 2.010028256729736243e-02
1.993583955241735453e+02 2.009218223510180618e-02
1.994622270215628532e+02 2.008408504736568928e-02
1.995661123274278168e+02 2.007599100287633248e-02
1.996700514696535436e+02 2.006790010042152489e-02
1.997740444761396077e+02 2.005981233878952399e-02
1.998780913747999932e+02 2.005172771676907648e-02
1.999821921935632076e+02 2.004364623314938004e-02
2.000863469603717704e+02 2.003556788672015282e-02
2.001905557031839464e+02 2.002749267627148416e-02
2.002948184499712454e+02 2.001942060059403242e-02
2.003991352287200982e+02 2.001135165847889655e-02
2.005035060674314025e+02 2.000328584871764737e-02
2.006079309941205793e+02 1.999522317010232753e-02
2.007124100368176016e+02 1.998716362142545500e-02
2.008169432235669660e+02 1.997910720148000918e-02
2.009215305824276356e+02 1.997105390905945521e-02
2.010261721414731824e+02 1.996300374295771271e-02
2.011308679287912469e+02 1.995495670196922519e-02
2.012356179724853860e+02 1.994691278488879005e-02
2.013404223006724010e+02 1.993887199051177714e-02
2.014452809414840146e+02 1.993083431763400734e-02
2.015501939230666721e+02 1.992279976505175604e-02
2.016551612735812284e+02 1.991476833156177739e-02
2.017601830212033178e+02 1.990674001596129047e-02
2.018652591941230412e+02 1.989871481704799314e-02
2.019703898205452219e+02 1.989069273362003773e-02
2.020755749286891501e+02 1.988267376447605886e-02
2.021808145467884685e+02 1.987465790841518379e-02
2.022861087030926228e+02 1.986664516423692142e-02
2.023914574258644450e+02 1.985863553074133925e-02
2.024968607433818875e+02 1.985062900672894190e-02
2.026023186839374830e+02 1.984262559100070239e-02
2.027078312758385152e+02 1.983462528235806904e-02
2.028133985474068766e+02 1.982662807960294121e-02
2.029190205269790965e+02 1.981863398153770744e-02
2.030246972429064840e+02 1.981064298696520731e-02
2.031304287235549850e+02 1.980265509468875570e-02
2.032362149973048417e+02 1.979467030351216711e-02
2.033420560925522693e+02 1.978668861223962031e-02
2.034479520377069264e+02 1.977871001967586653e-02
2.035539028611935635e+02 1.977073452462609071e-02
2.036599085914517673e+02 1.976276212589593573e-02
2.037659692569357901e+02 1.975479282229151631e-02
2.038720848861146919e+02 1.974682661261940864e-02
2.039782555074721699e+02 1.973886349568666765e-02
2.040844811495068427e+02 1.973090347030080280e-02
2.041907618407319376e+02 1.972294653526979538e-02
2.042970976096751485e+02 1.971499268940211588e-02
2.044034884848801426e+02 1.970704193150660949e-02
2.045099344949042006e+02 1.969909426039269038e-02
2.046164356683197809e+02 1.969114967487018905e-02
2.047229920337140925e+02 1.968320817374941134e-02
2.048296036196892373e+02 1.967526975584113144e-02
2.049362704548620968e+02 1.966733441995657458e-02
2.050429925678644167e+02 1.965940216490744477e-02
2.051497699873427791e+02 1.965147298950590052e-02
2.052566027419585453e+02 1.964354689256456524e-02
2.053634908603875999e+02 1.963562387289656541e-02
2.054704343713218861e+02 1.962770392931538488e-02
2.055774333034670178e+02 1.961978706063506953e-02
2.056844876855437860e+02 1.961187326567010586e-02
2.057915975462880169e+02 1.960396254323542795e-02
2.058987629144503444e+02 1.959605489214644516e-02
2.060059838187962669e+02 1.958815031121902139e-02
2.061132602881062610e+02 1.958024879926949235e-02
2.062205923511757248e+02 1.957235035511464480e-02
2.063279800368148926e+02 1.956445497757173385e-02
2.064354233738485789e+02 1.955656266545851077e-02
2.065429223911178269e+02 1.954867341759308069e-02
2.066504771174772657e+02 1.954078723279412816e-02
2.067580875817970139e+02 1.953290410988074016e-02
2.068657538129619979e+02 1.952502404767248942e-02
2.069734758398722647e+02 1.951714704498939273e-02
2.070812536914428108e+02 1.950927310065193529e-02
2.071890873966034974e+02 1.950140221348106370e-02
2.072969769842993344e+02 1.949353438229817562e-02
2.074049224834902247e+02 1.948566960592514399e-02
2.075129239231507086e+02 1.947780788318432058e-02
2.076209813322716116e+02 1.946994921289843181e-02
2.077290947398574588e+02 1.946209359389074536e-02
2.078372641749283218e+02 1.945424102498497648e-02
2.079454896665192223e+02 1.944639150500528102e-02
2.080537712436802735e+02 1.943854503277628321e-02
2.081621089354766241e+02 1.943070160712307218e-02
2.082705027709885144e+02 1.942286122687117769e-02
2.083789527793112484e+02 1.941502389084660482e-02
2.084874589895551651e+02 1.940718959787581313e-02
2.085960214308453260e+02 1.939935834678574444e-02
2.087046401323230498e+02 1.939153013640372222e-02
2.088133151231436671e+02 1.938370496555759728e-02
2.089220464324779130e+02 1.937588283307566453e-02
2.090308340895116430e+02 1.936806373778667337e-02
2.091396781234458331e+02 1.936024767851983117e-02
2.092485785634966931e+02 1.935243465410479285e-02
2.093575354388954395e+02 1.934462466337168174e-02
2.094665487788885230e+02 1.933681770515107562e-02
2.095756186127374860e+02 1.932901377827401027e-02
2.096847449697186789e+02 1.932121288157200023e-02
2.097939278791249080e+02 1.931341501387692783e-02
2.099031673702627643e+02 1.930562017402123395e-02
2.100124634724545842e+02 1.929782836083777237e-02
2.101218162150378816e+02 1.929003957315985479e-02
2.102312256273652338e+02 1.928225380982125786e-02
2.103406917388046224e+02 1.927447106965620230e-02
2.104502145787391214e+02 1.926669135149936332e-02
2.105597941765670953e+02 1.925891465418588799e-02
2.106694305617021712e+02 1.925114097655135359e-02
2.107791237635726134e+02 1.924337031743185086e-02
2.108888738116234265e+02 1.923560267566380710e-02
2.109986807353135418e+02 1.922783805008420818e-02
2.111085445641174942e+02 1.922007643953047018e-02
2.112184653275251662e+02 1.921231784284044633e-02
2.113284430550417596e+02 1.920456225885245824e-02
2.114384777761876819e+02 1.919680968640527161e-02
2.115485695204986598e+02 1.918906012433811703e-02
2.116587183175257678e+02 1.918131357149066227e-02
2.117689241968353429e+02 1.917357002670304691e-02
2.118791871880086148e+02 1.916582948881588241e-02
2.119895073206435541e+02 1.915809195667013409e-02
2.120998846243520290e+02 1.915035742910733280e-02
2.122103191287617392e+02 1.914262590496941183e-02
2.123208108635157032e+02 1.913489738309876939e-02
2.124313598582723728e+02 1.912717186233824779e-02
2.125419661427055473e+02 1.911944934153114381e-02
2.126526297465043456e+02 1.911172981952121222e-02
2.127633506993733761e+02 1.910401329515264493e-02
2.128741290310324814e+02 1.909629976727010570e-02
2.129849647712166529e+02 1.908858923471871624e-02
2.130958579496775087e+02 1.908088169634397646e-02
2.132068085961807640e+02 1.907317715099192054e-02
2.133178167405080217e+02 1.906547559750900248e-02
2.134288824124563178e+02 1.905777703474213075e-02
2.135400056418380927e+02 1.905008146153866488e-02
2.136511864584813054e+02 1.904238887674640501e-02
2.137624248922293191e+02 1.903469927921361618e-02
2.138737209729410154e+02 1.902701266778899711e-02
2.139850747304905951e+02 1.901932904132171143e-02
2.140964861947675502e+02 1.901164839866139461e-02
2.142079553956780273e+02 1.900397073865803255e-02
2.143194823631423276e+02 1.899629606016216971e-02
2.144310671270967532e+02 1.898862436202475648e-02
2.145427097174931248e+02 1.898095564309719430e-02
2.146544101642987528e+02 1.897328990223133560e-02
2.147661684974965794e+02 1.896562713827947347e-02
2.148779847470848949e+02 1.895796735009436240e-02
2.149898589430776781e+02 1.895031053652920100e-02
2.151017911155044544e+02 1.894265669643762154e-02
2.152137812944098414e+02 1.893500582867374549e-02
2.153258295098552821e+02 1.892735793209206555e-02
2.154379357919166296e+02 1.891971300554758442e-02
2.155501001706856528e+02 1.891207104789574198e-02
2.156623226762696959e+02 1.890443205799241522e-02
2.157746033387917919e+02 1.889679603469393565e-02
2.158869421883905488e+02 1.888916297685707193e-02
2.159993392552202067e+02 1.888153288333904029e-02
2.161117945694505522e+02 1.887390575299752182e-02
2.162243081612670892e+02 1.886628158469061747e-02
2.163368800608704987e+02 1.885866037727692082e-02
2.164495102984784580e+02 1.885104212961537240e-02
2.165621989043229689e+02 1.884342684056546091e-02
2.166749459086521199e+02 1.883581450898707058e-02
2.167877513417296598e+02 1.882820513374055399e-02
2.169006152338351399e+02 1.882059871368668702e-02
2.170135376152636013e+02 1.881299524768670697e-02
2.171265185163259446e+02 1.880539473460229177e-02
2.172395579673487873e+02 1.879779717329555302e-02
2.173526559986743223e+02 1.879020256262906724e-02
2.174658126406601468e+02 1.878261090146586196e-02
2.175790279236808544e+02 1.877502218866933942e-02
2.176923018781255621e+02 1.876743642310342228e-02
2.178056345343994167e+02 1.875985360363245300e-02
2.179190259229233959e+02 1.875227372912121465e-02
2.180324760741342232e+02 1.874469679843493788e-02
2.181459850184845095e+02 1.873712281043928701e-02
2.182595527864424980e+02 1.872955176400038432e-02
2.183731794084922626e+02 1.872198365798478578e-02
2.184868649151337081e+02 1.871441849125949144e-02
2.186006093368820871e+02 1.870685626269196628e-02
2.187144127042698187e+02 1.869929697115004300e-02
2.188282750478437606e+02 1.869174061550207475e-02
2.189421963981670558e+02 1.868418719461683100e-02
2.190561767858187068e+02 1.867663670736352186e-02
2.191702162413936321e+02 1.866908915261179802e-02
2.192843147955024392e+02 1.866154452923175430e-02
2.193984724787717369e+02 1.865400283609393306e-02
2.195126893218439648e+02 1.864646407206929993e-02
2.196269653553774219e+02 1.863892823602927504e-02
2.197413006100458404e+02 1.863139532684575037e-02
2.198556951165402609e+02 1.862386534339096136e-02
2.199701489055662194e+02 1.861633828453768125e-02
2.200846620078456795e+02 1.860881414915908222e-02
2.201992344541164073e+02 1.860129293612879098e-02
2.203138662751321704e+02 1.859377464432086444e-02
2.204285575016627092e+02 1.858625927260980359e-02
2.205433081644936806e+02 1.857874681987054313e-02
2.206581182944266857e+02 1.857123728497846182e-02
2.207729879222792988e+02 1.856373066680937906e-02
2.208879170788845556e+02 1.855622696423958606e-02
2.210029057950929712e+02 1.854872617614571062e-02
2.211179541017694703e+02 1.854122830140492520e-02
2.212330620297956330e+02 1.853373333889479085e-02
2.213482296100689553e+02 1.852624128749333354e-02
2.214634568735029063e+02 1.851875214607899209e-02
2.215787438510270988e+02 1.851126591353065981e-02
2.216940905735870331e+02 1.850378258872766024e-02
2.218094970721443246e+02 1.849630217054975753e-02
2.219249633776766473e+02 1.848882465787714952e-02
2.220404895211771930e+02 1.848135004959050934e-02
2.221560755336566615e+02 1.847387834457085015e-02
2.222717214461404751e+02 1.846640954169971247e-02
2.223874272896704554e+02 1.845894363985904965e-02
2.225031930953046242e+02 1.845148063793124876e-02
2.226190188941171471e+02 1.844402053479912360e-02
2.227349047171981056e+02 1.843656332934594591e-02
2.228508505956538670e+02 1.842910902045540034e-02
2.229668565606068569e+02 1.842165760701162600e-02
2.230829226431956158e+02 1.841420908789918529e-02
2.231990488745744017e+02 1.840676346200310898e-02
2.233152352859149516e+02 1.839932072820878173e-02
2.234314819084037822e+02 1.839188088540210514e-02
2.235477887732440934e+02 1.838444393246938327e-02
2.236641559116552003e+02 1.837700986829736427e-02
2.237805833548725332e+02 1.836957869177322650e-02
2.238970711341478648e+02 1.836215040178458199e-02
2.240136192807489977e+02 1.835472499721948342e-02
2.241302278259601337e+02 1.834730247696640670e-02
2.242468968010814478e+02 1.833988283991427187e-02
2.243636262374291164e+02 1.833246608495246038e-02
2.244804161663367665e+02 1.832505221097069023e-02
2.245972666191528901e+02 1.831764121685921717e-02
2.247141776272427478e+02 1.831023310150868555e-02
2.248311492219878573e+02 1.830282786381018031e-02
2.249481814347859370e+02 1.829542550265522705e-02
2.250652742970509905e+02 1.828802601693577459e-02
2.251824278402133928e+02 1.828062940554419508e-02
2.252996420957196619e+02 1.827323566737331859e-02
2.254169170950326873e+02 1.826584480131638807e-02
2.255342528696312456e+02 1.825845680626711487e-02
2.256516494510117639e+02 1.825107168111955031e-02
2.257691068706855333e+02 1.824368942476827654e-02
2.258866251601808415e+02 1.823631003610826085e-02
2.260042043510420342e+02 1.822893351403491805e-02
2.261218444748300840e+02 1.822155985744408624e-02
2.262395455631221353e+02 1.821418906523203721e-02
2.263573076475117318e+02 1.820682113629546947e-02
2.264751307596088452e+02 1.819945606953152564e-02
2.265930149310397610e+02 1.819209386383776120e-02
2.267109601934467378e+02 1.818473451811220346e-02
2.268289665784898261e+02 1.817737803125321974e-02
2.269470341178440549e+02 1.817002440215969433e-02
2.270651628432013638e+02 1.816267362973091742e-02
2.271833527862700919e+02 1.815532571286659208e-02
2.273016039787750344e+02 1.814798065046687586e-02
2.274199164524573860e+02 1.814063844143233920e-02
2.275382902390748825e+02 1.813329908466398618e-02
2.276567253704015741e+02 1.812596257906325461e-02
2.277752218782281091e+02 1.811862892353200208e-02
2.278937797943611088e+02 1.811129811697255107e-02
2.280123991506249581e+02 1.810397015828756756e-02
2.281310799788593897e+02 1.809664504638022406e-02
2.282498223109208482e+02 1.808932278015410247e-02
2.283686261786824048e+02 1.808200335851320797e-02
2.284874916140336722e+02 1.807468678036196902e-02
2.286064186488806911e+02 1.806737304460526161e-02
2.287254073151461569e+02 1.806006215014836075e-02
2.288444576447692214e+02 1.805275409589699245e-02
2.289635696697055778e+02 1.804544888075729908e-02
2.290827434219270913e+02 1.803814650363588096e-02
2.292019789334235611e+02 1.803084696343968188e-02
2.293212762361999353e+02 1.802355025907615219e-02
2.294406353622782433e+02 1.801625638945315161e-02
2.295600563436971697e+02 1.800896535347895275e-02
2.296795392125117701e+02 1.800167715006226882e-02
2.297990840007940392e+02 1.799439177811222590e-02
2.299186907406323428e+02 1.798710923653838722e-02
2.300383594641317870e+02 1.797982952425073583e-02
2.301580902034141332e+02 1.797255264015967802e-02
2.302778829906171723e+02 1.796527858317608500e-02
2.303977378578969706e+02 1.795800735221115760e-02
2.305176548374247147e+02 1.795073894617660662e-02
2.306376339613887581e+02 1.794347336398454881e-02
2.307576752619941374e+02 1.793621060454752072e-02
2.308777787714625163e+02 1.792895066677848911e-02
2.309979445220324692e+02 1.792169354959082667e-02
2.311181725459589700e+02 1.791443925189835362e-02
2.312384628755139886e+02 1.790718777261529962e-02
2.313588155429860365e+02 1.789993911065632798e-02
2.314792305806799391e+02 1.789269326493655304e-02
2.315997080209187402e+02 1.788545023437141529e-02
2.317202478960407177e+02 1.787821001787687908e-02
2.318408502384014582e+02 1.787097261436929735e-02
2.319615150803732888e+02 1.786373802276544631e-02
2.320822424543452769e+02 1.785650624198252892e-02
2.322030323927233439e+02 1.784927727093816446e-02
2.323238849279301235e+02 1.784205110855040244e-02
2.324448000924051314e+02 1.783482775373771215e-02
2.325657779186046810e+02 1.782760720541898269e-02
2.326868184390013425e+02 1.782038946251355421e-02
2.328079216860860754e+02 1.781317452394110684e-02
2.329290876923651297e+02 1.780596238862183073e-02
2.330503164903621780e+02 1.779875305547630113e-02
2.331716081126176618e+02 1.779154652342551657e-02
2.332929625916889620e+02 1.778434279139090579e-02
2.334143799601502565e+02 1.777714185829430693e-02
2.335358602505926342e+02 1.776994372305799180e-02
2.336574034956240666e+02 1.776274838460464162e-02
2.337790097278695214e+02 1.775555584185736432e-02
2.339006789799702233e+02 1.774836609373971544e-02
2.340224112845858997e+02 1.774117913917558700e-02
2.341442066743916541e+02 1.773399497708937761e-02
2.342660651820800695e+02 1.772681360640587095e-02
2.343879868403606395e+02 1.771963502605027746e-02
2.345099716819598257e+02 1.771245923494823085e-02
2.346320197396211142e+02 1.770528623202577423e-02
2.347541310461047601e+02 1.769811601620937397e-02
2.348763056341882418e+02 1.769094858642592319e-02
2.349985435366658635e+02 1.768378394160272093e-02
2.351208447863484707e+02 1.767662208066752769e-02
2.352432094160653833e+02 1.766946300254842311e-02
2.353656374586615243e+02 1.766230670617400730e-02
2.354881289469992112e+02 1.765515319047325157e-02
2.356106839139578710e+02 1.764800245437556786e-02
2.357333023924340125e+02 1.764085449681076362e-02
2.358559844153410836e+02 1.763370931670907998e-02
2.359787300156096705e+02 1.762656691300117096e-02
2.361015392261873274e+02 1.761942728461810687e-02
2.362244120800388316e+02 1.761229043049138132e-02
2.363473486101454171e+02 1.760515634955292161e-02
2.364703488495069905e+02 1.759802504073499502e-02
2.365934128311389770e+02 1.759089650297038232e-02
2.367165405880745084e+02 1.758377073519222858e-02
2.368397321533637410e+02 1.757664773633411601e-02
2.369629875600740547e+02 1.756952750533003274e-02
2.370863068412898542e+02 1.756241004111438672e-02
2.372096900301127960e+02 1.755529534262200569e-02
2.373331371596616179e+02 1.754818340878812333e-02
2.374566482630722533e+02 1.754107423854840003e-02
2.375802233734973470e+02 1.753396783083893337e-02
2.377038625241081036e+02 1.752686418459616091e-02
2.378275657480915299e+02 1.751976329875699900e-02
2.379513330786523113e+02 1.751266517225878033e-02
2.380751645490122996e+02 1.750556980403923310e-02
2.381990601924105704e+02 1.749847719303650878e-02
2.383230200421034795e+02 1.749138733818916477e-02
2.384470441313645779e+02 1.748430023843617828e-02
2.385711324934846687e+02 1.747721589271694631e-02
2.386952851617717783e+02 1.747013429997127526e-02
2.388195021695507307e+02 1.746305545913940868e-02
2.389437835501651080e+02 1.745597936916193013e-02
2.390681293369741809e+02 1.744890602897991930e-02
2.391925395633552398e+02 1.744183543753482710e-02
2.393170142627026848e+02 1.743476759376853813e-02
2.394415534684281965e+02 1.742770249662333945e-02
2.395661572139609348e+02 1.742064014504193098e-02
2.396908255327472261e+02 1.741358053796743244e-02
2.398155584582507629e+02 1.740652367434336947e-02
2.399403560239526882e+02 1.739946955311368407e-02
2.400652182633508858e+02 1.739241817322275882e-02
2.401901452099621395e+02 1.738536953361529552e-02
2.403151368973190927e+02 1.737832363323650944e-02
2.404401933589722091e+02 1.737128047103199055e-02
2.405653146284894603e+02 1.736424004594773474e-02
2.406905007394561267e+02 1.735720235693016117e-02
2.408157517254749393e+02 1.735016740292609494e-02
2.409410676201659669e+02 1.734313518288276706e-02
2.410664484571667856e+02 1.733610569574783183e-02
2.411918942701324227e+02 1.732907894046934599e-02
2.413174050927347309e+02 1.732205491599580691e-02
2.414429809586646059e+02 1.731503362127604154e-02
2.415686219016288590e+02 1.730801505525936604e-02
2.416943279553523212e+02 1.730099921689548514e-02
2.418200991535772459e+02 1.729398610513451298e-02
2.419459355300633376e+02 1.728697571892696960e-02
2.420718371185879505e+02 1.727996805722378446e-02
2.421978039529457192e+02 1.727296311897630679e-02
2.423238360669490703e+02 1.726596090313628137e-02
2.424499334944276541e+02 1.725896140865587625e-02
2.425760962692284011e+02 1.725196463448768272e-02
2.427023244252170855e+02 1.724497057958463211e-02
2.428286179962757672e+02 1.723797924290013453e-02
2.429549770163042126e+02 1.723099062338799906e-02
2.430814015192201509e+02 1.722400472000241989e-02
2.432078915389586484e+02 1.721702153169801797e-02
2.433344471094723076e+02 1.721004105742981669e-02
2.434610682647315798e+02 1.720306329615324537e-02
2.435877550387243105e+02 1.719608824682414619e-02
2.437145074654559949e+02 1.718911590839876380e-02
2.438413255789493235e+02 1.718214627983378692e-02
2.439682094132460008e+02 1.717517936008622001e-02
2.440951590024040740e+02 1.716821514811355670e-02
2.442221743804994389e+02 1.716125364287368268e-02
2.443492555816258971e+02 1.715429484332488264e-02
2.444764026398948715e+02 1.714733874842584022e-02
2.446036155894354351e+02 1.714038535713565889e-02
2.447308944643942823e+02 1.713343466841384805e-02
2.448582392989358993e+02 1.712648668122031259e-02
2.449856501272424509e+02 1.711954139451537377e-02
2.451131269835132684e+02 1.711259880725978649e-02
2.452406699019670100e+02 1.710565891841462141e-02
2.453682789168384488e+02 1.709872172694144182e-02
2.454959540623806902e+02 1.709178723180218920e-02
2.456236953728646029e+02 1.708485543195921441e-02
2.457515028825786203e+02 1.707792632637527078e-02
2.458793766258292237e+02 1.707099991401351061e-02
2.460073166369404589e+02 1.706407619383750601e-02
2.461353229502543059e+02 1.705715516481121422e-02
2.462633956001304227e+02 1.705023682589901571e-02
2.463915346209459187e+02 1.704332117606571079e-02
2.465197400470970308e+02 1.703640821427642935e-02
2.466480119129964521e+02 1.702949793949678006e-02
2.467763502530751509e+02 1.702259035069276019e-02
2.469047551017820012e+02 1.701568544683075557e-02
2.470332264935837259e+02 1.700878322687757183e-02
2.471617644629647828e+02 1.700188368980040318e-02
2.472903690444276776e+02 1.699498683456686018e-02
2.474190402724926798e+02 1.698809266014494890e-02
2.475477781816979359e+02 1.698120116550307784e-02
2.476765828065991286e+02 1.697431234961009269e-02
2.478054541817710970e+02 1.696742621143515831e-02
2.479343923418054487e+02 1.696054274994791486e-02
2.480633973213119248e+02 1.695366196411839110e-02
2.481924691549182853e+02 1.694678385291700784e-02
2.483216078772703099e+02 1.693990841531459526e-02
2.484508135230316839e+02 1.693303565028237562e-02
2.485800861268839128e+02 1.692616555679199442e-02
2.487094257235267776e+02 1.691929813381546840e-02
2.488388323476778226e+02 1.691243338032524107e-02
2.489683060340720431e+02 1.690557129529417224e-02
2.490978468174641307e+02 1.689871187769544786e-02
2.492274547326251479e+02 1.689185512650272919e-02
2.493571298143447166e+02 1.688500104069005914e-02
2.494868720974305631e+02 1.687814961923187612e-02
2.496166816167081777e+02 1.687130086110302102e-02
2.497465584070214959e+02 1.686445476527873369e-02
2.498765025032321603e+02 1.685761133073465992e-02
2.500065139402201453e+02 1.685077055644683755e-02
2.501365927528833026e+02 1.684393244139170687e-02
2.502667389761371624e+02 1.683709698454614184e-02
2.503969526449168654e+02 1.683026418488732523e-02
2.505272337941741227e+02 1.682343404139292897e-02
2.506575824588792614e+02 1.681660655304098931e-02
2.507879986740207130e+02 1.680978171880994840e-02
2.509184824746050992e+02 1.680295953767864392e-02
2.510490338956571179e+02 1.679614000862631254e-02
2.511796529722195714e+02 1.678932313063259685e-02
2.513103397393536227e+02 1.678250890267752454e-02
2.514410942321384539e+02 1.677569732374152925e-02
2.515719164856708687e+02 1.676888839280547827e-02
2.517028065350674808e+02 1.676208210885054076e-02
2.518337644154616441e+02 1.675527847085836811e-02
2.519647901620052153e+02 1.674847747781099336e-02
2.520958838098684680e+02 1.674167912869083813e-02
2.522270453942398092e+02 1.673488342248072303e-02
2.523582749503258640e+02 1.672809035816386763e-02
2.524895725133515612e+02 1.672129993472388707e-02
2.526209381185600193e+02 1.671451215114479194e-02
2.527523718012127460e+02 1.670772700641099187e-02
2.528838735965888418e+02 1.670094449950733015e-02
2.530154435399873591e+02 1.669416462941894150e-02
2.531470816667239774e+02 1.668738739513146371e-02
2.532787880121333899e+02 1.668061279563088500e-02
2.534105626115683378e+02 1.667384082990360297e-02
2.535424055004001502e+02 1.666707149693640380e-02
2.536743167140182891e+02 1.666030479571646919e-02
2.538062962878307189e+02 1.665354072523137982e-02
2.539383442572635090e+02 1.664677928446911190e-02
2.540704606577613731e+02 1.664002047241803714e-02
2.542026455247867034e+02 1.663326428806695054e-02
2.543348988938219009e+02 1.662651073040494545e-02
2.544672208003660501e+02 1.661975979842162179e-02
2.545996112799373634e+02 1.661301149110692293e-02
2.547320703680723284e+02 1.660626580745119124e-02
2.548645981003258782e+02 1.659952274644516806e-02
2.549971945122714203e+02 1.659278230707998680e-02
2.551298596395006939e+02 1.658604448834717984e-02
2.552625935176239977e+02 1.657930928923866468e-02
2.553953961822699625e+02 1.657257670874675431e-02
2.555282676690852668e+02 1.656584674586419545e-02
2.556612080137365410e+02 1.655911939958402621e-02
2.557942172519074120e+02 1.655239466889977737e-02
2.559272954193005489e+02 1.654567255280533361e-02
2.560604425516369247e+02 1.653895305029498206e-02
2.561936586846563273e+02 1.653223616036339494e-02
2.563269438541167347e+02 1.652552188200564001e-02
2.564602980957949399e+02 1.651881021421718054e-02
2.565937214454860964e+02 1.651210115599387185e-02
2.567272139390040024e+02 1.650539470633195435e-02
2.568607756121804186e+02 1.649869086422809869e-02
2.569944065008672851e+02 1.649198962867927734e-02
2.571281066409336518e+02 1.648529099868294157e-02
2.572618760682674974e+02 1.647859497323689651e-02
2.573957148187754456e+02 1.647190155133936018e-02
2.575296229283828211e+02 1.646521073198892182e-02
2.576636004330335368e+02 1.645852251418456619e-02
2.577976473686900363e+02 1.645183689692567702e-02
2.579317637713335216e+02 1.644515387921202318e-02
2.580659496769637258e+02 1.643847346004376209e-02
2.582002051215986285e+02 1.643179563842147445e-02
2.583345301412763888e+02 1.642512041334604975e-02
2.584689247720522758e+02 1.641844778381884237e-02
2.586033890500007715e+02 1.641177774884157448e-02
2.587379230112150026e+02 1.640511030741636025e-02
2.588725266918069110e+02 1.639844545854570249e-02
2.590072001279070264e+02 1.639178320123249252e-02
2.591419433556647505e+02 1.638512353448000683e-02
2.592767564112480159e+02 1.637846645729192432e-02
2.594116393308437409e+02 1.637181196867229516e-02
2.595465921506568634e+02 1.636516006762559969e-02
2.596816149069127277e+02 1.635851075315662359e-02
2.598167076358539589e+02 1.635186402427062091e-02
2.599518703737423380e+02 1.634521987997320305e-02
2.600871031568586318e+02 1.633857831927037693e-02
2.602224060215021950e+02 1.633193934116853110e-02
2.603577790039913680e+02 1.632530294467444965e-02
2.604932221406631925e+02 1.631866912879529827e-02
2.606287354678735824e+02 1.631203789253863473e-02
2.607643190219973235e+02 1.630540923491240191e-02
2.608999728394274484e+02 1.629878315492495899e-02
2.610356969565776240e+02 1.629215965158497398e-02
2.611714914098785130e+02 1.628553872390157281e-02
2.613073562357803894e+02 1.627892037088425614e-02
2.614432914707523992e+02 1.627230459154289932e-02
2.615792971512825034e+02 1.626569138488777322e-02
2.617153733138775920e+02 1.625908074992953034e-02
2.618515199950636543e+02 1.625247268567921177e-02
2.619877372313852675e+02 1.624586719114824371e-02
2.621240250594062786e+02 1.623926426534843745e-02
2.622603835157087246e+02 1.623266390729202063e-02
2.623968126368952767e+02 1.622606611599152621e-02
2.625333124595860568e+02 1.621947089045994855e-02
2.626698830204205706e+02 1.621287822971064982e-02
2.628065243560573663e+02 1.620628813275736338e-02
2.629432365031740346e+02 1.619970059861422507e-02
2.630800194984670384e+02 1.619311562629574194e-02
2.632168733786520534e+02 1.618653321481681312e-02
2.633537981804635706e+02 1.617995336319271588e-02
2.634907939406552941e+02 1.617337607043912648e-02
2.636278606959993454e+02 1.616680133557212018e-02
2.637649984832884797e+02 1.616022915760807407e-02
2.639022073393330174e+02 1.615365953556384057e-02
2.640394873009628895e+02 1.614709246845662249e-02
2.641768384050269560e+02 1.614052795530401124e-02
2.643142606883932899e+02 1.613396599512397292e-02
2.644517541879491773e+02 1.612740658693486567e-02
2.645893189406007195e+02 1.612084972975543276e-02
2.647269549832734583e+02 1.611429542260479214e-02
2.648646623529119211e+02 1.610774366450245382e-02
2.650024410864792230e+02 1.610119445446832678e-02
2.651402912209592841e+02 1.609464779152263922e-02
2.652782127933535889e+02 1.608810367468606686e-02
2.654162058406833467e+02 1.608156210297964628e-02
2.655542703999889227e+02 1.607502307542480260e-02
2.656924065083298387e+02 1.606848659104333221e-02
2.658306142027849432e+02 1.606195264885742005e-02
2.659688935204521272e+02 1.605542124788963965e-02
2.661072444984487220e+02 1.604889238716292882e-02
2.662456671739111016e+02 1.604236606570062437e-02
2.663841615839943984e+02 1.603584228252646210e-02
2.665227277658747198e+02 1.602932103666448310e-02
2.666613657567456812e+02 1.602280232713918645e-02
2.668000755938207362e+02 1.601628615297543204e-02
2.669388573143327790e+02 1.600977251319845099e-02
2.670777109555338029e+02 1.600326140683386300e-02
2.672166365546951852e+02 1.599675283290766595e-02
2.673556341491076296e+02 1.599024679044623587e-02
2.674947037760811099e+02 1.598374327847633738e-02
2.676338454729450405e+02 1.597724229602510287e-02
2.677730592770475369e+02 1.597074384212008452e-02
2.679123452257577469e+02 1.596424791578912247e-02
2.680517033564625535e+02 1.595775451606052872e-02
2.681911337065686780e+02 1.595126364196295526e-02
2.683306363135023958e+02 1.594477529252544268e-02
2.684702112147092521e+02 1.593828946677740971e-02
2.686098584476541191e+02 1.593180616374864980e-02
2.687495780498215368e+02 1.592532538246934498e-02
2.688893700587152580e+02 1.591884712197004503e-02
2.690292345118585331e+02 1.591237138128167791e-02
2.691691714467934844e+02 1.590589815943559485e-02
2.693091809010834368e+02 1.589942745546342115e-02
2.694492629123093934e+02 1.589295926839726439e-02
2.695894175180724801e+02 1.588649359726956173e-02
2.697296447559933199e+02 1.588003044111314238e-02
2.698699446637119195e+02 1.587356979896120679e-02
2.700103172788878965e+02 1.586711166984733704e-02
2.701507626392003090e+02 1.586065605280549337e-02
2.702912807823478261e+02 1.585420294687000381e-02
2.704318717460486710e+02 1.584775235107559188e-02
2.705725355680398820e+02 1.584130426445736275e-02
2.707132722860799277e+02 1.583485868605074079e-02
2.708540819379450681e+02 1.582841561489158749e-02
2.709949645614316296e+02 1.582197505001613214e-02
2.711359201943557196e+02 1.581553699046096481e-02
2.712769488745528861e+02 1.580910143526306072e-02
2.714180506398783450e+02 1.580266838345977323e-02
2.715592255282068663e+02 1.579623783408882348e-02
2.717004735774329447e+02 1.578980978618831424e-02
2.718417948254706857e+02 1.578338423879672645e-02
2.719831893102532376e+02 1.577696119095293309e-02
2.721246570697351785e+02 1.577054064169611594e-02
2.722661981418888786e+02 1.576412259006590780e-02
2.724078125647071715e+02 1.575770703510228146e-02
2.725495003762024453e+02 1.575129397584559138e-02
2.726912616144068693e+02 1.574488341133657363e-02
2.728330963173722239e+02 1.573847534061632858e-02
2.729750045231701279e+02 1.573206976272633131e-02
2.731169862698918109e+02 1.572566667670843854e-02
2.732590415956483980e+02 1.571926608160488167e-02
2.734011705385699429e+02 1.571286797645828071e-02
2.735433731368083272e+02 1.570647236031156788e-02
2.736856494285330541e+02 1.570007923220811258e-02
2.738279994519343745e+02 1.569368859119164156e-02
2.739704232452220936e+02 1.568730043630625279e-02
2.741129208466259684e+02 1.568091476659641201e-02
2.742554922943954239e+02 1.567453158110696659e-02
2.743981376267998371e+02 1.566815087888313515e-02
2.745408568821283097e+02 1.566177265897050405e-02
2.746836500986898386e+02 1.565539692041504130e-02
2.748265173148126905e+02 1.564902366226310695e-02
2.749694585688466759e+02 1.564265288356135597e-02
2.751124738991599656e+02 1.563628458335689433e-02
2.752555633441408531e+02 1.562991876069717845e-02
2.753987269421976976e+02 1.562355541463003247e-02
2.755419647317588669e+02 1.561719454420365180e-02
2.756852767512725109e+02 1.561083614846660826e-02
2.758286630392066741e+02 1.560448022646784144e-02
2.759721236340494102e+02 1.559812677725666563e-02
2.761156585743087248e+02 1.559177579988276288e-02
2.762592678985120642e+02 1.558542729339621249e-02
2.764029516452083044e+02 1.557908125684739388e-02
2.765467098529648524e+02 1.557273768928712880e-02
2.766905425603695790e+02 1.556639658976658250e-02
2.768344498060303067e+02 1.556005795733729664e-02
2.769784316285749242e+02 1.555372179105118068e-02
2.771224880666513855e+02 1.554738808996051352e-02
2.772666191589275400e+02 1.554105685311794709e-02
2.774108249440914165e+02 1.553472807957650102e-02
2.775551054608508821e+02 1.552840176838956449e-02
2.776994607479335855e+02 1.552207791861092388e-02
2.778438908440887189e+02 1.551575652929465879e-02
2.779883957880840057e+02 1.550943759949529287e-02
2.781329756187076896e+02 1.550312112826769499e-02
2.782776303747681936e+02 1.549680711466710700e-02
2.784223600950940067e+02 1.549049555774913156e-02
2.785671648185337972e+02 1.548418645656974603e-02
2.787120445839564127e+02 1.547787981018529553e-02
2.788569994302507098e+02 1.547157561765249295e-02
2.790020293963257245e+02 1.546527387802842414e-02
2.791471345211102175e+02 1.545897459037056006e-02
2.792923148435546068e+02 1.545267775373667350e-02
2.794375704026280687e+02 1.544638336718497443e-02
2.795829012373202431e+02 1.544009142977401973e-02
2.797283073866412906e+02 1.543380194056272539e-02
2.798737888896212667e+02 1.542751489861039250e-02
2.800193457853107475e+02 1.542123030297667084e-02
2.801649781127802612e+02 1.541494815272159008e-02
2.803106859111208564e+02 1.540866844690554072e-02
2.804564692194436475e+02 1.540239118458928448e-02
2.806023280768795303e+02 1.539611636483397168e-02
2.807482625225813990e+02 1.538984398670104579e-02
2.808942725957206790e+02 1.538357404925239265e-02
2.810403583354897137e+02 1.537730655155023982e-02
2.811865197811010830e+02 1.537104149265717742e-02
2.813327569717877736e+02 1.536477887163616857e-02
2.814790699468030652e+02 1.535851868755053716e-02
2.816254587454205307e+02 1.535226093946397488e-02
2.817719234069342065e+02 1.534600562644053770e-02
2.819184639706584790e+02 1.533975274754464935e-02
2.820650804759273456e+02 1.533350230184112387e-02
2.822117729620972000e+02 1.532725428839506326e-02
2.823585414685428532e+02 1.532100870627201537e-02
2.825053860346602619e+02 1.531476555453786109e-02
2.826523066998657328e+02 1.530852483225885081e-02
2.827993035035959792e+02 1.530228653850159923e-02
2.829463764853081784e+02 1.529605067233308358e-02
2.830935256844800278e+02 1.528981723282064713e-02
2.832407511406095182e+02 1.528358621903199918e-02
2.833880528932153311e+02 1.527735763003520812e-02
2.835354309818357592e+02 1.527113146489873959e-02
2.836828854460316052e+02 1.526490772269133850e-02
2.838304163253822594e+02 1.525868640248219735e-02
2.839780236594882581e+02 1.525246750334084342e-02
2.841257074879707147e+02 1.524625102433716482e-02
2.842734678504711496e+02 1.524003696454141743e-02
2.844213047866517172e+02 1.523382532302421967e-02
2.845692183361951493e+02 1.522761609885655079e-02
2.847172085388046980e+02 1.522140929110975607e-02
2.848652754342041362e+02 1.521520489885553988e-02
2.850134190621372454e+02 1.520900292116599863e-02
2.851616394623703741e+02 1.520280335711351148e-02
2.853099366746884584e+02 1.519660620577089997e-02
2.854583107388976941e+02 1.519041146621132043e-02
2.856067616948250247e+02 1.518421913750829001e-02
2.857552895823179142e+02 1.517802921873568842e-02
2.859038944412445744e+02 1.517184170896775791e-02
2.860525763114936808e+02 1.516565660727910679e-02
2.862013352329748841e+02 1.515947391274469376e-02
2.863501712456182986e+02 1.515329362443985223e-02
2.864990843893741612e+02 1.514711574144029203e-02
2.866480747042152757e+02 1.514094026282201098e-02
2.867971422301332609e+02 1.513476718766144924e-02
2.869462870071411658e+02 1.512859651503537309e-02
2.870955090752727301e+02 1.512242824402091831e-02
2.872448084745824417e+02 1.511626237369557459e-02
2.873941852451455361e+02 1.511009890313719586e-02
2.875436394270580536e+02 1.510393783142399519e-02
2.876931710604368391e+02 1.509777915763454471e-02
2.878427801854193149e+02 1.509162288084777911e-02
2.879924668421633669e+02 1.508546900014301646e-02
2.881422310708493910e+02 1.507931751459986106e-02
2.882920729116768257e+02 1.507316842329834566e-02
2.884419924048664825e+02 1.506702172531884827e-02
2.885919895906600345e+02 1.506087741974209381e-02
2.887420645093200733e+02 1.505473550564917842e-02
2.888922172011299949e+02 1.504859598212154696e-02
2.890424477063940571e+02 1.504245884824101029e-02
2.891927560654374929e+02 1.503632410308973315e-02
2.893431423186063398e+02 1.503019174575024632e-02
2.894936065062669854e+02 1.502406177530545006e-02
2.896441486688085547e+02 1.501793419083854303e-02
2.897947688466392151e+02 1.501180899143315060e-02
2.899454670801887914e+02 1.500568617617322777e-02
2.900962434099079701e+02 1.499956574414309553e-02
2.902470978762685263e+02 1.499344769442742357e-02
2.903980305197630400e+02 1.498733202611124762e-02
2.905490413809051802e+02 1.498121873827995380e-02
2.907001305002295339e+02 1.497510783001929080e-02
2.908512979182918343e+02 1.496899930041536118e-02
2.910025436756681074e+02 1.496289314855464916e-02
2.911538678129572304e+02 1.495678937352392691e-02
2.913052703707773503e+02 1.495068797441039161e-02
2.914567513897682716e+02 1.494458895030157351e-02
2.916083109105907738e+02 1.493849230028536368e-02
2.917599489739267824e+02 1.493239802345000186e-02
2.919116656204793117e+02 1.492630611888409037e-02
2.920634608909724648e+02 1.492021658567658539e-02
2.922153348261514338e+02 1.491412942291679873e-02
2.923672874667825567e+02 1.490804462969439782e-02
2.925193188536525781e+02 1.490196220509943346e-02
2.926714290275713211e+02 1.489588214822223575e-02
2.928236180293678785e+02 1.488980445815355977e-02
2.929758858998931714e+02 1.488372913398450063e-02
2.931282326800192095e+02 1.487765617480650039e-02
2.932806584106393188e+02 1.487158557971135671e-02
2.934331631326678007e+02 1.486551734779122808e-02
2.935857468870403295e+02 1.485945147813862513e-02
2.937384097147137254e+02 1.485338796984640719e-02
2.938911516566660680e+02 1.484732682200779787e-02
2.940439727538960142e+02 1.484126803371638853e-02
2.941968730474254130e+02 1.483521160406606372e-02
2.943498525782954403e+02 1.482915753215112431e-02
2.945029113875690996e+02 1.482310581706620424e-02
2.946560495163308246e+02 1.481705645790629480e-02
2.948092670056861948e+02 1.481100945376673771e-02
2.949625638967621626e+02 1.480496480374323028e-02
2.951159402307071105e+02 1.479892250693181331e-02
2.952693960486904530e+02 1.479288256242889711e-02
2.954229313919031483e+02 1.478684496933123545e-02
2.955765463015569594e+02 1.478080972673595506e-02
2.957302408188866707e+02 1.477477683374047411e-02
2.958840149851466208e+02 1.476874628944262711e-02
2.960378688416132036e+02 1.476271809294057991e-02
2.961918024295841860e+02 1.475669224333285220e-02
2.963458157903788219e+02 1.475066873971831068e-02
2.964999089653375677e+02 1.474464758119617934e-02
2.966540819958224233e+02 1.473862876686603436e-02
2.968083349232169326e+02 1.473261229582780059e-02
2.969626677889258417e+02 1.472659816718175502e-02
2.971170806343749859e+02 1.472058638002854934e-02
2.972715735010133358e+02 1.471457693346912149e-02
2.974261464303096432e+02 1.470856982660482225e-02
2.975807994637546017e+02 1.470256505853733547e-02
2.977355326428605053e+02 1.469656262836869544e-02
2.978903460091611919e+02 1.469056253520128683e-02
2.980452396042119290e+02 1.468456477813784647e-02
2.982002134695895847e+02 1.467856935628145815e-02
2.983552676468925711e+02 1.467257626873555779e-02
2.985104021777407866e+02 1.466658551460393520e-02
2.986656171037752188e+02 1.466059709299074795e-02
2.988209124666602179e+02 1.465461100300043465e-02
2.989762883080797451e+02 1.464862724373785889e-02
2.991317446697402147e+02 1.464264581430820521e-02
2.992872815933694710e+02 1.463666671381701027e-02
2.994428991207170156e+02 1.463068994137015771e-02
2.995985972935541213e+02 1.462471549607388503e-02
2.997543761536735474e+02 1.461874337703477494e-02
2.999102357428897676e+02 1.461277358335975711e-02
3.000661761030389698e+02 1.460680611415611681e-02
3.002221972759783171e+02 1.460084096853150881e-02
3.003782993035885056e+02 1.459487814559386545e-02
3.005344822277702974e+02 1.458891764445153540e-02
3.006907460904465097e+02 1.458295946421319517e-02
3.008470909335618444e+02 1.457700360398786997e-02
3.010035167990826608e+02 1.457105006288493369e-02
3.011600237289972029e+02 1.456509884001410370e-02
3.013166117653152583e+02 1.455914993448545296e-02
3.014732809500685562e+02 1.455320334540939273e-02
3.016300313253105401e+02 1.454725907189668814e-02
3.017868629331159127e+02 1.454131711305847209e-02
3.019437758155828533e+02 1.453537746800615850e-02
3.021007700148297204e+02 1.452944013585157415e-02
3.022578455729971552e+02 1.452350511570687196e-02
3.024150025322476836e+02 1.451757240668455178e-02
3.025722409347657162e+02 1.451164200789745694e-02
3.027295608227575485e+02 1.450571391845878466e-02
3.028869622384512468e+02 1.449978813748206870e-02
3.030444452240968189e+02 1.449386466408120015e-02
3.032020098219661577e+02 1.448794349737040320e-02
3.033596560743524719e+02 1.448202463646428538e-02
3.035173840235727880e+02 1.447610808047771792e-02
3.036751937119640274e+02 1.447019382852599706e-02
3.038330851818857923e+02 1.446428187972473821e-02
3.039910584757197967e+02 1.445837223318989680e-02
3.041491136358692984e+02 1.445246488803778387e-02
3.043072507047600084e+02 1.444655984338504874e-02
3.044654697248392381e+02 1.444065709834868594e-02
3.046237707385765248e+02 1.443475665204603867e-02
3.047821537884633472e+02 1.442885850359479187e-02
3.049406189170126140e+02 1.442296265211299826e-02
3.050991661667609947e+02 1.441706909671898983e-02
3.052577955802655651e+02 1.441117783653150450e-02
3.054165072001058547e+02 1.440528887066961153e-02
3.055753010688836184e+02 1.439940219825271671e-02
3.057341772292225528e+02 1.439351781840057104e-02
3.058931357237686370e+02 1.438763573023327247e-02
3.060521765951896782e+02 1.438175593287125895e-02
3.062112998861759365e+02 1.437587842543531363e-02
3.063705056394394433e+02 1.437000320704656491e-02
3.065297938977139438e+02 1.436413027682650542e-02
3.066891647037572284e+02 1.435825963389690367e-02
3.068486181003472097e+02 1.435239127737993753e-02
3.070081541302847654e+02 1.434652520639810754e-02
3.071677728363928850e+02 1.434066142007425597e-02
3.073274742615166701e+02 1.433479991753156685e-02
3.074872584485235620e+02 1.432894069789356767e-02
3.076471254403031139e+02 1.432308376028412940e-02
3.078070752797671616e+02 1.431722910382746475e-02
3.079671080098498237e+02 1.431137672764812643e-02
3.081272236735067054e+02 1.430552663087103320e-02
3.082874223137176273e+02 1.429967881262137960e-02
3.084477039734828168e+02 1.429383327202476961e-02
3.086080686958254660e+02 1.428799000820712289e-02
3.087685165237909359e+02 1.428214902029470088e-02
3.089290475004469272e+02 1.427631030741411192e-02
3.090896616688835365e+02 1.427047386869229918e-02
3.092503590722131435e+02 1.426463970325655105e-02
3.094111397535704668e+02 1.425880781023449242e-02
3.095720037561125650e+02 1.425297818875409517e-02
3.097329511230182675e+02 1.424715083794368675e-02
3.098939818974906188e+02 1.424132575693187741e-02
3.100550961227532412e+02 1.423550294484767637e-02
3.102162938420527212e+02 1.422968240082041376e-02
3.103775750986580420e+02 1.422386412397975974e-02
3.105389399358606966e+02 1.421804811345572794e-02
3.107003883969745175e+02 1.421223436837866679e-02
3.108619205253359041e+02 1.420642288787926644e-02
3.110235363643034816e+02 1.420061367108855707e-02
3.111852359572586693e+02 1.419480671713790713e-02
3.113470193476044869e+02 1.418900202515905110e-02
3.115088865787684540e+02 1.418319959428398537e-02
3.116708376941985534e+02 1.417739942364512618e-02
3.118328727373661877e+02 1.417160151237519330e-02
3.119949917517650988e+02 1.416580585960725870e-02
3.121571947809114818e+02 1.416001246447471870e-02
3.123194818683443259e+02 1.415422132611132006e-02
3.124818530576250168e+02 1.414843244365113911e-02
3.126443083923375639e+02 1.414264581622859743e-02
3.128068479160884863e+02 1.413686144297845310e-02
3.129694716725064723e+02 1.413107932303581983e-02
3.131321797052444822e+02 1.412529945553608716e-02
3.132949720579763380e+02 1.411952183961504709e-02
3.134578487743990536e+02 1.411374647440880904e-02
3.136208098982324373e+02 1.410797335905381727e-02
3.137838554732186935e+02 1.410220249268685604e-02
3.139469855431229348e+02 1.409643387444504438e-02
3.141102001517328404e+02 1.409066750346583789e-02
3.142734993428588268e+02 1.408490337888703564e-02
3.144368831603339913e+02 1.407914149984676629e-02
3.146003516480134863e+02 1.407338186548351758e-02
3.147639048497770773e+02 1.406762447493605135e-02
3.149275428095255052e+02 1.406186932734353016e-02
3.150912655711827597e+02 1.405611642184543229e-02
3.152550731786956817e+02 1.405036575758157082e-02
3.154189656760337357e+02 1.404461733369209188e-02
3.155829431071893509e+02 1.403887114931748684e-02
3.157470055161776941e+02 1.403312720359856797e-02
3.159111529470366690e+02 1.402738549567649970e-02
3.160753854438271446e+02 1.402164602469276738e-02
3.162397030506319311e+02 1.401590878978922761e-02
3.164041058115589635e+02 1.401017379010799542e-02
3.165685937707368680e+02 1.400444102479159007e-02
3.167331669723178038e+02 1.399871049298284480e-02
3.168978254604767812e+02 1.399298219382492936e-02
3.170625692794118891e+02 1.398725612646134486e-02
3.172273984733439534e+02 1.398153229003592547e-02
3.173923130865167650e+02 1.397581068369284710e-02
3.175573131631969659e+02 1.397009130657661351e-02
3.177223987476742764e+02 1.396437415783206501e-02
3.178875698842606994e+02 1.395865923660439753e-02
3.180528266172929648e+02 1.395294654203907761e-02
3.182181689911291187e+02 1.394723607328196384e-02
3.183835970501505130e+02 1.394152782947923573e-02
3.185491108387619192e+02 1.393582180977740066e-02
3.187147104013906755e+02 1.393011801332330254e-02
3.188803957824874828e+02 1.392441643926411489e-02
3.190461670265258363e+02 1.391871708674735121e-02
3.192120241780024799e+02 1.391301995492084768e-02
3.193779672814371224e+02 1.390732504293278396e-02
3.195439963813718123e+02 1.390163234993168663e-02
3.197101115223737793e+02 1.389594187506635291e-02
3.198763127490313423e+02 1.389025361748597899e-02
3.200426001059565806e+02 1.388456757634006639e-02
3.202089736377845952e+02 1.387888375077845661e-02
3.203754333891737929e+02 1.387320213995131557e-02
3.205419794048056019e+02 1.386752274300914745e-02
3.207086117293845859e+02 1.386184555910278601e-02
3.208753304076386712e+02 1.385617058738339291e-02
3.210421354843187487e+02 1.385049782700246805e-02
3.212090270041982194e+02 1.384482727711186002e-02
3.213760050120759502e+02 1.383915893686368456e-02
3.215430695527717262e+02 1.383349280541045466e-02
3.217102206711293206e+02 1.382782888190499208e-02
3.218774584120158693e+02 1.382216716550044994e-02
3.220447828203215863e+02 1.381650765535030918e-02
3.222121939409601055e+02 1.381085035060838732e-02
3.223796918188682525e+02 1.380519525042882799e-02
3.225472764990060455e+02 1.379954235396610440e-02
3.227149480263569785e+02 1.379389166037502459e-02
3.228827064459271128e+02 1.378824316881074701e-02
3.230505518027478047e+02 1.378259687842869029e-02
3.232184841418718406e+02 1.377695278838467381e-02
3.233865035083758812e+02 1.377131089783482053e-02
3.235546099473600634e+02 1.376567120593558818e-02
3.237228035039478300e+02 1.376003371184376066e-02
3.238910842232861000e+02 1.375439841471645316e-02
3.240594521505450984e+02 1.374876531371110530e-02
3.242279073309184128e+02 1.374313440798549321e-02
3.243964498096231637e+02 1.373750569669771569e-02
3.245650796318992661e+02 1.373187917900622543e-02
3.247337968430119304e+02 1.372625485406973878e-02
3.249026014882479103e+02 1.372063272104736414e-02
3.250714936129181183e+02 1.371501277909851699e-02
3.252404732623569430e+02 1.370939502738294236e-02
3.254095404819221926e+02 1.370377946506071490e-02
3.255786953169952085e+02 1.369816609129223366e-02
3.257479378129809788e+02 1.369255490523822553e-02
3.259172680153077408e+02 1.368694590605974877e-02
3.260866859694276627e+02 1.368133909291818773e-02
3.262561917208154227e+02 1.367573446497527892e-02
3.264257853149715061e+02 1.367013202139301213e-02
3.265954667974178847e+02 1.366453176133377960e-02
3.267652362137008595e+02 1.365893368396027541e-02
3.269350936093901510e+02 1.365333778843551976e-02
3.271050390300792969e+02 1.364774407392286247e-02
3.272750725213854253e+02 1.364215253958597426e-02
3.274451941289492538e+02 1.363656318458885894e-02
3.276154038984350905e+02 1.363097600809584468e-02
3.277857018755311174e+02 1.362539100927158582e-02
3.279560881059482540e+02 1.361980818728108361e-02
3.281265626354233405e+02 1.361422754128960473e-02
3.282971255097148173e+02 1.360864907046280096e-02
3.284677767746054542e+02 1.360307277396663114e-02
3.286385164759018949e+02 1.359749865096738022e-02
3.288093446594343732e+02 1.359192670063166103e-02
3.289802613710569972e+02 1.358635692212640730e-02
3.291512666566475218e+02 1.358078931461887892e-02
3.293223605621075762e+02 1.357522387727666535e-02
3.294935431333624365e+02 1.356966060926767526e-02
3.296648144163606844e+02 1.356409950976017117e-02
3.298361744570766518e+02 1.355854057792266892e-02
3.300076233015064417e+02 1.355298381292407810e-02
3.301791609956707134e+02 1.354742921393360840e-02
3.303507875856139435e+02 1.354187678012079565e-02
3.305225031174044830e+02 1.353632651065550009e-02
3.306943076371346706e+02 1.353077840470790633e-02
3.308662011909204352e+02 1.352523246144852510e-02
3.310381838249019211e+02 1.351968868004818289e-02
3.312102555852429759e+02 1.351414705967804268e-02
3.313824165181308672e+02 1.350860759950960055e-02
3.315546666697786691e+02 1.350307029871462318e-02
3.317270060864214543e+02 1.349753515646525195e-02
3.318994348143189654e+02 1.349200217193394225e-02
3.320719528997547627e+02 1.348647134429346861e-02
3.322445603890366215e+02 1.348094267271692653e-02
3.324172573284960208e+02 1.347541615637773589e-02
3.325900437644888257e+02 1.346989179444963748e-02
3.327629197433946047e+02 1.346436958610670344e-02
3.329358853116170280e+02 1.345884953052331814e-02
3.331089405155832992e+02 1.345333162687421119e-02
3.332820854017465990e+02 1.344781587433437585e-02
3.334553200165820499e+02 1.344230227207918703e-02
3.336286444065896717e+02 1.343679081928432495e-02
3.338020586182935858e+02 1.343128151512578902e-02
3.339755626982420154e+02 1.342577435877989611e-02
3.341491566930072281e+02 1.342026934942329268e-02
3.343228406491855935e+02 1.341476648623294611e-02
3.344966146133978100e+02 1.340926576838613604e-02
3.346704786322886207e+02 1.340376719506047691e-02
3.348444327525263020e+02 1.339827076543391275e-02
3.350184770208052782e+02 1.339277647868465475e-02
3.351926114838421995e+02 1.338728433399129225e-02
3.353668361883786133e+02 1.338179433053271992e-02
3.355411511811802256e+02 1.337630646748814815e-02
3.357155565090370715e+02 1.337082074403711171e-02
3.358900522187632873e+02 1.336533715935946109e-02
3.360646383571974525e+02 1.335985571263537119e-02
3.362393149712023046e+02 1.335437640304533956e-02
3.364140821076649672e+02 1.334889922977017251e-02
3.365889398134959265e+02 1.334342419199103548e-02
3.367638881356323850e+02 1.333795128888933153e-02
3.369389271210334869e+02 1.333248051964686098e-02
3.371140568166837284e+02 1.332701188344571214e-02
3.372892772695916506e+02 1.332154537946830287e-02
3.374645885267902372e+02 1.331608100689736507e-02
3.376399906353370284e+02 1.331061876491594458e-02
3.378154836423137795e+02 1.330515865270741685e-02
3.379910675948265748e+02 1.329970066945546960e-02
3.381667425400061120e+02 1.329424481434411144e-02
3.383425085250066786e+02 1.328879108655769102e-02
3.385183655970091650e+02 1.328333948528081024e-02
3.386943138032166871e+02 1.327789000969845611e-02
3.388703531908577702e+02 1.327244265899590880e-02
3.390464838071851545e+02 1.326699743235876944e-02
3.392227056994761938e+02 1.326155432897296003e-02
3.393990189150326842e+02 1.325611334802471314e-02
3.395754235011810920e+02 1.325067448870058395e-02
3.397519195052722125e+02 1.324523775018744513e-02
3.399285069746814543e+02 1.323980313167248853e-02
3.401051859568080999e+02 1.323437063234323904e-02
3.402819564990780918e+02 1.322894025138748181e-02
3.404588186489397685e+02 1.322351198799337837e-02
3.406357724538669345e+02 1.321808584134939041e-02
3.408128179613578368e+02 1.321266181064429009e-02
3.409899552189353358e+02 1.320723989506717051e-02
3.411671842741470755e+02 1.320182009380744224e-02
3.413445051745650858e+02 1.319640240605483503e-02
3.415219179677863508e+02 1.319098683099938565e-02
3.416994227014323542e+02 1.318557336783145705e-02
3.418770194231484538e+02 1.318016201574174519e-02
3.420547081806070651e+02 1.317475277392119587e-02
3.422324890215029427e+02 1.316934564156114172e-02
3.424103619935564780e+02 1.316394061785320160e-02
3.425883271445126184e+02 1.315853770198931877e-02
3.427663845221411520e+02 1.315313689316174525e-02
3.429445341742366509e+02 1.314773819056305054e-02
3.431227761486182999e+02 1.314234159338611985e-02
3.433011104931302953e+02 1.313694710082415583e-02
3.434795372556414463e+02 1.313155471207067167e-02
3.436580564840446641e+02 1.312616442631952228e-02
3.438366682262599170e+02 1.312077624276480892e-02
3.440153725302297971e+02 1.311539016060101273e-02
3.441941694439224761e+02 1.311000617902291152e-02
3.443730590153310231e+02 1.310462429722558837e-02
3.445520412924732341e+02 1.309924451440445427e-02
3.447311163233920297e+02 1.309386682975522201e-02
3.449102841561550008e+02 1.308849124247392706e-02
3.450895448388547493e+02 1.308311775175691541e-02
3.452688984196087745e+02 1.307774635680084355e-02
3.454483449465589047e+02 1.307237705680270971e-02
3.456278844678738551e+02 1.306700985095975848e-02
3.458075170317453626e+02 1.306164473846961258e-02
3.459872426863906867e+02 1.305628171853018271e-02
3.461670614800522117e+02 1.305092079033970225e-02
3.463469734609972193e+02 1.304556195309670638e-02
3.465269786775180592e+02 1.304020520600005298e-02
3.467070771779320921e+02 1.303485054824890868e-02
3.468872690105817469e+02 1.302949797904274717e-02
3.470675542238344065e+02 1.302414749758136828e-02
3.472479328660819533e+02 1.301879910306489273e-02
3.474284049857434411e+02 1.301345279469369627e-02
3.476089706312607177e+02 1.300810857166853109e-02
3.477896298511016653e+02 1.300276643319043732e-02
3.479703826937592339e+02 1.299742637846076736e-02
3.481512292077513848e+02 1.299208840668118758e-02
3.483321694416213745e+02 1.298675251705367663e-02
3.485132034439374706e+02 1.298141870878052190e-02
3.486943312632932361e+02 1.297608698106432479e-02
3.488755529483073587e+02 1.297075733310799374e-02
3.490568685476230826e+02 1.296542976411477720e-02
3.492382781099107660e+02 1.296010427328816647e-02
3.494197816838641302e+02 1.295478085983202757e-02
3.496013793182027030e+02 1.294945952295051619e-02
3.497830710616713645e+02 1.294414026184809857e-02
3.499648569630400630e+02 1.293882307572955664e-02
3.501467370711042122e+02 1.293350796379997419e-02
3.503287114346844078e+02 1.292819492526475246e-02
3.505107801026265975e+02 1.292288395932959973e-02
3.506929431238019106e+02 1.291757506520053826e-02
3.508752005471063740e+02 1.291226824208391299e-02
3.510575524214632424e+02 1.290696348918632559e-02
3.512399987958190763e+02 1.290166080571474375e-02
3.514225397191464140e+02 1.289636019087643179e-02
3.516051752404433728e+02 1.289106164387895243e-02
3.517879054087333088e+02 1.288576516393018581e-02
3.519707302730650440e+02 1.288047075023831915e-02
3.521536498825126955e+02 1.287517840201185017e-02
3.523366642861760170e+02 1.286988811845958362e-02
3.525197735331800573e+02 1.286459989879063306e-02
3.527029776726747059e+02 1.285931374221444511e-02
3.528862767538373646e+02 1.285402964794071096e-02
3.530696708258689114e+02 1.284874761517948959e-02
3.532531599379962017e+02 1.284346764314113314e-02
3.534367441394718981e+02 1.283818973103629905e-02
3.536204234795739580e+02 1.283291387807595184e-02
3.538041980076059758e+02 1.282764008347136997e-02
3.539880677728971818e+02 1.282236834643412857e-02
3.541720328248021019e+02 1.281709866617612367e-02
3.543560932127010688e+02 1.281183104190955317e-02
3.545402489859999946e+02 1.280656547284692026e-02
3.547245001941295754e+02 1.280130195820105947e-02
3.549088468865483605e+02 1.279604049718504992e-02
3.550932891127383186e+02 1.279078108901234023e-02
3.552778269222078507e+02 1.278552373289666873e-02
3.554624603644909371e+02 1.278026842805207210e-02
3.556471894891471948e+02 1.277501517369290275e-02
3.558320143457621043e+02 1.276976396903381494e-02
3.560169349839466122e+02 1.276451481328977344e-02
3.562019514533375855e+02 1.275926770567604659e-02
3.563870638035974707e+02 1.275402264540820979e-02
3.565722720844137825e+02 1.274877963170216628e-02
3.567575763455019455e+02 1.274353866377406046e-02
3.569429766366010313e+02 1.273829974084040792e-02
3.571284730074764298e+02 1.273306286211801225e-02
3.573140655079196222e+02 1.272782802682397539e-02
3.574997541877475555e+02 1.272259523417571155e-02
3.576855390968033248e+02 1.271736448339093849e-02
3.578714202849554908e+02 1.271213577368767583e-02
3.580573978020988761e+02 1.270690910428425371e-02
3.582434716981538259e+02 1.270168447439930931e-02
3.584296420230659237e+02 1.269646188325179725e-02
3.586159088268088908e+02 1.269124133006092198e-02
3.588022721593800952e+02 1.268602281404625047e-02
3.589887320708035077e+02 1.268080633442763769e-02
3.591752886111291900e+02 1.267559189042524216e-02
3.593619418304328406e+02 1.267037948125952773e-02
3.595486917788165329e+02 1.266516910615125661e-02
3.597355385064079201e+02 1.265996076432150501e-02
3.599224820633607465e+02 1.265475445499164402e-02
3.601095224998549043e+02 1.264955017738335699e-02
3.602966598660952968e+02 1.264434793071864474e-02
3.604838942123151924e+02 1.263914771421975787e-02
3.606712255887717902e+02 1.263394952710930261e-02
3.608586540457489491e+02 1.262875336861017488e-02
3.610461796335564486e+02 1.262355923794557418e-02
3.612338024025304435e+02 1.261836713433900012e-02
3.614215224030328955e+02 1.261317705701425936e-02
3.616093396854521416e+02 1.260798900519545518e-02
3.617972543002022690e+02 1.260280297810700140e-02
3.619852662977237969e+02 1.259761897497361366e-02
3.621733757284825970e+02 1.259243699502032680e-02
3.623615826429728486e+02 1.258725703747241506e-02
3.625498870917126055e+02 1.258207910155552389e-02
3.627382891252470358e+02 1.257690318649557631e-02
3.629267887941472850e+02 1.257172929151879719e-02
3.631153861490109307e+02 1.256655741585171668e-02
3.633040812404615281e+02 1.256138755872116507e-02
3.634928741191491213e+02 1.255621971935427100e-02
3.636817648357497887e+02 1.255105389697847018e-02
3.638707534409659843e+02 1.254589009082150014e-02
3.640598399855256844e+02 1.254072830011141414e-02
3.642490245201852872e+02 1.253556852407651523e-02
3.644383070957254631e+02 1.253041076194545862e-02
3.646276877629537694e+02 1.252525501294718749e-02
3.648171665727041386e+02 1.252010127631094510e-02
3.650067435758368788e+02 1.251494955126627312e-02
3.651964188232385595e+02 1.250979983704301676e-02
3.653861923658223532e+02 1.250465213287131790e-02
3.655760642545274095e+02 1.249950643798162543e-02
3.657660345403197653e+02 1.249436275160468145e-02
3.659561032741908662e+02 1.248922107297155241e-02
3.661462705071606365e+02 1.248408140131354940e-02
3.663365362902735569e+02 1.247894373586233389e-02
3.665269006746011087e+02 1.247380807584985360e-02
3.667173637112413189e+02 1.246867442050835634e-02
3.669079254513185901e+02 1.246354276907038656e-02
3.670985859459839844e+02 1.245841312076879231e-02
3.672893452464149391e+02 1.245328547483671652e-02
3.674802034038154375e+02 1.244815983050760570e-02
3.676711604694159519e+02 1.244303618701520474e-02
3.678622164944729320e+02 1.243791454359357423e-02
3.680533715302714768e+02 1.243279489947701766e-02
3.682446256281210140e+02 1.242767725390019930e-02
3.684359788393583699e+02 1.242256160609805406e-02
3.686274312153469737e+02 1.241744795530582562e-02
3.688189828074769139e+02 1.241233630075904912e-02
3.690106336671647682e+02 1.240722664169356323e-02
3.692023838458538876e+02 1.240211897734549810e-02
3.693942333950142256e+02 1.239701330695129090e-02
3.695861823661423955e+02 1.239190962974767024e-02
3.697782308107611016e+02 1.238680794497168218e-02
3.699703787804217541e+02 1.238170825186061912e-02
3.701626263267004333e+02 1.237661054965212039e-02
3.703549735012004476e+02 1.237151483758411503e-02
3.705474203555522195e+02 1.236642111489481312e-02
3.707399669414126606e+02 1.236132938082274042e-02
3.709326133104654559e+02 1.235623963460670549e-02
3.711253595144211772e+02 1.235115187548582391e-02
3.713182056050171127e+02 1.234606610269950444e-02
3.715111516340174376e+02 1.234098231548745074e-02
3.717041976532123613e+02 1.233590051308968739e-02
3.718973437144211402e+02 1.233082069474647144e-02
3.720905898694877578e+02 1.232574285969842073e-02
3.722839361702837095e+02 1.232066700718642549e-02
3.724773826687073779e+02 1.231559313645167776e-02
3.726709294166839754e+02 1.231052124673566103e-02
3.728645764661659427e+02 1.230545133728015370e-02
3.730583238691322094e+02 1.230038340732723945e-02
3.732521716775888763e+02 1.229531745611928649e-02
3.734461199435690446e+02 1.229025348289896485e-02
3.736401687191319070e+02 1.228519148690926030e-02
3.738343180563659303e+02 1.228013146739339277e-02
3.740285680073843082e+02 1.227507342359493610e-02
3.742229186243279742e+02 1.227001735475774513e-02
3.744173699593649758e+02 1.226496326012596269e-02
3.746119220646903045e+02 1.225991113894403343e-02
3.748065749925260093e+02 1.225486099045668999e-02
3.750013287951213101e+02 1.224981281390896681e-02
3.751961835247522572e+02 1.224476660854618808e-02
3.753911392337222992e+02 1.223972237361397458e-02
3.755861959743610328e+02 1.223468010835826111e-02
3.757813537990274426e+02 1.222963981202522012e-02
3.759766127601055814e+02 1.222460148386137098e-02
3.761719729100070708e+02 1.221956512311351585e-02
3.763674343011709880e+02 1.221453072902874484e-02
3.765629969860634105e+02 1.220949830085444297e-02
3.767586610171777579e+02 1.220446783783829189e-02
3.769544264470343933e+02 1.219943933922826643e-02
3.771502933281813057e+02 1.219441280427263109e-02
3.773462617131933143e+02 1.218938823221994705e-02
3.775423316546718979e+02 1.218436562231909118e-02
3.777385032052480938e+02 1.217934497381916586e-02
3.779347764175779503e+02 1.217432628596963606e-02
3.781311513443454260e+02 1.216930955802023387e-02
3.783276280382619916e+02 1.216429478922098455e-02
3.785242065520662322e+02 1.215928197882220653e-02
3.787208869385241883e+02 1.215427112607451489e-02
3.789176692504291850e+02 1.214926223022881266e-02
3.791145535406018894e+02 1.214425529053629604e-02
3.793115398618904806e+02 1.213925030624845615e-02
3.795086282671695130e+02 1.213424727661709113e-02
3.797058188093435547e+02 1.212924620089423505e-02
3.799031115413420139e+02 1.212424707833227588e-02
3.801005065161226639e+02 1.211924990818387046e-02
3.802980037866706198e+02 1.211425468970196706e-02
3.804956034059985086e+02 1.210926142213980539e-02
3.806933054271463561e+02 1.210427010475092179e-02
3.808911099031818708e+02 1.209928073678913536e-02
3.810890168872000459e+02 1.209429331750856186e-02
3.812870264323235006e+02 1.208930784616361019e-02
3.814851385917015705e+02 1.208432432200899631e-02
3.816833534185134340e+02 1.207934274429966690e-02
3.818816709659635080e+02 1.207436311229092424e-02
3.820800912872847448e+02 1.206938542523833431e-02
3.822786144357374383e+02 1.206440968239776146e-02
3.824772404646096220e+02 1.205943588302535278e-02
3.826759694272167849e+02 1.205446402637755030e-02
3.828748013769022123e+02 1.204949411171108917e-02
3.830737363670368154e+02 1.204452613828298907e-02
3.832727744510190746e+02 1.203956010535055937e-02
3.834719156822744139e+02 1.203459601217142343e-02
3.836711601142583277e+02 1.202963385800343357e-02
3.838705078004516054e+02 1.202467364210479082e-02
3.840699587943635720e+02 1.201971536373396508e-02
3.842695131495312353e+02 1.201475902214971768e-02
3.844691709195193994e+02 1.200980461661109618e-02
3.846689321579206648e+02 1.200485214637743957e-02
3.848687969183552013e+02 1.199990161070838002e-02
3.850687652544712023e+02 1.199495300886383072e-02
3.852688372199444871e+02 1.199000634010399802e-02
3.854690128684781598e+02 1.198506160368939706e-02
3.856692922538052244e+02 1.198011879888077197e-02
3.858696754296843210e+02 1.197517792493921207e-02
3.860701624499026821e+02 1.197023898112608079e-02
3.862707533682755070e+02 1.196530196670302429e-02
3.864714482386457348e+02 1.196036688093198193e-02
3.866722471148842715e+02 1.195543372307517928e-02
3.868731500508901036e+02 1.195050249239512467e-02
3.870741571005897868e+02 1.194557318815462309e-02
3.872752683179382416e+02 1.194064580961676052e-02
3.874764837569172187e+02 1.193572035604493695e-02
3.876778034715390504e+02 1.193079682670277093e-02
3.878792275158415350e+02 1.192587522085424012e-02
3.880807559438912904e+02 1.192095553776357890e-02
3.882823888097830718e+02 1.191603777669531308e-02
3.884841261676394879e+02 1.191112193691425819e-02
3.886859680716113985e+02 1.190620801768551076e-02
3.888879145758775167e+02 1.190129601827445878e-02
3.890899657346448066e+02 1.189638593794677644e-02
3.892921216021480859e+02 1.189147777596842592e-02
3.894943822326498548e+02 1.188657153160566776e-02
3.896967476804428543e+02 1.188166720412500016e-02
3.898992179998454617e+02 1.187676479279326132e-02
3.901017932452053856e+02 1.187186429687755659e-02
3.903044734708982446e+02 1.186696571564527583e-02
3.905072587313277950e+02 1.186206904836410031e-02
3.907101490809261009e+02 1.185717429430198887e-02
3.909131445741533639e+02 1.185228145272719524e-02
3.911162452654980939e+02 1.184739052290825073e-02
3.913194512094769948e+02 1.184250150411397633e-02
3.915227624606341692e+02 1.183761439561349833e-02
3.917261790735444720e+02 1.183272919667616684e-02
3.919297011028086217e+02 1.182784590657167886e-02
3.921333286030563841e+02 1.182296452456999686e-02
3.923370616289457757e+02 1.181808504994136429e-02
3.925409002351634058e+02 1.181320748195631258e-02
3.927448444764239071e+02 1.180833181988565940e-02
3.929488944074704477e+02 1.180345806300050170e-02
3.931530500830745041e+02 1.179858621057222785e-02
3.933573115580360309e+02 1.179371626187250555e-02
3.935616788871824383e+02 1.178884821617330603e-02
3.937661521253719457e+02 1.178398207274683127e-02
3.939707313274889771e+02 1.177911783086561977e-02
3.941754165484471173e+02 1.177425548980247719e-02
3.943802078431883160e+02 1.176939504883049541e-02
3.945851052666831151e+02 1.176453650722304387e-02
3.947901088739304214e+02 1.175967986425378344e-02
3.949952187199577907e+02 1.175482511919665081e-02
3.952004348598212573e+02 1.174997227132587238e-02
3.954057573486051638e+02 1.174512131991595383e-02
3.956111862414219900e+02 1.174027226424170442e-02
3.958167215934149112e+02 1.173542510357815892e-02
3.960223634597533078e+02 1.173057983720069038e-02
3.962281118956360046e+02 1.172573646438494245e-02
3.964339669562903623e+02 1.172089498440683289e-02
3.966399286969725608e+02 1.171605539654256567e-02
3.968459971729671452e+02 1.171121770006862926e-02
3.970521724395874230e+02 1.170638189426179490e-02
3.972584545521753512e+02 1.170154797839910964e-02
3.974648435661017061e+02 1.169671595175790675e-02
3.976713395367649468e+02 1.169188581361582484e-02
3.978779425195948534e+02 1.168705756325071760e-02
3.980846525700472966e+02 1.168223119994078914e-02
3.982914697436078200e+02 1.167740672296449685e-02
3.984983940957907862e+02 1.167258413160058607e-02
3.987054256821391505e+02 1.166776342512807624e-02
3.989125645582248012e+02 1.166294460282627822e-02
3.991198107796483896e+02 1.165812766397477523e-02
3.993271644020393296e+02 1.165331260785343499e-02
3.995346254810559117e+02 1.164849943374240797e-02
3.997421940723844500e+02 1.164368814092214301e-02
3.999498702317425227e+02 1.163887872867331273e-02
4.001576540148741969e+02 1.163407119627692804e-02
4.003655454775532121e+02 1.162926554301425830e-02
4.005735446755822409e+02 1.162446176816685738e-02
4.007816516647927756e+02 1.161965987101656016e-02
4.009898665010454124e+02 1.161485985084547562e-02
4.011981892402295671e+02 1.161006170693600070e-02
4.014066199382635887e+02 1.160526543857080817e-02
4.016151586510948164e+02 1.160047104503285006e-02
4.018238054346990111e+02 1.159567852560538029e-02
4.020325603450830272e+02 1.159088787957187131e-02
4.022414234382806058e+02 1.158609910621613386e-02
4.024503947703550466e+02 1.158131220482224583e-02
4.026594743973989239e+02 1.157652717467455225e-02
4.028686623755338587e+02 1.157174401505768439e-02
4.030779587609105192e+02 1.156696272525655454e-02
4.032873636097085068e+02 1.156218330455635081e-02
4.034968769781368678e+02 1.155740575224254059e-02
4.037064989224335250e+02 1.155263006760087058e-02
4.039162294988647659e+02 1.154785624991738584e-02
4.041260687637286537e+02 1.154308429847835174e-02
4.043360167733497974e+02 1.153831421257037020e-02
4.045460735840827624e+02 1.153354599148029985e-02
4.047562392523115591e+02 1.152877963449528385e-02
4.049665138344492448e+02 1.152401514090273596e-02
4.051768973869380943e+02 1.151925250999035269e-02
4.053873899662497138e+02 1.151449174104610812e-02
4.055979916288849836e+02 1.150973283335825388e-02
4.058087024313740017e+02 1.150497578621531743e-02
4.060195224302753445e+02 1.150022059890612632e-02
4.062304516821793641e+02 1.149546727071972495e-02
4.064414902437034129e+02 1.149071580094549426e-02
4.066526381714948002e+02 1.148596618887307366e-02
4.068638955222302229e+02 1.148121843379238012e-02
4.070752623526159368e+02 1.147647253499360295e-02
4.072867387193874151e+02 1.147172849176721597e-02
4.074983246793094054e+02 1.146698630340396881e-02
4.077100202891764411e+02 1.146224596919487651e-02
4.079218256058122734e+02 1.145750748843124556e-02
4.081337406860691317e+02 1.145277086040467213e-02
4.083457655868314760e+02 1.144803608440696924e-02
4.085579003650107097e+02 1.144330315973028644e-02
4.087701450775482499e+02 1.143857208566703004e-02
4.089824997814154131e+02 1.143384286150988215e-02
4.091949645336127901e+02 1.142911548655180069e-02
4.094075393911707010e+02 1.142438996008601944e-02
4.096202244111487971e+02 1.141966628140604796e-02
4.098330196506365155e+02 1.141494444980567166e-02
4.100459251667527383e+02 1.141022446457895349e-02
4.102589410166451671e+02 1.140550632502024264e-02
4.104720672574935634e+02 1.140079003042412074e-02
4.106853039465050301e+02 1.139607558008548689e-02
4.108986511409168543e+02 1.139136297329950732e-02
4.111121088979961087e+02 1.138665220936161716e-02
4.113256772750396522e+02 1.138194328756752909e-02
4.115393563293739021e+02 1.137723620721323159e-02
4.117531461183549482e+02 1.137253096759498379e-02
4.119670466993686659e+02 1.136782756800932409e-02
4.121810581298308875e+02 1.136312600775305805e-02
4.123951804671859236e+02 1.135842628612329652e-02
4.126094137689107129e+02 1.135372840241735508e-02
4.128237580925093653e+02 1.134903235593288928e-02
4.130382134955165725e+02 1.134433814596780450e-02
4.132527800354968690e+02 1.133964577182028366e-02
4.134674577700446889e+02 1.133495523278878203e-02
4.136822467567842523e+02 1.133026652817202551e-02
4.138971470533696220e+02 1.132557965726902101e-02
4.141121587174848173e+02 1.132089461937903913e-02
4.143272818068437005e+02 1.131621141380163321e-02
4.145425163791890668e+02 1.131153003983664460e-02
4.147578624922965105e+02 1.130685049678412969e-02
4.149733202039686830e+02 1.130217278394447973e-02
4.151888895720392725e+02 1.129749690061833227e-02
4.154045706543717529e+02 1.129282284610660242e-02
4.156203635088597252e+02 1.128815061971048112e-02
4.158362681934267471e+02 1.128348022073142644e-02
4.160522847660263324e+02 1.127881164847117229e-02
4.162684132846421790e+02 1.127414490223171972e-02
4.164846538072878275e+02 1.126947998131535081e-02
4.167010063920063203e+02 1.126481688502462865e-02
4.169174710968729300e+02 1.126015561266234533e-02
4.171340479799908962e+02 1.125549616353160691e-02
4.173507370994941539e+02 1.125083853693577794e-02
4.175675385135467650e+02 1.124618273217850226e-02
4.177844522803430891e+02 1.124152874856368563e-02
4.180014784581074991e+02 1.123687658539550965e-02
4.182186171050946655e+02 1.123222624197842134e-02
4.184358682795893856e+02 1.122757771761715047e-02
4.186532320399065270e+02 1.122293101161668874e-02
4.188707084443905728e+02 1.121828612328232277e-02
4.190882975514186910e+02 1.121364305191954909e-02
4.193059994193956754e+02 1.120900179683419727e-02
4.195238141067575270e+02 1.120436235733234323e-02
4.197417416719705443e+02 1.119972473272033697e-02
4.199597821735311527e+02 1.119508892230480085e-02
4.201779356699664163e+02 1.119045492539262089e-02
4.203962022198333557e+02 1.118582274129096069e-02
4.206145818817196869e+02 1.118119236930725097e-02
4.208330747142431960e+02 1.117656380874919482e-02
4.210516807760513416e+02 1.117193705892477983e-02
4.212704001258245512e+02 1.116731211914221041e-02
4.214892328222709921e+02 1.116268898871001711e-02
4.217081789241302658e+02 1.115806766693698028e-02
4.219272384901722717e+02 1.115344815313215089e-02
4.221464115791974336e+02 1.114883044660484705e-02
4.223656982500365871e+02 1.114421454666466443e-02
4.225850985615512059e+02 1.113960045262145371e-02
4.228046125726330615e+02 1.113498816378534831e-02
4.230242403422046209e+02 1.113037767946674361e-02
4.232439819292179664e+02 1.112576899897632469e-02
4.234638373926581494e+02 1.112116212162499174e-02
4.236838067915385295e+02 1.111655704672396411e-02
4.239038901849036733e+02 1.111195377358471445e-02
4.241240876318287860e+02 1.110735230151898602e-02
4.243443991914197113e+02 1.110275262983878922e-02
4.245648249228130453e+02 1.109815475785639813e-02
4.247853648851757384e+02 1.109355868488436266e-02
4.250060191377056071e+02 1.108896441023549465e-02
4.252267877396311633e+02 1.108437193322288003e-02
4.254476707502106478e+02 1.107978125315988403e-02
4.256686682287357826e+02 1.107519236936009045e-02
4.258897802345260857e+02 1.107060528113740401e-02
4.261110068269330782e+02 1.106601998780597576e-02
4.263323480653388060e+02 1.106143648868022911e-02
4.265538040091560106e+02 1.105685478307485460e-02
4.267753747178284129e+02 1.105227487030480474e-02
4.269970602508304864e+02 1.104769674968530263e-02
4.272188606676675704e+02 1.104312042053184027e-02
4.274407760278756427e+02 1.103854588216017507e-02
4.276628063910208652e+02 1.103397313388634893e-02
4.278849518167029373e+02 1.102940217502661364e-02
4.281072123645494685e+02 1.102483300489755062e-02
4.283295880942202984e+02 1.102026562281597892e-02
4.285520790654057919e+02 1.101570002809899342e-02
4.287746853378275773e+02 1.101113622006394746e-02
4.289974069712380924e+02 1.100657419802846676e-02
4.292202440254205840e+02 1.100201396131043896e-02
4.294431965601895058e+02 1.099745550922802233e-02
4.296662646353901778e+02 1.099289884109963533e-02
4.298894483108982172e+02 1.098834395624398441e-02
4.301127476466227222e+02 1.098379085397998764e-02
4.303361627025012126e+02 1.097923953362688054e-02
4.305596935385033248e+02 1.097468999450414671e-02
4.307833402146295612e+02 1.097014223593153863e-02
4.310071027909116879e+02 1.096559625722906724e-02
4.312309813274124508e+02 1.096105205771701584e-02
4.314549758842258029e+02 1.095650963671592794e-02
4.316790865214767905e+02 1.095196899354661420e-02
4.319033132993216668e+02 1.094743012753015068e-02
4.321276562779470396e+02 1.094289303798789276e-02
4.323521155175731110e+02 1.093835772424141262e-02
4.325766910784488459e+02 1.093382418561259471e-02
4.328013830208553259e+02 1.092929242142357503e-02
4.330261914051047825e+02 1.092476243099674803e-02
4.332511162915407112e+02 1.092023421365478052e-02
4.334761577405380422e+02 1.091570776872059431e-02
4.337013158125026280e+02 1.091118309551738531e-02
4.339265905678720401e+02 1.090666019336860269e-02
4.341519820671148864e+02 1.090213906159796971e-02
4.343774903707302997e+02 1.089761969952948370e-02
4.346031155392515757e+02 1.089310210648735365e-02
4.348288576332405455e+02 1.088858628179610773e-02
4.350547167132912136e+02 1.088407222478052216e-02
4.352806928400293032e+02 1.087955993476562647e-02
4.355067860741116306e+02 1.087504941107672596e-02
4.357329964762268446e+02 1.087054065303937923e-02
4.359593241070945169e+02 1.086603365997941377e-02
4.361857690274661081e+02 1.086152843122291725e-02
4.364123312981245135e+02 1.085702496609623931e-02
4.366390109798829258e+02 1.085252326392601406e-02
4.368658081335890415e+02 1.084802332403908207e-02
4.370927228201193202e+02 1.084352514576259960e-02
4.373197551003827925e+02 1.083902872842396579e-02
4.375469050353196394e+02 1.083453407135085041e-02
4.377741726859022151e+02 1.083004117387117299e-02
4.380015581131339104e+02 1.082555003531312371e-02
4.382290613780501189e+02 1.082106065500515295e-02
4.384566825417177256e+02 1.081657303227597303e-02
4.386844216652351633e+02 1.081208716645455821e-02
4.389122788097317880e+02 1.080760305687015685e-02
4.391402540363713456e+02 1.080312070285223587e-02
4.393683474063464018e+02 1.079864010373056751e-02
4.395965589808822642e+02 1.079416125883517555e-02
4.398248888212359589e+02 1.078968416749633702e-02
4.400533369886962305e+02 1.078520882904459438e-02
4.402819035445836562e+02 1.078073524281075377e-02
4.405105885502504748e+02 1.077626340812587631e-02
4.407393920670807574e+02 1.077179332432128857e-02
4.409683141564904076e+02 1.076732499072857556e-02
4.411973548799262517e+02 1.076285840667960333e-02
4.414265142988697903e+02 1.075839357150643917e-02
4.416557924748314008e+02 1.075393048454146953e-02
4.418851894693544864e+02 1.074946914511732375e-02
4.421147053440141121e+02 1.074500955256688962e-02
4.423443401604176302e+02 1.074055170622331343e-02
4.425740939802038838e+02 1.073609560542000338e-02
4.428039668650439467e+02 1.073164124949062964e-02
4.430339588766407246e+02 1.072718863776911738e-02
4.432640700767291264e+02 1.072273776958965544e-02
4.434943005270752678e+02 1.071828864428670675e-02
4.437246502894797118e+02 1.071384126119494587e-02
4.439551194257726365e+02 1.070939561964935442e-02
4.441857079978169622e+02 1.070495171898515688e-02
4.444164160675077824e+02 1.070050955853783965e-02
4.446472436967721364e+02 1.069606913764314590e-02
4.448781909475694079e+02 1.069163045563707552e-02
4.451092578818907555e+02 1.068719351185589382e-02
4.453404445617597389e+02 1.068275830563611938e-02
4.455717510492318070e+02 1.067832483631453271e-02
4.458031774063940134e+02 1.067389310322818495e-02
4.460347236953680294e+02 1.066946310571434062e-02
4.462663899783050283e+02 1.066503484311057126e-02
4.464981763173893228e+02 1.066060831475468783e-02
4.467300827748375696e+02 1.065618351998476321e-02
4.469621094128984282e+02 1.065176045813912530e-02
4.471942562938530159e+02 1.064733912855636219e-02
4.474265234800146800e+02 1.064291953057531701e-02
4.476589110337291118e+02 1.063850166353509305e-02
4.478914190173741758e+02 1.063408552677505038e-02
4.481240474933592282e+02 1.062967111963482487e-02
4.483567965241287538e+02 1.062525844145425537e-02
4.485896661721566829e+02 1.062084749157349295e-02
4.488226564999504831e+02 1.061643826933292983e-02
4.490557675700497384e+02 1.061203077407321151e-02
4.492889994450267750e+02 1.060762500513523846e-02
4.495223521874860353e+02 1.060322096186017832e-02
4.497558258600646468e+02 1.059881864358944333e-02
4.499894205254319672e+02 1.059441804966471112e-02
4.502231362462899256e+02 1.059001917942791263e-02
4.504569730853721694e+02 1.058562203222125284e-02
4.506909311054474756e+02 1.058122660738714145e-02
4.509250103693143501e+02 1.057683290426829521e-02
4.511592109398047796e+02 1.057244092220767546e-02
4.513935328797835496e+02 1.056805066054848988e-02
4.516279762521475618e+02 1.056366211863421153e-02
4.518625411198268580e+02 1.055927529580856158e-02
4.520972275457835394e+02 1.055489019141552486e-02
4.523320355930128471e+02 1.055050680479933597e-02
4.525669653245422523e+02 1.054612513530448804e-02
4.528020168034312292e+02 1.054174518227574651e-02
4.530371900927746651e+02 1.053736694505807633e-02
4.532724852556972337e+02 1.053299042299675817e-02
4.535079023553572597e+02 1.052861561543730687e-02
4.537434414549460939e+02 1.052424252172548709e-02
4.539791026176875448e+02 1.051987114120732369e-02
4.542148859068382194e+02 1.051550147322909481e-02
4.544507913856874666e+02 1.051113351713733879e-02
4.546868191175576612e+02 1.050676727227883855e-02
4.549229691658037495e+02 1.050240273800064073e-02
4.551592415938126805e+02 1.049803991365005906e-02
4.553956364650071009e+02 1.049367879857461203e-02
4.556321538428395570e+02 1.048931939212212165e-02
4.558687937907967012e+02 1.048496169364064937e-02
4.561055563723977002e+02 1.048060570247851160e-02
4.563424416511949744e+02 1.047625141798427459e-02
4.565794496907736857e+02 1.047189883950676130e-02
4.568165805547519653e+02 1.046754796639505145e-02
4.570538343067811411e+02 1.046319879799847107e-02
4.572912110105451688e+02 1.045885133366660641e-02
4.575287107297604052e+02 1.045450557274931087e-02
4.577663335281786772e+02 1.045016151459664255e-02
4.580040794695823365e+02 1.044581915855895965e-02
4.582419486177876706e+02 1.044147850398686322e-02
4.584799410366439929e+02 1.043713955023120241e-02
4.587180567900336996e+02 1.043280229664308133e-02
4.589562959418722699e+02 1.042846674257385392e-02
4.591946585561082088e+02 1.042413288737513433e-02
4.594331446967236161e+02 1.041980073039877608e-02
4.596717544277331058e+02 1.041547027099690333e-02
4.599104878131839769e+02 1.041114150852189696e-02
4.601493449171595103e+02 1.040681444232633909e-02
4.603883258037730570e+02 1.040248907176312063e-02
4.606274305371725291e+02 1.039816539618536664e-02
4.608666591815388074e+02 1.039384341494645203e-02
4.611060118010861402e+02 1.038952312740000668e-02
4.613454884600620858e+02 1.038520453289991027e-02
4.615850892227472855e+02 1.038088763080029578e-02
4.618248141534561455e+02 1.037657242045554422e-02
4.620646633165358708e+02 1.037225890122029336e-02
4.623046367763665216e+02 1.036794707244944290e-02
4.625447345973639699e+02 1.036363693349810246e-02
4.627849568439747827e+02 1.035932848372167654e-02
4.630253035806800881e+02 1.035502172247580559e-02
4.632657748719941537e+02 1.035071664911638156e-02
4.635063707824646713e+02 1.034641326299954797e-02
4.637470913766730973e+02 1.034211156348169638e-02
4.639879367192339146e+02 1.033781154991947684e-02
4.642289068747954275e+02 1.033351322166977879e-02
4.644700019080393645e+02 1.032921657808975185e-02
4.647112218836798547e+02 1.032492161853681110e-02
4.649525668664677482e+02 1.032062834236856415e-02
4.651940369211842494e+02 1.031633674894293085e-02
4.654356321126452940e+02 1.031204683761805657e-02
4.656773525057003553e+02 1.030775860775233824e-02
4.659191981652323875e+02 1.030347205870442602e-02
4.661611691561583370e+02 1.029918718983321470e-02
4.664032655434283470e+02 1.029490400049785231e-02
4.666454873920264959e+02 1.029062249005773845e-02
4.668878347669704567e+02 1.028634265787251902e-02
4.671303077333106444e+02 1.028206450330210707e-02
4.673729063561339672e+02 1.027778802570661343e-02
4.676156307005583699e+02 1.027351322444645422e-02
4.678584808317364150e+02 1.026924009888226935e-02
4.681014568148544299e+02 1.026496864837495547e-02
4.683445587151324503e+02 1.026069887228565382e-02
4.685877865978245040e+02 1.025643076997575544e-02
4.688311405282181568e+02 1.025216434080690291e-02
4.690746205716350232e+02 1.024789958414098513e-02
4.693182267934305969e+02 1.024363649934013736e-02
4.695619592589931131e+02 1.023937508576676716e-02
4.698058180337475846e+02 1.023511534278347297e-02
4.700498031831502885e+02 1.023085726975315329e-02
4.702939147726920055e+02 1.022660086603894430e-02
4.705381528678977361e+02 1.022234613100422330e-02
4.707825175343265300e+02 1.021809306401261393e-02
4.710270088375709747e+02 1.021384166442800001e-02
4.712716268432581046e+02 1.020959193161449959e-02
4.715163716170487760e+02 1.020534386493648395e-02
4.717612432246377807e+02 1.020109746375857419e-02
4.720062417317531072e+02 1.019685272744565337e-02
4.722513672041596919e+02 1.019260965536280227e-02
4.724966197076536218e+02 1.018836824687539659e-02
4.727419993080662266e+02 1.018412850134904624e-02
4.729875060712626009e+02 1.017989041814960915e-02
4.732331400631422298e+02 1.017565399664318790e-02
4.734789013496386474e+02 1.017141923619612962e-02
4.737247899967196645e+02 1.016718613617503472e-02
4.739708060703871979e+02 1.016295469594674129e-02
4.742169496366773842e+02 1.015872491487834588e-02
4.744632207616594428e+02 1.015449679233720003e-02
4.747096195114401098e+02 1.015027032769085305e-02
4.749561459521572715e+02 1.014604552030714917e-02
4.752028001499840002e+02 1.014182236955416851e-02
4.754495821711275312e+02 1.013760087480023234e-02
4.756964920818298879e+02 1.013338103541390825e-02
4.759435299483669155e+02 1.012916285076401017e-02
4.761906958370492475e+02 1.012494632021959662e-02
4.764379898142213960e+02 1.012073144314997765e-02
4.766854119462625476e+02 1.011651821892470618e-02
4.769329622995853697e+02 1.011230664691359186e-02
4.771806409406398188e+02 1.010809672648664559e-02
4.774284479359071725e+02 1.010388845701417487e-02
4.776763833519044624e+02 1.009968183786670928e-02
4.779244472551828267e+02 1.009547686841503165e-02
4.781726397123282482e+02 1.009127354803016074e-02
4.784209607899608159e+02 1.008707187608337379e-02
4.786694105547356912e+02 1.008287185194617699e-02
4.789179890733420280e+02 1.007867347499033506e-02
4.791666964125038248e+02 1.007447674458784859e-02
4.794155326389786751e+02 1.007028166011098187e-02
4.796644978195615749e+02 1.006608822093219523e-02
4.799135920210793529e+02 1.006189642642424387e-02
4.801628153103943646e+02 1.005770627596010852e-02
4.804121677544036970e+02 1.005351776891301105e-02
4.806616494200388843e+02 1.004933090465643004e-02
4.809112603742664191e+02 1.004514568256407309e-02
4.811610006840872984e+02 1.004096210200990102e-02
4.814108704165374206e+02 1.003678016236811237e-02
4.816608696386871316e+02 1.003259986301315715e-02
4.819109984176409966e+02 1.002842120331973695e-02
4.821612568205409275e+02 1.002424418266275631e-02
4.824116449145607248e+02 1.002006880041740600e-02
4.826621627669102850e+02 1.001589505595910229e-02
4.829128104448338377e+02 1.001172294866351474e-02
4.831635880156109124e+02 1.000755247790654709e-02
4.834144955465558269e+02 1.000338364306434594e-02
4.836655331050174027e+02 9.999216443513307684e-03
4.839167007583798750e+02 9.995050878630064653e-03
4.841679985740620964e+02 9.990886947791497233e-03
4.844194266195169689e+02 9.986724650374742551e-03
4.846709849622352522e+02 9.982563985757128555e-03
4.849226736697398223e+02 9.978404953316279830e-03
4.851744928095894238e+02 9.974247552430044739e-03
4.854264424493778165e+02 9.970091782476514508e-03
4.856785226567339464e+02 9.965937642834018020e-03
4.859307334993216045e+02 9.961785132881137428e-03
4.861830750448397680e+02 9.957634251996682132e-03
4.864355473610224294e+02 9.953484999559718271e-03
4.866881505156386538e+02 9.949337374949542706e-03
4.869408845764918965e+02 9.945191377545712502e-03
4.871937496114234136e+02 9.941047006727984220e-03
4.874467456883066916e+02 9.936904261876398914e-03
4.876998728750514829e+02 9.932763142371221418e-03
4.879531312396028397e+02 9.928623647592961163e-03
4.882065208499407163e+02 9.924485776922368704e-03
4.884600417740805938e+02 9.920349529740435726e-03
4.887136940800729121e+02 9.916214905428393303e-03
4.889674778360036385e+02 9.912081903367717106e-03
4.892213931099938691e+02 9.907950522940116994e-03
4.894754399701992043e+02 9.903820763527568238e-03
4.897296184848131020e+02 9.899692624512233460e-03
4.899839287220619894e+02 9.895566105276561511e-03
4.902383707502082189e+02 9.891441205203231959e-03
4.904929446375496127e+02 9.887317923675162032e-03
4.907476504524194638e+02 9.883196260075506612e-03
4.910024882631863647e+02 9.879076213787668648e-03
4.912574581382544352e+02 9.874957784195280072e-03
4.915125601460630946e+02 9.870840970682222618e-03
4.917677943550874033e+02 9.866725772632612204e-03
4.920231608338368687e+02 9.862612189430823226e-03
4.922786596508595949e+02 9.858500220461419161e-03
4.925342908747358592e+02 9.854389865109256658e-03
4.927900545740828306e+02 9.850281122759409203e-03
4.930459508175531482e+02 9.846173992797193145e-03
4.933019796738349214e+02 9.842068474608164225e-03
4.935581412116520141e+02 9.837964567578115840e-03
4.938144354997637606e+02 9.833862271093084251e-03
4.940708626069651928e+02 9.829761584539341637e-03
4.943274226020869833e+02 9.825662507303401308e-03
4.945841155539944793e+02 9.821565038772026371e-03
4.948409415315916817e+02 9.817469178332177693e-03
4.950979006038155603e+02 9.813374925371093696e-03
4.953549928396393511e+02 9.809282279276248726e-03
4.956122183080723858e+02 9.805191239435346109e-03
4.958695770781596366e+02 9.801101805236325099e-03
4.961270692189818305e+02 9.797013976067373009e-03
4.963846947996554491e+02 9.792927751316909610e-03
4.966424538893330123e+02 9.788843130373590593e-03
4.969003465572027380e+02 9.784760112626314510e-03
4.971583728724875186e+02 9.780678697464231450e-03
4.974165329044494683e+02 9.776598884276682319e-03
4.976748267223833295e+02 9.772520672453292520e-03
4.979332543956209634e+02 9.768444061383907764e-03
4.981918159935300423e+02 9.764369050458614890e-03
4.984505115855139934e+02 9.760295639067740128e-03
4.987093412410126234e+02 9.756223826601838692e-03
4.989683050295014368e+02 9.752153612451708656e-03
4.992274030204919200e+02 9.748084996008387487e-03
4.994866352835318821e+02 9.744017976663145106e-03
4.997460018882037502e+02 9.739952553807506436e-03
5.000055029041294574e+02 9.735888726833185486e-03
5.002651384009636217e+02 9.731826495132177290e-03
5.005249084483981505e+02 9.727765858096707602e-03
5.007848131161611036e+02 9.723706815119225952e-03
5.010448524740165794e+02 9.719649365592426468e-03
5.013050265917649426e+02 9.715593508909239201e-03
5.015653355392424828e+02 9.711539244462830123e-03
5.018257793863220400e+02 9.707486571646595924e-03
5.020863582029122654e+02 9.703435489854181362e-03
5.023470720589574512e+02 9.699385998479468848e-03
5.026079210244408841e+02 9.695338096916538556e-03
5.028689051693791612e+02 9.691291784559753417e-03
5.031300245638262254e+02 9.687247060803691467e-03
5.033912792778720586e+02 9.683203925043173607e-03
5.036526693816434204e+02 9.679162376673247983e-03
5.039141949453031089e+02 9.675122415089205605e-03
5.041758560390503021e+02 9.671084039686568198e-03
5.044376527331205580e+02 9.667047249861096883e-03
5.046995850977859845e+02 9.663012045008781761e-03
5.049616532033538192e+02 9.658978424525869674e-03
5.052238571201711466e+02 9.654946387808793079e-03
5.054861969186181341e+02 9.650915934254267192e-03
5.057486726691125227e+02 9.646887063259225806e-03
5.060112844421088312e+02 9.642859774220833430e-03
5.062740323080975031e+02 9.638834066536500905e-03
5.065369163376059873e+02 9.634809939603861118e-03
5.067999366011982261e+02 9.630787392820786344e-03
5.070630931694745982e+02 9.626766425585383050e-03
5.073263861130720329e+02 9.622747037295995357e-03
5.075898155026632139e+02 9.618729227351211983e-03
5.078533814089604448e+02 9.614712995149808997e-03
5.081170839027095667e+02 9.610698340090848696e-03
5.083809230546942217e+02 9.606685261573603279e-03
5.086448989357344885e+02 9.602673758997589543e-03
5.089090116166873941e+02 9.598663831762549795e-03
5.091732611684466292e+02 9.594655479268462267e-03
5.094376476619424921e+02 9.590648700915537644e-03
5.097021711681422858e+02 9.586643496104222534e-03
5.099668317580498069e+02 9.582639864235195995e-03
5.102316295027047772e+02 9.578637804709386888e-03
5.104965644731868792e+02 9.574637316927904485e-03
5.107616367406094469e+02 9.570638400292146020e-03
5.110268463761236717e+02 9.566641054203723835e-03
5.112921934509175799e+02 9.562645278064479254e-03
5.115576780362163163e+02 9.558651071276489525e-03
5.118233002032817467e+02 9.554658433242066082e-03
5.120890600234126850e+02 9.550667363363749343e-03
5.123549575679450072e+02 9.546677861044315649e-03
5.126209929082513099e+02 9.542689925686770325e-03
5.128871661157403423e+02 9.538703556694370228e-03
5.131534772618609850e+02 9.534718753470556099e-03
5.134199264180959972e+02 9.530735515419042764e-03
5.136865136559661096e+02 9.526753841943772297e-03
5.139532390470293421e+02 9.522773732448910552e-03
5.142201026628805494e+02 9.518795186338855838e-03
5.144871045751517613e+02 9.514818203018240647e-03
5.147542448555122974e+02 9.510842781891929928e-03
5.150215235756684251e+02 9.506868922365015878e-03
5.152889408073637014e+02 9.502896623842826615e-03
5.155564966223776082e+02 9.498925885730936589e-03
5.158241910925302136e+02 9.494956707435100660e-03
5.160920242896755781e+02 9.490989088361358184e-03
5.163599962857059609e+02 9.487023027915958417e-03
5.166281071525510242e+02 9.483058525505383071e-03
5.168963569621774923e+02 9.479095580536348042e-03
5.171647457865897195e+02 9.475134192415798212e-03
5.174332736978290086e+02 9.471174360550905710e-03
5.177019407679742926e+02 9.467216084349078589e-03
5.179707470691415665e+02 9.463259363217953885e-03
5.182396926734835461e+02 9.459304196565411493e-03
5.185087776531929649e+02 9.455350583799520398e-03
5.187780020804973447e+02 9.451398524328621931e-03
5.190473660276622923e+02 9.447448017561274267e-03
5.193168695669911585e+02 9.443499062906266298e-03
5.195865127708245836e+02 9.439551659772615899e-03
5.198562957115406107e+02 9.435605807569569931e-03
5.201262184615551405e+02 9.431661505706607704e-03
5.203962810933211358e+02 9.427718753593437515e-03
5.206664836793296445e+02 9.423777550639993172e-03
5.209368262921076393e+02 9.419837896256461757e-03
5.212073090042233616e+02 9.415899789853205554e-03
5.214779318882791586e+02 9.411963230840866140e-03
5.217486950169162583e+02 9.408028218630300199e-03
5.220195984628132919e+02 9.404094752632589926e-03
5.222906422986868620e+02 9.400162832259049972e-03
5.225618265972909740e+02 9.396232456921223969e-03
5.228331514314176047e+02 9.392303626030881064e-03
5.231046168738963615e+02 9.388376339000021123e-03
5.233762229975942546e+02 9.384450595240878198e-03
5.236479698754154697e+02 9.380526394165920531e-03
5.239198575803050062e+02 9.376603735187803712e-03
5.241918861852424243e+02 9.372682617719460887e-03
5.244640557632461650e+02 9.368763041174033371e-03
5.247363663873726409e+02 9.364845004964891459e-03
5.250088181307158948e+02 9.360928508505637902e-03
5.252814110664079408e+02 9.357013551210097493e-03
5.255541452676187646e+02 9.353100132492330951e-03
5.258270208075563232e+02 9.349188251766615831e-03
5.261000377594663178e+02 9.345277908447469084e-03
5.263731961966315112e+02 9.341369101949641846e-03
5.266464961923758210e+02 9.337461831688070868e-03
5.269199378200577257e+02 9.333556097077970459e-03
5.271935211530750394e+02 9.329651897534757890e-03
5.274672462648637747e+02 9.325749232474086353e-03
5.277411132288974613e+02 9.321848101311829352e-03
5.280151221186882822e+02 9.317948503464094576e-03
5.282892730077861643e+02 9.314050438347208291e-03
5.285635659697791198e+02 9.310153905377734421e-03
5.288380010782935869e+02 9.306258903972455462e-03
5.291125784069928386e+02 9.302365433548400245e-03
5.293872980295816433e+02 9.298473493522774538e-03
5.296621600197997850e+02 9.294583083313061669e-03
5.299371644514261561e+02 9.290694202336953131e-03
5.302123113982780751e+02 9.286806850012365930e-03
5.304876009342109455e+02 9.282921025757449526e-03
5.307630331331185971e+02 9.279036728990570221e-03
5.310386080689331720e+02 9.275153959130328502e-03
5.313143258156250113e+02 9.271272715595546901e-03
5.315901864472028819e+02 9.267392997805275201e-03
5.318661900377126130e+02 9.263514805178807779e-03
5.321423366612418704e+02 9.259638137135610750e-03
5.324186263919134490e+02 9.255762993095431254e-03
5.326950593038895931e+02 9.251889372478217660e-03
5.329716354713709734e+02 9.248017274704152524e-03
5.332483549685968001e+02 9.244146699193638711e-03
5.335252178698444823e+02 9.240277645367306336e-03
5.338022242494301963e+02 9.236410112646011028e-03
5.340793741817086584e+02 9.232544100450830460e-03
5.343566677410730108e+02 9.228679608203071288e-03
5.346341050019536851e+02 9.224816635324279562e-03
5.349116860388232908e+02 9.220955181236181741e-03
5.351894109261895665e+02 9.217095245360769698e-03
5.354672797385999274e+02 9.213236827120252145e-03
5.357452925506405563e+02 9.209379925937056371e-03
5.360234494369361755e+02 9.205524541233838648e-03
5.363017504721502746e+02 9.201670672433475556e-03
5.365801957309848831e+02 9.197818318959072662e-03
5.368587852881807976e+02 9.193967480233957573e-03
5.371375192185178093e+02 9.190118155681678211e-03
5.374163975968129989e+02 9.186270344726032294e-03
5.376954204979256247e+02 9.182424046790985811e-03
5.379745879967505289e+02 9.178579261300778835e-03
5.382539001682224580e+02 9.174735987679857874e-03
5.385333570873149256e+02 9.170894225352896681e-03
5.388129588290402125e+02 9.167053973744791057e-03
5.390927054684497080e+02 9.163215232280660580e-03
5.393725970806335681e+02 9.159378000385846874e-03
5.396526337407207166e+02 9.155542277485915342e-03
5.399328155238794125e+02 9.151708063006656901e-03
5.402131425053153180e+02 9.147875356374100125e-03
5.404936147602766141e+02 9.144044157014450530e-03
5.407742323640471795e+02 9.140214464354180779e-03
5.410549953919507971e+02 9.136386277819975171e-03
5.413359039193506987e+02 9.132559596838736582e-03
5.416169580216487702e+02 9.128734420837595134e-03
5.418981577742861191e+02 9.124910749243901262e-03
5.421795032527429612e+02 9.121088581485227442e-03
5.424609945325387343e+02 9.117267916989368198e-03
5.427426316892316436e+02 9.113448755184345301e-03
5.430244147984183201e+02 9.109631095498411241e-03
5.433063439357379139e+02 9.105814937360000652e-03
5.435884191768651590e+02 9.102000280197815318e-03
5.438706405975152620e+02 9.098187123440759985e-03
5.441530082734426514e+02 9.094375466517964912e-03
5.444355222804410914e+02 9.090565308858780669e-03
5.447181826943435681e+02 9.086756649892781604e-03
5.450009895910222895e+02 9.082949489049764111e-03
5.452839430463889130e+02 9.079143825759741424e-03
5.455670431363943180e+02 9.075339659452954025e-03
5.458502899370276964e+02 9.071536989559878320e-03
5.461336835243210999e+02 9.067735815511160716e-03
5.464172239743422779e+02 9.063936136737723442e-03
5.467009113631999071e+02 9.060137952670686487e-03
5.469847457670417725e+02 9.056341262741397086e-03
5.472687272620554495e+02 9.052546066381419315e-03
5.475528559244676217e+02 9.048752363022544501e-03
5.478371318305448767e+02 9.044960152096775605e-03
5.481215550565930243e+02 9.041169433036342837e-03
5.484061256789575509e+02 9.037380205273694983e-03
5.486908437740222553e+02 9.033592468241518486e-03
5.489757094182141373e+02 9.029806221372673261e-03
5.492607226879962354e+02 9.026021464100286371e-03
5.495458836598722883e+02 9.022238195857686105e-03
5.498311924103859383e+02 9.018456416078426269e-03
5.501166490161202773e+02 9.014676124196277507e-03
5.504022535536981877e+02 9.010897319645232509e-03
5.506880060997820010e+02 9.007120001859502539e-03
5.509739067310741802e+02 9.003344170273520908e-03
5.512599555243168652e+02 8.999569824321936029e-03
5.515461525562903944e+02 8.995796963439637445e-03
5.518324979038188758e+02 8.992025587061684699e-03
5.521189916437624561e+02 8.988255694623402750e-03
5.524056338530224366e+02 8.984487285560322986e-03
5.526924246085399091e+02 8.980720359308193637e-03
5.529793639872956419e+02 8.976954915302984978e-03
5.532664520663106487e+02 8.973190952980882387e-03
5.535536889226458470e+02 8.969428471778295026e-03
5.538410746334014902e+02 8.965667471131850627e-03
5.541286092757186452e+02 8.961907950478392032e-03
5.544162929267766913e+02 8.958149909254996268e-03
5.547041256637983224e+02 8.954393346898922509e-03
5.549921075640432946e+02 8.950638262847679730e-03
5.552802387048121773e+02 8.946884656538992009e-03
5.555685191634457851e+02 8.943132527410798532e-03
5.558569490173248369e+02 8.939381874901253591e-03
5.561455283438704100e+02 8.935632698448735256e-03
5.564342572205433726e+02 8.931884997491834968e-03
5.567231357248450649e+02 8.928138771469366214e-03
5.570121639343167317e+02 8.924394019820357585e-03
5.573013419265387256e+02 8.920650741984073595e-03
5.575906697791351689e+02 8.916908937399948762e-03
5.578801475697670185e+02 8.913168605507679546e-03
5.581697753761361582e+02 8.909429745747172308e-03
5.584595532759852858e+02 8.905692357558543312e-03
5.587494813470972304e+02 8.901956440382127397e-03
5.590395596672949523e+02 8.898221993658481446e-03
5.593297883144417710e+02 8.894489016828377448e-03
5.596201673664415921e+02 8.890757509332799027e-03
5.599106969012385662e+02 8.887027470612958793e-03
5.602013769968159522e+02 8.883298900110291399e-03
5.604922077312010060e+02 8.879571797266406705e-03
5.607831891824580453e+02 8.875846161523178249e-03
5.610743214286928833e+02 8.872121992322677328e-03
5.613656045480516923e+02 8.868399289107199018e-03
5.616570386187214581e+02 8.864678051319246563e-03
5.619486237189292979e+02 8.860958278401546984e-03
5.622403599269432561e+02 8.857239969797038939e-03
5.625322473210716225e+02 8.853523124948883133e-03
5.628242859796636139e+02 8.849807743300444965e-03
5.631164759811074418e+02 8.846093824295337901e-03
5.634088174038356556e+02 8.842381367377333268e-03
5.637013103263180938e+02 8.838670371990469538e-03
5.639939548270663181e+02 8.834960837578981208e-03
5.642867509846324765e+02 8.831252763587328289e-03
5.645796988776095304e+02 8.827546149460175490e-03
5.648727985846311412e+02 8.823840994642407828e-03
5.651660501843716702e+02 8.820137298579130633e-03
5.654594537555464058e+02 8.816435060715657399e-03
5.657530093769112227e+02 8.812734280497521930e-03
5.660467171272618998e+02 8.809034957370485280e-03
5.663405770854382126e+02 8.805337090780481976e-03
5.666345893303175671e+02 8.801640680173703282e-03
5.669287539408193197e+02 8.797945724996545161e-03
5.672230709959037540e+02 8.794252224695611742e-03
5.675175405745720809e+02 8.790560178717730933e-03
5.678121627558662112e+02 8.786869586509937075e-03
5.681069376188694378e+02 8.783180447519486553e-03
5.684018652427057532e+02 8.779492761193845654e-03
5.686969457065403049e+02 8.775806526980694036e-03
5.689921790895779168e+02 8.772121744327947279e-03
5.692875654710680919e+02 8.768438412683685762e-03
5.695831049302978499e+02 8.764756531496250072e-03
5.698787975465965019e+02 8.761076100214182025e-03
5.701746433993345136e+02 8.757397118286231602e-03
5.704706425679233917e+02 8.753719585161370831e-03
5.707667951318157975e+02 8.750043500288779905e-03
5.710631011705055471e+02 8.746368863117855857e-03
5.713595607635279521e+02 8.742695673098210829e-03
5.716561739904590240e+02 8.739023929679665126e-03
5.719529409309151333e+02 8.735353632312274977e-03
5.722498616645575567e+02 8.731684780446257940e-03
5.725469362710852010e+02 8.728017373532096987e-03
5.728441648302392650e+02 8.724351411020469377e-03
5.731415474218025565e+02 8.720686892362265741e-03
5.734390841255990381e+02 8.717023817008591816e-03
5.737367750214940543e+02 8.713362184410766709e-03
5.740346201893946727e+02 8.709701994020319429e-03
5.743326197092487746e+02 8.706043245288997562e-03
5.746307736610461916e+02 8.702385937668751653e-03
5.749290821248167731e+02 8.698730070611773377e-03
5.752275451806353885e+02 8.695075643570410531e-03
5.755261629086149924e+02 8.691422655997278063e-03
5.758249353889111717e+02 8.687771107345180002e-03
5.761238627017208955e+02 8.684120997067137221e-03
5.764229449272829697e+02 8.680472324616383961e-03
5.767221821458775821e+02 8.676825089446366102e-03
5.770215744378267573e+02 8.673179291010737688e-03
5.773211218834936744e+02 8.669534928763373074e-03
5.776208245632836906e+02 8.665892002158347845e-03
5.779206825576422943e+02 8.662250510649975241e-03
5.782206959470605625e+02 8.658610453692729830e-03
5.785208648120672024e+02 8.654971830741342922e-03
5.788211892332343496e+02 8.651334641250745319e-03
5.791216692911756354e+02 8.647698884676075989e-03
5.794223050665466417e+02 8.644064560472687272e-03
5.797230966400444458e+02 8.640431668096143145e-03
5.800240440924081895e+02 8.636800207002222687e-03
5.803251475044187373e+02 8.633170176646906210e-03
5.806264069568990180e+02 8.629541576486396068e-03
5.809278225307124330e+02 8.625914405977111454e-03
5.812293943067679720e+02 8.622288664575646772e-03
5.815311223660129372e+02 8.618664351738847956e-03
5.818330067894377180e+02 8.615041466923753499e-03
5.821350476580747682e+02 8.611420009587618732e-03
5.824372450529986054e+02 8.607799979187905418e-03
5.827395990553254705e+02 8.604181375182290425e-03
5.830421097462141233e+02 8.600564197028653587e-03
5.833447772068648192e+02 8.596948444185093310e-03
5.836476015185203323e+02 8.593334116109914433e-03
5.839505827624641370e+02 8.589721212261645575e-03
5.842537210200252957e+02 8.586109732098985356e-03
5.845570163725719794e+02 8.582499675080885668e-03
5.848604689015148779e+02 8.578891040666489221e-03
5.851640786883077681e+02 8.575283828315153831e-03
5.854678458144459228e+02 8.571678037486447216e-03
5.857717703614671336e+02 8.568073667640141791e-03
5.860758524109515974e+02 8.564470718236225077e-03
5.863800920445214615e+02 8.560869188734891028e-03
5.866844893438415056e+02 8.557269078596546966e-03
5.869890443906173232e+02 8.553670387281817056e-03
5.872937572666006645e+02 8.550073114251502404e-03
5.875986280535819333e+02 8.546477258966641774e-03
5.879036568333953028e+02 8.542882820888483830e-03
5.882088436879170104e+02 8.539289799478478465e-03
5.885141886990660396e+02 8.535698194198283739e-03
5.888196919488037793e+02 8.532108004509771082e-03
5.891253535191337960e+02 8.528519229875016622e-03
5.894311734921026300e+02 8.524931869756308123e-03
5.897371519497989993e+02 8.521345923616141516e-03
5.900432889743531177e+02 8.517761390917234776e-03
5.903495846479411284e+02 8.514178271122474148e-03
5.906560390527786240e+02 8.510596563694992206e-03
5.909626522711243979e+02 8.507016268098119283e-03
5.912694243852803311e+02 8.503437383795392143e-03
5.915763554775909370e+02 8.499859910250560924e-03
5.918834456304430205e+02 8.496283846927575253e-03
5.921906949262665876e+02 8.492709193290599867e-03
5.924981034475339357e+02 8.489135948804005932e-03
5.928056712767604495e+02 8.485564112932367578e-03
5.931133984965027821e+02 8.481993685140487918e-03
5.934212851893640845e+02 8.478424664893333129e-03
5.937293314379867297e+02 8.474857051656115720e-03
5.940375373250572011e+02 8.471290844894245955e-03
5.943459029333047283e+02 8.467726044073340536e-03
5.946544283455012874e+02 8.464162648659222590e-03
5.949631136444621688e+02 8.460600658117923417e-03
5.952719589130449549e+02 8.457040071915680746e-03
5.955809642341507697e+02 8.453480889518937003e-03
5.958901296907233700e+02 8.449923110394351455e-03
5.961994553657483493e+02 8.446366734008789803e-03
5.965089413422580265e+02 8.442811759829296422e-03
5.968185877033238285e+02 8.439258187323155080e-03
5.971283945320619750e+02 8.435706015957845569e-03
5.974383619116312047e+02 8.432155245201054111e-03
5.977484899252335708e+02 8.428605874520676833e-03
5.980587786561144412e+02 8.425057903384807617e-03
5.983692281875620438e+02 8.421511331261757188e-03
5.986798386029078074e+02 8.417966157620035764e-03
5.989906099855265893e+02 8.414422381928359992e-03
5.993015424188348561e+02 8.410880003655668569e-03
5.996126359862961408e+02 8.407339022271066720e-03
5.999238907714137667e+02 8.403799437243904269e-03
6.002353068577353952e+02 8.400261248043720125e-03
6.005468843288517746e+02 8.396724454140264832e-03
6.008586232683971957e+02 8.393189055003493632e-03
6.011705237600493774e+02 8.389655050103564729e-03
6.014825858875290123e+02 8.386122438910842761e-03
6.017948097346007899e+02 8.382591220895898795e-03
6.021071953850722593e+02 8.379061395529508599e-03
6.024197429227934890e+02 8.375532962282666513e-03
6.027324524316614998e+02 8.372005920626533412e-03
6.030453239956131029e+02 8.368480270032513033e-03
6.033583576986301296e+02 8.364956009972203399e-03
6.036715536247374985e+02 8.361433139917405499e-03
6.039849118580040113e+02 8.357911659340126753e-03
6.042984324825418980e+02 8.354391567712577543e-03
6.046121155825069309e+02 8.350872864507172949e-03
6.049259612420987651e+02 8.347355549196536217e-03
6.052399695455603705e+02 8.343839621253493558e-03
6.055541405771771224e+02 8.340325080151086284e-03
6.058684744212820306e+02 8.336811925362522246e-03
6.061829711622478953e+02 8.333300156361252153e-03
6.064976308844927644e+02 8.329789772620922739e-03
6.068124536724781137e+02 8.326280773615376760e-03
6.071274396107093025e+02 8.322773158818668610e-03
6.074425887837355731e+02 8.319266927705053910e-03
6.077579012761497097e+02 8.315762079748989510e-03
6.080733771725887209e+02 8.312258614425138692e-03
6.083890165577331572e+02 8.308756531208369434e-03
6.087048195163064293e+02 8.305255829573764820e-03
6.090207861330795822e+02 8.301756508996570999e-03
6.093369164928634518e+02 8.298258568952280451e-03
6.096532106805146896e+02 8.294762008916574739e-03
6.099696687809336026e+02 8.291266828365334920e-03
6.102862908790642678e+02 8.287773026774651955e-03
6.106030770598953268e+02 8.284280603620816294e-03
6.109200274084588500e+02 8.280789558380319618e-03
6.112371420098315866e+02 8.277299890529861773e-03
6.115544209491338279e+02 8.273811599546340365e-03
6.118718643115292934e+02 8.270324684906871573e-03
6.121894721822289966e+02 8.266839146088736379e-03
6.125072446464846507e+02 8.263354982569453416e-03
6.128251817895935574e+02 8.259872193826735612e-03
6.131432836968967877e+02 8.256390779338495384e-03
6.134615504537800916e+02 8.252910738582849848e-03
6.137799821456733298e+02 8.249432071038113878e-03
6.140985788580504732e+02 8.245954776182810517e-03
6.144173406764298306e+02 8.242478853495664032e-03
6.147362676863741626e+02 8.239004302455598186e-03
6.150553599734893169e+02 8.235531122541751847e-03
6.153746176234291170e+02 8.232059313233428682e-03
6.156940407218880864e+02 8.228588874010171750e-03
6.160136293546063371e+02 8.225119804351714928e-03
6.163333836073687735e+02 8.221652103737989853e-03
6.166533035660041833e+02 8.218185771649136329e-03
6.169733893163862604e+02 8.214720807565488447e-03
6.172936409444330366e+02 8.211257210967586734e-03
6.176140585361071089e+02 8.207794981336172940e-03
6.179346421774156397e+02 8.204334118152186578e-03
6.182553919544091059e+02 8.200874620896785733e-03
6.185763079531863013e+02 8.197416489051286351e-03
6.188973902598867198e+02 8.193959722097248974e-03
6.192186389606961257e+02 8.190504319516418025e-03
6.195400541418447347e+02 8.187050280790740889e-03
6.198616358896074416e+02 8.183597605402366179e-03
6.201833842903037066e+02 8.180146292833643737e-03
6.205052994302981233e+02 8.176696342567121162e-03
6.208273813959996232e+02 8.173247754085550751e-03
6.211496302738622717e+02 8.169800526871879090e-03
6.214720461503833349e+02 8.166354660409276545e-03
6.217946291121088507e+02 8.162910154181062666e-03
6.221173792456261253e+02 8.159467007670805072e-03
6.224402966375682809e+02 8.156025220362255260e-03
6.227633813746133455e+02 8.152584791739364220e-03
6.230866335434844814e+02 8.149145721286285907e-03
6.234100532309497567e+02 8.145708008487370297e-03
6.237336405238220323e+02 8.142271652827170331e-03
6.240573955089593028e+02 8.138836653790436707e-03
6.243813182732645828e+02 8.135403010862123085e-03
6.247054089036844289e+02 8.131970723527393030e-03
6.250296674872146241e+02 8.128539791271567963e-03
6.253540941108919924e+02 8.125110213580213903e-03
6.256786888617998557e+02 8.121681989939080748e-03
6.260034518270663284e+02 8.118255119834116157e-03
6.263283830938653409e+02 8.114829602751467280e-03
6.266534827494151614e+02 8.111405438177484231e-03
6.269787508809801011e+02 8.107982625598709678e-03
6.273041875758690367e+02 8.104561164501892720e-03
6.276297929214363194e+02 8.101141054373973277e-03
6.279555670050804110e+02 8.097722294702111578e-03
6.282815099142489998e+02 8.094304884973620509e-03
6.286076217364305876e+02 8.090888824676055815e-03
6.289339025591613108e+02 8.087474113297153655e-03
6.292603524700216440e+02 8.084060750324856617e-03
6.295869715566383320e+02 8.080648735247294642e-03
6.299137599066827988e+02 8.077238067552807571e-03
6.302407176078723978e+02 8.073828746729924330e-03
6.305678447479698434e+02 8.070420772267375073e-03
6.308951414147829837e+02 8.067014143654094652e-03
6.312226076961645731e+02 8.063608860379217411e-03
6.315502436800160240e+02 8.060204921932044228e-03
6.318780494542808128e+02 8.056802327802111904e-03
6.322060251069493688e+02 8.053401077479141121e-03
6.325341707260573685e+02 8.050001170453048582e-03
6.328624863996865315e+02 8.046602606213952222e-03
6.331909722159639387e+02 8.043205384252162526e-03
6.335196282630623728e+02 8.039809504058196415e-03
6.338484546292004325e+02 8.036414965122756424e-03
6.341774514026421912e+02 8.033021766936754987e-03
6.345066186716965149e+02 8.029629908991302301e-03
6.348359565247216096e+02 8.026239390777675092e-03
6.351654650501178594e+02 8.022850211787384278e-03
6.354951443363323733e+02 8.019462371512122920e-03
6.358249944718586448e+02 8.016075869443783572e-03
6.361550155452354147e+02 8.012690705074454814e-03
6.364852076450478080e+02 8.009306877896419513e-03
6.368155708599265381e+02 8.005924387402161765e-03
6.371461052785484753e+02 8.002543233084358221e-03
6.374768109896361921e+02 7.999163414435885022e-03
6.378076880819571670e+02 7.995784930949826480e-03
6.381387366443286737e+02 7.992407782119423029e-03
6.384699567656102772e+02 7.989031967438152762e-03
6.388013485347084952e+02 7.985657486399675917e-03
6.391329120405763433e+02 7.982284338497848755e-03
6.394646473722127666e+02 7.978912523226723563e-03
6.397965546186626398e+02 7.975542040080548650e-03
6.401286338690175626e+02 7.972172888553766615e-03
6.404608852124146097e+02 7.968805068141021283e-03
6.407933087380373536e+02 7.965438578337147302e-03
6.411259045351143868e+02 7.962073418637189218e-03
6.414586726929243241e+02 7.958709588536347704e-03
6.417916133007881854e+02 7.955347087530059355e-03
6.421247264480746253e+02 7.951985915113941178e-03
6.424580122241983418e+02 7.948626070783807937e-03
6.427914707186207579e+02 7.945267554035666951e-03
6.431251020208493401e+02 7.941910364365723299e-03
6.434589062204382799e+02 7.938554501270374611e-03
6.437928834069878121e+02 7.935199964246219748e-03
6.441270336701447832e+02 7.931846752790041449e-03
6.444613570996011731e+02 7.928494866398842766e-03
6.447958537850994389e+02 7.925144304569770731e-03
6.451305238164244429e+02 7.921795066800216972e-03
6.454653672834090230e+02 7.918447152587748325e-03
6.458003842759326290e+02 7.915100561430125914e-03
6.461355748839210946e+02 7.911755292825306887e-03
6.464709391973470929e+02 7.908411346271446152e-03
6.468064773062295671e+02 7.905068721266885964e-03
6.471421893006345272e+02 7.901727417310169810e-03
6.474780752706743669e+02 7.898387433900031993e-03
6.478141353065069552e+02 7.895048770535411514e-03
6.481503694983409787e+02 7.891711426715406971e-03
6.484867779364276430e+02 7.888375401939349413e-03
6.488233607110662433e+02 7.885040695706748565e-03
6.491601179126033685e+02 7.881707307517306707e-03
6.494970496314317643e+02 7.878375236870923878e-03
6.498341559579915838e+02 7.875044483267690937e-03
6.501714369827692508e+02 7.871715046207893030e-03
6.505088927962987100e+02 7.868386925192009593e-03
6.508465234891602904e+02 7.865060119720712617e-03
6.511843291519804779e+02 7.861734629294878790e-03
6.515223098754362354e+02 7.858410453415544394e-03
6.518604657502477266e+02 7.855087591583971227e-03
6.521987968671833187e+02 7.851766043301606698e-03
6.525373033170586723e+02 7.848445808070087307e-03
6.528759851907362872e+02 7.845126885391243837e-03
6.532148425791259569e+02 7.841809274767101365e-03
6.535538755731843139e+02 7.838492975699875784e-03
6.538930842639153980e+02 7.835177987691975543e-03
6.542324687423702017e+02 7.831864310246005115e-03
6.545720290996456470e+02 7.828551942864768465e-03
6.549117654268900424e+02 7.825240885051230888e-03
6.552516778152946699e+02 7.821931136308579724e-03
6.555917663560994697e+02 7.818622696140193132e-03
6.559320311405916755e+02 7.815315564049629682e-03
6.562724722601058147e+02 7.812009739540646570e-03
6.566130898060239360e+02 7.808705222117194415e-03
6.569538838697751544e+02 7.805402011283411184e-03
6.572948545428363332e+02 7.802100106543629135e-03
6.576360019167310611e+02 7.798799507402374813e-03
6.579773260830298796e+02 7.795500213364373390e-03
6.583188271333541479e+02 7.792202223934509633e-03
6.586605051593691087e+02 7.788905538617893823e-03
6.590023602527884350e+02 7.785610156919818385e-03
6.593443925053737757e+02 7.782316078345763097e-03
6.596866020089340736e+02 7.779023302401402891e-03
6.600289888553257924e+02 7.775731828592603520e-03
6.603715531364532580e+02 7.772441656425419822e-03
6.607142949442682038e+02 7.769152785406100055e-03
6.610572143707698842e+02 7.765865215041083298e-03
6.614003115080043926e+02 7.762578944837008992e-03
6.617435864480690952e+02 7.759293974300675301e-03
6.620870392831051277e+02 7.756010302939105039e-03
6.624306701053029656e+02 7.752727930259498829e-03
6.627744790069006058e+02 7.749446855769249846e-03
6.631184660801837936e+02 7.746167078975944691e-03
6.634626314174863637e+02 7.742888599387352973e-03
6.638069751111898995e+02 7.739611416511441196e-03
6.641514972537239601e+02 7.736335529856364079e-03
6.644961979375655119e+02 7.733060938930467164e-03
6.648410772552387016e+02 7.729787643242297217e-03
6.651861352993192895e+02 7.726515642300556264e-03
6.655313721624273740e+02 7.723244935614170109e-03
6.658767879372318248e+02 7.719975522692247571e-03
6.662223827164500563e+02 7.716707403044082217e-03
6.665681565928472310e+02 7.713440576179159298e-03
6.669141096592366011e+02 7.710175041607155756e-03
6.672602420084797359e+02 7.706910798837934146e-03
6.676065537334860664e+02 7.703647847381552179e-03
6.679530449272133410e+02 7.700386186748250580e-03
6.682997156826660330e+02 7.697125816448478243e-03
6.686465660929007981e+02 7.693866735992833245e-03
6.689935962510188574e+02 7.690608944892139177e-03
6.693408062501706581e+02 7.687352442657396576e-03
6.696881961835548509e+02 7.684097228799798528e-03
6.700357661444185169e+02 7.680843302830725472e-03
6.703835162260573952e+02 7.677590664261744330e-03
6.707314465218149735e+02 7.674339312604613710e-03
6.710795571250835110e+02 7.671089247371281304e-03
6.714278481293035838e+02 7.667840468073881290e-03
6.717763196279627209e+02 7.664592974224751672e-03
6.721249717146012017e+02 7.661346765336379643e-03
6.724738044828034162e+02 7.658101840921480510e-03
6.728228180262038904e+02 7.654858200492942188e-03
6.731720124384853534e+02 7.651615843563846012e-03
6.735213878133795333e+02 7.648374769647455461e-03
6.738709442446663616e+02 7.645134978257229173e-03
6.742206818261743138e+02 7.641896468906807932e-03
6.745706006517808646e+02 7.638659241110024208e-03
6.749207008154119194e+02 7.635423294380896085e-03
6.752709824110405634e+02 7.632188628233645480e-03
6.756214455326929738e+02 7.628955242182641761e-03
6.759720902744398927e+02 7.625723135742478939e-03
6.763229167304017437e+02 7.622492308427931441e-03
6.766739249947482904e+02 7.619262759753954103e-03
6.770251151616979541e+02 7.616034489235694316e-03
6.773764873255175871e+02 7.612807496388487687e-03
6.777280415805237226e+02 7.609581780727851970e-03
6.780797780210807559e+02 7.606357341769498341e-03
6.784316967416028774e+02 7.603134179029320990e-03
6.787837978365512299e+02 7.599912292023416199e-03
6.791360814004403892e+02 7.596691680268027706e-03
6.794885475278293825e+02 7.593472343279626495e-03
6.798411963133281688e+02 7.590254280574855288e-03
6.801940278515953651e+02 7.587037491670545891e-03
6.805470422373387009e+02 7.583821976083717463e-03
6.809002395653149051e+02 7.580607733331572173e-03
6.812536199303301601e+02 7.577394762931503013e-03
6.816071834272393062e+02 7.574183064401086851e-03
6.819609301509466377e+02 7.570972637258088778e-03
6.823148601964041973e+02 7.567763481020472506e-03
6.826689736586175741e+02 7.564555595206349202e-03
6.830232706326368088e+02 7.561348979334056412e-03
6.833777512135633287e+02 7.558143632922102555e-03
6.837324154965473326e+02 7.554939555489184264e-03
6.840872635767887004e+02 7.551736746554182922e-03
6.844422955495365386e+02 7.548535205636167263e-03
6.847975115100889525e+02 7.545334932254390767e-03
6.851529115537938424e+02 7.542135925928296000e-03
6.855084957760485622e+02 7.538938186177503338e-03
6.858642642722982146e+02 7.535741712521841322e-03
6.862202171380416758e+02 7.532546504481279007e-03
6.865763544688231832e+02 7.529352561576014430e-03
6.869326763602377923e+02 7.526159883326412163e-03
6.872891829079302397e+02 7.522968469253027597e-03
6.876458742075946020e+02 7.519778318876599137e-03
6.880027503549747507e+02 7.516589431718051668e-03
6.883598114458641248e+02 7.513401807298493960e-03
6.887170575761057307e+02 7.510215445139218661e-03
6.890744888415922560e+02 7.507030344761707503e-03
6.894321053382649325e+02 7.503846505687636510e-03
6.897899071621184248e+02 7.500663927438830023e-03
6.901478944091934409e+02 7.497482609537333559e-03
6.905060671755815065e+02 7.494302551505367845e-03
6.908644255574240560e+02 7.491123752865334884e-03
6.912229696509126597e+02 7.487946213139821429e-03
6.915816995522878869e+02 7.484769931851603317e-03
6.919406153578413523e+02 7.481594908523635928e-03
6.922997171639136695e+02 7.478421142679059393e-03
6.926590050668954746e+02 7.475248633841202056e-03
6.930184791632266297e+02 7.472077381533583952e-03
6.933781395494002027e+02 7.468907385279876035e-03
6.937379863219558729e+02 7.465738644603966967e-03
6.940980195774843651e+02 7.462571159029919750e-03
6.944582394126265399e+02 7.459404928081980399e-03
6.948186459240733939e+02 7.456239951284578810e-03
6.951792392085657184e+02 7.453076228162329626e-03
6.955400193628950092e+02 7.449913758240028772e-03
6.959009864839023294e+02 7.446752541042656916e-03
6.962621406684794465e+02 7.443592576095380345e-03
6.966234820135665586e+02 7.440433862923557032e-03
6.969850106161583199e+02 7.437276401052695871e-03
6.973467265732958822e+02 7.434120190008523463e-03
6.977086299820715567e+02 7.430965229316937280e-03
6.980707209396282451e+02 7.427811518504018676e-03
6.984329995431590987e+02 7.424659057096031148e-03
6.987954658899076321e+02 7.421507844619423810e-03
6.991581200771679505e+02 7.418357880600825321e-03
6.995209622022842950e+02 7.415209164567049954e-03
6.998839923626513837e+02 7.412061696045094128e-03
7.002472106557133884e+02 7.408915474562146816e-03
7.006106171789687096e+02 7.405770499645546179e-03
7.009742120299622457e+02 7.402626770822848951e-03
7.013379953062909635e+02 7.399484287621781002e-03
7.017019671056021934e+02 7.396343049570251217e-03
7.020661275255940836e+02 7.393203056196350625e-03
7.024304766640152593e+02 7.390064307028354137e-03
7.027950146186650500e+02 7.386926801594715340e-03
7.031597414873934895e+02 7.383790539424074303e-03
7.035246573681012023e+02 7.380655520045250641e-03
7.038897623587383805e+02 7.377521742987259122e-03
7.042550565573098993e+02 7.374389207779258500e-03
7.046205400618675867e+02 7.371257913950626101e-03
7.049862129705151119e+02 7.368127861030910990e-03
7.053520753814070758e+02 7.364999048549843511e-03
7.057181273927491247e+02 7.361871476037330948e-03
7.060843691027977229e+02 7.358745143023469673e-03
7.064508006098600390e+02 7.355620049038532129e-03
7.068174220122944007e+02 7.352496193612974643e-03
7.071842334085101811e+02 7.349373576277433082e-03
7.075512348969660934e+02 7.346252196562737605e-03
7.079184265761763299e+02 7.343132053999864087e-03
7.082858085447016947e+02 7.340013148120005243e-03
7.086533809011557423e+02 7.336895478454522057e-03
7.090211437442029592e+02 7.333779044534955924e-03
7.093890971725589907e+02 7.330663845893032118e-03
7.097572412849905277e+02 7.327549882060653726e-03
7.101255761803156474e+02 7.324437152569906843e-03
7.104941019574035863e+02 7.321325656953055379e-03
7.108628187151747397e+02 7.318215394742547120e-03
7.112317265525991843e+02 7.315106365471020673e-03
7.116008255687031578e+02 7.311998568671257762e-03
7.119701158625591688e+02 7.308892003876260417e-03
7.123395975332929311e+02 7.305786670619196337e-03
7.127092706800817723e+02 7.302682568433411896e-03
7.130791354021537245e+02 7.299579696852437349e-03
7.134491917987888883e+02 7.296478055409980762e-03
7.138194399693182959e+02 7.293377643639930609e-03
7.141898800131248208e+02 7.290278461076354910e-03
7.145605120296428368e+02 7.287180507253502963e-03
7.149313361183566258e+02 7.284083781705814886e-03
7.153023523788062903e+02 7.280988283967874779e-03
7.156735609105795675e+02 7.277894013574481846e-03
7.160449618133168315e+02 7.274800970060602695e-03
7.164165551867102977e+02 7.271709152961385210e-03
7.167883411305037953e+02 7.268618561812156820e-03
7.171603197444928810e+02 7.265529196148421028e-03
7.175324911285248390e+02 7.262441055505862615e-03
7.179048553824985675e+02 7.259354139420348510e-03
7.182774126063650328e+02 7.256268447427918246e-03
7.186501629001249967e+02 7.253183979064810848e-03
7.190231063638360638e+02 7.250100733867398915e-03
7.193962430976029054e+02 7.247018711372278828e-03
7.197695732015836256e+02 7.243937911116206559e-03
7.201430967759882833e+02 7.240858332636122829e-03
7.205168139210787785e+02 7.237779975469142701e-03
7.208907247371689664e+02 7.234702839152563382e-03
7.212648293246249978e+02 7.231626923223857285e-03
7.216391277838645237e+02 7.228552227220677237e-03
7.220136202153574914e+02 7.225478750680855607e-03
7.223883067196246657e+02 7.222406493142412114e-03
7.227631873972428593e+02 7.219335454143512194e-03
7.231382623488370882e+02 7.216265633222532054e-03
7.235135316750854599e+02 7.213197029918016166e-03
7.238889954767186055e+02 7.210129643768687681e-03
7.242646538545193380e+02 7.207063474313445822e-03
7.246405069093227667e+02 7.203998521091367624e-03
7.250165547420157282e+02 7.200934783641712265e-03
7.253927974535381509e+02 7.197872261503909797e-03
7.257692351448815771e+02 7.194810954217575015e-03
7.261458679170888217e+02 7.191750861322506599e-03
7.265226958712595433e+02 7.188691982358648078e-03
7.268997191085408076e+02 7.185634316866155481e-03
7.272769377301341365e+02 7.182577864385352243e-03
7.276543518372933477e+02 7.179522624456734399e-03
7.280319615313246686e+02 7.176468596620981868e-03
7.284097669135869637e+02 7.173415780418943705e-03
7.287877680854913933e+02 7.170364175391653709e-03
7.291659651485016411e+02 7.167313781080319156e-03
7.295443582041343689e+02 7.164264597026325128e-03
7.299229473539571700e+02 7.161216622771244059e-03
7.303017326995944813e+02 7.158169857856792363e-03
7.306807143427192841e+02 7.155124301824894624e-03
7.310598923850583333e+02 7.152079954217646293e-03
7.314392669283918167e+02 7.149036814577313693e-03
7.318188380745517634e+02 7.145994882446343559e-03
7.321986059254237489e+02 7.142954157367356095e-03
7.325785705829457584e+02 7.139914638883151053e-03
7.329587321491084140e+02 7.136876326536703390e-03
7.333390907259558844e+02 7.133839219871160667e-03
7.337196464155828153e+02 7.130803318429867338e-03
7.341003993201420599e+02 7.127768621756299695e-03
7.344813495418345610e+02 7.124735129394147402e-03
7.348624971829157175e+02 7.121702840887269258e-03
7.352438423456937926e+02 7.118671755779694930e-03
7.356253851325304822e+02 7.115641873615631031e-03
7.360071256458400057e+02 7.112613193939461981e-03
7.363890639880901290e+02 7.109585716295745671e-03
7.367712002618013685e+02 7.106559440229216068e-03
7.371535345695475598e+02 7.103534365284784081e-03
7.375360670139542663e+02 7.100510491007547102e-03
7.379187976977044627e+02 7.097487816942741300e-03
7.383017267235301233e+02 7.094466342635814479e-03
7.386848541942176780e+02 7.091446067632379245e-03
7.390681802126071034e+02 7.088426991478222541e-03
7.394517048815914677e+02 7.085409113719305652e-03
7.398354283041172721e+02 7.082392433901766801e-03
7.402193505831843368e+02 7.079376951571915953e-03
7.406034718218458011e+02 7.076362666276241747e-03
7.409877921232083509e+02 7.073349577561406296e-03
7.413723115904303995e+02 7.070337684974257325e-03
7.417570303267286818e+02 7.067326988061781341e-03
7.421419484353684766e+02 7.064317486371178220e-03
7.425270660196702011e+02 7.061309179449808300e-03
7.429123831830080462e+02 7.058302066845205391e-03
7.432979000288095222e+02 7.055296148105081114e-03
7.436836166605559129e+02 7.052291422777317957e-03
7.440695331817820488e+02 7.049287890409975353e-03
7.444556496960764207e+02 7.046285550551285339e-03
7.448419663070812931e+02 7.043284402749654290e-03
7.452284831184908853e+02 7.040284446553675066e-03
7.456152002340578520e+02 7.037285681512079304e-03
7.460021177575840738e+02 7.034288107173808542e-03
7.463892357929269110e+02 7.031291723087961312e-03
7.467765544439971563e+02 7.028296528803819158e-03
7.471640738147597176e+02 7.025302523870830158e-03
7.475517940092332765e+02 7.022309707838618464e-03
7.479397151314907433e+02 7.019318080256979966e-03
7.483278372856584610e+02 7.016327640675888364e-03
7.487161605759168879e+02 7.013338388645488225e-03
7.491046851064991188e+02 7.010350323716107133e-03
7.494934109816967975e+02 7.007363445438213184e-03
7.498823383058510217e+02 7.004377753362484374e-03
7.502714671833581406e+02 7.001393247039757427e-03
7.506607977186693006e+02 6.998409926021042539e-03
7.510503300162891946e+02 6.995427789857525114e-03
7.514400641807769716e+02 6.992446838100560558e-03
7.518300003167456680e+02 6.989467070301678617e-03
7.522201385288628899e+02 6.986488486012583377e-03
7.526104789218502447e+02 6.983511084785148926e-03
7.530010216004822041e+02 6.980534866171434968e-03
7.533917666695921298e+02 6.977559829723639119e-03
7.537827142340629507e+02 6.974585974994167159e-03
7.541738643988336435e+02 6.971613301535583597e-03
7.545652172688976407e+02 6.968641808900625546e-03
7.549567729493024899e+02 6.965671496642207063e-03
7.553485315451505357e+02 6.962702364313407000e-03
7.557404931615982377e+02 6.959734411467482888e-03
7.561326579038568525e+02 6.956767637657860527e-03
7.565250258771919789e+02 6.953802042438139187e-03
7.569175971869223076e+02 6.950837625362102888e-03
7.573103719384257602e+02 6.947874385983670090e-03
7.577033502371299392e+02 6.944912323856967419e-03
7.580965321885190633e+02 6.941951438536283700e-03
7.584899178981319210e+02 6.938991729576074290e-03
7.588835074715617566e+02 6.936033196530971487e-03
7.592773010144566115e+02 6.933075838955776726e-03
7.596712986325195516e+02 6.930119656405462313e-03
7.600655004315079850e+02 6.927164648435174023e-03
7.604599065172344581e+02 6.924210814600225902e-03
7.608545169955648362e+02 6.921258154456118479e-03
7.612493319724241019e+02 6.918306667558487590e-03
7.616443515537880558e+02 6.915356353463172900e-03
7.620395758456883186e+02 6.912407211726177142e-03
7.624350049542119905e+02 6.909459241903670446e-03
7.628306389855008547e+02 6.906512443551996415e-03
7.632264780457519464e+02 6.903566816227668657e-03
7.636225222412169842e+02 6.900622359487372515e-03
7.640187716782030520e+02 6.897679072887962469e-03
7.644152264630721447e+02 6.894736955986463869e-03
7.648118867022401446e+02 6.891796008340085079e-03
7.652087525021822785e+02 6.888856229506170638e-03
7.656058239694244776e+02 6.885917619042268914e-03
7.660031012105496302e+02 6.882980176506089606e-03
7.664005843321955354e+02 6.880043901455509814e-03
7.667982734410556986e+02 6.877108793448577506e-03
7.671961686438781953e+02 6.874174852043513258e-03
7.675942700474672620e+02 6.871242076798702442e-03
7.679925777586819322e+02 6.868310467272708240e-03
7.683910918844366051e+02 6.865380023024257768e-03
7.687898125317000222e+02 6.862450743612260283e-03
7.691887398075003830e+02 6.859522628595762957e-03
7.695878738189171600e+02 6.856595677534015922e-03
7.699872146730865552e+02 6.853669889986426303e-03
7.703867624772007048e+02 6.850745265512573831e-03
7.707865173385067692e+02 6.847821803672204770e-03
7.711864793643080702e+02 6.844899504025234518e-03
7.715866486619629541e+02 6.841978366131752816e-03
7.719870253388858146e+02 6.839058389552012465e-03
7.723876095025464110e+02 6.836139573846439742e-03
7.727884012604689588e+02 6.833221918575641332e-03
7.731894007202376997e+02 6.830305423300357497e-03
7.735906079894883760e+02 6.827390087581530591e-03
7.739920231759139142e+02 6.824475910980262565e-03
7.743936463872627201e+02 6.821562893057826239e-03
7.747954777313393606e+02 6.818651033375660100e-03
7.751975173160044505e+02 6.815740331495370903e-03
7.755997652491740837e+02 6.812830786978737140e-03
7.760022216388204015e+02 6.809922399387704703e-03
7.764048865929717067e+02 6.807015168284386887e-03
7.768077602197106444e+02 6.804109093231077397e-03
7.772108426271801136e+02 6.801204173790206982e-03
7.776141339235750820e+02 6.798300409524406750e-03
7.780176342171479291e+02 6.795397799996463067e-03
7.784213436162065136e+02 6.792496344769334039e-03
7.788252622291158787e+02 6.789596043406141701e-03
7.792293901642963192e+02 6.786696895470182428e-03
7.796337275302247463e+02 6.783798900524913925e-03
7.800382744354343458e+02 6.780902058133968235e-03
7.804430309885142378e+02 6.778006367861138734e-03
7.808479972981085666e+02 6.775111829270403542e-03
7.812531734729221853e+02 6.772218441925871753e-03
7.816585596217119019e+02 6.769326205391855422e-03
7.820641558532920499e+02 6.766435119232823599e-03
7.824699622765339200e+02 6.763545183013408395e-03
7.828759790003646231e+02 6.760656396298415395e-03
7.832822061337682271e+02 6.757768758652813249e-03
7.836886437857847341e+02 6.754882269641742341e-03
7.840952920655112166e+02 6.751996928830505257e-03
7.845021510821007951e+02 6.749112735784577183e-03
7.849092209447620689e+02 6.746229690069606780e-03
7.853165017627645739e+02 6.743347791251378884e-03
7.857239936454299141e+02 6.740467038895877824e-03
7.861316967021377877e+02 6.737587432569244923e-03
7.865396110423247364e+02 6.734708971837789770e-03
7.869477367754839179e+02 6.731831656267985020e-03
7.873560740111654468e+02 6.728955485426470727e-03
7.877646228589757129e+02 6.726080458880057816e-03
7.881733834285785179e+02 6.723206576195719410e-03
7.885823558296939382e+02 6.720333836940596897e-03
7.889915401720978707e+02 6.717462240682009478e-03
7.894009365656273758e+02 6.714591786987409057e-03
7.898105451201718097e+02 6.711722475424447901e-03
7.902203659456791911e+02 6.708854305560932665e-03
7.906303991521547232e+02 6.705987276964835674e-03
7.910406448496601115e+02 6.703121389204297516e-03
7.914511031483141323e+02 6.700256641847623582e-03
7.918617741582933149e+02 6.697393034463284059e-03
7.922726579898303498e+02 6.694530566619917404e-03
7.926837547532156805e+02 6.691669237886327740e-03
7.930950645587951158e+02 6.688809047831494395e-03
7.935065875169765377e+02 6.685949996024529406e-03
7.939183237382201241e+02 6.683092082034746036e-03
7.943302733330449428e+02 6.680235305431611072e-03
7.947424364120273594e+02 6.677379665784754365e-03
7.951548130858009245e+02 6.674525162663974900e-03
7.955674034650566000e+02 6.671671795639236464e-03
7.959802076605428738e+02 6.668819564280665038e-03
7.963932257830655317e+02 6.665968468158555739e-03
7.968064579434876578e+02 6.663118506843365013e-03
7.972199042527279289e+02 6.660269679905731453e-03
7.976335648217681182e+02 6.657421986916420287e-03
7.980474397616419537e+02 6.654575427446396234e-03
7.984615291834427353e+02 6.651730001066778405e-03
7.988758331983211747e+02 6.648885707348850711e-03
7.992903519174853955e+02 6.646042545864062727e-03
7.997050854522017289e+02 6.643200516184027092e-03
8.001200339137932360e+02 6.640359617880523847e-03
8.005351974136417539e+02 6.637519850525492628e-03
8.009505760631860767e+02 6.634681213691043071e-03
8.013661699739211599e+02 6.631843706949459155e-03
8.017819792574051689e+02 6.629007329873154095e-03
8.021980040252486788e+02 6.626172082034737995e-03
8.026142443891219500e+02 6.623337963006978822e-03
8.030307004607529962e+02 6.620504972362803268e-03
8.034473723519276973e+02 6.617673109675307162e-03
8.038642601744902549e+02 6.614842374517746794e-03
8.042813640403423960e+02 6.612012766463543252e-03
8.046986840614438279e+02 6.609184285086283292e-03
8.051162203498125791e+02 6.606356929959714998e-03
8.055339730175229533e+02 6.603530700657764263e-03
8.059519421767122367e+02 6.600705596754484483e-03
8.063701279395709207e+02 6.597881617824129415e-03
8.067885304183490689e+02 6.595058763441102867e-03
8.072071497253555208e+02 6.592237033179970847e-03
8.076259859729566415e+02 6.589416426615466761e-03
8.080450392735773448e+02 6.586596943322484479e-03
8.084643097397007523e+02 6.583778582876084404e-03
8.088837974838683067e+02 6.580961344851484797e-03
8.093035026186797722e+02 6.578145228824073057e-03
8.097234252567915291e+02 6.575330234369406585e-03
8.101435655109235086e+02 6.572516361063175487e-03
8.105639234938489608e+02 6.569703608481264161e-03
8.109844993184009354e+02 6.566891976199710525e-03
8.114052930974713718e+02 6.564081463794713828e-03
8.118263049440108716e+02 6.561272070842636382e-03
8.122475349710280170e+02 6.558463796920005300e-03
8.126689832915901661e+02 6.555656641603508153e-03
8.130906500188234531e+02 6.552850604469996447e-03
8.135125352659124474e+02 6.550045685096482148e-03
8.139346391460990162e+02 6.547241883060155032e-03
8.143569617726880097e+02 6.544439197938328907e-03
8.147795032590387336e+02 6.541637629308517075e-03
8.152022637185708618e+02 6.538837176748381157e-03
8.156252432647620481e+02 6.536037839835749305e-03
8.160484420111497457e+02 6.533239618148606667e-03
8.164718600713297292e+02 6.530442511265103188e-03
8.168954975589566629e+02 6.527646518763551876e-03
8.173193545877441011e+02 6.524851640222425336e-03
8.177434312714649423e+02 6.522057875220359235e-03
8.181677277239485875e+02 6.519265223336163581e-03
8.185922440590892393e+02 6.516473684148774148e-03
8.190169803908345330e+02 6.513683257237323602e-03
8.194419368331930400e+02 6.510893942181094664e-03
8.198671135002326764e+02 6.508105738559530513e-03
8.202925105060800206e+02 6.505318645952238264e-03
8.207181279649209955e+02 6.502532663938984624e-03
8.211439659910008686e+02 6.499747792099697628e-03
8.215700246986237971e+02 6.496964030014468379e-03
8.219963042021532829e+02 6.494181377263547571e-03
8.224228046160104668e+02 6.491399833427358504e-03
8.228495260546809504e+02 6.488619398086452848e-03
8.232764686327043364e+02 6.485840070821575695e-03
8.237036324646815046e+02 6.483061851213623057e-03
8.241310176652724522e+02 6.480284738843651408e-03
8.245586243491969753e+02 6.477508733292878552e-03
8.249864526312342150e+02 6.474733834142681888e-03
8.254145026262225429e+02 6.471960040974601008e-03
8.258427744490597888e+02 6.469187353370335104e-03
8.262712682147040368e+02 6.466415770911743827e-03
8.266999840381702143e+02 6.463645293180860299e-03
8.271289220345389595e+02 6.460875919759842545e-03
8.275580823189447983e+02 6.458107650231043745e-03
8.279874650065836477e+02 6.455340484176966265e-03
8.284170702127113373e+02 6.452574421180271198e-03
8.288468980526436098e+02 6.449809460823781836e-03
8.292769486417553253e+02 6.447045602690481061e-03
8.297072220954819386e+02 6.444282846363510488e-03
8.301377185293180219e+02 6.441521191426174790e-03
8.305684380588185149e+02 6.438760637461933035e-03
8.309993807995959969e+02 6.436001184054422966e-03
8.314305468673287578e+02 6.433242830787402021e-03
8.318619363777493163e+02 6.430485577244825397e-03
8.322935494466522641e+02 6.427729423010793142e-03
8.327253861898918785e+02 6.424974367669568365e-03
8.331574467233829182e+02 6.422220410805570302e-03
8.335897311630997137e+02 6.419467552003380387e-03
8.340222396250769634e+02 6.416715790847739645e-03
8.344549722254095059e+02 6.413965126923546964e-03
8.348879290802523201e+02 6.411215559815859957e-03
8.353211103058188201e+02 6.408467089109906242e-03
8.357545160183877897e+02 6.405719714391044407e-03
8.361881463342932648e+02 6.402973435244818656e-03
8.366220013699310130e+02 6.400228251256926716e-03
8.370560812417572834e+02 6.397484162013221572e-03
8.374903860662889201e+02 6.394741167099714935e-03
8.379249159601024530e+02 6.391999266102580714e-03
8.383596710398356890e+02 6.389258458608149810e-03
8.387946514221863481e+02 6.386518744202910984e-03
8.392298572239126315e+02 6.383780122473510857e-03
8.396652885618316304e+02 6.381042593006770389e-03
8.401009455528262606e+02 6.378306155389630236e-03
8.405368283138349170e+02 6.375570809209225344e-03
8.409729369618576129e+02 6.372836554052839844e-03
8.414092716139559798e+02 6.370103389507911391e-03
8.418458323872516758e+02 6.367371315162041572e-03
8.422826193989270678e+02 6.364640330602986361e-03
8.427196327662256863e+02 6.361910435418658728e-03
8.431568726064513157e+02 6.359181629197134707e-03
8.435943390369690178e+02 6.356453911526643852e-03
8.440320321752022892e+02 6.353727281995587457e-03
8.444699521386414744e+02 6.351001740192489982e-03
8.449080990448320563e+02 6.348277285706066704e-03
8.453464730113822725e+02 6.345553918125180354e-03
8.457850741559612970e+02 6.342831637038852388e-03
8.462239025962994674e+02 6.340110442036260389e-03
8.466629584501877162e+02 6.337390332706738932e-03
8.471022418354788215e+02 6.334671308639780452e-03
8.475417528700857019e+02 6.331953369425036109e-03
8.479814916719828943e+02 6.329236514652314925e-03
8.484214583592042800e+02 6.326520743911592456e-03
8.488616530498499060e+02 6.323806056792969157e-03
8.493020758620763218e+02 6.321092452886733701e-03
8.497427269141023771e+02 6.318379931783324813e-03
8.501836063242087675e+02 6.315668493073336477e-03
8.506247142107370109e+02 6.312958136347517936e-03
8.510660506920902435e+02 6.310248861196778025e-03
8.515076158867329923e+02 6.307540667212179104e-03
8.519494099131910616e+02 6.304833553984944862e-03
8.523914328900517603e+02 6.302127521106451642e-03
8.528336849359617418e+02 6.299422568168246660e-03
8.532761661696349620e+02 6.296718694761997692e-03
8.537188767098413109e+02 6.294015900479565072e-03
8.541618166754141157e+02 6.291314184912952245e-03
8.546049861852479808e+02 6.288613547654319652e-03
8.550483853582995835e+02 6.285913988295985591e-03
8.554920143135869921e+02 6.283215506430421884e-03
8.559358731701898932e+02 6.280518101650259082e-03
8.563799620472498191e+02 6.277821773548282989e-03
8.568242810639701474e+02 6.275126521717436408e-03
8.572688303396138281e+02 6.272432345750826067e-03
8.577136099935114544e+02 6.269739245241684467e-03
8.581586201450500084e+02 6.267047219783432321e-03
8.586038609136794548e+02 6.264356268969637799e-03
8.590493324189128543e+02 6.261666392394018253e-03
8.594950347803243176e+02 6.258977589650454101e-03
8.599409681175501419e+02 6.256289860332976682e-03
8.603871325502885838e+02 6.253603204035774327e-03
8.608335281983002005e+02 6.250917620353190624e-03
8.612801551814071672e+02 6.248233108879726154e-03
8.617270136194924817e+02 6.245549669210045431e-03
8.621741036325062169e+02 6.242867300938936999e-03
8.626214253404552892e+02 6.240186003661377621e-03
8.630689788634110755e+02 6.237505776972487176e-03
8.635167643215063435e+02 6.234826620467540798e-03
8.639647818349368436e+02 6.232148533741970614e-03
8.644130315239600577e+02 6.229471516391363144e-03
8.648615135088964507e+02 6.226795568011458427e-03
8.653102279101283330e+02 6.224120688198150030e-03
8.657591748481004288e+02 6.221446876547491109e-03
8.662083544433181714e+02 6.218774132655696153e-03
8.666577668163548651e+02 6.216102456119104551e-03
8.671074120878411122e+02 6.213431846534241305e-03
8.675572903784711798e+02 6.210762303497777137e-03
8.680074018090028858e+02 6.208093826606532820e-03
8.684577465002554391e+02 6.205426415457487854e-03
8.689083245731117131e+02 6.202760069647776132e-03
8.693591361485165407e+02 6.200094788774683334e-03
8.698101813474777373e+02 6.197430572435650396e-03
8.702614602910659869e+02 6.194767420228272647e-03
8.707129731004123414e+02 6.192105331750311081e-03
8.711647198967165195e+02 6.189444306599647255e-03
8.716167008012354245e+02 6.186784344374350077e-03
8.720689159352909883e+02 6.184125444672630700e-03
8.725213654202674434e+02 6.181467607092854671e-03
8.729740493776121184e+02 6.178810831233540191e-03
8.734269679288355519e+02 6.176155116693362451e-03
8.738801211955110375e+02 6.173500463071146700e-03
8.743335092992749651e+02 6.170846869965872575e-03
8.747871323618263659e+02 6.168194336976675837e-03
8.752409905049261170e+02 6.165542863702854447e-03
8.756950838504033072e+02 6.162892449743826058e-03
8.761494125201447787e+02 6.160243094699196544e-03
8.766039766361022885e+02 6.157594798168714890e-03
8.770587763202909173e+02 6.154947559752281007e-03
8.775138116947888420e+02 6.152301379049947457e-03
8.779690828817375632e+02 6.149656255661924663e-03
8.784245900033421321e+02 6.147012189188570501e-03
8.788803331818704692e+02 6.144369179230398971e-03
8.793363125396540454e+02 6.141727225388076729e-03
8.797925281990860640e+02 6.139086327262432627e-03
8.802489802826285086e+02 6.136446484454416948e-03
8.807056689128012295e+02 6.133807696565167326e-03
8.811625942121895605e+02 6.131169963195959305e-03
8.816197563034423865e+02 6.128533283948222818e-03
8.820771553092719159e+02 6.125897658423543057e-03
8.825347913524541354e+02 6.123263086223652667e-03
8.829926645558289238e+02 6.120629566950438680e-03
8.834507750422992558e+02 6.117997100205944255e-03
8.839091229348321122e+02 6.115365685592358269e-03
8.843677083564563191e+02 6.112735322712037865e-03
8.848265314302699380e+02 6.110106011167458148e-03
8.852855922794295793e+02 6.107477750561278972e-03
8.857448910271571094e+02 6.104850540496300701e-03
8.862044277967382868e+02 6.102224380575478092e-03
8.866642027115231031e+02 6.099599270401913353e-03
8.871242158949253280e+02 6.096975209578865684e-03
8.875844674704223962e+02 6.094352197709744338e-03
8.880449575615560889e+02 6.091730234398107756e-03
8.885056862919319656e+02 6.089109319247668767e-03
8.889666537852182273e+02 6.086489451862302398e-03
8.894278601651520830e+02 6.083870631846003373e-03
8.898893055555296314e+02 6.081252858802947692e-03
8.903509900802132506e+02 6.078636132337454472e-03
8.908129138631290971e+02 6.076020452053993749e-03
8.912750770282675603e+02 6.073405817557187350e-03
8.917374796996836039e+02 6.070792228451805418e-03
8.922001220014960836e+02 6.068179684342775090e-03
8.926630040578885428e+02 6.065568184835168353e-03
8.931261259931086443e+02 6.062957729534212449e-03
8.935894879314668060e+02 6.060348318045293350e-03
8.940530899973429086e+02 6.057739949973921061e-03
8.945169323151765184e+02 6.055132624925781658e-03
8.949810150094729124e+02 6.052526342506706070e-03
8.954453382048020558e+02 6.049921102322675277e-03
8.959099020257987149e+02 6.047316903979819448e-03
8.963747065971620032e+02 6.044713747084421405e-03
8.968397520436554942e+02 6.042111631242912291e-03
8.973050384901077905e+02 6.039510556061876770e-03
8.977705660614118415e+02 6.036910521148047826e-03
8.982363348825241474e+02 6.034311526108317170e-03
8.987023450784704437e+02 6.031713570549701413e-03
8.991685967743366064e+02 6.029116654079394108e-03
8.996350900952747907e+02 6.026520776304730188e-03
9.001018251665018397e+02 6.023925936833194640e-03
9.005688021133000802e+02 6.021332135272423371e-03
9.010360210610161857e+02 6.018739371230199739e-03
9.015034821350620859e+02 6.016147644314460627e-03
9.019711854609147395e+02 6.013556954133287766e-03
9.024391311641157927e+02 6.010967300294919879e-03
9.029073193702704430e+02 6.008378682407750082e-03
9.033757502050544872e+02 6.005791100080291184e-03
9.038444237942029531e+02 6.003204552921239875e-03
9.043133402635185121e+02 6.000619040539427289e-03
9.047824997388684096e+02 5.998034562543839814e-03
9.052519023461853749e+02 5.995451118543606954e-03
9.057215482114676206e+02 5.992868708148011737e-03
9.061914374607782747e+02 5.990287330966487245e-03
9.066615702202459488e+02 5.987706986608614008e-03
9.071319466160647380e+02 5.985127674684120012e-03
9.076025667744920611e+02 5.982549394802898039e-03
9.080734308218565047e+02 5.979972146574952761e-03
9.085445388845464549e+02 5.977395929610473599e-03
9.090158910890177140e+02 5.974820743519787883e-03
9.094874875617915677e+02 5.972246587913369528e-03
9.099593284294548994e+02 5.969673462401844238e-03
9.104314138186603031e+02 5.967101366595982566e-03
9.109037438561256295e+02 5.964530300106710321e-03
9.113763186686348945e+02 5.961960262545095562e-03
9.118491383830374843e+02 5.959391253522359003e-03
9.123222031262467908e+02 5.956823272649878348e-03
9.127955130252473737e+02 5.954256319539148398e-03
9.132690682070845014e+02 5.951690393801845232e-03
9.137428687988705178e+02 5.949125495049781970e-03
9.142169149277842735e+02 5.946561622894919186e-03
9.146912067210696478e+02 5.943998776949370975e-03
9.151657443060374817e+02 5.941436956825390213e-03
9.156405278100638725e+02 5.938876162135385897e-03
9.161155573605913105e+02 5.936316392491912744e-03
9.165908330851281107e+02 5.933757647507670319e-03
9.170663551112467076e+02 5.931199926795522985e-03
9.175421235665918402e+02 5.928643229968446129e-03
9.180181385788678199e+02 5.926087556639598151e-03
9.184944002758480792e+02 5.923532906422271024e-03
9.189709087853714209e+02 5.920979278929907642e-03
9.194476642353433817e+02 5.918426673776097484e-03
9.199246667537354369e+02 5.915875090574577479e-03
9.204019164685859096e+02 5.913324528939230273e-03
9.208794135079986063e+02 5.910774988484092038e-03
9.213571580001448638e+02 5.908226468823337720e-03
9.218351500732594559e+02 5.905678969571307932e-03
9.223133898556499162e+02 5.903132490342454311e-03
9.227918774756843732e+02 5.900587030751409771e-03
9.232706130617996223e+02 5.898042590412942536e-03
9.237495967424987384e+02 5.895499168941968279e-03
9.242288286463515306e+02 5.892956765953549260e-03
9.247083089019942008e+02 5.890415381062896923e-03
9.251880376381300266e+02 5.887875013885367562e-03
9.256680149835286784e+02 5.885335664036464055e-03
9.261482410670265608e+02 5.882797331131838468e-03
9.266287160175252211e+02 5.880260014787297256e-03
9.271094399639983976e+02 5.877723714618763098e-03
9.275904130354809922e+02 5.875188430242339957e-03
9.280716353610770284e+02 5.872654161274261896e-03
9.285531070699570364e+02 5.870120907330913899e-03
9.290348282913585081e+02 5.867588668028828405e-03
9.295167991545861241e+02 5.865057442984680097e-03
9.299990197890116406e+02 5.862527231815291111e-03
9.304814903240733202e+02 5.859998034137632768e-03
9.309642108892771830e+02 5.857469849568820372e-03
9.314471816141940508e+02 5.854942677726125352e-03
9.319304026284676183e+02 5.852416518226935364e-03
9.324138740618034262e+02 5.849891370688814138e-03
9.328975960439755681e+02 5.847367234729464180e-03
9.333815687048257814e+02 5.844844109966727645e-03
9.338657921742629924e+02 5.842321996018599341e-03
9.343502665822633162e+02 5.839800892503215456e-03
9.348349920588706254e+02 5.837280799038859630e-03
9.353199687341956405e+02 5.834761715243961221e-03
9.358051967384168393e+02 5.832243640737094434e-03
9.362906762017784104e+02 5.829726575136990468e-03
9.367764072545973022e+02 5.827210518062493280e-03
9.372623900272525361e+02 5.824695469132627236e-03
9.377486246501928235e+02 5.822181427966545940e-03
9.382351112539338374e+02 5.819668394183553917e-03
9.387218499690598037e+02 5.817156367403097071e-03
9.392088409262214554e+02 5.814645347244769627e-03
9.396960842561385334e+02 5.812135333328305453e-03
9.401835800895975126e+02 5.809626325273591074e-03
9.406713285574531938e+02 5.807118322700653527e-03
9.411593297906258613e+02 5.804611325229675108e-03
9.416475839201098097e+02 5.802105332480952601e-03
9.421360910769612929e+02 5.799600344074961472e-03
9.426248513923061410e+02 5.797096359632308155e-03
9.431138649973388510e+02 5.794593378773742198e-03
9.436031320233209954e+02 5.792091401120164074e-03
9.440926526015829268e+02 5.789590426292613029e-03
9.445824268635224144e+02 5.787090453912277499e-03
9.450724549406058941e+02 5.784591483600485563e-03
9.455627369643676730e+02 5.782093514978713621e-03
9.460532730664083374e+02 5.779596547668590725e-03
9.465440633784022566e+02 5.777100581291861291e-03
9.470351080320865549e+02 5.774605615470444070e-03
9.475264071592686150e+02 5.772111649826387920e-03
9.480179608918235772e+02 5.769618683981893488e-03
9.485097693616954757e+02 5.767126717559299329e-03
9.490018327008964434e+02 5.764635750181090583e-03
9.494941510415073935e+02 5.762145781469895506e-03
9.499867245156769968e+02 5.759656811048487202e-03
9.504795532556231592e+02 5.757168838539780155e-03
9.509726373936299524e+02 5.754681863566846710e-03
9.514659770620557993e+02 5.752195885752870233e-03
9.519595723933218778e+02 5.749710904721208431e-03
9.524534235199203067e+02 5.747226920095352583e-03
9.529475305744115303e+02 5.744743931498936217e-03
9.534418936894245462e+02 5.742261938555740311e-03
9.539365129976577009e+02 5.739780940889683755e-03
9.544313886318773257e+02 5.737300938124833757e-03
9.549265207249192144e+02 5.734821929885398906e-03
9.554219094096874869e+02 5.732343915795730036e-03
9.559175548191535654e+02 5.729866895480332373e-03
9.564134570863635645e+02 5.727390868563823900e-03
9.569096163444264675e+02 5.724915834670996941e-03
9.574060327265224259e+02 5.722441793426774788e-03
9.579027063659003716e+02 5.719968744456225586e-03
9.583996373958785853e+02 5.717496687384559725e-03
9.588968259498443558e+02 5.715025621837128977e-03
9.593942721612538662e+02 5.712555547439430829e-03
9.598919761636328758e+02 5.710086463817103282e-03
9.603899380905760381e+02 5.707618370595926582e-03
9.608881580757450820e+02 5.705151267401837104e-03
9.613866362528773379e+02 5.702685153860880506e-03
9.618853727557733464e+02 5.700220029599275054e-03
9.623843677183049294e+02 5.697755894243373455e-03
9.628836212744135992e+02 5.695292747419667193e-03
9.633831335581096482e+02 5.692830588754796937e-03
9.638829047034730593e+02 5.690369417875537801e-03
9.643829348446539598e+02 5.687909234408812346e-03
9.648832241158709166e+02 5.685450037981682782e-03
9.653837726514127553e+02 5.682991828221355297e-03
9.658845805856359448e+02 5.680534604755184402e-03
9.663856480529721011e+02 5.678078367210641700e-03
9.668869751879168462e+02 5.675623115215367928e-03
9.673885621250373106e+02 5.673168848397136532e-03
9.678904089989706563e+02 5.670715566383861470e-03
9.683925159444237352e+02 5.668263268803598078e-03
9.688948830961727481e+02 5.665811955284547410e-03
9.693975105890642681e+02 5.663361625455048433e-03
9.699003985580146718e+02 5.660912278943581490e-03
9.704035471380100262e+02 5.658463915378769173e-03
9.709069564641047236e+02 5.656016534389387597e-03
9.714106266714285312e+02 5.653570135604323033e-03
9.719145578951760172e+02 5.651124718652631752e-03
9.724187502706130317e+02 5.648680283163502736e-03
9.729232039330762518e+02 5.646236828766264607e-03
9.734279190179719308e+02 5.643794355090389972e-03
9.739328956607770351e+02 5.641352861765489349e-03
9.744381339970378804e+02 5.638912348421318103e-03
9.749436341623719500e+02 5.636472814687768645e-03
9.754493962924664174e+02 5.634034260194878234e-03
9.759554205230771231e+02 5.631596684572829845e-03
9.764617069900363049e+02 5.629160087451921812e-03
9.769682558292399790e+02 5.626724468462622475e-03
9.774750671766570349e+02 5.624289827235530274e-03
9.779821411683270753e+02 5.621856163401383298e-03
9.784894779403597340e+02 5.619423476591061881e-03
9.789970776289355854e+02 5.616991766435586002e-03
9.795049403703052349e+02 5.614561032566115287e-03
9.800130663007905696e+02 5.612131274613953343e-03
9.805214555567835077e+02 5.609702492210539085e-03
9.810301082747449755e+02 5.607274684987465820e-03
9.815390245912128648e+02 5.604847852576435273e-03
9.820482046427889600e+02 5.602421994609320909e-03
9.825576485661489414e+02 5.599997110718122825e-03
9.830673564980382935e+02 5.597573200534986838e-03
9.835773285752743504e+02 5.595150263692191470e-03
9.840875649347444778e+02 5.592728299822162692e-03
9.845980657134073226e+02 5.590307308557461788e-03
9.851088310482929273e+02 5.587887289530789683e-03
9.856198610765013655e+02 5.585468242374991288e-03
9.861311559352029690e+02 5.583050166723055492e-03
9.866427157616442400e+02 5.580633062208085679e-03
9.871545406931369371e+02 5.578216928463352632e-03
9.876666308670663739e+02 5.575801765122258107e-03
9.881789864208889185e+02 5.573387571818340901e-03
9.886916074921317659e+02 5.570974348185280325e-03
9.892044942183938474e+02 5.568562093856897939e-03
9.897176467373454898e+02 5.566150808467150608e-03
9.902310651867276192e+02 5.563740491650136580e-03
9.907447497043535805e+02 5.561331143040092011e-03
9.912587004281051577e+02 5.558922762271403112e-03
9.917729174959424654e+02 5.556515348978566249e-03
9.922874010458904195e+02 5.554108902796246056e-03
9.928021512160477187e+02 5.551703423359234668e-03
9.933171681445847980e+02 5.549298910302464735e-03
9.938324519697433743e+02 5.546895363261008551e-03
9.943480028298370144e+02 5.544492781870074584e-03
9.948638208632510214e+02 5.542091165765012685e-03
9.953799062084423213e+02 5.539690514581309747e-03
9.958962590039395764e+02 5.537290827954591439e-03
9.964128793883410253e+02 5.534892105520634355e-03
9.969297675003231234e+02 5.532494346915320035e-03
9.974469234786282641e+02 5.530097551774700894e-03
9.979643474620719417e+02 5.527701719734959447e-03
9.984820395895426373e+02 5.525306850432410918e-03
9.990000000000000000e+02 5.522912943503515380e-03
9.995182288324763249e+02 5.520519998584863877e-03
1.000036726226075302e+03 5.518128015313194037e-03
1.000555492319973268e+03 5.515736993325376196e-03
1.001074527253418410e+03 5.513346932258419465e-03
1.001593831165729057e+03 5.510957831749481277e-03
1.002113404196301872e+03 5.508569691435828350e-03
1.002633246484599681e+03 5.506182510954893937e-03
1.003153358170159777e+03 5.503796289944239660e-03
1.003673739392591301e+03 5.501411028041565052e-03
1.004194390291576383e+03 5.499026724884705820e-03
1.004715311006868660e+03 5.496643380111639055e-03
1.005236501678295213e+03 5.494260993360475416e-03
1.005757962445754970e+03 5.491879564269465212e-03
1.006279693449219394e+03 5.489499092476996661e-03
1.006801694828730433e+03 5.487119577621604564e-03
1.007323966724409047e+03 5.484741019341931277e-03
1.007846509276442362e+03 5.482363417276786555e-03
1.008369322625092423e+03 5.479986771065106788e-03
1.008892406910693921e+03 5.477611080345968012e-03
1.009415762273653741e+03 5.475236344758580703e-03
1.009939388854452432e+03 5.472862563942293250e-03
1.010463286793642510e+03 5.470489737536592817e-03
1.010987456231850274e+03 5.468117865181100143e-03
1.011511897309773872e+03 5.465746946515576479e-03
1.012036610168182733e+03 5.463376981179927927e-03
1.012561594947925869e+03 5.461007968814168140e-03
1.013086851789918683e+03 5.458639909058477305e-03
1.013612380835151043e+03 5.456272801553163979e-03
1.014138182224687284e+03 5.453906645938669424e-03
1.014664256099663476e+03 5.451541441855576285e-03
1.015190602601290038e+03 5.449177188944599910e-03
1.015717221870849357e+03 5.446813886846594427e-03
1.016244114049697828e+03 5.444451535202550138e-03
1.016771279279265059e+03 5.442090133653593523e-03
1.017298717701051828e+03 5.439729681840995042e-03
1.017826429456638152e+03 5.437370179406136178e-03
1.018354414687671238e+03 5.435011625990562346e-03
1.018882673535874233e+03 5.432654021235943861e-03
1.019411206143043501e+03 5.430297364784088948e-03
1.019940012651048619e+03 5.427941656276940273e-03
1.020469093201833175e+03 5.425586895356577545e-03
1.020998447937413744e+03 5.423233081665217517e-03
1.021528076999880795e+03 5.420880214845211383e-03
1.022057980531398471e+03 5.418528294539046511e-03
1.022588158674202532e+03 5.416177320389355121e-03
1.023118611570608891e+03 5.413827292038876984e-03
1.023649339363000308e+03 5.411478209130516671e-03
1.024180342193835941e+03 5.409130071307304520e-03
1.024711620205648615e+03 5.406782878212406176e-03
1.025243173541045053e+03 5.404436629489121728e-03
1.025775002342705875e+03 5.402091324780889173e-03
1.026307106753385597e+03 5.399746963731280949e-03
1.026839486915913085e+03 5.397403545984004805e-03
1.027372142973190421e+03 5.395061071182902061e-03
1.027905075068192446e+03 5.392719538971961490e-03
1.028438283343973808e+03 5.390378948995276816e-03
1.028971767943657369e+03 5.388039300897105692e-03
1.029505529010442388e+03 5.385700594321832409e-03
1.030039566687601791e+03 5.383362828913973962e-03
1.030573881118483087e+03 5.381026004318185257e-03
1.031108472446507903e+03 5.378690120179253908e-03
1.031643340815172678e+03 5.376355176142103703e-03
1.032178486368047743e+03 5.374021171851792004e-03
1.032713909248777782e+03 5.371688106953510615e-03
1.033249609601080010e+03 5.369355981092597922e-03
1.033785587568752590e+03 5.367024793914496397e-03
1.034321843295661665e+03 5.364694545064812442e-03
1.034858376925749781e+03 5.362365234189277359e-03
1.035395188603034740e+03 5.360036860933755157e-03
1.035932278471608470e+03 5.357709424944247754e-03
1.036469646675637705e+03 5.355382925866888043e-03
1.037007293359363985e+03 5.353057363347945088e-03
1.037545218667103427e+03 5.350732737033822399e-03
1.038083422743246956e+03 5.348409046571057056e-03
1.038621905732258483e+03 5.346086291606328388e-03
1.039160667778682637e+03 5.343764471786423276e-03
1.039699709027133395e+03 5.341443586758291666e-03
1.040239029622300905e+03 5.339123636169005802e-03
1.040778629708950803e+03 5.336804619665772367e-03
1.041318509431923530e+03 5.334486536895933356e-03
1.041858668936134563e+03 5.332169387506963468e-03
1.042399108366575092e+03 5.329853171146470975e-03
1.042939827868310658e+03 5.327537887462198592e-03
1.043480827586482292e+03 5.325223536102021739e-03
1.044022107666304009e+03 5.322910116713959819e-03
1.044563668253071910e+03 5.320597628946136318e-03
1.045105509492150077e+03 5.318286072446837785e-03
1.045647631528981037e+03 5.315975446864473937e-03
1.046190034509082352e+03 5.313665751847588062e-03
1.046732718578046843e+03 5.311356987044857023e-03
1.047275683881542591e+03 5.309049152105090388e-03
1.047818930565313622e+03 5.306742246677232169e-03
1.048362458775179675e+03 5.304436270410355612e-03
1.048906268657035071e+03 5.302131222953674478e-03
1.049450360356848478e+03 5.299827103956536965e-03
1.049994734020670421e+03 5.297523913068400564e-03
1.050539389794620547e+03 5.295221649938884091e-03
1.051084327824896491e+03 5.292920314217726928e-03
1.051629548257771830e+03 5.290619905554803763e-03
1.052175051239595405e+03 5.288320423600121126e-03
1.052720836916792450e+03 5.286021868003819985e-03
1.053266905435863691e+03 5.283724238416169679e-03
1.053813256943386023e+03 5.281427534487576590e-03
1.054359891586012054e+03 5.279131755868578073e-03
1.054906809510468747e+03 5.276836902209851993e-03
1.055454010863565145e+03 5.274542973162182902e-03
1.056001495792179867e+03 5.272249968376514946e-03
1.056549264443269749e+03 5.269957887503912836e-03
1.057097316963868252e+03 5.267666730195579190e-03
1.057645653501084553e+03 5.265376496102841530e-03
1.058194274202104452e+03 5.263087184877166154e-03
1.058743179214189695e+03 5.260798796170147729e-03
1.059292368684678422e+03 5.258511329633514496e-03
1.059841842760985401e+03 5.256224784919124801e-03
1.060391601590599294e+03 5.253939161678980105e-03
1.060941645321091528e+03 5.251654459565185083e-03
1.061491974100104244e+03 5.249370678230006609e-03
1.062042588075357571e+03 5.247087817325828650e-03
1.062593487394648264e+03 5.244805876505172215e-03
1.063144672205849929e+03 5.242524855420688419e-03
1.063696142656913025e+03 5.240244753725156746e-03
1.064247898895863955e+03 5.237965571071493721e-03
1.064799941070806653e+03 5.235687307112742508e-03
1.065352269329921000e+03 5.233409961502081577e-03
1.065904883821461908e+03 5.231133533892827307e-03
1.066457784693767962e+03 5.228858023938400164e-03
1.067010972095247553e+03 5.226583431292381940e-03
1.067564446174388195e+03 5.224309755608473257e-03
1.068118207079754711e+03 5.222036996540508312e-03
1.068672254959988777e+03 5.219765153742451404e-03
1.069226589963808919e+03 5.217494226868396937e-03
1.069781212240010746e+03 5.215224215572572888e-03
1.070336121937467396e+03 5.212955119509335607e-03
1.070891319205128639e+03 5.210686938333173278e-03
1.071446804192019499e+03 5.208419671698715468e-03
1.072002577047248678e+03 5.206153319260693225e-03
1.072558637919996045e+03 5.203887880673997192e-03
1.073114986959519911e+03 5.201623355593638573e-03
1.073671624315157260e+03 5.199359743674759546e-03
1.074228550136321473e+03 5.197097044572632392e-03
1.074785764572503695e+03 5.194835257942660364e-03
1.075343267773272601e+03 5.192574383440379422e-03
1.075901059888274176e+03 5.190314420721451293e-03
1.076459141067232622e+03 5.188055369441672143e-03
1.077017511459946491e+03 5.185797229256975185e-03
1.077576171216299144e+03 5.183539999823398581e-03
1.078135120486245341e+03 5.181283680797136616e-03
1.078694359419818966e+03 5.179028271834505009e-03
1.079253888167132345e+03 5.176773772591948715e-03
1.079813706878375115e+03 5.174520182726044526e-03
1.080373815703814898e+03 5.172267501893498473e-03
1.080934214793797537e+03 5.170015729751144956e-03
1.081494904298746178e+03 5.167764865955952816e-03
1.082055884369162413e+03 5.165514910165014059e-03
1.082617155155623095e+03 5.163265862035565541e-03
1.083178716808790568e+03 5.161017721224942997e-03
1.083740569479398118e+03 5.158770487390640890e-03
1.084302713318258839e+03 5.156524160190274243e-03
1.084865148476265176e+03 5.154278739281585586e-03
1.085427875104386658e+03 5.152034224322451020e-03
1.085990893353671481e+03 5.149790614970871545e-03
1.086554203375246516e+03 5.147547910884979136e-03
1.087117805320316393e+03 5.145306111723038471e-03
1.087681699340163959e+03 5.143065217143438263e-03
1.088245885586149143e+03 5.140825226804709470e-03
1.088810364209715772e+03 5.138586140365482800e-03
1.089375135362380661e+03 5.136347957484546818e-03
1.089940199195740661e+03 5.134110677820808918e-03
1.090505555861471294e+03 5.131874301033306600e-03
1.091071205511326752e+03 5.129638826781204863e-03
1.091637148297139674e+03 5.127404254723800549e-03
1.092203384370821823e+03 5.125170584520516263e-03
1.092769913884363405e+03 5.122937815830904719e-03
1.093336736989833298e+03 5.120705948314647864e-03
1.093903853839377007e+03 5.118474981631562955e-03
1.094471264585225981e+03 5.116244915441573934e-03
1.095038969379683294e+03 5.114015749404755666e-03
1.095606968375133420e+03 5.111787483181305311e-03
1.096175261724039729e+03 5.109560116431545798e-03
1.096743849578944719e+03 5.107333648815931895e-03
1.097312732092469787e+03 5.105108079995045005e-03
1.097881909417315910e+03 5.102883409629594032e-03
1.098451381706262509e+03 5.100659637380417985e-03
1.099021149112168359e+03 5.098436762908482509e-03
1.099591211787969769e+03 5.096214785874892891e-03
1.100161569886688085e+03 5.093993705940851567e-03
1.100732223561418323e+03 5.091773522767720564e-03
1.101303172965335989e+03 5.089554236016978137e-03
1.101874418251696625e+03 5.087335845350231776e-03
1.102445959573834898e+03 5.085118350429215610e-03
1.103017797085165512e+03 5.082901750915793000e-03
1.103589930939182068e+03 5.080686046471954813e-03
1.104162361289457522e+03 5.078471236759818548e-03
1.104735088289645091e+03 5.076257321441631810e-03
1.105308112093475302e+03 5.074044300179775778e-03
1.105881432854764398e+03 5.071832172636736580e-03
1.106455050727402295e+03 5.069620938475149531e-03
1.107028965865360760e+03 5.067410597357772245e-03
1.107603178422690917e+03 5.065201148947489837e-03
1.108177688553524376e+03 5.062992592907312323e-03
1.108752496412072105e+03 5.060784928900378954e-03
1.109327602152625332e+03 5.058578156589956486e-03
1.109903005929555093e+03 5.056372275639438307e-03
1.110478707897312233e+03 5.054167285712345310e-03
1.111054708210425815e+03 5.051963186472332827e-03
1.111631007023511302e+03 5.049759977583160274e-03
1.112207604491258053e+03 5.047557658708736253e-03
1.112784500768437056e+03 5.045356229513090797e-03
1.113361696009900470e+03 5.043155689660379706e-03
1.113939190370579809e+03 5.040956038814886284e-03
1.114516984005487529e+03 5.038757276641019599e-03
1.115095077069716126e+03 5.036559402803317091e-03
1.115673469718438355e+03 5.034362416966440233e-03
1.116252162106907690e+03 5.032166318795180601e-03
1.116831154390455595e+03 5.029971107954463345e-03
1.117410446724500844e+03 5.027776784109312495e-03
1.117990039264536108e+03 5.025583346924909073e-03
1.118569932166136823e+03 5.023390796066546857e-03
1.119150125584958460e+03 5.021199131199649730e-03
1.119730619676738570e+03 5.019008351989766477e-03
1.120311414597294061e+03 5.016818458102571647e-03
1.120892510502523010e+03 5.014629449203868161e-03
1.121473907548404441e+03 5.012441324959582105e-03
1.122055605890998322e+03 5.010254085035768801e-03
1.122637605686442839e+03 5.008067729098616278e-03
1.123219907090963943e+03 5.005882256814414046e-03
1.123802510260862391e+03 5.003697667849601668e-03
1.124385415352521250e+03 5.001513961870738406e-03
1.124968622522404985e+03 4.999331138544508418e-03
1.125552131927059690e+03 4.997149197537719897e-03
1.126135943723111723e+03 4.994968138517311140e-03
1.126720058067269520e+03 4.992787961150341007e-03
1.127304475116321555e+03 4.990608665103998462e-03
1.127889195027138840e+03 4.988430250045594767e-03
1.128474217956670373e+03 4.986252715642578229e-03
1.129059544061954057e+03 4.984076061562495163e-03
1.129645173500101919e+03 4.981900287473043677e-03
1.130231106428309886e+03 4.979725393042038102e-03
1.130817343003854830e+03 4.977551377937420272e-03
1.131403883384096162e+03 4.975378241827253453e-03
1.131990727726473779e+03 4.973205984379730146e-03
1.132577876188509890e+03 4.971034605263166019e-03
1.133165328927807877e+03 4.968864104146003373e-03
1.133753086102053203e+03 4.966694480696806809e-03
1.134341147869010229e+03 4.964525734584277969e-03
1.134929514386532674e+03 4.962357865477214774e-03
1.135518185812548381e+03 4.960190873044570403e-03
1.136107162305070005e+03 4.958024756955408188e-03
1.136696444022191599e+03 4.955859516878920699e-03
1.137286031122089753e+03 4.953695152484423672e-03
1.137875923763022001e+03 4.951531663441359477e-03
1.138466122103329099e+03 4.949369049419291913e-03
1.139056626301432971e+03 4.947207310087913153e-03
1.139647436515837853e+03 4.945046445117037663e-03
1.140238552905128017e+03 4.942886454176612619e-03
1.140829975627976864e+03 4.940727336936686677e-03
1.141421704843133057e+03 4.938569093067454209e-03
1.142013740709429385e+03 4.936411722239231019e-03
1.142606083385781403e+03 4.934255224122453473e-03
1.143198733031187203e+03 4.932099598387682839e-03
1.143791689804726502e+03 4.929944844705605282e-03
1.144384953865562466e+03 4.927790962747031003e-03
1.144978525372940112e+03 4.925637952182895102e-03
1.145572404486186997e+03 4.923485812684254108e-03
1.146166591364710939e+03 4.921334543922300728e-03
1.146761086168009570e+03 4.919184145568323945e-03
1.147355889055656007e+03 4.917034617293761928e-03
1.147951000187308637e+03 4.914885958770169073e-03
1.148546419722707924e+03 4.912738169669225545e-03
1.149142147821678009e+03 4.910591249662731202e-03
1.149738184644125340e+03 4.908445198422612538e-03
1.150334530350039358e+03 4.906300015620919212e-03
1.150931185099492268e+03 4.904155700929824051e-03
1.151528149052639264e+03 4.902012254021623910e-03
1.152125422369716489e+03 4.899869674568747488e-03
1.152723005211049667e+03 4.897727962243721492e-03
1.153320897737041150e+03 4.895587116719221817e-03
1.153919100108178327e+03 4.893447137668037981e-03
1.154517612485031805e+03 4.891308024763086140e-03
1.155116435028255637e+03 4.889169777677401275e-03
1.155715567898586869e+03 4.887032396084145872e-03
1.156315011256846219e+03 4.884895879656602109e-03
1.156914765263936943e+03 4.882760228068177069e-03
1.157514830080846650e+03 4.880625440992401864e-03
1.158115205868643443e+03 4.878491518102935978e-03
1.158715892788486144e+03 4.876358459073540375e-03
1.159316891001609974e+03 4.874226263578120867e-03
1.159918200669336102e+03 4.872094931290700363e-03
1.160519821953069595e+03 4.869964461885422334e-03
1.161121755014298287e+03 4.867834855036555150e-03
1.161724000014594594e+03 4.865706110418489480e-03
1.162326557115614150e+03 4.863578227705736556e-03
1.162929426479096719e+03 4.861451206572933378e-03
1.163532608266865736e+03 4.859325046694837509e-03
1.164136102640825811e+03 4.857199747746337483e-03
1.164739909762973411e+03 4.855075309402419846e-03
1.165344029795380720e+03 4.852951731338218597e-03
1.165948462900207232e+03 4.850829013228982224e-03
1.166553209239695889e+03 4.848707154750079781e-03
1.167158268976173986e+03 4.846586155577005221e-03
1.167763642272052948e+03 4.844466015385372193e-03
1.168369329289828329e+03 4.842346733850918378e-03
1.168975330192079582e+03 4.840228310649502021e-03
1.169581645141470972e+03 4.838110745457105399e-03
1.170188274300748390e+03 4.835994037949840028e-03
1.170795217832749131e+03 4.833878187803912832e-03
1.171402475900387799e+03 4.831763194695680788e-03
1.172010048666665853e+03 4.829649058301611897e-03
1.172617936294669335e+03 4.827535778298298191e-03
1.173226138947568415e+03 4.825423354362452268e-03
1.173834656788618304e+03 4.823311786170907285e-03
1.174443489981158336e+03 4.821201073400619569e-03
1.175052638688613115e+03 4.819091215728667742e-03
1.175662103074491142e+03 4.816982212832250990e-03
1.176271883302384140e+03 4.814874064388697736e-03
1.176881979535975006e+03 4.812766770075433548e-03
1.177492391939024628e+03 4.810660329570030577e-03
1.178103120675381206e+03 4.808554742550174600e-03
1.178714165908977975e+03 4.806450008693671089e-03
1.179325527803832756e+03 4.804346127678448680e-03
1.179937206524048406e+03 4.802243099182555708e-03
1.180549202233813048e+03 4.800140922884161936e-03
1.181161515097399842e+03 4.798039598461560293e-03
1.181774145279166987e+03 4.795939125593160803e-03
1.182387092943555672e+03 4.793839503957507062e-03
1.183000358255099400e+03 4.791740733233235475e-03
1.183613941378409208e+03 4.789642813099130765e-03
1.184227842478184812e+03 4.787545743234087811e-03
1.184842061719210506e+03 4.785449523317125524e-03
1.185456599266356534e+03 4.783354153027379908e-03
1.186071455284577951e+03 4.781259632044110135e-03
1.186686629938915758e+03 4.779165960046695937e-03
1.187302123394496903e+03 4.777073136714635009e-03
1.187917935816532463e+03 4.774981161727551680e-03
1.188534067370318326e+03 4.772890034765190845e-03
1.189150518221242237e+03 4.770799755507400611e-03
1.189767288534771069e+03 4.768710323634169600e-03
1.190384378476459233e+03 4.766621738825600925e-03
1.191001788211947542e+03 4.764534000761917396e-03
1.191619517906962074e+03 4.762447109123460649e-03
1.192237567727315536e+03 4.760361063590694622e-03
1.192855937838905675e+03 4.758275863844202078e-03
1.193474628407716637e+03 4.756191509564688079e-03
1.194093639599818744e+03 4.754108000432973914e-03
1.194712971581365764e+03 4.752025336130013579e-03
1.195332624518605144e+03 4.749943516336853008e-03
1.195952598577862545e+03 4.747862540734683855e-03
1.196572893925552989e+03 4.745782409004810527e-03
1.197193510728177216e+03 4.743703120828654529e-03
1.197814449152322368e+03 4.741624675887760529e-03
1.198435709364662216e+03 4.739547073863791156e-03
1.199057291531956707e+03 4.737470314438527869e-03
1.199679195821051735e+03 4.735394397293875290e-03
1.200301422398880732e+03 4.733319322111852537e-03
1.200923971432459894e+03 4.731245088574610562e-03
1.201546843088900687e+03 4.729171696364391393e-03
1.202170037535392566e+03 4.727099145163587111e-03
1.202793554939214800e+03 4.725027434654695616e-03
1.203417395467733286e+03 4.722956564520334501e-03
1.204041559288400549e+03 4.720886534443244527e-03
1.204666046568755974e+03 4.718817344106281814e-03
1.205290857476425572e+03 4.716748993192423044e-03
1.205915992179122213e+03 4.714681481384764596e-03
1.206541450844646079e+03 4.712614808366521676e-03
1.207167233640881477e+03 4.710548973821036996e-03
1.207793340735807078e+03 4.708483977431745203e-03
1.208419772297481813e+03 4.706419818882228399e-03
1.209046528494053064e+03 4.704356497856177974e-03
1.209673609493756430e+03 4.702294014037400674e-03
1.210301015464914144e+03 4.700232367109829015e-03
1.210928746575935747e+03 4.698171556757508270e-03
1.211556802995318094e+03 4.696111582664603407e-03
1.212185184891645576e+03 4.694052444515401691e-03
1.212813892433589217e+03 4.691994141994305749e-03
1.213442925789906212e+03 4.689936674785844840e-03
1.214072285129447209e+03 4.687880042574642768e-03
1.214701970621144028e+03 4.685824245045468184e-03
1.215331982434018073e+03 4.683769281883198160e-03
1.215962320737178288e+03 4.681715152772826863e-03
1.216592985699821611e+03 4.679661857399469889e-03
1.217223977491232063e+03 4.677609395448359061e-03
1.217855296280781886e+03 4.675557766604844165e-03
1.218486942237930862e+03 4.673506970554395547e-03
1.219118915532226765e+03 4.671457006982598914e-03
1.219751216333302636e+03 4.669407875575167476e-03
1.220383844810887012e+03 4.667359576017907248e-03
1.221016801134788693e+03 4.665312107996769098e-03
1.221650085474907200e+03 4.663265471197810576e-03
1.222283698001229595e+03 4.661219665307208930e-03
1.222917638883832069e+03 4.659174690011257634e-03
1.223551908292877897e+03 4.657130544996369859e-03
1.224186506398619031e+03 4.655087229949076734e-03
1.224821433371395642e+03 4.653044744556024750e-03
1.225456689381635897e+03 4.651003088503979227e-03
1.226092274599854363e+03 4.648962261479832117e-03
1.226728189196660878e+03 4.646922263170568182e-03
1.227364433342746224e+03 4.644883093263311828e-03
1.228001007208892815e+03 4.642844751445300219e-03
1.228637910965970832e+03 4.640807237403885878e-03
1.229275144784939130e+03 4.638770550826539288e-03
1.229912708836845468e+03 4.636734691400847160e-03
1.230550603292826281e+03 4.634699658814515032e-03
1.231188828324105998e+03 4.632665452755364670e-03
1.231827384101998632e+03 4.630632072911335800e-03
1.232466270797903917e+03 4.628599518970492183e-03
1.233105488583318220e+03 4.626567790620992118e-03
1.233745037629819308e+03 4.624536887551131820e-03
1.234384918109076125e+03 4.622506809449321123e-03
1.235025130192846518e+03 4.620477556004082623e-03
1.235665674052977693e+03 4.618449126904058608e-03
1.236306549861405529e+03 4.616421521838007594e-03
1.236947757790155265e+03 4.614394740494801722e-03
1.237589298011341270e+03 4.612368782563435431e-03
1.238231170697167272e+03 4.610343647733015048e-03
1.238873376019923398e+03 4.608319335692773536e-03
1.239515914151996640e+03 4.606295846132035798e-03
1.240158785265855613e+03 4.604273178740269853e-03
1.240801989534061704e+03 4.602251333207047802e-03
1.241445527129264292e+03 4.600230309222062310e-03
1.242089398224203933e+03 4.598210106475118797e-03
1.242733602991709176e+03 4.596190724656141514e-03
1.243378141604699067e+03 4.594172163455170939e-03
1.244023014236181780e+03 4.592154422562362906e-03
1.244668221059255302e+03 4.590137501667988611e-03
1.245313762247105160e+03 4.588121400462445883e-03
1.245959637973013287e+03 4.586106118636222757e-03
1.246605848410345061e+03 4.584091655879946915e-03
1.247252393732557266e+03 4.582078011884356192e-03
1.247899274113196952e+03 4.580065186340302914e-03
1.248546489725901210e+03 4.578053178938754769e-03
1.249194040744396489e+03 4.576041989370796537e-03
1.249841927342500185e+03 4.574031617327629223e-03
1.250490149694119054e+03 4.572022062500567460e-03
1.251138707973250575e+03 4.570013324581043840e-03
1.251787602353979310e+03 4.568005403260612385e-03
1.252436833010488044e+03 4.565998298230920793e-03
1.253086400117041649e+03 4.563992009183756408e-03
1.253736303847998670e+03 4.561986535811011524e-03
1.254386544377807240e+03 4.559981877804697263e-03
1.255037121881006442e+03 4.557978034856938372e-03
1.255688036532225624e+03 4.555975006659973223e-03
1.256339288506184630e+03 4.553972792906159882e-03
1.256990877977693572e+03 4.551971393287968307e-03
1.257642805121653737e+03 4.549970807497984680e-03
1.258295070113053953e+03 4.547971035228918352e-03
1.258947673126981726e+03 4.545972076173569743e-03
1.259600614338607329e+03 4.543973930024878920e-03
1.260253893923194937e+03 4.541976596475892636e-03
1.260907512056098767e+03 4.539980075219771267e-03
1.261561468912764440e+03 4.537984365949794020e-03
1.262215764668728525e+03 4.535989468359350255e-03
1.262870399499618543e+03 4.533995382141947292e-03
1.263525373581152508e+03 4.532002106991206078e-03
1.264180687089139838e+03 4.530009642600863785e-03
1.264836340199479082e+03 4.528017988664777282e-03
1.265492333088166561e+03 4.526027144876897113e-03
1.266148665931282949e+03 4.524037110931311730e-03
1.266805338905002145e+03 4.522047886522214538e-03
1.267462352185590134e+03 4.520059471343915170e-03
1.268119705949403397e+03 4.518071865090837747e-03
1.268777400372889815e+03 4.516085067457520884e-03
1.269435435632589815e+03 4.514099078138615086e-03
1.270093811905134089e+03 4.512113896828888818e-03
1.270752529367245415e+03 4.510129523223224170e-03
1.271411588195735476e+03 4.508145957016621193e-03
1.272070988567515542e+03 4.506163197904176215e-03
1.272730730659580104e+03 4.504181245581120006e-03
1.273390814649018921e+03 4.502200099742790888e-03
1.274051240713012930e+03 4.500219760084640808e-03
1.274712009028834927e+03 4.498240226302235335e-03
1.275373119773849794e+03 4.496261498091254534e-03
1.276034573125514271e+03 4.494283575147491223e-03
1.276696369261376731e+03 4.492306457166854450e-03
1.277358508359078314e+03 4.490330143845365149e-03
1.278020990596348611e+03 4.488354634879166555e-03
1.278683816151017936e+03 4.486379929964492107e-03
1.279346985201000507e+03 4.484406028797713155e-03
1.280010497924305810e+03 4.482432931075304265e-03
1.280674354499034735e+03 4.480460636493857098e-03
1.281338555103381395e+03 4.478489144750073467e-03
1.282003099915631992e+03 4.476518455540772282e-03
1.282667989114164584e+03 4.474548568562882606e-03
1.283333222877450225e+03 4.472579483513448861e-03
1.283998801384052513e+03 4.470611200089628229e-03
1.284664724812624627e+03 4.468643717988699318e-03
1.285330993341920021e+03 4.466677036908030078e-03
1.285997607150777640e+03 4.464711156545124633e-03
1.286664566418131017e+03 4.462746076597593793e-03
1.287331871323006908e+03 4.460781796763161125e-03
1.287999522044524383e+03 4.458818316739663820e-03
1.288667518761895963e+03 4.456855636225049225e-03
1.289335861654426481e+03 4.454893754917380912e-03
1.290004550901513767e+03 4.452932672514834343e-03
1.290673586682648875e+03 4.450972388715698606e-03
1.291342969177413124e+03 4.449012903218380749e-03
1.292012698565488790e+03 4.447054215721379759e-03
1.292682775026643412e+03 4.445096325923330802e-03
1.293353198740740027e+03 4.443139233522973124e-03
1.294023969887735348e+03 4.441182938219157862e-03
1.294695088647678858e+03 4.439227439710850646e-03
1.295366555200713947e+03 4.437272737697128128e-03
1.296038369727076770e+03 4.435318831877179714e-03
1.296710532407097389e+03 4.433365721950307571e-03
1.297383043421198636e+03 4.431413407615927488e-03
1.298055902949895199e+03 4.429461888573574084e-03
1.298729111173802266e+03 4.427511164522869580e-03
1.299402668273621202e+03 4.425561235163574976e-03
1.300076574430149549e+03 4.423612100195554488e-03
1.300750829824278753e+03 4.421663759318782486e-03
1.301425434636993486e+03 4.419716212233347832e-03
1.302100389049372779e+03 4.417769458639452147e-03
1.302775693242588886e+03 4.415823498237406337e-03
1.303451347397909103e+03 4.413878330727634934e-03
1.304127351696693040e+03 4.411933955810676093e-03
1.304803706320392848e+03 4.409990373187184197e-03
1.305480411450562315e+03 4.408047582557902966e-03
1.306157467268841629e+03 4.406105583623714031e-03
1.306834873956966931e+03 4.404164376085601372e-03
1.307512631696769176e+03 4.402223959644659124e-03
1.308190740670173909e+03 4.400284334002095912e-03
1.308869201059199895e+03 4.398345498859229652e-03
1.309548013045961397e+03 4.396407453917490146e-03
1.310227176812666130e+03 4.394470198878420823e-03
1.310906692541617076e+03 4.392533733443674399e-03
1.311586560415207714e+03 4.390598057315024151e-03
1.312266780615935659e+03 4.388663170194330096e-03
1.312947353326384246e+03 4.386729071783589291e-03
1.313628278729233671e+03 4.384795761784899409e-03
1.314309557007259855e+03 4.382863239900470879e-03
1.314991188343332396e+03 4.380931505832626020e-03
1.315673172920416619e+03 4.379000559283798173e-03
1.316355510921571977e+03 4.377070399956529100e-03
1.317038202529952969e+03 4.375141027553475052e-03
1.317721247928808907e+03 4.373212441777403307e-03
1.318404647301482100e+03 4.371284642331196499e-03
1.319088400831416720e+03 4.369357628917828335e-03
1.319772508702144933e+03 4.367431401240406096e-03
1.320456971097296446e+03 4.365505959002137677e-03
1.321141788200595556e+03 4.363581301906345467e-03
1.321826960195862966e+03 4.361657429656459403e-03
1.322512487267013285e+03 4.359734341956023919e-03
1.323198369598057297e+03 4.357812038508689263e-03
1.323884607373101062e+03 4.355890519018219310e-03
1.324571200776345677e+03 4.353969783188489824e-03
1.325258149992085237e+03 4.352049830723491060e-03
1.325945455204717746e+03 4.350130661327304346e-03
1.326633116598728293e+03 4.348212274704141983e-03
1.327321134358699965e+03 4.346294670558319487e-03
1.328009508669312027e+03 4.344377848594265130e-03
1.328698239715339469e+03 4.342461808516513005e-03
1.329387327681653005e+03 4.340546550029710828e-03
1.330076772753218393e+03 4.338632072838617335e-03
1.330766575115098703e+03 4.336718376648097083e-03
1.331456734952451598e+03 4.334805461163129987e-03
1.332147252450528185e+03 4.332893326088808721e-03
1.332838127794684397e+03 4.330981971130318763e-03
1.333529361170363700e+03 4.329071395992973095e-03
1.334220952763108471e+03 4.327161600382188784e-03
1.334912902758556584e+03 4.325252584003494785e-03
1.335605211342442999e+03 4.323344346562528473e-03
1.336297878700598631e+03 4.321436887765036511e-03
1.336990905018950571e+03 4.319530207316874849e-03
1.337684290483522318e+03 4.317624304924010462e-03
1.338378035280433778e+03 4.315719180292520475e-03
1.339072139595898761e+03 4.313814833128597377e-03
1.339766603616235443e+03 4.311911263138522993e-03
1.340461427527850446e+03 4.310008470028709252e-03
1.341156611517250212e+03 4.308106453505670431e-03
1.341852155771037133e+03 4.306205213276030966e-03
1.342548060475910233e+03 4.304304749046524575e-03
1.343244325818666539e+03 4.302405060523992533e-03
1.343940951986198343e+03 4.300506147415388870e-03
1.344637939165495482e+03 4.298608009427773435e-03
1.345335287543644881e+03 4.296710646268318834e-03
1.346032997307827372e+03 4.294814057644310429e-03
1.346731068645329287e+03 4.292918243263122921e-03
1.347429501743525407e+03 4.291023202832261983e-03
1.348128296789890328e+03 4.289128936059335637e-03
1.348827453971996420e+03 4.287235442652058588e-03
1.349526973477512456e+03 4.285342722318256567e-03
1.350226855494205438e+03 4.283450774765863722e-03
1.350927100209938772e+03 4.281559599702922624e-03
1.351627707812673407e+03 4.279669196837585995e-03
1.352328678490468064e+03 4.277779565878112381e-03
1.353030012431476052e+03 4.275890706532880017e-03
1.353731709823956180e+03 4.274002618510352146e-03
1.354433770856256615e+03 4.272115301519121243e-03
1.355136195716826478e+03 4.270228755267883002e-03
1.355838984594211524e+03 4.268342979465442402e-03
1.356542137677055962e+03 4.266457973820711111e-03
1.357245655154101541e+03 4.264573738042709214e-03
1.357949537214188013e+03 4.262690271840566085e-03
1.358653784046252667e+03 4.260807574923519518e-03
1.359358395839330797e+03 4.258925647000915728e-03
1.360063372782552960e+03 4.257044487782216287e-03
1.360768715065156130e+03 4.255164096976968638e-03
1.361474422876467088e+03 4.253284474294850327e-03
1.362180496405913118e+03 4.251405619445639515e-03
1.362886935843019728e+03 4.249527532139225384e-03
1.363593741377411334e+03 4.247650212085600334e-03
1.364300913198809667e+03 4.245773658994869519e-03
1.365008451497035367e+03 4.243897872577241312e-03
1.365716356462007525e+03 4.242022852543036841e-03
1.366424628283742777e+03 4.240148598602682187e-03
1.367133267152354620e+03 4.238275110466720522e-03
1.367842273258062960e+03 4.236402387845776552e-03
1.368551646791177518e+03 4.234530430450611158e-03
1.369261387942109877e+03 4.232659237992079763e-03
1.369971496901370301e+03 4.230788810181149683e-03
1.370681973859567734e+03 4.228919146728892312e-03
1.371392819007409798e+03 4.227050247346490069e-03
1.372104032535702572e+03 4.225182111745230326e-03
1.372815614635351949e+03 4.223314739636509739e-03
1.373527565497362048e+03 4.221448130731830783e-03
1.374239885312833394e+03 4.219582284742811294e-03
1.374952574272973834e+03 4.217717201381155842e-03
1.375665632569081936e+03 4.215852880358694765e-03
1.376379060392558131e+03 4.213989321387363353e-03
1.377092857934902668e+03 4.212126524179199243e-03
1.377807025387714248e+03 4.210264488446350227e-03
1.378521562942690707e+03 4.208403213901071652e-03
1.379236470791630381e+03 4.206542700255722078e-03
1.379951749126429831e+03 4.204682947222771958e-03
1.380667398139085662e+03 4.202823954514796692e-03
1.381383418021690886e+03 4.200965721844483573e-03
1.382099808966446517e+03 4.199108248924610098e-03
1.382816571165645428e+03 4.197251535468076930e-03
1.383533704811681673e+03 4.195395581187888814e-03
1.384251210097050262e+03 4.193540385797153713e-03
1.384969087214345109e+03 4.191685949009089744e-03
1.385687336356260403e+03 4.189832270537019107e-03
1.386405957715589921e+03 4.187979350094371556e-03
1.387124951485227257e+03 4.186127187394684396e-03
1.387844317858166733e+03 4.184275782151597282e-03
1.388564057027498620e+03 4.182425134078871301e-03
1.389284169186423014e+03 4.180575242890345600e-03
1.390004654528230503e+03 4.178726108299988563e-03
1.390725513246315813e+03 4.176877730021870926e-03
1.391446745534172578e+03 4.175030107770168371e-03
1.392168351585396067e+03 4.173183241259159799e-03
1.392890331593680912e+03 4.171337130203233400e-03
1.393612685752822699e+03 4.169491774316884912e-03
1.394335414256716831e+03 4.167647173314712426e-03
1.395058517299359892e+03 4.165803326911422452e-03
1.395781995074845554e+03 4.163960234821835124e-03
1.396505847777377085e+03 4.162117896760853843e-03
1.397230075601249382e+03 4.160276312443510378e-03
1.397954678740861254e+03 4.158435481584934514e-03
1.398679657390712237e+03 4.156595403900362716e-03
1.399405011745402589e+03 4.154756079105137272e-03
1.400130741999633301e+03 4.152917506914704550e-03
1.400856848348206086e+03 4.151079687044619340e-03
1.401583330986024521e+03 4.149242619210540516e-03
1.402310190108092002e+03 4.147406303128233634e-03
1.403037425909510830e+03 4.145570738513575278e-03
1.403765038585492675e+03 4.143735925082529629e-03
1.404493028331342430e+03 4.141901862551183172e-03
1.405221395342467986e+03 4.140068550635724737e-03
1.405950139814379327e+03 4.138235989052446370e-03
1.406679261942687390e+03 4.136404177517746805e-03
1.407408761923105203e+03 4.134573115748129725e-03
1.408138639951445839e+03 4.132742803460202896e-03
1.408868896223624915e+03 4.130913240370682506e-03
1.409599530935659459e+03 4.129084426196387089e-03
1.410330544283664722e+03 4.127256360654247939e-03
1.411061936463866914e+03 4.125429043461281350e-03
1.411793707672584787e+03 4.123602474334629384e-03
1.412525858106241685e+03 4.121776652991532112e-03
1.413258387961363042e+03 4.119951579149334561e-03
1.413991297434575699e+03 4.118127252525488440e-03
1.414724586722609274e+03 4.116303672837546071e-03
1.415458256022294563e+03 4.114480839803169067e-03
1.416192305530564454e+03 4.112658753140121387e-03
1.416926735444453698e+03 4.110837412566274544e-03
1.417661545961096863e+03 4.109016817799609339e-03
1.418396737277739248e+03 4.107196968558189838e-03
1.419132309591719377e+03 4.105377864560205876e-03
1.419868263100480817e+03 4.103559505523949637e-03
1.420604598001569912e+03 4.101741891167812182e-03
1.421341314492635092e+03 4.099925021210291259e-03
1.422078412771427111e+03 4.098108895369989568e-03
1.422815893035799718e+03 4.096293513365613023e-03
1.423553755483708755e+03 4.094478874915973357e-03
1.424292000313212611e+03 4.092664979739986386e-03
1.425030627722469944e+03 4.090851827556678082e-03
1.425769637909749690e+03 4.089039418085160284e-03
1.426509031073416281e+03 4.087227751044667130e-03
1.427248807411938515e+03 4.085416826154531639e-03
1.427988967123889324e+03 4.083606643134190910e-03
1.428729510407943280e+03 4.081797201703185260e-03
1.429470437462878863e+03 4.079988501581159957e-03
1.430211748487576870e+03 4.078180542487865219e-03
1.430953443681021781e+03 4.076373324143153613e-03
1.431695523242300851e+03 4.074566846266981790e-03
1.432437987370601832e+03 4.072761108579418289e-03
1.433180836265223888e+03 4.070956110800614050e-03
1.433924070125561457e+03 4.069151852650844045e-03
1.434667689151114473e+03 4.067348333850481258e-03
1.435411693541487239e+03 4.065545554120002757e-03
1.436156083496386373e+03 4.063743513179987089e-03
1.436900859215622631e+03 4.061942210751119491e-03
1.437646020899110681e+03 4.060141646554186676e-03
1.438391568746867733e+03 4.058341820310078576e-03
1.439137502959015592e+03 4.056542731739790943e-03
1.439883823735776105e+03 4.054744380564427944e-03
1.440630531277484806e+03 4.052946766505176150e-03
1.441377625784570682e+03 4.051149889283348765e-03
1.442125107457570721e+03 4.049353748620354403e-03
1.442872976497125592e+03 4.047558344237702291e-03
1.443621233103979648e+03 4.045763675857008343e-03
1.444369877478981607e+03 4.043969743199990821e-03
1.445118909823083868e+03 4.042176545988469469e-03
1.445868330337342968e+03 4.040384083944371582e-03
1.446618139222920718e+03 4.038592356789721602e-03
1.447368336681078745e+03 4.036801364246657593e-03
1.448118922913192137e+03 4.035011106037400888e-03
1.448869898120732842e+03 4.033221581884292514e-03
1.449621262505278310e+03 4.031432791509774113e-03
1.450373016268511719e+03 4.029644734636386207e-03
1.451125159612219932e+03 4.027857410986775133e-03
1.451877692738295082e+03 4.026070820283688713e-03
1.452630615848733441e+03 4.024284962249977116e-03
1.453383929145636557e+03 4.022499836608594594e-03
1.454137632831209885e+03 4.020715443082596881e-03
1.454891727107761199e+03 4.018931781395148999e-03
1.455646212177711959e+03 4.017148851269500970e-03
1.456401088243579807e+03 4.015366652429020779e-03
1.457156355507989701e+03 4.013585184597177891e-03
1.457912014173672333e+03 4.011804447497538915e-03
1.458668064443463209e+03 4.010024440853775414e-03
1.459424506520302657e+03 4.008245164389663030e-03
1.460181340607236280e+03 4.006466617829076288e-03
1.460938566907414952e+03 4.004688800895994660e-03
1.461696185624095506e+03 4.002911713314498236e-03
1.462454196960635954e+03 4.001135354808777259e-03
1.463212601120509134e+03 3.999359725103102635e-03
1.463971398307284971e+03 3.997584823921869306e-03
1.464730588724640711e+03 3.995810650989565886e-03
1.465490172576360237e+03 3.994037206030784208e-03
1.466250150066332253e+03 3.992264488770217584e-03
1.467010521398551646e+03 3.990492498932661676e-03
1.467771286777118803e+03 3.988721236243013626e-03
1.468532446406239842e+03 3.986950700426272927e-03
1.469294000490226836e+03 3.985180891207539683e-03
1.470055949233494630e+03 3.983411808312025890e-03
1.470818292840573122e+03 3.981643451465019003e-03
1.471581031516089070e+03 3.979875820391935715e-03
1.472344165464778143e+03 3.978108914818282056e-03
1.473107694891482652e+03 3.976342734469669009e-03
1.473871620001150632e+03 3.974577279071805566e-03
1.474635940998836077e+03 3.972812548350507407e-03
1.475400658089699846e+03 3.971048542031687355e-03
1.476165771479008754e+03 3.969285259841361449e-03
1.476931281372136027e+03 3.967522701505646343e-03
1.477697187974558574e+03 3.965760866750769713e-03
1.478463491491868581e+03 3.963999755303034694e-03
1.479230192129755551e+03 3.962239366888871059e-03
1.479997290094019036e+03 3.960479701234801385e-03
1.480764785590564998e+03 3.958720758067448865e-03
1.481532678825406038e+03 3.956962537113539041e-03
1.482300970004661394e+03 3.955205038099898936e-03
1.483069659334557628e+03 3.953448260753453583e-03
1.483838747021428162e+03 3.951692204801231234e-03
1.484608233271712379e+03 3.949936869970362488e-03
1.485378118291954706e+03 3.948182255988084630e-03
1.486148402288815532e+03 3.946428362581713006e-03
1.486919085469052334e+03 3.944675189478688733e-03
1.487690168039534228e+03 3.942922736406543130e-03
1.488461650207236062e+03 3.941171003092910734e-03
1.489233532179240910e+03 3.939419989265525827e-03
1.490005814162739171e+03 3.937669694652222441e-03
1.490778496365028104e+03 3.935920118980937819e-03
1.491551578993512294e+03 3.934171261979708088e-03
1.492325062255704779e+03 3.932423123376669986e-03
1.493098946359221827e+03 3.930675702900067806e-03
1.493873231511797712e+03 3.928929000278225635e-03
1.494647917921263797e+03 3.927183015239588994e-03
1.495423005795563540e+03 3.925437747512697945e-03
1.496198495342747719e+03 3.923693196826191429e-03
1.496974386770974206e+03 3.921949362908809002e-03
1.497750680288509784e+03 3.920206245489390832e-03
1.498527376103728557e+03 3.918463844296876837e-03
1.499304474425113085e+03 3.916722159060307545e-03
1.500081975461253251e+03 3.914981189508824101e-03
1.500859879420844663e+03 3.913240935371673467e-03
1.501638186512699804e+03 3.911501396378184135e-03
1.502416896945730286e+03 3.909762572257804297e-03
1.503196010928959595e+03 3.908024462740072348e-03
1.503975528671518532e+03 3.906287067554632501e-03
1.504755450382647268e+03 3.904550386431223079e-03
1.505535776271693749e+03 3.902814419099686922e-03
1.506316506548114603e+03 3.901079165289963145e-03
1.507097641421475373e+03 3.899344624732092781e-03
1.507879181101449149e+03 3.897610797156217041e-03
1.508661125797816112e+03 3.895877682292582089e-03
1.509443475720473089e+03 3.894145279871513016e-03
1.510226231079416721e+03 3.892413589623458080e-03
1.511009392084756428e+03 3.890682611278954012e-03
1.511792958946709632e+03 3.888952344568641188e-03
1.512576931875602895e+03 3.887222789223256265e-03
1.513361311081871690e+03 3.885493944973637381e-03
1.514146096776060858e+03 3.883765811550721984e-03
1.514931289168823923e+03 3.882038388685545537e-03
1.515716888470924005e+03 3.880311676109244982e-03
1.516502894893230405e+03 3.878585673553060914e-03
1.517289308646729978e+03 3.876860380748314589e-03
1.518076129942511216e+03 3.875135797426446527e-03
1.518863358991773794e+03 3.873411923318989623e-03
1.519650996005827437e+03 3.871688758157575214e-03
1.520439041196091239e+03 3.869966301673935256e-03
1.521227494774094112e+03 3.868244553599899278e-03
1.522016356951474108e+03 3.866523513667396127e-03
1.522805627939979331e+03 3.864803181608454392e-03
1.523595307951467248e+03 3.863083557155201977e-03
1.524385397197902421e+03 3.861364640039870438e-03
1.525175895891368555e+03 3.859646429994771557e-03
1.525966804244049854e+03 3.857928926752335948e-03
1.526758122468243073e+03 3.856212130045086166e-03
1.527549850776355697e+03 3.854496039605643642e-03
1.528341989380905488e+03 3.852780655166727821e-03
1.529134538494519120e+03 3.851065976461157895e-03
1.529927498329934679e+03 3.849352003221851500e-03
1.530720869099999845e+03 3.847638735181823418e-03
1.531514651017673032e+03 3.845926172074188611e-03
1.532308844296019515e+03 3.844214313632166990e-03
1.533103449148224399e+03 3.842503159589056964e-03
1.533898465787574196e+03 3.840792709678273603e-03
1.534693894427468649e+03 3.839082963633326951e-03
1.535489735281418689e+03 3.837373921187821595e-03
1.536285988563045521e+03 3.835665582075464038e-03
1.537082654486080628e+03 3.833957946030056192e-03
1.537879733264366678e+03 3.832251012785500583e-03
1.538677225111857524e+03 3.830544782075796014e-03
1.539475130242617524e+03 3.828839253635040601e-03
1.540273448870818811e+03 3.827134427197436545e-03
1.541072181210753570e+03 3.825430302497264106e-03
1.541871327476816305e+03 3.823726879268922810e-03
1.542670887883515661e+03 3.822024157246901085e-03
1.543470862645471016e+03 3.820322136165787974e-03
1.544271251977413385e+03 3.818620815760268364e-03
1.545072056094184745e+03 3.816920195765126454e-03
1.545873275210738711e+03 3.815220275915242720e-03
1.546674909542139631e+03 3.813521055945597819e-03
1.547476959303564399e+03 3.811822535591267384e-03
1.548279424710297462e+03 3.810124714587432865e-03
1.549082305977744454e+03 3.808427592669354645e-03
1.549885603321413328e+03 3.806731169572407161e-03
1.550689316956926632e+03 3.805035445032059396e-03
1.551493447100019239e+03 3.803340418783875305e-03
1.552297993966536751e+03 3.801646090563518595e-03
1.553102957772437776e+03 3.799952460106747944e-03
1.553908338733791879e+03 3.798259527149421780e-03
1.554714137066781632e+03 3.796567291427494807e-03
1.555520352987700335e+03 3.794875752677018439e-03
1.556326986712951566e+03 3.793184910634149910e-03
1.557134038459059411e+03 3.791494765035121478e-03
1.557941508442651639e+03 3.789805315616283799e-03
1.558749396880470385e+03 3.788116562114079034e-03
1.559557703989371248e+03 3.786428504265044754e-03
1.560366429986321464e+03 3.784741141805815241e-03
1.561175575088400592e+03 3.783054474473124956e-03
1.561985139512801652e+03 3.781368502003801604e-03
1.562795123476829076e+03 3.779683224134772635e-03
1.563605527197900528e+03 3.777998640603060475e-03
1.564416350893542813e+03 3.776314751145793368e-03
1.565227594781405742e+03 3.774631555500173284e-03
1.566039259079240992e+03 3.772949053403522757e-03
1.566851344004918246e+03 3.771267244593250623e-03
1.567663849776418147e+03 3.769586128806865898e-03
1.568476776611835248e+03 3.767905705781972574e-03
1.569290124729377567e+03 3.766225975256270488e-03
1.570103894347364985e+03 3.764546936967557485e-03
1.570918085684231301e+03 3.762868590653727693e-03
1.571732698958523770e+03 3.761190936052771945e-03
1.572547734388899016e+03 3.759513972902783427e-03
1.573363192194136900e+03 3.757837700941932951e-03
1.574179072593121418e+03 3.756162119908506691e-03
1.574995375804852301e+03 3.754487229540881457e-03
1.575812102048443194e+03 3.752813029577529904e-03
1.576629251543122336e+03 3.751139519757020098e-03
1.577446824508229838e+03 3.749466699818018549e-03
1.578264821163220631e+03 3.747794569499286309e-03
1.579083241727662653e+03 3.746123128539680710e-03
1.579902086421238209e+03 3.744452376678156658e-03
1.580721355463740338e+03 3.742782313653769677e-03
1.581541049075085084e+03 3.741112939205652049e-03
1.582361167475292859e+03 3.739444253073054020e-03
1.583181710884502081e+03 3.737776254995312571e-03
1.584002679522963717e+03 3.736108944711862695e-03
1.584824073611044696e+03 3.734442321962232626e-03
1.585645893369224723e+03 3.732776386486049910e-03
1.586468139018098555e+03 3.731111138023034905e-03
1.587290810778375089e+03 3.729446576313005975e-03
1.588113908870877594e+03 3.727782701095875163e-03
1.588937433516540295e+03 3.726119512111658594e-03
1.589761384936421564e+03 3.724457009100448288e-03
1.590585763351685500e+03 3.722795191802449888e-03
1.591410568983612848e+03 3.721134059957960111e-03
1.592235802053600082e+03 3.719473613307369784e-03
1.593061462783157822e+03 3.717813851591165140e-03
1.593887551393911053e+03 3.716154774549929995e-03
1.594714068107600724e+03 3.714496381924340968e-03
1.595541013146082150e+03 3.712838673455171826e-03
1.596368386731325245e+03 3.711181648883291311e-03
1.597196189085412243e+03 3.709525307949669212e-03
1.598024420430549753e+03 3.707869650395352514e-03
1.598853080989050568e+03 3.706214675961500525e-03
1.599682170983344804e+03 3.704560384389364927e-03
1.600511690635978994e+03 3.702906775420288909e-03
1.601341640169614266e+03 3.701253848795713237e-03
1.602172019807027255e+03 3.699601604257172788e-03
1.603002829771110555e+03 3.697950041546296980e-03
1.603834070284871586e+03 3.696299160404811941e-03
1.604665741571433273e+03 3.694648960574537042e-03
1.605497843854031316e+03 3.692999441797394002e-03
1.606330377356027384e+03 3.691350603815379133e-03
1.607163342300888189e+03 3.689702446370604107e-03
1.607996738912199817e+03 3.688054969205268631e-03
1.608830567413664312e+03 3.686408172061666957e-03
1.609664828029099681e+03 3.684762054682187444e-03
1.610499520982439890e+03 3.683116616809314729e-03
1.611334646497734411e+03 3.681471858185627558e-03
1.612170204799150042e+03 3.679827778553797484e-03
1.613006196110968403e+03 3.678184377656593639e-03
1.613842620657585030e+03 3.676541655236883165e-03
1.614679478663521195e+03 3.674899611037611268e-03
1.615516770353404809e+03 3.673258244801835045e-03
1.616354495951983154e+03 3.671617556272699628e-03
1.617192655684120609e+03 3.669977545193445125e-03
1.618031249774797288e+03 3.668338211307406189e-03
1.618870278449110629e+03 3.666699554358011145e-03
1.619709741932274255e+03 3.665061574088782862e-03
1.620549640449618664e+03 3.663424270243338752e-03
1.621389974226591221e+03 3.661787642565390334e-03
1.622230743488752296e+03 3.660151690798749309e-03
1.623071948461790043e+03 3.658516414687301536e-03
1.623913589371498574e+03 3.656881813975048669e-03
1.624755666443793643e+03 3.655247888406076926e-03
1.625598179904706058e+03 3.653614637724569673e-03
1.626441129980385995e+03 3.651982061674801348e-03
1.627284516897099820e+03 3.650350160001141365e-03
1.628128340881230315e+03 3.648718932448054546e-03
1.628972602159279177e+03 3.647088378760097224e-03
1.629817300957864290e+03 3.645458498681921136e-03
1.630662437503718365e+03 3.643829291958277337e-03
1.631508012023701212e+03 3.642200758333991473e-03
1.632354024744780190e+03 3.640572897554002381e-03
1.633200475894044303e+03 3.638945709363336500e-03
1.634047365698698513e+03 3.637319193507113947e-03
1.634894694386068068e+03 3.635693349730546343e-03
1.635742462183593716e+03 3.634068177778941588e-03
1.636590669318835353e+03 3.632443677397700389e-03
1.637439316019470425e+03 3.630819848332315393e-03
1.638288402513294386e+03 3.629196690328374223e-03
1.639137929028217286e+03 3.627574203131564250e-03
1.639987895792277641e+03 3.625952386487645701e-03
1.640838303033621514e+03 3.624331240142493298e-03
1.641689150980517525e+03 3.622710763842066327e-03
1.642540439861351388e+03 3.621090957332419487e-03
1.643392169904628417e+03 3.619471820359699415e-03
1.644244341338971026e+03 3.617853352670145992e-03
1.645096954393120996e+03 3.616235554010093205e-03
1.645950009295939026e+03 3.614618424125966116e-03
1.646803506276402913e+03 3.613001962764285195e-03
1.647657445563607325e+03 3.611386169671668492e-03
1.648511827386775167e+03 3.609771044594808215e-03
1.649366651975237573e+03 3.608156587280509763e-03
1.650221919558448235e+03 3.606542797475664405e-03
1.651077630365980212e+03 3.604929674927255783e-03
1.651933784627524801e+03 3.603317219382360780e-03
1.652790382572892895e+03 3.601705430588148654e-03
1.653647424432013850e+03 3.600094308291882771e-03
1.654504910434937074e+03 3.598483852240916703e-03
1.655362840811830438e+03 3.596874062182698999e-03
1.656221215792978001e+03 3.595264937864776217e-03
1.657080035608793196e+03 3.593656479034768644e-03
1.657939300489798825e+03 3.592048685440408021e-03
1.658799010666640697e+03 3.590441556829512392e-03
1.659659166370083540e+03 3.588835092949992176e-03
1.660519767831012132e+03 3.587229293549850598e-03
1.661380815280431761e+03 3.585624158377181958e-03
1.662242308949465041e+03 3.584019687180175530e-03
1.663104249069357138e+03 3.582415879707109493e-03
1.663966635871470999e+03 3.580812735706357438e-03
1.664829469587287349e+03 3.579210254926389230e-03
1.665692750448416064e+03 3.577608437115749763e-03
1.666556478686577293e+03 3.576007282023094085e-03
1.667420654533615107e+03 3.574406789397163546e-03
1.668285278221493172e+03 3.572806958986790571e-03
1.669150349982295893e+03 3.571207790540899957e-03
1.670015870048226816e+03 3.569609283808510176e-03
1.670881838651611133e+03 3.568011438538729908e-03
1.671748256024893635e+03 3.566414254480760205e-03
1.672615122400640075e+03 3.564817731383894059e-03
1.673482438011533077e+03 3.563221868997522475e-03
1.674350203090385548e+03 3.561626667071111051e-03
1.675218417870121812e+03 3.560032125354232937e-03
1.676087082583789879e+03 3.558438243596548888e-03
1.676956197464558045e+03 3.556845021547811164e-03
1.677825762745716474e+03 3.555252458957863532e-03
1.678695778660675387e+03 3.553660555576641268e-03
1.679566245442965737e+03 3.552069311154171585e-03
1.680437163326240579e+03 3.550478725440572338e-03
1.681308532544273021e+03 3.548888798186054620e-03
1.682180353330954858e+03 3.547299529140924938e-03
1.683052625920308401e+03 3.545710918055565257e-03
1.683925350546467826e+03 3.544122964680465528e-03
1.684798527443690773e+03 3.542535668766201573e-03
1.685672156846358348e+03 3.540949030063440719e-03
1.686546238988971027e+03 3.539363048322941799e-03
1.687420774106151839e+03 3.537777723295554289e-03
1.688295762432645233e+03 3.536193054732218732e-03
1.689171204203317757e+03 3.534609042383967618e-03
1.690047099653156920e+03 3.533025686001925372e-03
1.690923449017269149e+03 3.531442985337310964e-03
1.691800252530892521e+03 3.529860940141418824e-03
1.692677510429377207e+03 3.528279550165650934e-03
1.693555222948197979e+03 3.526698815161496015e-03
1.694433390322953073e+03 3.525118734880531689e-03
1.695312012789361233e+03 3.523539309074427521e-03
1.696191090583264440e+03 3.521960537494944147e-03
1.697070623940626319e+03 3.520382419893933711e-03
1.697950613097533278e+03 3.518804956023336827e-03
1.698831058290193596e+03 3.517228145635187351e-03
1.699711959754934696e+03 3.515651988481614983e-03
1.700593317728216562e+03 3.514076484314822280e-03
1.701475132446612406e+03 3.512501632887119352e-03
1.702357404146819817e+03 3.510927433950902614e-03
1.703240133065660530e+03 3.509353887258658249e-03
1.704123319440078376e+03 3.507780992562963083e-03
1.705006963507139744e+03 3.506208749616484578e-03
1.705891065504034259e+03 3.504637158171980404e-03
1.706775625668074554e+03 3.503066217982299304e-03
1.707660644236695816e+03 3.501495928800379791e-03
1.708546121447453288e+03 3.499926290379256656e-03
1.709432057538035224e+03 3.498357302472038417e-03
1.710318452746243111e+03 3.496788964831939843e-03
1.711205307310004855e+03 3.495221277212261571e-03
1.712092621467371600e+03 3.493654239366394011e-03
1.712980395456518409e+03 3.492087851047816476e-03
1.713868629515742668e+03 3.490522112010101090e-03
1.714757323883466825e+03 3.488957022006907577e-03
1.715646478798235421e+03 3.487392580791987603e-03
1.716536094498717375e+03 3.485828788119181305e-03
1.717426171223701658e+03 3.484265643742426831e-03
1.718316709212111618e+03 3.482703147415731285e-03
1.719207708702983382e+03 3.481141298893213228e-03
1.720099169935481314e+03 3.479580097929071882e-03
1.720991093148892560e+03 3.478019544277598848e-03
1.721883478582629550e+03 3.476459637693174193e-03
1.722776326476227950e+03 3.474900377930269062e-03
1.723669637069348028e+03 3.473341764743441765e-03
1.724563410601773285e+03 3.471783797887342989e-03
1.725457647313413418e+03 3.470226477116711457e-03
1.726352347444296583e+03 3.468669802186383905e-03
1.727247511234587591e+03 3.467113772851265156e-03
1.728143138924564710e+03 3.465558388866369754e-03
1.729039230754633763e+03 3.464003649986795511e-03
1.729935786965325860e+03 3.462449555967730443e-03
1.730832807797296255e+03 3.460896106564450170e-03
1.731730293491325028e+03 3.459343301532320954e-03
1.732628244288317092e+03 3.457791140626799691e-03
1.733526660429302410e+03 3.456239623603429584e-03
1.734425542155435551e+03 3.454688750217845342e-03
1.735324889707992497e+03 3.453138520225776213e-03
1.736224703328385431e+03 3.451588933383023007e-03
1.737124983258140219e+03 3.450039989445494518e-03
1.738025729738911878e+03 3.448491688169180638e-03
1.738926943012480479e+03 3.446944029310162333e-03
1.739828623320751831e+03 3.445397012624608606e-03
1.740730770905756344e+03 3.443850637868777799e-03
1.741633386009650621e+03 3.442304904799017590e-03
1.742536468874716775e+03 3.440759813171763264e-03
1.743440019743361290e+03 3.439215362743541608e-03
1.744344038858114118e+03 3.437671553270972655e-03
1.745248526461640722e+03 3.436128384510747126e-03
1.746153482796722301e+03 3.434585856219661993e-03
1.747058908106268746e+03 3.433043968154600098e-03
1.747964802633316367e+03 3.431502720072529718e-03
1.748871166621026987e+03 3.429962111730509335e-03
1.749778000312688846e+03 3.428422142885685468e-03
1.750685303951715923e+03 3.426882813295295278e-03
1.751593077781648617e+03 3.425344122716661357e-03
1.752501322046153291e+03 3.423806070907197806e-03
1.753410036989019090e+03 3.422268657624411535e-03
1.754319222854172494e+03 3.420731882625879707e-03
1.755228879885655260e+03 3.419195745669288342e-03
1.756139008327639203e+03 3.417660246512403254e-03
1.757049608424423468e+03 3.416125384913079599e-03
1.757960680420432482e+03 3.414591160629261869e-03
1.758872224560218228e+03 3.413057573418981291e-03
1.759784241088459567e+03 3.411524623040357567e-03
1.760696730249961320e+03 3.409992309251600601e-03
1.761609692289655868e+03 3.408460631811007033e-03
1.762523127452598828e+03 3.406929590476967615e-03
1.763437035983983151e+03 3.405399185007942486e-03
1.764351418129119111e+03 3.403869415162500203e-03
1.765266274133446586e+03 3.402340280699289125e-03
1.766181604242532785e+03 3.400811781377047378e-03
1.767097408702072698e+03 3.399283916954600263e-03
1.768013687757888647e+03 3.397756687190860679e-03
1.768930441655929826e+03 3.396230091844830434e-03
1.769847670642273215e+03 3.394704130675598938e-03
1.770765374963123577e+03 3.393178803442342337e-03
1.771683554864808912e+03 3.391654109904332186e-03
1.772602210593796144e+03 3.390130049820909430e-03
1.773521342396669525e+03 3.388606622951519966e-03
1.774440950520143588e+03 3.387083829055692955e-03
1.775361035211062244e+03 3.385561667893043428e-03
1.776281596716395825e+03 3.384040139223274887e-03
1.777202635283243580e+03 3.382519242806178873e-03
1.778124151158832547e+03 3.380998978401634526e-03
1.779046144590517997e+03 3.379479345769607294e-03
1.779968615825782990e+03 3.377960344670151091e-03
1.780891565112235185e+03 3.376441974863414811e-03
1.781814992697622756e+03 3.374924236109613264e-03
1.782738898829809386e+03 3.373407128169069250e-03
1.783663283756792453e+03 3.371890650802186230e-03
1.784588147726696889e+03 3.370374803769455273e-03
1.785513490987776777e+03 3.368859586831454613e-03
1.786439313788414211e+03 3.367344999748849658e-03
1.787365616377120659e+03 3.365831042282392983e-03
1.788292399002536740e+03 3.364317714192923900e-03
1.789219661913430173e+03 3.362805015241370626e-03
1.790147405358695778e+03 3.361292945188752018e-03
1.791075629587367985e+03 3.359781503796157621e-03
1.792004334848597864e+03 3.358270690824781933e-03
1.792933521391671320e+03 3.356760506035900548e-03
1.793863189466002041e+03 3.355250949190874930e-03
1.794793339321133317e+03 3.353742020051155015e-03
1.795723971206738497e+03 3.352233718378276172e-03
1.796655085372619169e+03 3.350726043933861375e-03
1.797586682068706750e+03 3.349218996479621201e-03
1.798518761545062262e+03 3.347712575777352529e-03
1.799451324051873144e+03 3.346206781588943312e-03
1.800384369839466899e+03 3.344701613676352627e-03
1.801317899158289720e+03 3.343197071801642765e-03
1.802251912258921266e+03 3.341693155726957985e-03
1.803186409392071937e+03 3.340189865214527980e-03
1.804121390808580600e+03 3.338687200026669178e-03
1.805056856759416860e+03 3.337185159925785613e-03
1.805992807495681063e+03 3.335683744674365885e-03
1.806929243268602704e+03 3.334182954034986632e-03
1.807866164329541334e+03 3.332682787770310795e-03
1.808803570929983835e+03 3.331183245643093687e-03
1.809741463321558058e+03 3.329684327416158711e-03
1.810679841756011456e+03 3.328186032852433352e-03
1.811618706485225630e+03 3.326688361714925761e-03
1.812558057761211785e+03 3.325191313766731258e-03
1.813497895836113230e+03 3.323694888771029296e-03
1.814438220962202877e+03 3.322199086491087368e-03
1.815379033391884832e+03 3.320703906690257966e-03
1.816320333377693714e+03 3.319209349131981620e-03
1.817262121172295338e+03 3.317715413579782127e-03
1.818204397028482390e+03 3.316222099797277393e-03
1.819147161199190350e+03 3.314729407548152110e-03
1.820090413937473386e+03 3.313237336596196788e-03
1.821034155496521635e+03 3.311745886705280868e-03
1.821978386129656201e+03 3.310255057639358359e-03
1.822923106090329611e+03 3.308764849162471305e-03
1.823868315632125359e+03 3.307275261038745886e-03
1.824814015008758133e+03 3.305786293032395452e-03
1.825760204474075181e+03 3.304297944907717919e-03
1.826706884282053352e+03 3.302810216429099676e-03
1.827654054686800237e+03 3.301323107361013847e-03
1.828601715942563260e+03 3.299836617468006415e-03
1.829549868303712628e+03 3.298350746514723542e-03
1.830498512024753154e+03 3.296865494265892923e-03
1.831447647360321525e+03 3.295380860486326821e-03
1.832397274565186990e+03 3.293896844940922934e-03
1.833347393894249990e+03 3.292413447394665696e-03
1.834298005602543753e+03 3.290930667612623241e-03
1.835249109945232931e+03 3.289448505359951307e-03
1.836200707177615413e+03 3.287966960401888464e-03
1.837152797555116649e+03 3.286486032503766527e-03
1.838105381333306468e+03 3.285005721430984526e-03
1.839058458767875891e+03 3.283526026949043410e-03
1.840012030114650770e+03 3.282046948823525226e-03
1.840966095629591791e+03 3.280568486820096153e-03
1.841920655568790835e+03 3.279090640704507807e-03
1.842875710188472340e+03 3.277613410242596372e-03
1.843831259744994668e+03 3.276136795200284765e-03
1.844787304494848058e+03 3.274660795343579175e-03
1.845743844694655536e+03 3.273185410438572088e-03
1.846700880601170866e+03 3.271710640251445767e-03
1.847658412471289921e+03 3.270236484548450992e-03
1.848616440562032039e+03 3.268762943095940895e-03
1.849574965130553437e+03 3.267290015660346669e-03
1.850533986434142889e+03 3.265817702008184942e-03
1.851493504730222412e+03 3.264346001906058212e-03
1.852453520276348854e+03 3.262874915120652242e-03
1.853414033330210259e+03 3.261404441418739100e-03
1.854375044149630412e+03 3.259934580567174119e-03
1.855336552992565885e+03 3.258465332332897198e-03
1.856298560117102170e+03 3.256996696482941048e-03
1.857261065781471416e+03 3.255528672784403429e-03
1.858224070244027416e+03 3.254061261004484017e-03
1.859187573763261526e+03 3.252594460910462719e-03
1.860151576597799703e+03 3.251128272269703575e-03
1.861116079006401151e+03 3.249662694849653460e-03
1.862081081247959901e+03 3.248197728417846417e-03
1.863046583581503683e+03 3.246733372741898889e-03
1.864012586266194376e+03 3.245269627589512755e-03
1.864979089561328465e+03 3.243806492728474027e-03
1.865946093726332947e+03 3.242343967926658056e-03
1.866913599020780794e+03 3.240882052952008281e-03
1.867881605704367985e+03 3.239420747572568753e-03
1.868850114036928289e+03 3.237960051556463322e-03
1.869819124278431218e+03 3.236499964671898238e-03
1.870788636688980205e+03 3.235040486687165619e-03
1.871758651528813743e+03 3.233581617370640850e-03
1.872729169058305160e+03 3.232123356490783448e-03
1.873700189537962842e+03 3.230665703816137067e-03
1.874671713228430235e+03 3.229208659115329061e-03
1.875643740390481298e+03 3.227752222157076554e-03
1.876616271285037783e+03 3.226296392710165193e-03
1.877589306173144223e+03 3.224841170543478637e-03
1.878562845315984532e+03 3.223386555425981209e-03
1.879536888974878138e+03 3.221932547126720066e-03
1.880511437411280212e+03 3.220479145414826497e-03
1.881486490886780302e+03 3.219026350059514627e-03
1.882462049663104835e+03 3.217574160830084015e-03
1.883438114002115071e+03 3.216122577495916183e-03
1.884414684165807785e+03 3.214671599826478526e-03
1.885391760416312763e+03 3.213221227591325172e-03
1.886369343015906225e+03 3.211771460560078340e-03
1.887347432226988758e+03 3.210322298502460859e-03
1.888326028312101244e+03 3.208873741188273190e-03
1.889305131533920303e+03 3.207425788387399061e-03
1.890284742155258982e+03 3.205978439869806330e-03
1.891264860439066069e+03 3.204531695405545694e-03
1.892245486648427459e+03 3.203085554764750677e-03
1.893226621046563878e+03 3.201640017717640244e-03
1.894208263896834296e+03 3.200195084034515320e-03
1.895190415462728652e+03 3.198750753485765739e-03
1.896173076007886948e+03 3.197307025841846818e-03
1.897156245796071744e+03 3.195863900873316225e-03
1.898139925091187706e+03 3.194421378350808388e-03
1.899124114157276836e+03 3.192979458045039267e-03
1.900108813258516420e+03 3.191538139726810257e-03
1.901094022659221537e+03 3.190097423167004721e-03
1.902079742623844140e+03 3.188657308136589284e-03
1.903065973416973520e+03 3.187217794406612976e-03
1.904052715303334935e+03 3.185778881748209390e-03
1.905039968547788249e+03 3.184340569932599292e-03
1.906027733415341800e+03 3.182902858731070234e-03
1.907016010171129437e+03 3.181465747915009513e-03
1.908004799080426210e+03 3.180029237255880756e-03
1.908994100408645409e+03 3.178593326525231289e-03
1.909983914421336522e+03 3.177158015494692140e-03
1.910974241384187962e+03 3.175723303935975000e-03
1.911965081563025251e+03 3.174289191620875694e-03
1.912956435223811241e+03 3.172855678321272882e-03
1.913948302632647483e+03 3.171422763809127621e-03
1.914940684055769225e+03 3.169990447856487707e-03
1.915933579759561098e+03 3.168558730235469453e-03
1.916926990010534382e+03 3.167127610718286756e-03
1.917920915075342236e+03 3.165697089077230703e-03
1.918915355220775837e+03 3.164267165084675652e-03
1.919910310713765057e+03 3.162837838513077489e-03
1.920905781821377786e+03 3.161409109134974502e-03
1.921901768810820386e+03 3.159980976722988246e-03
1.922898271949437913e+03 3.158553441049822240e-03
1.923895291504712986e+03 3.157126501888262837e-03
1.924892827744264423e+03 3.155700159011183125e-03
1.925890880935860878e+03 3.154274412191521680e-03
1.926889451347397198e+03 3.152849261202317691e-03
1.927888539246911932e+03 3.151424705816686239e-03
1.928888144902582781e+03 3.150000745807823507e-03
1.929888268582725459e+03 3.148577380949008509e-03
1.930888910555795064e+03 3.147154611013603526e-03
1.931890071090385845e+03 3.145732435775051503e-03
1.932891750455232113e+03 3.144310855006877785e-03
1.933893948919205968e+03 3.142889868482689249e-03
1.934896666751315706e+03 3.141469475976181244e-03
1.935899904220720828e+03 3.140049677261114603e-03
1.936903661596708162e+03 3.138630472111347304e-03
1.937907939148709147e+03 3.137211860300814087e-03
1.938912737146292557e+03 3.135793841603533392e-03
1.939918055859169954e+03 3.134376415793602155e-03
1.940923895557190008e+03 3.132959582645202315e-03
1.941930256510342133e+03 3.131543341932595606e-03
1.942937138988756260e+03 3.130127693430126163e-03
1.943944543262701245e+03 3.128712636912219652e-03
1.944952469602583506e+03 3.127298172153387609e-03
1.945960918278959753e+03 3.125884298928210091e-03
1.946969889562516073e+03 3.124471017011362130e-03
1.947979383724083391e+03 3.123058326177594653e-03
1.948989401034630646e+03 3.121646226201743157e-03
1.949999941765269796e+03 3.120234716858721630e-03
1.951011006187251951e+03 3.118823797923526465e-03
1.952022594571968966e+03 3.117413469171236018e-03
1.953034707190953668e+03 3.116003730377009309e-03
1.954047344315879400e+03 3.114594581316086457e-03
1.955060506218555929e+03 3.113186021763795618e-03
1.956074193170946501e+03 3.111778051495528701e-03
1.957088405445142598e+03 3.110370670286776058e-03
1.958103143313381679e+03 3.108963877913103070e-03
1.959118407048041490e+03 3.107557674150156646e-03
1.960134196921640978e+03 3.106152058773664366e-03
1.961150513206840742e+03 3.104747031559436203e-03
1.962167356176443036e+03 3.103342592283361064e-03
1.963184726103389721e+03 3.101938740721411555e-03
1.964202623260765449e+03 3.100535476649640080e-03
1.965221047921793343e+03 3.099132799844184043e-03
1.966240000359847954e+03 3.097730710081247636e-03
1.967259480848435032e+03 3.096329207137131761e-03
1.968279489661205162e+03 3.094928290788211914e-03
1.969300027071951718e+03 3.093527960810944690e-03
1.970321093354609275e+03 3.092128216981868214e-03
1.971342688783253834e+03 3.090729059077601711e-03
1.972364813632105097e+03 3.089330486874843334e-03
1.973387468175523281e+03 3.087932500150373637e-03
1.974410652688011623e+03 3.086535098681053406e-03
1.975434367444211148e+03 3.085138282243828859e-03
1.976458612718917493e+03 3.083742050615711702e-03
1.977483388787056811e+03 3.082346403573809485e-03
1.978508695923701680e+03 3.080951340895306083e-03
1.979534534404066790e+03 3.079556862357463870e-03
1.980560904503509846e+03 3.078162967737628920e-03
1.981587806497531119e+03 3.076769656813224500e-03
1.982615240661774124e+03 3.075376929361756280e-03
1.983643207272023801e+03 3.073984785160809290e-03
1.984671706604210158e+03 3.072593223988049661e-03
1.985700738934400761e+03 3.071202245621228524e-03
1.986730304538818245e+03 3.069811849838162063e-03
1.987760403693817125e+03 3.068422036416762737e-03
1.988791036675898340e+03 3.067032805135016301e-03
1.989822203761706533e+03 3.065644155770990906e-03
1.990853905228029589e+03 3.064256088102834501e-03
1.991886141351799097e+03 3.062868601908773098e-03
1.992918912410090115e+03 3.061481696967115543e-03
1.993952218680120268e+03 3.060095373056249176e-03
1.994986060439252697e+03 3.058709629954641570e-03
1.996020437964989014e+03 3.057324467440845732e-03
1.997055351534986585e+03 3.055939885293479721e-03
1.998090801427035558e+03 3.054555883291255707e-03
1.999126787919073195e+03 3.053172461212960882e-03
2.000163311289180683e+03 3.051789618837463542e-03
2.001200371815584504e+03 3.050407355943710909e-03
2.002237969776653927e+03 3.049025672310729570e-03
2.003276105450903287e+03 3.047644567717627644e-03
2.004314779116990849e+03 3.046264041943591312e-03
2.005353991053720392e+03 3.044884094767886119e-03
2.006393741540033943e+03 3.043504725969865213e-03
2.007434030855032233e+03 3.042125935328942460e-03
2.008474859277947644e+03 3.040747722624628866e-03
2.009516227088161486e+03 3.039370087636509600e-03
2.010558134565199907e+03 3.037993030144249193e-03
2.011600581988733666e+03 3.036616549927591540e-03
2.012643569638578811e+03 3.035240646766360767e-03
2.013687097794695774e+03 3.033865320440459930e-03
2.014731166737190961e+03 3.032490570729871014e-03
2.015775776746314932e+03 3.031116397414656671e-03
2.016820928102460130e+03 3.029742800274963250e-03
2.017866621086176792e+03 3.028369779090999987e-03
2.018912855978147491e+03 3.026997333643072826e-03
2.019959633059204634e+03 3.025625463711561439e-03
2.021006952610326834e+03 3.024254169076922693e-03
2.022054814912636630e+03 3.022883449519695852e-03
2.023103220247403897e+03 3.021513304820497379e-03
2.024152168896044031e+03 3.020143734760023096e-03
2.025201661140117949e+03 3.018774739119047326e-03
2.026251697261332083e+03 3.017406317678425487e-03
2.027302277541534750e+03 3.016038470219096698e-03
2.028353402262734107e+03 3.014671196522060795e-03
2.029405071707070420e+03 3.013304496368415190e-03
2.030457286156834925e+03 3.011938369539330588e-03
2.031510045894465293e+03 3.010572815816055323e-03
2.032563351202545618e+03 3.009207834979917527e-03
2.033617202363805518e+03 3.007843426812325128e-03
2.034671599661122400e+03 3.006479591094762382e-03
2.035726543377520102e+03 3.005116327608794644e-03
2.036782033796167752e+03 3.003753636136065764e-03
2.037838071200378863e+03 3.002391516458301560e-03
2.038894655873624970e+03 3.001029968357294200e-03
2.039951788099512669e+03 2.999668991614926061e-03
2.041009468161799987e+03 2.998308586013157147e-03
2.042067696344390697e+03 2.996948751334023355e-03
2.043126472931337275e+03 2.995589487359639515e-03
2.044185798206838172e+03 2.994230793872200251e-03
2.045245672455239855e+03 2.992872670653977819e-03
2.046306095961035680e+03 2.991515117487322534e-03
2.047367069008867020e+03 2.990158134154663645e-03
2.048428591883518038e+03 2.988801720438514099e-03
2.049490664869932971e+03 2.987445876121449725e-03
2.050553288253192022e+03 2.986090600986140032e-03
2.051616462318526374e+03 2.984735894815327816e-03
2.052680187351314999e+03 2.983381757391833505e-03
2.053744463637085573e+03 2.982028188498557324e-03
2.054809291461513112e+03 2.980675187918476691e-03
2.055874671110421332e+03 2.979322755434646221e-03
2.056940602869780832e+03 2.977970890830201195e-03
2.058007087025711371e+03 2.976619593888352785e-03
2.059074123864476405e+03 2.975268864392396732e-03
2.060141713672501282e+03 2.973918702125690362e-03
2.061209856736345955e+03 2.972569106871686406e-03
2.062278553342723171e+03 2.971220078413907423e-03
2.063347803778495290e+03 2.969871616535956632e-03
2.064417608330672010e+03 2.968523721021514017e-03
2.065487967286413095e+03 2.967176391654337188e-03
2.066558880933026103e+03 2.965829628218263122e-03
2.067630349557967747e+03 2.964483430497205120e-03
2.068702373448844355e+03 2.963137798275154982e-03
2.069774952893405498e+03 2.961792731336187773e-03
2.070848088179564456e+03 2.960448229464439709e-03
2.071921779595370026e+03 2.959104292444140680e-03
2.072996027429024252e+03 2.957760920059594300e-03
2.074070831968878792e+03 2.956418112095180080e-03
2.075146193503435370e+03 2.955075868335356893e-03
2.076222112321344866e+03 2.953734188564659073e-03
2.077298588711406865e+03 2.952393072567701185e-03
2.078375622962571924e+03 2.951052520129172820e-03
2.079453215363939307e+03 2.949712531033842500e-03
2.080531366204754249e+03 2.948373105066561580e-03
2.081610075774425241e+03 2.947034242012241696e-03
2.082689344362497195e+03 2.945695941655889893e-03
2.083769172258669187e+03 2.944358203782583474e-03
2.084849559752791265e+03 2.943021028177477804e-03
2.085930507134863092e+03 2.941684414625805443e-03
2.087012014695034395e+03 2.940348362912877014e-03
2.088094082723605879e+03 2.939012872824078599e-03
2.089176711511028770e+03 2.937677944144875212e-03
2.090259901347903906e+03 2.936343576660808627e-03
2.091343652524979461e+03 2.935009770157502151e-03
2.092427965333166867e+03 2.933676524420642407e-03
2.093512840063514432e+03 2.932343839236006659e-03
2.094598277007226898e+03 2.931011714389445896e-03
2.095684276455659528e+03 2.929680149666887001e-03
2.096770838700318563e+03 2.928349144854333619e-03
2.097857964032860764e+03 2.927018699737867890e-03
2.098945652745094776e+03 2.925688814103646982e-03
2.100033905128980223e+03 2.924359487737906993e-03
2.101122721476628612e+03 2.923030720426958613e-03
2.102212102080296518e+03 2.921702511957197101e-03
2.103302047232407403e+03 2.920374862115077130e-03
2.104392557225522069e+03 2.919047770687146614e-03
2.105483632352357290e+03 2.917721237460024590e-03
2.106575272905781276e+03 2.916395262220407292e-03
2.107667479178815029e+03 2.915069844755067280e-03
2.108760251464630528e+03 2.913744984850853443e-03
2.109853590056551639e+03 2.912420682294692732e-03
2.110947495248055020e+03 2.911096936873587126e-03
2.112041967332768309e+03 2.909773748374615797e-03
2.113137006604468297e+03 2.908451116584939884e-03
2.114232613357095488e+03 2.907129041291781242e-03
2.115328787884731355e+03 2.905807522282454532e-03
2.116425530481612441e+03 2.904486559344344240e-03
2.117522841442129447e+03 2.903166152264912044e-03
2.118620721060824053e+03 2.901846300831696385e-03
2.119719169632391640e+03 2.900527004832312034e-03
2.120818187451680387e+03 2.899208264054448786e-03
2.121917774813690357e+03 2.897890078285875366e-03
2.123017932013574864e+03 2.896572447314433793e-03
2.124118659346636377e+03 2.895255370928049351e-03
2.125219957108342896e+03 2.893938848914707606e-03
2.126321825594302936e+03 2.892622881062486065e-03
2.127424265100281900e+03 2.891307467159532490e-03
2.128527275922198896e+03 2.889992606994071407e-03
2.129630858356126282e+03 2.888678300354403233e-03
2.130735012698290120e+03 2.887364547028905149e-03
2.131839739245069268e+03 2.886051346806028928e-03
2.132945038292997197e+03 2.884738699474303537e-03
2.134050910138760173e+03 2.883426604822333407e-03
2.135157355079194076e+03 2.882115062638804064e-03
2.136264373411302131e+03 2.880804072712462617e-03
2.137371965432228535e+03 2.879493634832144648e-03
2.138480131439273919e+03 2.878183748786760331e-03
2.139588871729895800e+03 2.876874414365292263e-03
2.140698186601704037e+03 2.875565631356800673e-03
2.141808076352463104e+03 2.874257399550421681e-03
2.142918541280091631e+03 2.872949718735366004e-03
2.144029581682663320e+03 2.871642588700920248e-03
2.145141197858406031e+03 2.870336009236448219e-03
2.146253390105696781e+03 2.869029980131392651e-03
2.147366158723081753e+03 2.867724501175256992e-03
2.148479504009248103e+03 2.866419572157635764e-03
2.149593426263042602e+03 2.865115192868195049e-03
2.150707925783465726e+03 2.863811363096674650e-03
2.151823002869674383e+03 2.862508082632890700e-03
2.152938657820979643e+03 2.861205351266735229e-03
2.154054890936847187e+03 2.859903168788174854e-03
2.155171702516899586e+03 2.858601534987252092e-03
2.156289092860913570e+03 2.857300449654084484e-03
2.157407062268815935e+03 2.855999912578870668e-03
2.158525611040704007e+03 2.854699923551868700e-03
2.159644739476816085e+03 2.853400482363427273e-03
2.160764447877550992e+03 2.852101588803965335e-03
2.161884736543463077e+03 2.850803242663977298e-03
2.163005605775262666e+03 2.849505443734032164e-03
2.164127055873815607e+03 2.848208191804774397e-03
2.165249087140143729e+03 2.846911486666924354e-03
2.166371699875424838e+03 2.845615328111276553e-03
2.167494894380993628e+03 2.844319715928700538e-03
2.168618670958334405e+03 2.843024649910146518e-03
2.169743029909103825e+03 2.841730129846624549e-03
2.170867971535099514e+03 2.840436155529234459e-03
2.171993496138280989e+03 2.839142726749145033e-03
2.173119604020762836e+03 2.837849843297603116e-03
2.174246295484817892e+03 2.836557504965926246e-03
2.175373570832875430e+03 2.835265711545510454e-03
2.176501430367520243e+03 2.833974462827824198e-03
2.177629874391494923e+03 2.832683758604412263e-03
2.178758903207698950e+03 2.831393598666893593e-03
2.179888517119183234e+03 2.830103982806966498e-03
2.181018716429170581e+03 2.828814910816389566e-03
2.182149501441027041e+03 2.827526382487011158e-03
2.183280872458279646e+03 2.826238397610748593e-03
2.184412829784613677e+03 2.824950955979594648e-03
2.185545373723871762e+03 2.823664057385615826e-03
2.186678504580052959e+03 2.822377701620954089e-03
2.187812222657314578e+03 2.821091888477825563e-03
2.188946528259972183e+03 2.819806617748520528e-03
2.190081421692497770e+03 2.818521889225404729e-03
2.191216903259517039e+03 2.817237702700921970e-03
2.192352973265828041e+03 2.815954057967576338e-03
2.193489632016371615e+03 2.814670954817961260e-03
2.194626879816252767e+03 2.813388393044739550e-03
2.195764716970733389e+03 2.812106372440648181e-03
2.196903143785234079e+03 2.810824892798497853e-03
2.198042160565333688e+03 2.809543953911175593e-03
2.199181767616769321e+03 2.808263555571639553e-03
2.200321965245436786e+03 2.806983697572925079e-03
2.201462753757390146e+03 2.805704379708139941e-03
2.202604133458837623e+03 2.804425601770471708e-03
2.203746104656159787e+03 2.803147363553166061e-03
2.204888667655882273e+03 2.801869664849559755e-03
2.206031822764693970e+03 2.800592505453057199e-03
2.207175570289443385e+03 2.799315885157136093e-03
2.208319910537136820e+03 2.798039803755350465e-03
2.209464843814940650e+03 2.796764261041326336e-03
2.210610370430180865e+03 2.795489256808764752e-03
2.211756490690341252e+03 2.794214790851440051e-03
2.212903204903065671e+03 2.792940862963199863e-03
2.214050513376153503e+03 2.791667472937972919e-03
2.215198416417576482e+03 2.790394620569744324e-03
2.216346914335451856e+03 2.789122305652589826e-03
2.217496007438062861e+03 2.787850527980652391e-03
2.218645696033850527e+03 2.786579287348150014e-03
2.219795980431416865e+03 2.785308583549373114e-03
2.220946860939523958e+03 2.784038416378687569e-03
2.222098337867092596e+03 2.782768785630531250e-03
2.223250411523205457e+03 2.781499691099416621e-03
2.224403082217103929e+03 2.780231132579928568e-03
2.225556350258185375e+03 2.778963109866732645e-03
2.226710215956022694e+03 2.777695622754550783e-03
2.227864679620332481e+03 2.776428671038194684e-03
2.229019741560999591e+03 2.775162254512544141e-03
2.230175402088067585e+03 2.773896372972551802e-03
2.231331661511741459e+03 2.772631026213245344e-03
2.232488520142386278e+03 2.771366214029724433e-03
2.233645978290529001e+03 2.770101936217162029e-03
2.234804036266856201e+03 2.768838192570805684e-03
2.235962694382216341e+03 2.767574982885975376e-03
2.237121952947613863e+03 2.766312306958069143e-03
2.238281812274229651e+03 2.765050164582543574e-03
2.239442272673389652e+03 2.763788555554943724e-03
2.240603334456587618e+03 2.762527479670882306e-03
2.241764997935477822e+03 2.761266936726045756e-03
2.242927263421876432e+03 2.760006926516193372e-03
2.244090131227761049e+03 2.758747448837157307e-03
2.245253601665271162e+03 2.757488503484843007e-03
2.246417675046707700e+03 2.756230090255229210e-03
2.247582351684533478e+03 2.754972208944367947e-03
2.248747631891369110e+03 2.753714859348387577e-03
2.249913515980010288e+03 2.752458041263476738e-03
2.251080004263401406e+03 2.751201754485909940e-03
2.252247097054653750e+03 2.749945998812031080e-03
2.253414794667040496e+03 2.748690774038256047e-03
2.254583097413998075e+03 2.747436079961074022e-03
2.255752005609124353e+03 2.746181916377046610e-03
2.256921519566179086e+03 2.744928283082808708e-03
2.258091639599087102e+03 2.743675179875067205e-03
2.259262366021933303e+03 2.742422606550602715e-03
2.260433699148962205e+03 2.741170562906272614e-03
2.261605639294594312e+03 2.739919048738992391e-03
2.262778186773400193e+03 2.738668063845766006e-03
2.263951341900116859e+03 2.737417608023662904e-03
2.265125104989645024e+03 2.736167681069827124e-03
2.266299476357049116e+03 2.734918282781474263e-03
2.267474456317555450e+03 2.733669412955892775e-03
2.268650045186554962e+03 2.732421071390443972e-03
2.269826243279601385e+03 2.731173257882559859e-03
2.271003050912412618e+03 2.729925972229747897e-03
2.272180468400864811e+03 2.728679214229589711e-03
2.273358496061011920e+03 2.727432983679727203e-03
2.274537134209057967e+03 2.726187280377887715e-03
2.275716383161375234e+03 2.724942104121866240e-03
2.276896243234500616e+03 2.723697454709530629e-03
2.278076714745133813e+03 2.722453331938820727e-03
2.279257798010140050e+03 2.721209735607748367e-03
2.280439493346547806e+03 2.719966665514397808e-03
2.281621801071549726e+03 2.718724121456926168e-03
2.282804721502503526e+03 2.717482103233560820e-03
2.283988254956926994e+03 2.716240610642608067e-03
2.285172401752515270e+03 2.714999643482431460e-03
2.286357162207114470e+03 2.713759201551479983e-03
2.287542536638741240e+03 2.712519284648270707e-03
2.288728525365575933e+03 2.711279892571392264e-03
2.289915128705963525e+03 2.710041025119506140e-03
2.291102346978414971e+03 2.708802682091344949e-03
2.292290180501605391e+03 2.707564863285714159e-03
2.293478629594375889e+03 2.706327568501489499e-03
2.294667694575732185e+03 2.705090797537619118e-03
2.295857375764840981e+03 2.703854550193129664e-03
2.297047673481048150e+03 2.702618826267103296e-03
2.298238588043850541e+03 2.701383625558708042e-03
2.299430119772916896e+03 2.700148947867180450e-03
2.300622268988079668e+03 2.698914792991827759e-03
2.301815036009338655e+03 2.697681160732028766e-03
2.303008421156858731e+03 2.696448050887234691e-03
2.304202424750970295e+03 2.695215463256967880e-03
2.305397047112170185e+03 2.693983397640823101e-03
2.306592288561121677e+03 2.692751853838464948e-03
2.307788149418649027e+03 2.691520831649636507e-03
2.308984630005757026e+03 2.690290330874135945e-03
2.310181730643603260e+03 2.689060351311849031e-03
2.311379451653514934e+03 2.687830892762727453e-03
2.312577793356987058e+03 2.686601955026794025e-03
2.313776756075681533e+03 2.685373537904143983e-03
2.314976340131425786e+03 2.684145641194942821e-03
2.316176545846214594e+03 2.682918264699427589e-03
2.317377373542209625e+03 2.681691408217907763e-03
2.318578823541739439e+03 2.680465071550763075e-03
2.319780896167295396e+03 2.679239254498449584e-03
2.320983591741549390e+03 2.678013956861480162e-03
2.322186910587326565e+03 2.676789178440453117e-03
2.323390853027624416e+03 2.675564919036033541e-03
2.324595419385607329e+03 2.674341178448957652e-03
2.325800609984607490e+03 2.673117956480032791e-03
2.327006425148124436e+03 2.671895252930136990e-03
2.328212865199826410e+03 2.670673067600219403e-03
2.329419930463547189e+03 2.669451400291301610e-03
2.330627621263291076e+03 2.668230250804473711e-03
2.331835937923222900e+03 2.667009618940904304e-03
2.333044880767691211e+03 2.665789504501816197e-03
2.334254450121198261e+03 2.664569907288519366e-03
2.335464646308419560e+03 2.663350827102388841e-03
2.336675469654197968e+03 2.662132263744870341e-03
2.337886920483545055e+03 2.660914217017481577e-03
2.339098999121641100e+03 2.659696686721810081e-03
2.340311705893834642e+03 2.658479672659514511e-03
2.341525041125642929e+03 2.657263174632324646e-03
2.342739005142751921e+03 2.656047192442040090e-03
2.343953598271011288e+03 2.654831725890537206e-03
2.345168820836453961e+03 2.653616774779747872e-03
2.346384673165268396e+03 2.652402338911688962e-03
2.347601155583814943e+03 2.651188418088443275e-03
2.348818268418625848e+03 2.649975012112164297e-03
2.350036011996399338e+03 2.648762120785076637e-03
2.351254386644005990e+03 2.647549743909474295e-03
2.352473392688483727e+03 2.646337881287722394e-03
2.353693030457040550e+03 2.645126532722257614e-03
2.354913300277054077e+03 2.643915698015584723e-03
2.356134202476066548e+03 2.642705376970286117e-03
2.357355737381805739e+03 2.641495569388998838e-03
2.358577905322152674e+03 2.640286275074444494e-03
2.359800706625164366e+03 2.639077493829411480e-03
2.361024141619067905e+03 2.637869225456757147e-03
2.362248210632259543e+03 2.636661469759410837e-03
2.363472913993306975e+03 2.635454226540370412e-03
2.364698252030947515e+03 2.634247495602704860e-03
2.365924225074088554e+03 2.633041276749553856e-03
2.367150833451808467e+03 2.631835569784125601e-03
2.368378077493350702e+03 2.630630374509705053e-03
2.369605957528145154e+03 2.629425690729631816e-03
2.370834473885775878e+03 2.628221518247330496e-03
2.372063626896004280e+03 2.627017856866291617e-03
2.373293416888762295e+03 2.625814706390073357e-03
2.374523844194152844e+03 2.624612066622307189e-03
2.375754909142448923e+03 2.623409937366691803e-03
2.376986612064095880e+03 2.622208318426997448e-03
2.378218953289710043e+03 2.621007209607063761e-03
2.379451933150078730e+03 2.619806610710800638e-03
2.380685551976155693e+03 2.618606521542192565e-03
2.381919810099082042e+03 2.617406941905278672e-03
2.383154707850153954e+03 2.616207871604183961e-03
2.384390245560845869e+03 2.615009310443096313e-03
2.385626423562803211e+03 2.613811258226275604e-03
2.386863242187842843e+03 2.612613714758049797e-03
2.388100701767954888e+03 2.611416679842817543e-03
2.389338802635299999e+03 2.610220153285046883e-03
2.390577545122212086e+03 2.609024134889275249e-03
2.391816929561197412e+03 2.607828624460110326e-03
2.393056956284928219e+03 2.606633621802233094e-03
2.394297625626265472e+03 2.605439126720380909e-03
2.395538937918226566e+03 2.604245139019375262e-03
2.396780893494007614e+03 2.603051658504100963e-03
2.398023492686976624e+03 2.601858684979513510e-03
2.399266735830675316e+03 2.600666218250637356e-03
2.400510623258815940e+03 2.599474258122566345e-03
2.401755155305286735e+03 2.598282804400464142e-03
2.403000332304146923e+03 2.597091856889564235e-03
2.404246154589629441e+03 2.595901415395167767e-03
2.405492622496135482e+03 2.594711479722651773e-03
2.406739736358254049e+03 2.593522049677447934e-03
2.407987496510733308e+03 2.592333125065070330e-03
2.409235903288500140e+03 2.591144705691099392e-03
2.410484957026653319e+03 2.589956791361182776e-03
2.411734658060467154e+03 2.588769381881039257e-03
2.412985006725388757e+03 2.587582477056455266e-03
2.414236003357039408e+03 2.586396076693287492e-03
2.415487648291213645e+03 2.585210180597461143e-03
2.416739941863880631e+03 2.584024788574970817e-03
2.417992884411179148e+03 2.582839900431884404e-03
2.419246476269435789e+03 2.581655515974325306e-03
2.420500717775137673e+03 2.580471635008499756e-03
2.421755609264950181e+03 2.579288257340678608e-03
2.423011151075714679e+03 2.578105382777201235e-03
2.424267343544446248e+03 2.576923011124475967e-03
2.425524187008334138e+03 2.575741142188980089e-03
2.426781681804742220e+03 2.574559775777260275e-03
2.428039828271211263e+03 2.573378911695931286e-03
2.429298626745454385e+03 2.572198549751677707e-03
2.430558077565356598e+03 2.571018689751256112e-03
2.431818181068991180e+03 2.569839331501479890e-03
2.433078937594593754e+03 2.568660474809242658e-03
2.434340347480578203e+03 2.567482119481504389e-03
2.435602411065534852e+03 2.566304265325292707e-03
2.436865128688230470e+03 2.565126912147703327e-03
2.438128500687604628e+03 2.563950059755902219e-03
2.439392527402775613e+03 2.562773707957121706e-03
2.440657209173034971e+03 2.561597856558665669e-03
2.441922546337852054e+03 2.560422505367903473e-03
2.443188539236865836e+03 2.559247654192279946e-03
2.444455188209906282e+03 2.558073302839293690e-03
2.445722493596964796e+03 2.556899451116524842e-03
2.446990455738215132e+03 2.555726098831618588e-03
2.448259074974005216e+03 2.554553245792289071e-03
2.449528351644860777e+03 2.553380891806315920e-03
2.450798286091483533e+03 2.552209036681550754e-03
2.452068878654751643e+03 2.551037680225911979e-03
2.453340129675721073e+03 2.549866822247384788e-03
2.454612039495621957e+03 2.548696462554025498e-03
2.455884608455859507e+03 2.547526600953961551e-03
2.457157836898028108e+03 2.546357237255374596e-03
2.458431725163886313e+03 2.545188371266529550e-03
2.459706273595372750e+03 2.544020002795753781e-03
2.460981482534605220e+03 2.542852131651443612e-03
2.462257352323877058e+03 2.541684757642063454e-03
2.463533883305660311e+03 2.540517880576144936e-03
2.464811075822603925e+03 2.539351500262288647e-03
2.466088930217534198e+03 2.538185616509163259e-03
2.467367446833455688e+03 2.537020229125505101e-03
2.468646626013545756e+03 2.535855337920122927e-03
2.469926468101173668e+03 2.534690942701880133e-03
2.471206973439872399e+03 2.533527043279721214e-03
2.472488142373357277e+03 2.532363639462655719e-03
2.473769975245523256e+03 2.531200731059758680e-03
2.475052472400442184e+03 2.530038317880174085e-03
2.476335634182364174e+03 2.528876399733114445e-03
2.477619460935718052e+03 2.527714976427859056e-03
2.478903953005111362e+03 2.526554047773755737e-03
2.480189110735330360e+03 2.525393613580219528e-03
2.481474934471334564e+03 2.524233673656737457e-03
2.482761424558277213e+03 2.523074227812852066e-03
2.484048581341475256e+03 2.521915275858186128e-03
2.485336405166430723e+03 2.520756817602424864e-03
2.486624896378822996e+03 2.519598852855323319e-03
2.487914055324511992e+03 2.518441381426701590e-03
2.489203882349536798e+03 2.517284403126448730e-03
2.490494377800114307e+03 2.516127917764522312e-03
2.491785542022642858e+03 2.514971925150944528e-03
2.493077375363698593e+03 2.513816425095808261e-03
2.494369878170033644e+03 2.512661417409276215e-03
2.495663050788593864e+03 2.511506901901565739e-03
2.496956893566491090e+03 2.510352878382975713e-03
2.498251406851019510e+03 2.509199346663867035e-03
2.499546590989656579e+03 2.508046306554668255e-03
2.500842446330057555e+03 2.506893757865874713e-03
2.502138973220058688e+03 2.505741700408050700e-03
2.503436172007676305e+03 2.504590133991825996e-03
2.504734043041106816e+03 2.503439058427898902e-03
2.506032586668728072e+03 2.502288473527034072e-03
2.507331803239091641e+03 2.501138379100068584e-03
2.508631693100947359e+03 2.499988774957892426e-03
2.509932256603208771e+03 2.498839660911476683e-03
2.511233494094974503e+03 2.497691036771856193e-03
2.512535405925527357e+03 2.496542902350130412e-03
2.513837992444327483e+03 2.495395257457467750e-03
2.515141254001019206e+03 2.494248101905102970e-03
2.516445190945425111e+03 2.493101435504339360e-03
2.517749803627551955e+03 2.491955258066543954e-03
2.519055092397585213e+03 2.490809569403154480e-03
2.520361057605889073e+03 2.489664369325677185e-03
2.521667699603023266e+03 2.488519657645673396e-03
2.522975018739713960e+03 2.487375434174784669e-03
2.524283015366874679e+03 2.486231698724714143e-03
2.525591689835599936e+03 2.485088451107233046e-03
2.526901042497167509e+03 2.483945691134178090e-03
2.528211073703036163e+03 2.482803418617453642e-03
2.529521783804847473e+03 2.481661633369030423e-03
2.530833173154424458e+03 2.480520335200946374e-03
2.532145242103772489e+03 2.479379523925305355e-03
2.533457991005075201e+03 2.478239199354283651e-03
2.534771420210714041e+03 2.477099361300109590e-03
2.536085530073236441e+03 2.475960009575092161e-03
2.537400320945378553e+03 2.474821143991601941e-03
2.538715793180059336e+03 2.473682764362077589e-03
2.540031947130380559e+03 2.472544870499021521e-03
2.541348783149626342e+03 2.471407462215006404e-03
2.542666301591265437e+03 2.470270539322668227e-03
2.543984502808948491e+03 2.469134101634710629e-03
2.545303387156508961e+03 2.467998148963904039e-03
2.546622954987960384e+03 2.466862681123089575e-03
2.547943206657513201e+03 2.465727697925161697e-03
2.549264142519547477e+03 2.464593199183093795e-03
2.550585762928631084e+03 2.463459184709921711e-03
2.551908068239516524e+03 2.462325654318747205e-03
2.553231058807139561e+03 2.461192607822738822e-03
2.554554734986619678e+03 2.460060045035131465e-03
2.555879097133260984e+03 2.458927965769225951e-03
2.557204145602550852e+03 2.457796369838389887e-03
2.558529880750162192e+03 2.456665257056055932e-03
2.559856302931946175e+03 2.455534627235728302e-03
2.561183412503954060e+03 2.454404480190963689e-03
2.562511209822405817e+03 2.453274815735399014e-03
2.563839695243711958e+03 2.452145633682731481e-03
2.565168869124466710e+03 2.451016933846725514e-03
2.566498731821449837e+03 2.449888716041211025e-03
2.567829283691625733e+03 2.448760980080083843e-03
2.569160525092144326e+03 2.447633725777306583e-03
2.570492456380338808e+03 2.446506952946907350e-03
2.571825077913730183e+03 2.445380661402979730e-03
2.573158390050017715e+03 2.444254850959688436e-03
2.574492393147102121e+03 2.443129521431249788e-03
2.575827087563054192e+03 2.442004672631961203e-03
2.577162473656135262e+03 2.440880304376179082e-03
2.578498551784791744e+03 2.439756416478327476e-03
2.579835322307657407e+03 2.438633008752895057e-03
2.581172785583550194e+03 2.437510081014437283e-03
2.582510941971474949e+03 2.436387633077574232e-03
2.583849791830622507e+03 2.435265664756993201e-03
2.585189335520369241e+03 2.434144175867445671e-03
2.586529573400272966e+03 2.433023166223754682e-03
2.587870505830093862e+03 2.431902635640794015e-03
2.589212133169762183e+03 2.430782583933517246e-03
2.590554455779400541e+03 2.429663010916939102e-03
2.591897474019317997e+03 2.428543916406139796e-03
2.593241188250009145e+03 2.427425300216265892e-03
2.594585598832157757e+03 2.426307162162527706e-03
2.595930706126632685e+03 2.425189502060201910e-03
2.597276510494490140e+03 2.424072319724631958e-03
2.598623012296974593e+03 2.422955614971224192e-03
2.599970211895509692e+03 2.421839387615457376e-03
2.601318109651725990e+03 2.420723637472860148e-03
2.602666705927422299e+03 2.419608364359041378e-03
2.604016001084592517e+03 2.418493568089670216e-03
2.605365995485416533e+03 2.417379248480481732e-03
2.606716689492262503e+03 2.416265405347274749e-03
2.608068083467686847e+03 2.415152038505914874e-03
2.609420177774432887e+03 2.414039147772332767e-03
2.610772972775433118e+03 2.412926732962523274e-03
2.612126468833807849e+03 2.411814793892547593e-03
2.613480666312858830e+03 2.410703330378535878e-03
2.614835565576093813e+03 2.409592342236670758e-03
2.616191166987191991e+03 2.408481829283212489e-03
2.617547470910026732e+03 2.407371791334482914e-03
2.618904477708660124e+03 2.406262228206867623e-03
2.620262187747342068e+03 2.405153139716818128e-03
2.621620601390512547e+03 2.404044525680851425e-03
2.622979719002799357e+03 2.402936385915548263e-03
2.624339540949019465e+03 2.401828720237555309e-03
2.625700067594179018e+03 2.400721528463584283e-03
2.627061299303467877e+03 2.399614810410414991e-03
2.628423236442281905e+03 2.398508565894880151e-03
2.629785879376189314e+03 2.397402794733890109e-03
2.631149228470953403e+03 2.396297496744415924e-03
2.632513284092527101e+03 2.395192671743492843e-03
2.633878046607052966e+03 2.394088319548221162e-03
2.635243516380863184e+03 2.392984439975767100e-03
2.636609693780480484e+03 2.391881032843359758e-03
2.637976579172616312e+03 2.390778097968293721e-03
2.639344172924173108e+03 2.389675635167928629e-03
2.640712475402237487e+03 2.388573644259692642e-03
2.642081486974102972e+03 2.387472125061066396e-03
2.643451208007236801e+03 2.386371077389606854e-03
2.644821638869302660e+03 2.385270501062932130e-03
2.646192779928154323e+03 2.384170395898724520e-03
2.647564631551836101e+03 2.383070761714731374e-03
2.648937194108582844e+03 2.381971598328763793e-03
2.650310467966821307e+03 2.380872905558697929e-03
2.651684453495167418e+03 2.379774683222474554e-03
2.653059151062429919e+03 2.378676931138098624e-03
2.654434561037602634e+03 2.377579649123642749e-03
2.655810683789885843e+03 2.376482836997233748e-03
2.657187519688656721e+03 2.375386494577072603e-03
2.658565069103487986e+03 2.374290621681422742e-03
2.659943332404143803e+03 2.373195218128610479e-03
2.661322309960580696e+03 2.372100283737026312e-03
2.662702002142947094e+03 2.371005818325126659e-03
2.664082409321582418e+03 2.369911821711430822e-03
2.665463531867017991e+03 2.368818293714522287e-03
2.666845370149977953e+03 2.367725234153049158e-03
2.668227924541372431e+03 2.366632642845728062e-03
2.669611195412320285e+03 2.365540519611326799e-03
2.670995183134116814e+03 2.364448864268689932e-03
2.672379888078254226e+03 2.363357676636722738e-03
2.673765310616418901e+03 2.362266956534392944e-03
2.675151451120486854e+03 2.361176703780733764e-03
2.676538309962531002e+03 2.360086918194841728e-03
2.677925887514812985e+03 2.358997599595877986e-03
2.679314184149789980e+03 2.357908747803066571e-03
2.680703200240111528e+03 2.356820362635696133e-03
2.682092936158614066e+03 2.355732443913123846e-03
2.683483392278345036e+03 2.354644991454758057e-03
2.684874568972526959e+03 2.353558005080083441e-03
2.686266466614582896e+03 2.352471484608643221e-03
2.687659085578129179e+03 2.351385429860046103e-03
2.689052426236975407e+03 2.350299840653963680e-03
2.690446488965123535e+03 2.349214716810132594e-03
2.691841274136771972e+03 2.348130058148351507e-03
2.693236782126311937e+03 2.347045864488482830e-03
2.694633013308327463e+03 2.345962135650454892e-03
2.696029968057593123e+03 2.344878871454261510e-03
2.697427646749093128e+03 2.343796071719948110e-03
2.698826049757989495e+03 2.342713736267637743e-03
2.700225177459644783e+03 2.341631864917511144e-03
2.701625030229614822e+03 2.340550457489813663e-03
2.703025608443651436e+03 2.339469513804853969e-03
2.704426912477701080e+03 2.338389033683004048e-03
2.705828942707903934e+03 2.337309016944699638e-03
2.707231699510596172e+03 2.336229463410439793e-03
2.708635183262309056e+03 2.335150372900787318e-03
2.710039394339761657e+03 2.334071745236371807e-03
2.711444333119887688e+03 2.332993580237875328e-03
2.712849999979796848e+03 2.331915877726054107e-03
2.714256395296802111e+03 2.330838637521724654e-03
2.715663519448410170e+03 2.329761859445767230e-03
2.717071372812324626e+03 2.328685543319123676e-03
2.718479955766444164e+03 2.327609688962800454e-03
2.719889268688863467e+03 2.326534296197867776e-03
2.721299311957873215e+03 2.325459364845457438e-03
2.722710085951960082e+03 2.324384894726766286e-03
2.724121591049801282e+03 2.323310885663056220e-03
2.725533827630286396e+03 2.322237337475642916e-03
2.726946796072486450e+03 2.321164249985914908e-03
2.728360496755672102e+03 2.320091623015321011e-03
2.729774930059312283e+03 2.319019456385373358e-03
2.731190096363072371e+03 2.317947749917646533e-03
2.732605996046813743e+03 2.316876503433778437e-03
2.734022629490595136e+03 2.315805716755468986e-03
2.735439997074672192e+03 2.314735389704483150e-03
2.736858099179497458e+03 2.313665522102647913e-03
2.738276936185714931e+03 2.312596113771857049e-03
2.739696508474183702e+03 2.311527164534054202e-03
2.741116816425941579e+03 2.310458674211260648e-03
2.742537860422231461e+03 2.309390642625553606e-03
2.743959640844492242e+03 2.308323069599075347e-03
2.745382158074361541e+03 2.307255954954030158e-03
2.746805412493673884e+03 2.306189298512684345e-03
2.748229404484462066e+03 2.305123100097368830e-03
2.749654134428957605e+03 2.304057359530475250e-03
2.751079602709588471e+03 2.302992076634459862e-03
2.752505809708976813e+03 2.301927251231844843e-03
2.753932755809958508e+03 2.300862883145202240e-03
2.755360441395552698e+03 2.299798972197179565e-03
2.756788866848980433e+03 2.298735518210483306e-03
2.758218032553663761e+03 2.297672521007882839e-03
2.759647938893221180e+03 2.296609980412208686e-03
2.761078586251471279e+03 2.295547896246355121e-03
2.762509975012432278e+03 2.294486268333278435e-03
2.763942105560319305e+03 2.293425096495998235e-03
2.765374978279548486e+03 2.292364380557595279e-03
2.766808593554727850e+03 2.291304120341218411e-03
2.768242951770683248e+03 2.290244315670065048e-03
2.769678053312421980e+03 2.289184966367409802e-03
2.771113898565158252e+03 2.288126072256581930e-03
2.772550487914302721e+03 2.287067633160977040e-03
2.773987821745467954e+03 2.286009648904050156e-03
2.775425900444467061e+03 2.284952119309320052e-03
2.776864724397310965e+03 2.283895044200367087e-03
2.778304293990212500e+03 2.282838423400834500e-03
2.779744609609582767e+03 2.281782256734427982e-03
2.781185671642029774e+03 2.280726544024919145e-03
2.782627480474376625e+03 2.279671285096129037e-03
2.784070036493631505e+03 2.278616479771954171e-03
2.785513340087008601e+03 2.277562127876348735e-03
2.786957391641920822e+03 2.276508229233328937e-03
2.788402191545984806e+03 2.275454783666973433e-03
2.789847740187016370e+03 2.274401791001422028e-03
2.791294037953032785e+03 2.273349251060877846e-03
2.792741085232250953e+03 2.272297163669606025e-03
2.794188882413091505e+03 2.271245528651932855e-03
2.795637429884169251e+03 2.270194345832250542e-03
2.797086728034317730e+03 2.269143615035002903e-03
2.798536777252554202e+03 2.268093336084705744e-03
2.799987577928103747e+03 2.267043508805934287e-03
2.801439130450394259e+03 2.265994133023324468e-03
2.802891435209052815e+03 2.264945208561575541e-03
2.804344492593911127e+03 2.263896735245447042e-03
2.805798302995001904e+03 2.262848712899761389e-03
2.807252866802559311e+03 2.261801141349403018e-03
2.808708184407020326e+03 2.260754020419317081e-03
2.810164256199018382e+03 2.259707349934515514e-03
2.811621082569407463e+03 2.258661129720059696e-03
2.813078663909225270e+03 2.257615359601084296e-03
2.814537000609719144e+03 2.256570039402782096e-03
2.815996093062338787e+03 2.255525168950407895e-03
2.817455941658736720e+03 2.254480748069277209e-03
2.818916546790768280e+03 2.253436776584768434e-03
2.820377908850491622e+03 2.252393254322320685e-03
2.821840028230169537e+03 2.251350181107435091e-03
2.823302905322266270e+03 2.250307556765673497e-03
2.824766540519444789e+03 2.249265381122664970e-03
2.826230934214588615e+03 2.248223654004085845e-03
2.827696086800767262e+03 2.247182375235688354e-03
2.829161998671260335e+03 2.246141544643279805e-03
2.830628670219550258e+03 2.245101162052731258e-03
2.832096101839324092e+03 2.244061227289974054e-03
2.833564293924473077e+03 2.243021740181000683e-03
2.835033246869092636e+03 2.241982700551865219e-03
2.836502961067481010e+03 2.240944108228683316e-03
2.837973436914142894e+03 2.239905963037632213e-03
2.839444674803780345e+03 2.238868264804954201e-03
2.840916675131316879e+03 2.237831013356939708e-03
2.842389438291864735e+03 2.236794208519955057e-03
2.843862964680745790e+03 2.235757850120421216e-03
2.845337254693487466e+03 2.234721937984821168e-03
2.846812308725820913e+03 2.233686471939700345e-03
2.848288127173682824e+03 2.232651451811664030e-03
2.849764710433216806e+03 2.231616877427378218e-03
2.851242058900768825e+03 2.230582748613572225e-03
2.852720172972892669e+03 2.229549065197033476e-03
2.854199053046340396e+03 2.228515827004617054e-03
2.855678699518087797e+03 2.227483033863225746e-03
2.857159112785298476e+03 2.226450685599836062e-03
2.858640293245348403e+03 2.225418782041480026e-03
2.860122241295819094e+03 2.224387323015253413e-03
2.861604957334497612e+03 2.223356308348310110e-03
2.863088441759377474e+03 2.222325737867866455e-03
2.864572694968659107e+03 2.221295611401199934e-03
2.866057717360748484e+03 2.220265928775647882e-03
2.867543509334258033e+03 2.219236689818609651e-03
2.869030071288002091e+03 2.218207894357548341e-03
2.870517403621017365e+03 2.217179542219976061e-03
2.872005506732531103e+03 2.216151633233479079e-03
2.873494381021982463e+03 2.215124167225698739e-03
2.874984026889018878e+03 2.214097144024337969e-03
2.876474444733493783e+03 2.213070563457160411e-03
2.877965634955468431e+03 2.212044425351989991e-03
2.879457597955210076e+03 2.211018729536712215e-03
2.880950334133195611e+03 2.209993475839272005e-03
2.882443843890108383e+03 2.208968664087675865e-03
2.883938127626831829e+03 2.207944294109995351e-03
2.885433185744478124e+03 2.206920365734348424e-03
2.886929018644347252e+03 2.205896878788928504e-03
2.888425626727953386e+03 2.204873833101984090e-03
2.889923010397019425e+03 2.203851228501823526e-03
2.891421170053476089e+03 2.202829064816816743e-03
2.892920106099462373e+03 2.201807341875394383e-03
2.894419818937325999e+03 2.200786059506046506e-03
2.895920308969622511e+03 2.199765217537324319e-03
2.897421576599116179e+03 2.198744815797839744e-03
2.898923622228775002e+03 2.197724854116268021e-03
2.900426446261792535e+03 2.196705332321333831e-03
2.901930049101554687e+03 2.195686250241832976e-03
2.903434431151660647e+03 2.194667607706618940e-03
2.904939592815920150e+03 2.193649404544604619e-03
2.906445534498351662e+03 2.192631640584764060e-03
2.907952256603182832e+03 2.191614315656130723e-03
2.909459759534850946e+03 2.190597429587798784e-03
2.910968043698004294e+03 2.189580982208921400e-03
2.912477109497497622e+03 2.188564973348715043e-03
2.913986957338393040e+03 2.187549402836456471e-03
2.915497587625977758e+03 2.186534270501472744e-03
2.917009000765732708e+03 2.185519576173163350e-03
2.918521197163354827e+03 2.184505319680982854e-03
2.920034177224750238e+03 2.183491500854446103e-03
2.921547941356036517e+03 2.182478119523128222e-03
2.923062489963541339e+03 2.181465175516664624e-03
2.924577823453802466e+03 2.180452668664750130e-03
2.926093942233569123e+03 2.179440598797140281e-03
2.927610846709801081e+03 2.178428965743649595e-03
2.929128537289662745e+03 2.177417769334157645e-03
2.930647014380547716e+03 2.176407009398590841e-03
2.932166278390042407e+03 2.175396685766948449e-03
2.933686329725951055e+03 2.174386798269284816e-03
2.935207168796288897e+03 2.173377346735715001e-03
2.936728796009282632e+03 2.172368330996413046e-03
2.938251211773369960e+03 2.171359750881613707e-03
2.939774416497201855e+03 2.170351606221610288e-03
2.941298410589638934e+03 2.169343896846757241e-03
2.942823194459755086e+03 2.168336622587467566e-03
2.944348768516830660e+03 2.167329783274218880e-03
2.945875133170374284e+03 2.166323378737536071e-03
2.947402288830090583e+03 2.165317408808015154e-03
2.948930235905901100e+03 2.164311873316308952e-03
2.950458974807940649e+03 2.163306772093129705e-03
2.951988505946556870e+03 2.162302104969248198e-03
2.953518829732309314e+03 2.161297871775495934e-03
2.955049946575970353e+03 2.160294072342763827e-03
2.956581856888526090e+03 2.159290706502001340e-03
2.958114561081174088e+03 2.158287774084219086e-03
2.959648059565326548e+03 2.157285274920485354e-03
2.961182352752602128e+03 2.156283208841933922e-03
2.962717441054850951e+03 2.155281575679744103e-03
2.964253324884117774e+03 2.154280375265168503e-03
2.965790004652668813e+03 2.153279607429512636e-03
2.967327480772982199e+03 2.152279272004144033e-03
2.968865753657749792e+03 2.151279368820487904e-03
2.970404823719879460e+03 2.150279897710029309e-03
2.971944691372490070e+03 2.149280858504313586e-03
2.973485357028916042e+03 2.148282251034943323e-03
2.975026821102706435e+03 2.147284075133582253e-03
2.976569084007618585e+03 2.146286330631955695e-03
2.978112146157641291e+03 2.145289017361837972e-03
2.979656007966960260e+03 2.144292135155073664e-03
2.981200669849982205e+03 2.143295683843562428e-03
2.982746132221328025e+03 2.142299663259263770e-03
2.984292395495834626e+03 2.141304073234195741e-03
2.985839460088552187e+03 2.140308913600434942e-03
2.987387326414748259e+03 2.139314184190118252e-03
2.988935994889902759e+03 2.138319884835441533e-03
2.990485465929712973e+03 2.137326015368659193e-03
2.992035739950085372e+03 2.136332575622088524e-03
2.993586817367159256e+03 2.135339565428094090e-03
2.995138698597271741e+03 2.134346984619112011e-03
2.996691384056982770e+03 2.133354833027632184e-03
2.998244874163066925e+03 2.132363110486204787e-03
2.999799169332514339e+03 2.131371816827437680e-03
3.001354269982532969e+03 2.130380951883998134e-03
3.002910176530546323e+03 2.129390515488612835e-03
3.004466889394193004e+03 2.128400507474066585e-03
3.006024408991329437e+03 2.127410927673203164e-03
3.007582735740023054e+03 2.126421775918929235e-03
3.009141870058573204e+03 2.125433052044199168e-03
3.010701812365481601e+03 2.124444755882036288e-03
3.012262563079470056e+03 2.123456887265519864e-03
3.013824122619479112e+03 2.122469446027788146e-03
3.015386491404665321e+03 2.121482432002037063e-03
3.016949669854403055e+03 2.120495845021521525e-03
3.018513658388283602e+03 2.119509684919556290e-03
3.020078457426116529e+03 2.118523951529512929e-03
3.021644067387926953e+03 2.117538644684822859e-03
3.023210488693954630e+03 2.116553764218979949e-03
3.024777721764672606e+03 2.115569309965524038e-03
3.026345767020755375e+03 2.114585281758066086e-03
3.027914624883100259e+03 2.113601679430271701e-03
3.029484295772823771e+03 2.112618502815864600e-03
3.031054780111259333e+03 2.111635751748626617e-03
3.032626078319960470e+03 2.110653426062399432e-03
3.034198190820697619e+03 2.109671525591081537e-03
3.035771118035460404e+03 2.108690050168630838e-03
3.037344860386457640e+03 2.107708999629063357e-03
3.038919418296109598e+03 2.106728373806457562e-03
3.040494792187074836e+03 2.105748172534938761e-03
3.042070982482212457e+03 2.104768395648702085e-03
3.043647989604606209e+03 2.103789042981995573e-03
3.045225813977560392e+03 2.102810114369127979e-03
3.046804456024596675e+03 2.101831609644465738e-03
3.048383916169458189e+03 2.100853528642432962e-03
3.049964194836106344e+03 2.099875871197511446e-03
3.051545292448723103e+03 2.098898637144242397e-03
3.053127209431709616e+03 2.097921826317225135e-03
3.054709946209681220e+03 2.096945438551119697e-03
3.056293503207491085e+03 2.095969473680633823e-03
3.057877880850195197e+03 2.094993931540545511e-03
3.059463079563076008e+03 2.094018811965684800e-03
3.061049099771634246e+03 2.093044114790942444e-03
3.062635941901593469e+03 2.092069839851265142e-03
3.064223606378897784e+03 2.091095986981659008e-03
3.065812093629710034e+03 2.090122556017187400e-03
3.067401404080415432e+03 2.089149546792972226e-03
3.068991538157620653e+03 2.088176959144192636e-03
3.070582496288145649e+03 2.087204792906090234e-03
3.072174278899050933e+03 2.086233047913953025e-03
3.073766886417601199e+03 2.085261724003137536e-03
3.075360319271285334e+03 2.084290821009055807e-03
3.076954577887817322e+03 2.083320338767176254e-03
3.078549662695131246e+03 2.082350277113026275e-03
3.080145574121382197e+03 2.081380635882190081e-03
3.081742312594948544e+03 2.080411414910310862e-03
3.083339878544429666e+03 2.079442614033089054e-03
3.084938272398647769e+03 2.078474233086281906e-03
3.086537494586640150e+03 2.077506271905709984e-03
3.088137545537686037e+03 2.076538730327238957e-03
3.089738425681268836e+03 2.075571608186803450e-03
3.091340135447098874e+03 2.074604905320392729e-03
3.092942675265111120e+03 2.073638621564053309e-03
3.094546045565461554e+03 2.072672756753889817e-03
3.096150246778531709e+03 2.071707310726063258e-03
3.097755279334923216e+03 2.070742283316793185e-03
3.099361143665462350e+03 2.069777674362357264e-03
3.100967840201198214e+03 2.068813483699089538e-03
3.102575369373398644e+03 2.067849711163385201e-03
3.104183731613570671e+03 2.066886356591687152e-03
3.105792927353429150e+03 2.065923419820505941e-03
3.107402957024916759e+03 2.064960900686405899e-03
3.109013821060201280e+03 2.063998799026009034e-03
3.110625519891674230e+03 2.063037114675994599e-03
3.112238053951951315e+03 2.062075847473099528e-03
3.113851423673871068e+03 2.061114997254117568e-03
3.115465629490498031e+03 2.060154563855900577e-03
3.117080671835121393e+03 2.059194547115356794e-03
3.118696551141246800e+03 2.058234946869456471e-03
3.120313267842624555e+03 2.057275762955215401e-03
3.121930822373211413e+03 2.056316995209717894e-03
3.123549215167193779e+03 2.055358643470102040e-03
3.125168446658984067e+03 2.054400707573563172e-03
3.126788517283220699e+03 2.053443187357352571e-03
3.128409427474764470e+03 2.052486082658780929e-03
3.130031177668704913e+03 2.051529393315214451e-03
3.131653768300354386e+03 2.050573119164077023e-03
3.133277199805253531e+03 2.049617260042849338e-03
3.134901472619158994e+03 2.048661815789074112e-03
3.136526587178074351e+03 2.047706786240337858e-03
3.138152543918210995e+03 2.046752171234296914e-03
3.139779343276010422e+03 2.045797970608660525e-03
3.141406985688141958e+03 2.044844184201195618e-03
3.143035471591500482e+03 2.043890811849723762e-03
3.144664801423206882e+03 2.042937853392127242e-03
3.146294975620609875e+03 2.041985308666342119e-03
3.147925994621283735e+03 2.041033177510362569e-03
3.149557858863030560e+03 2.040081459762239577e-03
3.151190568783871186e+03 2.039130155260084846e-03
3.152824124822074737e+03 2.038179263842055181e-03
3.154458527416116340e+03 2.037228785346377209e-03
3.156093777004706681e+03 2.036278719611328298e-03
3.157729874026781999e+03 2.035329066475243930e-03
3.159366818921506365e+03 2.034379825776516399e-03
3.161004612128272129e+03 2.033430997353595244e-03
3.162643254086699926e+03 2.032482581044984214e-03
3.164282745236636856e+03 2.031534576689246908e-03
3.165923086018157846e+03 2.030586984125002433e-03
3.167564276871560196e+03 2.029639803190929747e-03
3.169206318237389496e+03 2.028693033725753776e-03
3.170849210556398248e+03 2.027746675568267536e-03
3.172492954269575421e+03 2.026800728557315648e-03
3.174137549818138268e+03 2.025855192531801716e-03
3.175782997643531871e+03 2.024910067330683988e-03
3.177429298187430959e+03 2.023965352792977089e-03
3.179076451891738543e+03 2.023021048757754192e-03
3.180724459198587738e+03 2.022077155064142678e-03
3.182373320550339486e+03 2.021133671551328045e-03
3.184023036389577555e+03 2.020190598058554769e-03
3.185673607159135827e+03 2.019247934425114598e-03
3.187325033302055999e+03 2.018305680490363897e-03
3.188977315261618969e+03 2.017363836093714110e-03
3.190630453481332552e+03 2.016422401074632192e-03
3.192284448404935574e+03 2.015481375272641911e-03
3.193939300476397420e+03 2.014540758527322544e-03
3.195595010139915757e+03 2.013600550678310615e-03
3.197251577839919264e+03 2.012660751565299028e-03
3.198909004021068540e+03 2.011721361028035327e-03
3.200567289128246102e+03 2.010782378906329076e-03
3.202226433606585033e+03 2.009843805040034074e-03
3.203886437901429872e+03 2.008905639269071338e-03
3.205547302458362537e+03 2.007967881433413929e-03
3.207209027723195049e+03 2.007030531373093455e-03
3.208871614141971804e+03 2.006093588928193998e-03
3.210535062160967300e+03 2.005157053938859055e-03
3.212199372226687501e+03 2.004220926245286333e-03
3.213864544785869839e+03 2.003285205687731219e-03
3.215530580285483211e+03 2.002349892106502875e-03
3.217197479172722069e+03 2.001414985341972482e-03
3.218865241895031431e+03 2.000480485234555020e-03
3.220533868900069592e+03 1.999546391624733126e-03
3.222203360635732224e+03 1.998612704353040607e-03
3.223873717550147830e+03 1.997679423260069389e-03
3.225544940091677290e+03 1.996746548186464736e-03
3.227217028708912949e+03 1.995814078972930027e-03
3.228889983850680437e+03 1.994882015460223718e-03
3.230563805966037762e+03 1.993950357489159778e-03
3.232238495504275761e+03 1.993019104900608986e-03
3.233914052914911736e+03 1.992088257535500669e-03
3.235590478647714917e+03 1.991157815234809690e-03
3.237267773152667814e+03 1.990227777839577265e-03
3.238945936879994406e+03 1.989298145190897087e-03
3.240624970280149228e+03 1.988368917129918357e-03
3.242304873803823739e+03 1.987440093497847091e-03
3.243985647901939501e+03 1.986511674135942214e-03
3.245667293025653635e+03 1.985583658885522497e-03
3.247349809626357001e+03 1.984656047587959188e-03
3.249033198155674199e+03 1.983728840084679913e-03
3.250717459065456751e+03 1.982802036217172579e-03
3.252402592807810379e+03 1.981875635826968896e-03
3.254088599835056812e+03 1.980949638755666927e-03
3.255775480599756065e+03 1.980024044844918077e-03
3.257463235554703715e+03 1.979098853936427527e-03
3.259151865152931805e+03 1.978174065871957273e-03
3.260841369847705664e+03 1.977249680493324384e-03
3.262531750092523907e+03 1.976325697642401878e-03
3.264223006341123437e+03 1.975402117161116980e-03
3.265915139047474440e+03 1.974478938891454163e-03
3.267608148665774934e+03 1.973556162675455580e-03
3.269302035650480775e+03 1.972633788355208917e-03
3.270996800456260189e+03 1.971711815772867783e-03
3.272692443538026055e+03 1.970790244770636961e-03
3.274388965350927720e+03 1.969869075190777176e-03
3.276086366350346452e+03 1.968948306875605535e-03
3.277784646991904083e+03 1.968027939667492052e-03
3.279483807731455727e+03 1.967107973408864421e-03
3.281183849025093423e+03 1.966188407942204112e-03
3.282884771329145678e+03 1.965269243110048542e-03
3.284586575100171558e+03 1.964350478754993672e-03
3.286289260794985239e+03 1.963432114719680568e-03
3.287992828870618723e+03 1.962514150846815780e-03
3.289697279784347302e+03 1.961596586979157033e-03
3.291402613993682280e+03 1.960679422959517564e-03
3.293108831956373706e+03 1.959762658630766988e-03
3.294815934130408095e+03 1.958846293835827396e-03
3.296523920974008888e+03 1.957930328417678556e-03
3.298232792945638266e+03 1.957014762219354016e-03
3.299942550503993061e+03 1.956099595083943266e-03
3.301653194108005209e+03 1.955184826854593043e-03
3.303364724216861759e+03 1.954270457374495621e-03
3.305077141289968040e+03 1.953356486486908326e-03
3.306790445786975397e+03 1.952442914035140958e-03
3.308504638167771645e+03 1.951529739862556661e-03
3.310219718892483343e+03 1.950616963812574958e-03
3.311935688421477607e+03 1.949704585728669363e-03
3.313652547215357117e+03 1.948792605454368687e-03
3.315370295734964657e+03 1.947881022833257252e-03
3.317088934441382207e+03 1.946969837708972719e-03
3.318808463795923217e+03 1.946059049925213036e-03
3.320528884260160794e+03 1.945148659325718864e-03
3.322250196295886781e+03 1.944238665754296786e-03
3.323972400365139492e+03 1.943329069054804993e-03
3.325695496930196896e+03 1.942419869071155885e-03
3.327419486453574791e+03 1.941511065647316941e-03
3.329144369398030449e+03 1.940602658627310715e-03
3.330870146226560792e+03 1.939694647855213540e-03
3.332596817402401939e+03 1.938787033175157258e-03
3.334324383389031027e+03 1.937879814431328141e-03
3.336052844650157112e+03 1.936972991467970787e-03
3.337782201649752096e+03 1.936066564129373165e-03
3.339512454852004794e+03 1.935160532259889814e-03
3.341243604721355041e+03 1.934254895703924710e-03
3.342975651722480961e+03 1.933349654305937778e-03
3.344708596320302149e+03 1.932444807910442715e-03
3.346442438979978760e+03 1.931540356362007865e-03
3.348177180166912422e+03 1.930636299505256431e-03
3.349912820346746685e+03 1.929732637184865826e-03
3.351649359985364299e+03 1.928829369245567893e-03
3.353386799548884483e+03 1.927926495532153017e-03
3.355125139503688388e+03 1.927024015889454303e-03
3.356864380316377719e+03 1.926121930162370995e-03
3.358604522453802929e+03 1.925220238195852855e-03
3.360345566383055939e+03 1.924318939834903644e-03
3.362087512571471507e+03 1.923418034924582196e-03
3.363830361486626316e+03 1.922517523310001341e-03
3.365574113596339885e+03 1.921617404836327469e-03
3.367318769368674111e+03 1.920717679348782694e-03
3.369064329271931911e+03 1.919818346692642261e-03
3.370810793774652666e+03 1.918919406713240610e-03
3.372558163345641333e+03 1.918020859255953597e-03
3.374306438453922965e+03 1.917122704166223648e-03
3.376055619568772727e+03 1.916224941289543715e-03
3.377805707159708618e+03 1.915327570471460523e-03
3.379556701696493747e+03 1.914430591557575228e-03
3.381308603649133602e+03 1.913534004393542759e-03
3.383061413487877417e+03 1.912637808825072040e-03
3.384815131683216805e+03 1.911742004697927289e-03
3.386569758705889399e+03 1.910846591857925198e-03
3.388325295026868389e+03 1.909951570150941443e-03
3.390081741117392085e+03 1.909056939422894197e-03
3.391839097448922530e+03 1.908162699519766903e-03
3.393597364493173700e+03 1.907268850287592663e-03
3.395356542722101494e+03 1.906375391572459870e-03
3.397116632607909651e+03 1.905482323220509611e-03
3.398877634623043377e+03 1.904589645077937616e-03
3.400639549240196175e+03 1.903697356990993609e-03
3.402402376932303923e+03 1.902805458805980655e-03
3.404166118172548522e+03 1.901913950369256250e-03
3.405930773434349248e+03 1.901022831527235347e-03
3.407696343191393680e+03 1.900132102126375405e-03
3.409462827917591767e+03 1.899241762013199148e-03
3.411230228087106752e+03 1.898351811034279610e-03
3.412998544174348353e+03 1.897462249036242733e-03
3.414767776653970941e+03 1.896573075865769318e-03
3.416537926000876723e+03 1.895684291369593077e-03
3.418308992690211198e+03 1.894795895394501715e-03
3.420080977197368611e+03 1.893907887787337147e-03
3.421853879997987860e+03 1.893020268394994630e-03
3.423627701567949316e+03 1.892133037064425800e-03
3.425402442383398466e+03 1.891246193642627180e-03
3.427178102920708625e+03 1.890359737976657958e-03
3.428954683656505495e+03 1.889473669913628064e-03
3.430732185067663067e+03 1.888587989300701420e-03
3.432510607631301809e+03 1.887702695985094209e-03
3.434289951824789114e+03 1.886817789814077689e-03
3.436070218125740666e+03 1.885933270634975812e-03
3.437851407012018626e+03 1.885049138295166304e-03
3.439633518961733444e+03 1.884165392642080453e-03
3.441416554453236586e+03 1.883282033523206141e-03
3.443200513965147820e+03 1.882399060786074836e-03
3.444985397976314289e+03 1.881516474278281540e-03
3.446771206965837337e+03 1.880634273847471777e-03
3.448557941413067965e+03 1.879752459341343333e-03
3.450345601797606378e+03 1.878871030607648200e-03
3.452134188599297431e+03 1.877989987494191933e-03
3.453923702298238823e+03 1.877109329848833429e-03
3.455714143374775176e+03 1.876229057519483842e-03
3.457505512309500318e+03 1.875349170354108754e-03
3.459297809583250455e+03 1.874469668200730342e-03
3.461091035677130549e+03 1.873590550907413502e-03
3.462885191072475664e+03 1.872711818322286880e-03
3.464680276250876886e+03 1.871833470293528777e-03
3.466476291694174506e+03 1.870955506669370622e-03
3.468273237884458013e+03 1.870077927298097620e-03
3.470071115304067916e+03 1.869200732028047452e-03
3.471869924435593475e+03 1.868323920707611356e-03
3.473669665761875422e+03 1.867447493185233265e-03
3.475470339766003690e+03 1.866571449309411320e-03
3.477271946931311504e+03 1.865695788928698959e-03
3.479074487741404937e+03 1.864820511891693202e-03
3.480877962680116980e+03 1.863945618047054172e-03
3.482682372231541649e+03 1.863071107243491212e-03
3.484487716880021253e+03 1.862196979329767878e-03
3.486293997110150030e+03 1.861323234154699550e-03
3.488101213406773695e+03 1.860449871567155166e-03
3.489909366254988981e+03 1.859576891416056576e-03
3.491718456140143189e+03 1.858704293550378318e-03
3.493528483547836913e+03 1.857832077819148277e-03
3.495339448963913583e+03 1.856960244071450498e-03
3.497151352874490840e+03 1.856088792156411526e-03
3.498964195765915974e+03 1.855217721923221440e-03
3.500777978124796391e+03 1.854347033221119545e-03
3.502592700437990516e+03 1.853476725899397834e-03
3.504408363192610977e+03 1.852606799807400778e-03
3.506224966876020517e+03 1.851737254794526841e-03
3.508042511975836078e+03 1.850868090710226527e-03
3.509860998979926990e+03 1.849999307404002601e-03
3.511680428376414966e+03 1.849130904725411820e-03
3.513500800653666829e+03 1.848262882524066234e-03
3.515322116300326343e+03 1.847395240649620397e-03
3.517144375805266918e+03 1.846527978951791960e-03
3.518967579657623446e+03 1.845661097280347799e-03
3.520791728346783657e+03 1.844794595485107699e-03
3.522616822362389030e+03 1.843928473415943920e-03
3.524442862194335248e+03 1.843062730922781197e-03
3.526269848332771744e+03 1.842197367855596740e-03
3.528097781268101699e+03 1.841332384064420886e-03
3.529926661490982951e+03 1.840467779399336014e-03
3.531756489492319361e+03 1.839603553710480880e-03
3.533587265763291725e+03 1.838739706848036091e-03
3.535418990795313675e+03 1.837876238662245571e-03
3.537251665080059865e+03 1.837013149003402035e-03
3.539085289109461428e+03 1.836150437721850021e-03
3.540919863375702789e+03 1.835288104667987625e-03
3.542755388371224399e+03 1.834426149692264555e-03
3.544591864588721364e+03 1.833564572645183860e-03
3.546429292521144362e+03 1.832703373377299544e-03
3.548267672661699180e+03 1.831842551739220042e-03
3.550107005503841265e+03 1.830982107581606913e-03
3.551947291541301638e+03 1.830122040755166385e-03
3.553788531268045972e+03 1.829262351110666051e-03
3.555630725178305511e+03 1.828403038498921645e-03
3.557473873766563429e+03 1.827544102770802892e-03
3.559317977527562562e+03 1.826685543777230476e-03
3.561163036956300857e+03 1.825827361369177773e-03
3.563009052548032741e+03 1.824969555397670850e-03
3.564856024798269118e+03 1.824112125713786949e-03
3.566703954202778732e+03 1.823255072168656656e-03
3.568552841257579075e+03 1.822398394613464982e-03
3.570402686458965945e+03 1.821542092899440090e-03
3.572253490303472063e+03 1.820686166877871510e-03
3.574105253287892992e+03 1.819830616400097993e-03
3.575957975909284414e+03 1.818975441317509899e-03
3.577811658664955758e+03 1.818120641481550930e-03
3.579666302052478386e+03 1.817266216743714880e-03
3.581521906569678322e+03 1.816412166955549100e-03
3.583378472714640338e+03 1.815558491968652767e-03
3.585236000985707960e+03 1.814705191634676668e-03
3.587094491881475733e+03 1.813852265805327097e-03
3.588953945900817871e+03 1.812999714332352418e-03
3.590814363542845058e+03 1.812147537067562795e-03
3.592675745306935369e+03 1.811295733862816962e-03
3.594538091692723356e+03 1.810444304570025696e-03
3.596401403200105051e+03 1.809593249041151816e-03
3.598265680329233874e+03 1.808742567128209314e-03
3.600130923580522449e+03 1.807892258683265092e-03
3.601997133454643972e+03 1.807042323558437011e-03
3.603864310452529025e+03 1.806192761605895838e-03
3.605732455075362850e+03 1.805343572677866118e-03
3.607601567824610811e+03 1.804494756626615114e-03
3.609471649201976106e+03 1.803646313304471454e-03
3.611342699709430235e+03 1.802798242563812773e-03
3.613214719849204812e+03 1.801950544257067228e-03
3.615087710123790657e+03 1.801103218236715887e-03
3.616961671035939617e+03 1.800256264355291208e-03
3.618836603088664560e+03 1.799409682465377041e-03
3.620712506785237565e+03 1.798563472419609276e-03
3.622589382629193096e+03 1.797717634070675197e-03
3.624467231124319369e+03 1.796872167271316729e-03
3.626346052774685177e+03 1.796027071874318299e-03
3.628225848084601694e+03 1.795182347732525050e-03
3.630106617558647486e+03 1.794337994698830914e-03
3.631988361701661688e+03 1.793494012626180995e-03
3.633871081018745372e+03 1.792650401367572657e-03
3.635754776015263815e+03 1.791807160776053573e-03
3.637639447196840592e+03 1.790964290704723889e-03
3.639525095069362578e+03 1.790121791006735142e-03
3.641411720138981309e+03 1.789279661535289612e-03
3.643299322912098887e+03 1.788437902143645303e-03
3.645187903895405725e+03 1.787596512685100990e-03
3.647077463595830068e+03 1.786755493013017461e-03
3.648968002520572099e+03 1.785914842980802558e-03
3.650859521177093939e+03 1.785074562441916601e-03
3.652752020073121002e+03 1.784234651249870865e-03
3.654645499716641098e+03 1.783395109258227368e-03
3.656539960615905784e+03 1.782555936320600817e-03
3.658435403279430830e+03 1.781717132290655580e-03
3.660331828215994392e+03 1.780878697022108062e-03
3.662229235934631106e+03 1.780040630368729965e-03
3.664127626944663007e+03 1.779202932184332890e-03
3.666027001755650417e+03 1.778365602322790886e-03
3.667927360877429237e+03 1.777528640638025058e-03
3.669828704820096391e+03 1.776692046984008119e-03
3.671731034094015286e+03 1.775855821214763954e-03
3.673634349209813081e+03 1.775019963184367409e-03
3.675538650678381600e+03 1.774184472746944069e-03
3.677443939010875511e+03 1.773349349756671994e-03
3.679350214718718689e+03 1.772514594067778684e-03
3.681257478313588308e+03 1.771680205534547151e-03
3.683165730307452122e+03 1.770846184011301387e-03
3.685074971212517994e+03 1.770012529352425886e-03
3.686985201541268907e+03 1.769179241412353713e-03
3.688896421806453418e+03 1.768346320045567372e-03
3.690808632521083837e+03 1.767513765106602493e-03
3.692721834198441229e+03 1.766681576450044146e-03
3.694636027352069959e+03 1.765849753930528359e-03
3.696551212495781328e+03 1.765018297402743417e-03
3.698467390143654029e+03 1.764187206721427046e-03
3.700384560810024595e+03 1.763356481741372049e-03
3.702302725009518326e+03 1.762526122317411995e-03
3.704221883257006539e+03 1.761696128304440735e-03
3.706142036067632489e+03 1.760866499557400908e-03
3.708063183956806824e+03 1.760037235931284812e-03
3.709985327440209403e+03 1.759208337281135915e-03
3.711908467033784746e+03 1.758379803462048864e-03
3.713832603253747038e+03 1.757551634329167960e-03
3.715757736616576040e+03 1.756723829737689979e-03
3.717683867639019354e+03 1.755896389542861572e-03
3.719610996838086521e+03 1.755069313599982514e-03
3.721539124731075844e+03 1.754242601764395082e-03
3.723468251835532556e+03 1.753416253891500751e-03
3.725398378669275644e+03 1.752590269836749566e-03
3.727329505750395128e+03 1.751764649455641015e-03
3.729261633597246600e+03 1.750939392603725973e-03
3.731194762728456226e+03 1.750114499136606275e-03
3.733128893662918927e+03 1.749289968909933197e-03
3.735064026919797470e+03 1.748465801779409837e-03
3.737000163018524290e+03 1.747641997600789168e-03
3.738937302478793754e+03 1.746818556229877721e-03
3.740875445820592176e+03 1.745995477522523445e-03
3.742814593564150528e+03 1.745172761334635005e-03
3.744754746229980810e+03 1.744350407522166600e-03
3.746695904338862420e+03 1.743528415941124256e-03
3.748638068411843506e+03 1.742706786447564739e-03
3.750581238970244613e+03 1.741885518897594255e-03
3.752525416535656404e+03 1.741064613147369098e-03
3.754470601629937391e+03 1.740244069053098041e-03
3.756416794775218023e+03 1.739423886471038426e-03
3.758363996493893865e+03 1.738604065257501156e-03
3.760312207308649704e+03 1.737784605268839202e-03
3.762261427742421802e+03 1.736965506361464297e-03
3.764211658318423360e+03 1.736146768391835880e-03
3.766162899560139522e+03 1.735328391216463262e-03
3.768115151991326911e+03 1.734510374691906063e-03
3.770068416136011365e+03 1.733692718674775509e-03
3.772022692518493386e+03 1.732875423021731183e-03
3.773977981663343144e+03 1.732058487589483841e-03
3.775934284095404564e+03 1.731241912234794114e-03
3.777891600339783054e+03 1.730425696814476624e-03
3.779849930921880969e+03 1.729609841185386111e-03
3.781809276367350776e+03 1.728794345204436944e-03
3.783769637202122794e+03 1.727979208728590548e-03
3.785731013952401099e+03 1.727164431614859521e-03
3.787693407144663070e+03 1.726350013720304600e-03
3.789656817305658024e+03 1.725535954902038347e-03
3.791621244962408127e+03 1.724722255017222330e-03
3.793586690642209760e+03 1.723908913923068425e-03
3.795553154872630785e+03 1.723095931476839680e-03
3.797520638181506456e+03 1.722283307535850318e-03
3.799489141096968069e+03 1.721471041957456849e-03
3.801458664147397485e+03 1.720659134599073891e-03
3.803429207861457144e+03 1.719847585318163988e-03
3.805400772768086426e+03 1.719036393972238688e-03
3.807373359396494834e+03 1.718225560418860931e-03
3.809346968276167900e+03 1.717415084515642012e-03
3.811321599936867187e+03 1.716604966120243748e-03
3.813297254908625746e+03 1.715795205090377834e-03
3.815273933721754474e+03 1.714985801283805834e-03
3.817251636906828935e+03 1.714176754558342656e-03
3.819230364994723459e+03 1.713368064771842890e-03
3.821210118516564307e+03 1.712559731782221191e-03
3.823190898003761959e+03 1.711751755447438184e-03
3.825172703988001103e+03 1.710944135625504150e-03
3.827155537001241100e+03 1.710136872174480545e-03
3.829139397575718704e+03 1.709329964952476530e-03
3.831124286243945335e+03 1.708523413817653091e-03
3.833110203538708902e+03 1.707717218628219133e-03
3.835097149993074254e+03 1.706911379242433873e-03
3.837085126140372722e+03 1.706105895518609866e-03
3.839074132514236226e+03 1.705300767315100002e-03
3.841064169648551797e+03 1.704495994490314850e-03
3.843055238077487502e+03 1.703691576902712683e-03
3.845047338335490622e+03 1.702887514410801433e-03
3.847040470957284015e+03 1.702083806873138034e-03
3.849034636477869753e+03 1.701280454148329296e-03
3.851029835432524578e+03 1.700477456095031469e-03
3.853026068356803989e+03 1.699674812571950891e-03
3.855023335786541793e+03 1.698872523437842041e-03
3.857021638257839641e+03 1.698070588551513823e-03
3.859020976307101137e+03 1.697269007771814390e-03
3.861021350470986818e+03 1.696467780957650225e-03
3.863022761286440073e+03 1.695666907967974648e-03
3.865025209290682596e+03 1.694866388661791286e-03
3.867028695021217118e+03 1.694066222898151473e-03
3.869033219015822851e+03 1.693266410536157281e-03
3.871038781812556863e+03 1.692466951434959789e-03
3.873045383949758616e+03 1.691667845453759082e-03
3.875053025966042696e+03 1.690869092451805118e-03
3.877061708400296993e+03 1.690070692288399897e-03
3.879071431791712257e+03 1.689272644822885968e-03
3.881082196679733897e+03 1.688474949914663776e-03
3.883094003604096088e+03 1.687677607423180605e-03
3.885106853104811307e+03 1.686880617207932743e-03
3.887120745722173069e+03 1.686083979128465919e-03
3.889135681996755920e+03 1.685287693044373999e-03
3.891151662469410894e+03 1.684491758815302026e-03
3.893168687681273241e+03 1.683696176300942962e-03
3.895186758173755152e+03 1.682900945361038778e-03
3.897205874488545305e+03 1.682106065855384349e-03
3.899226037167632967e+03 1.681311537643814672e-03
3.901247246753267973e+03 1.680517360586221984e-03
3.903269503787986196e+03 1.679723534542545580e-03
3.905292808814607270e+03 1.678930059372773544e-03
3.907317162376229135e+03 1.678136934936943180e-03
3.909342565016234403e+03 1.677344161095140366e-03
3.911369017278284900e+03 1.676551737707500638e-03
3.913396519706324398e+03 1.675759664634208536e-03
3.915425072844580882e+03 1.674967941735496738e-03
3.917454677237553824e+03 1.674176568871651267e-03
3.919485333430049650e+03 1.673385545902996959e-03
3.921517041967132627e+03 1.672594872689917847e-03
3.923549803394159881e+03 1.671804549092842200e-03
3.925583618256767295e+03 1.671014574972248812e-03
3.927618487100877246e+03 1.670224950188664180e-03
3.929654410472691779e+03 1.669435674602665108e-03
3.931691388918698522e+03 1.668646748074876108e-03
3.933729422985667043e+03 1.667858170465971344e-03
3.935768513220650675e+03 1.667069941636672688e-03
3.937808660170978328e+03 1.666282061447755137e-03
3.939849864384285411e+03 1.665494529760032502e-03
3.941892126408469721e+03 1.664707346434377141e-03
3.943935446791717823e+03 1.663920511331706733e-03
3.945979826082503223e+03 1.663134024312988178e-03
3.948025264829580919e+03 1.662347885239236515e-03
3.950071763581992400e+03 1.661562093971516007e-03
3.952119322889063369e+03 1.660776650370939704e-03
3.954167943300402840e+03 1.659991554298668581e-03
3.956217625365906770e+03 1.659206805615912831e-03
3.958268369635746694e+03 1.658422404183934910e-03
3.960320176660402922e+03 1.657638349864035653e-03
3.962373046990618150e+03 1.656854642517574657e-03
3.964426981177427479e+03 1.656071282005956843e-03
3.966481979772152954e+03 1.655288268190634833e-03
3.968538043326400384e+03 1.654505600933111340e-03
3.970595172392063887e+03 1.653723280094936349e-03
3.972653367521320433e+03 1.652941305537709285e-03
3.974712629266636213e+03 1.652159677123077710e-03
3.976772958180762544e+03 1.651378394712737108e-03
3.978834354816727227e+03 1.650597458168436091e-03
3.980896819727873208e+03 1.649816867351961000e-03
3.982960353467801269e+03 1.649036622125156721e-03
3.985024956590410056e+03 1.648256722349913245e-03
3.987090629649884704e+03 1.647477167888168918e-03
3.989157373200698203e+03 1.646697958601910225e-03
3.991225187797608214e+03 1.645919094353173523e-03
3.993294073995662075e+03 1.645140575004041573e-03
3.995364032350196339e+03 1.644362400416646362e-03
3.997435063416830417e+03 1.643584570453169094e-03
3.999507167751469296e+03 1.642807084975840418e-03
4.001580345910324922e+03 1.642029943846932179e-03
4.003654598449878904e+03 1.641253146928771736e-03
4.005729925926903888e+03 1.640476694083733934e-03
4.007806328898464471e+03 1.639700585174240022e-03
4.009883807921913103e+03 1.638924820062759823e-03
4.011962363554889635e+03 1.638149398611812380e-03
4.014041996355326319e+03 1.637374320683963576e-03
4.016122706881440536e+03 1.636599586141828950e-03
4.018204495691741158e+03 1.635825194848070877e-03
4.020287363345018093e+03 1.635051146665403993e-03
4.022371310400375478e+03 1.634277441456581095e-03
4.024456337417183477e+03 1.633504079084412662e-03
4.026542444955106475e+03 1.632731059411754709e-03
4.028629633574103991e+03 1.631958382301510737e-03
4.030717903834423396e+03 1.631186047616631956e-03
4.032807256296600826e+03 1.630414055220119228e-03
4.034897691521465276e+03 1.629642404975019604e-03
4.036989210070135869e+03 1.628871096744429359e-03
4.039081812504022309e+03 1.628100130391492038e-03
4.041175499384816248e+03 1.627329505779403444e-03
4.043270271274525840e+03 1.626559222771396676e-03
4.045366128735426628e+03 1.625789281230762950e-03
4.047463072330092928e+03 1.625019681020838146e-03
4.049561102621389637e+03 1.624250422005005853e-03
4.051660220172474965e+03 1.623481504046698012e-03
4.053760425546797251e+03 1.622712927009394707e-03
4.055861719308099055e+03 1.621944690756622637e-03
4.057964102020413520e+03 1.621176795151957730e-03
4.060067574248066194e+03 1.620409240059023179e-03
4.062172136555667748e+03 1.619642025341492923e-03
4.064277789508145361e+03 1.618875150863080146e-03
4.066384533670693145e+03 1.618108616487554628e-03
4.068492369608809440e+03 1.617342422078730602e-03
4.070601297888281806e+03 1.616576567500470872e-03
4.072711319075195206e+03 1.615811052616685298e-03
4.074822433735924733e+03 1.615045877291331443e-03
4.076934642437140155e+03 1.614281041388415010e-03
4.079047945745805009e+03 1.613516544771989624e-03
4.081162344229176142e+03 1.612752387306155529e-03
4.083277838454795983e+03 1.611988568855065446e-03
4.085394428990526649e+03 1.611225089282908958e-03
4.087512116404499466e+03 1.610461948453933327e-03
4.089630901265148168e+03 1.609699146232430053e-03
4.091750784141202985e+03 1.608936682482737905e-03
4.093871765601683819e+03 1.608174557069244875e-03
4.095993846215911617e+03 1.607412769856384057e-03
4.098117026553498363e+03 1.606651320708638205e-03
4.100241307184352081e+03 1.605890209490536905e-03
4.102366688678677747e+03 1.605129436066656586e-03
4.104493171606965007e+03 1.604369000301625499e-03
4.106620756540026377e+03 1.603608902060109191e-03
4.108749444048942678e+03 1.602849141206830674e-03
4.110879234705102135e+03 1.602089717606556760e-03
4.113010129080186744e+03 1.601330631124102183e-03
4.115142127746174992e+03 1.600571881624328731e-03
4.117275231275342776e+03 1.599813468972145465e-03
4.119409440240262484e+03 1.599055393032509584e-03
4.121544755213802091e+03 1.598297653670425339e-03
4.123681176769127887e+03 1.597540250750943821e-03
4.125818705479692653e+03 1.596783184139167512e-03
4.127957341919274768e+03 1.596026453700235973e-03
4.130097086661921821e+03 1.595270059299346444e-03
4.132237940281987903e+03 1.594514000801739101e-03
4.134379903354127237e+03 1.593758278072702692e-03
4.136522976453287811e+03 1.593002890977572583e-03
4.138667160154718658e+03 1.592247839381731199e-03
4.140812455033965307e+03 1.591493123150608882e-03
4.142958861666873418e+03 1.590738742149682599e-03
4.145106380629584237e+03 1.589984696244476801e-03
4.147255012498531869e+03 1.589230985300566033e-03
4.149404757850472379e+03 1.588477609183563217e-03
4.151555617262436499e+03 1.587724567759137223e-03
4.153707591311763281e+03 1.586971860893001372e-03
4.155860680576089180e+03 1.586219488450915822e-03
4.158014885633350787e+03 1.585467450298687570e-03
4.160170207061783003e+03 1.584715746302171749e-03
4.162326645439923595e+03 1.583964376327269248e-03
4.164484201346606824e+03 1.583213340239929311e-03
4.166642875360968901e+03 1.582462637906147367e-03
4.168802668062436169e+03 1.581712269191968938e-03
4.170963580030763296e+03 1.580962233963478141e-03
4.173125611845975072e+03 1.580212532086814605e-03
4.175288764088411881e+03 1.579463163428162197e-03
4.177453037338708782e+03 1.578714127853751399e-03
4.179618432177804607e+03 1.577965425229860188e-03
4.181784949186941049e+03 1.577217055422812939e-03
4.183952588947657205e+03 1.576469018298981518e-03
4.186121352041795944e+03 1.575721313724784195e-03
4.188291239051501179e+03 1.574973941566686075e-03
4.190462250559208769e+03 1.574226901691203008e-03
4.192634387147683810e+03 1.573480193964888136e-03
4.194807649399967886e+03 1.572733818254349897e-03
4.196982037899410898e+03 1.571987774426241401e-03
4.199157553229668338e+03 1.571242062347262373e-03
4.201334195974694012e+03 1.570496681884159381e-03
4.203511966718749136e+03 1.569751632903725177e-03
4.205690866046394149e+03 1.569006915272800435e-03
4.207870894542493261e+03 1.568262528858271150e-03
4.210052052792215363e+03 1.567518473527071453e-03
4.212234341381022205e+03 1.566774749146184051e-03
4.214417760894704770e+03 1.566031355582630461e-03
4.216602311919332351e+03 1.565288292703486848e-03
4.218787995041287104e+03 1.564545560375873610e-03
4.220974810847254957e+03 1.563803158466957983e-03
4.223162759924223792e+03 1.563061086843953607e-03
4.225351842859488897e+03 1.562319345374120092e-03
4.227542060240647515e+03 1.561577933924764971e-03
4.229733412655603388e+03 1.560836852363241311e-03
4.231925900692561299e+03 1.560096100556949235e-03
4.234119524940027077e+03 1.559355678373338305e-03
4.236314285986833966e+03 1.558615585679896031e-03
4.238510184422095335e+03 1.557875822344164784e-03
4.240707220835239241e+03 1.557136388233730951e-03
4.242905395815999327e+03 1.556397283216227109e-03
4.245104709954412101e+03 1.555658507159332670e-03
4.247305163840824207e+03 1.554920059930773018e-03
4.249506758065883332e+03 1.554181941398320808e-03
4.251709493220548211e+03 1.553444151429794230e-03
4.253913369896080440e+03 1.552706689893058531e-03
4.256118388684040838e+03 1.551969556656027961e-03
4.258324550176321281e+03 1.551232751586654286e-03
4.260531854965096500e+03 1.550496274552945215e-03
4.262740303642854997e+03 1.549760125422950741e-03
4.264949896802393596e+03 1.549024304064768346e-03
4.267160635036815620e+03 1.548288810346540615e-03
4.269372518939531801e+03 1.547553644136457837e-03
4.271585549104260281e+03 1.546818805302755621e-03
4.273799726125027519e+03 1.546084293713715979e-03
4.276015050596166475e+03 1.545350109237667328e-03
4.278231523112311152e+03 1.544616251742987958e-03
4.280449144268429336e+03 1.543882721098092372e-03
4.282667914659769849e+03 1.543149517171450800e-03
4.284887834881899835e+03 1.542416639831576406e-03
4.287108905530694756e+03 1.541684088947028975e-03
4.289331127202339303e+03 1.540951864386414481e-03
4.291554500493324667e+03 1.540219966018384866e-03
4.293779026000456724e+03 1.539488393711637608e-03
4.296004704320844212e+03 1.538757147334917676e-03
4.298231536051908733e+03 1.538026226757014921e-03
4.300459521791372936e+03 1.537295631846768854e-03
4.302688662137295069e+03 1.536565362473056064e-03
4.304918957688015325e+03 1.535835418504808000e-03
4.307150409042194951e+03 1.535105799810999915e-03
4.309383016798805329e+03 1.534376506260651729e-03
4.311616781557126160e+03 1.533647537722830634e-03
4.313851703916750012e+03 1.532918894066649142e-03
4.316087784477578680e+03 1.532190575161265951e-03
4.318325023839825008e+03 1.531462580875885948e-03
4.320563422604015614e+03 1.530734911079759770e-03
4.322802981370974521e+03 1.530007565642186630e-03
4.325043700741867724e+03 1.529280544432503469e-03
4.327285581318144068e+03 1.528553847320101872e-03
4.329528623701574361e+03 1.527827474174416359e-03
4.331772828494240457e+03 1.527101424864926336e-03
4.334018196298535258e+03 1.526375699261159130e-03
4.336264727717166352e+03 1.525650297232685653e-03
4.338512423353150552e+03 1.524925218649124305e-03
4.340761283809821180e+03 1.524200463380138808e-03
4.343011309690820781e+03 1.523476031295438200e-03
4.345262501600096584e+03 1.522751922264780960e-03
4.347514860141935060e+03 1.522028136157962432e-03
4.349768385920912806e+03 1.521304672844832166e-03
4.352023079541922925e+03 1.520581532195283084e-03
4.354278941610175934e+03 1.519858714079252776e-03
4.356535972731194306e+03 1.519136218366725884e-03
4.358794173510816108e+03 1.518414044927731939e-03
4.361053544555191365e+03 1.517692193632346441e-03
4.363314086470784787e+03 1.516970664350690426e-03
4.365575799864375767e+03 1.516249456952930685e-03
4.367838685343049292e+03 1.515528571309282145e-03
4.370102743514232316e+03 1.514808007289997682e-03
4.372367974985637375e+03 1.514087764765383514e-03
4.374634380365302604e+03 1.513367843605789229e-03
4.376901960261581735e+03 1.512648243681609297e-03
4.379170715283144091e+03 1.511928964863283728e-03
4.381440646038971863e+03 1.511210007021299151e-03
4.383711753138364656e+03 1.510491370026187082e-03
4.385984037190938579e+03 1.509773053748523922e-03
4.388257498806623516e+03 1.509055058058932693e-03
4.390532138595658580e+03 1.508337382828084123e-03
4.392807957168624853e+03 1.507620027926686234e-03
4.395084955136392637e+03 1.506902993225500394e-03
4.397363133110159652e+03 1.506186278595331336e-03
4.399642491701437393e+03 1.505469883907028681e-03
4.401923031522057499e+03 1.504753809031487803e-03
4.404204753184165384e+03 1.504038053839649612e-03
4.406487657300226601e+03 1.503322618202499687e-03
4.408771744483022303e+03 1.502607501991069577e-03
4.411057015345652871e+03 1.501892705076436369e-03
4.413343470501525189e+03 1.501178227329724637e-03
4.415631110564391747e+03 1.500464068622096251e-03
4.417919936148296983e+03 1.499750228824767292e-03
4.420209947867613664e+03 1.499036707808995041e-03
4.422501146337029240e+03 1.498323505446083181e-03
4.424793532171553124e+03 1.497610621607380500e-03
4.427087105986510323e+03 1.496898056164280670e-03
4.429381868397548715e+03 1.496185808988222902e-03
4.431677820020632680e+03 1.495473879950691290e-03
4.433974961472044924e+03 1.494762268923215901e-03
4.436273293368381019e+03 1.494050975777373421e-03
4.438572816326581233e+03 1.493340000384778916e-03
4.440873530963878693e+03 1.492629342617099930e-03
4.443175437897837583e+03 1.491919002346046722e-03
4.445478537746338588e+03 1.491208979443374438e-03
4.447782831127585268e+03 1.490499273780883762e-03
4.450088318660100413e+03 1.489789885230420694e-03
4.452395000962728773e+03 1.489080813663875040e-03
4.454702878654632514e+03 1.488372058953183006e-03
4.457011952355299400e+03 1.487663620970325253e-03
4.459322222684523695e+03 1.486955499587330146e-03
4.461633690262453456e+03 1.486247694676263564e-03
4.463946355709526870e+03 1.485540206109243859e-03
4.466260219646515907e+03 1.484833033758431887e-03
4.468575282694510861e+03 1.484126177496033388e-03
4.470891545474924897e+03 1.483419637194299855e-03
4.473209008609496777e+03 1.482713412725526151e-03
4.475527672720283590e+03 1.482007503962053325e-03
4.477847538429664382e+03 1.481301910776267310e-03
4.480168606360343801e+03 1.480596633040598279e-03
4.482490877135338451e+03 1.479891670627524539e-03
4.484814351378013271e+03 1.479187023409561262e-03
4.487139029712033334e+03 1.478482691259276095e-03
4.489464912761392043e+03 1.477778674049278970e-03
4.491792001150408396e+03 1.477074971652224920e-03
4.494120295503722446e+03 1.476371583940813866e-03
4.496449796446301661e+03 1.475668510787789961e-03
4.498780504603433656e+03 1.474965752065942898e-03
4.501112420600733458e+03 1.474263307648106605e-03
4.503445545064138969e+03 1.473561177407159460e-03
4.505779878619900956e+03 1.472859361216028416e-03
4.508115421894624887e+03 1.472157858947675986e-03
4.510452175515213639e+03 1.471456670475118460e-03
4.512790140108903870e+03 1.470755795671412893e-03
4.515129316303255109e+03 1.470055234409661880e-03
4.517469704726154305e+03 1.469354986563013114e-03
4.519811306005813094e+03 1.468655052004657659e-03
4.522154120770770533e+03 1.467955430607832115e-03
4.524498149649886727e+03 1.467256122245817968e-03
4.526843393272353751e+03 1.466557126791940288e-03
4.529189852267674723e+03 1.465858444119572503e-03
4.531537527265711105e+03 1.465160074102123599e-03
4.533886418896620853e+03 1.464462016613056342e-03
4.536236527790897526e+03 1.463764271525873828e-03
4.538587854579363011e+03 1.463066838714125557e-03
4.540940399893164795e+03 1.462369718051403748e-03
4.543294164363778691e+03 1.461672909411346373e-03
4.545649148623005203e+03 1.460976412667635421e-03
4.548005353302974981e+03 1.460280227693997552e-03
4.550362779036145184e+03 1.459584354364203661e-03
4.552721426455291294e+03 1.458888792552071913e-03
4.555081296193545313e+03 1.458193542131456903e-03
4.557442388884338470e+03 1.457498602976265486e-03
4.559804705161440324e+03 1.456803974960446365e-03
4.562168245658947853e+03 1.456109657957992912e-03
4.564533011011288181e+03 1.455415651842942521e-03
4.566899001853215850e+03 1.454721956489377034e-03
4.569266218819815549e+03 1.454028571771422747e-03
4.571634662546500294e+03 1.453335497563250410e-03
4.574004333669011430e+03 1.452642733739074789e-03
4.576375232823413171e+03 1.451950280173157489e-03
4.578747360646125344e+03 1.451258136739797195e-03
4.581120717773868819e+03 1.450566303313343764e-03
4.583495304843705526e+03 1.449874779768189773e-03
4.585871122493027542e+03 1.449183565978771600e-03
4.588248171359556181e+03 1.448492661819569208e-03
4.590626452081343814e+03 1.447802067165107447e-03
4.593005965296772047e+03 1.447111781889955833e-03
4.595386711644556271e+03 1.446421805868727036e-03
4.597768691763741117e+03 1.445732138976078612e-03
4.600151906293693173e+03 1.445042781086714736e-03
4.602536355874137371e+03 1.444353732075375363e-03
4.604922041145104231e+03 1.443664991816853357e-03
4.607308962746962607e+03 1.442976560185982781e-03
4.609697121320416954e+03 1.442288437057641067e-03
4.612086517506500059e+03 1.441600622306750748e-03
4.614477151946579397e+03 1.440913115808277727e-03
4.616869025282353505e+03 1.440225917437232576e-03
4.619262138155852881e+03 1.439539027068669451e-03
4.621656491209443629e+03 1.438852444577686743e-03
4.624052085085812905e+03 1.438166169839429033e-03
4.626448920428008023e+03 1.437480202729077977e-03
4.628846997879384617e+03 1.436794543121866193e-03
4.631246318083639380e+03 1.436109190893068146e-03
4.633646881684801883e+03 1.435424145918002105e-03
4.636048689327236389e+03 1.434739408072030356e-03
4.638451741655641854e+03 1.434054977230558988e-03
4.640856039315050111e+03 1.433370853269038108e-03
4.643261582950827687e+03 1.432687036062961624e-03
4.645668373208673984e+03 1.432003525487867681e-03
4.648076410734616729e+03 1.431320321419340610e-03
4.650485696175044723e+03 1.430637423733000305e-03
4.652896230176652352e+03 1.429954832304519566e-03
4.655308013386482344e+03 1.429272547009611096e-03
4.657721046451909388e+03 1.428590567724032480e-03
4.660135330020644687e+03 1.427908894323584024e-03
4.662550864740735051e+03 1.427227526684111351e-03
4.664967651260562889e+03 1.426546464681502369e-03
4.667385690228847125e+03 1.425865708191689438e-03
4.669804982294643196e+03 1.425185257090648503e-03
4.672225528107332138e+03 1.424505111254402131e-03
4.674647328316661515e+03 1.423825270559008231e-03
4.677070383572685387e+03 1.423145734880576973e-03
4.679494694525806153e+03 1.422466504095258859e-03
4.681920261826760907e+03 1.421787578079248627e-03
4.684347086126626891e+03 1.421108956708784163e-03
4.686775168076816954e+03 1.420430639860147809e-03
4.689204508329079545e+03 1.419752627409664840e-03
4.691635107535505085e+03 1.419074919233704333e-03
4.694066966348520509e+03 1.418397515208678732e-03
4.696500085420879259e+03 1.417720415211047320e-03
4.698934465405704032e+03 1.417043619117304724e-03
4.701370106956425843e+03 1.416367126803996747e-03
4.703807010726824956e+03 1.415690938147710388e-03
4.706245177371019963e+03 1.415015053025076453e-03
4.708684607543468701e+03 1.414339471312768678e-03
4.711125301898966427e+03 1.413664192887504820e-03
4.713567261092651279e+03 1.412989217626046002e-03
4.716010485779997907e+03 1.412314545405196501e-03
4.718454976616822023e+03 1.411640176101804176e-03
4.720900734259268575e+03 1.410966109592763293e-03
4.723347759363851765e+03 1.410292345755003894e-03
4.725796052587398663e+03 1.409618884465506329e-03
4.728245614587084674e+03 1.408945725601292148e-03
4.730696446020424446e+03 1.408272869039427135e-03
4.733148547545278234e+03 1.407600314657019144e-03
4.735601919819841896e+03 1.406928062331220045e-03
4.738056563502654171e+03 1.406256111939225509e-03
4.740512479252596677e+03 1.405584463358273712e-03
4.742969667728891181e+03 1.404913116465646627e-03
4.745428129591091420e+03 1.404242071138671983e-03
4.747887865499121290e+03 1.403571327254712854e-03
4.750348876113219376e+03 1.402900884691183920e-03
4.752811162093974417e+03 1.402230743325539979e-03
4.755274724102318942e+03 1.401560903035279195e-03
4.757739562799526539e+03 1.400891363697943318e-03
4.760205678847214585e+03 1.400222125191116817e-03
4.762673072907342430e+03 1.399553187392427742e-03
4.765141745642214119e+03 1.398884550179547298e-03
4.767611697714474758e+03 1.398216213430189623e-03
4.770082929787104149e+03 1.397548177022115042e-03
4.772555442523454076e+03 1.396880440833119007e-03
4.775029236587193736e+03 1.396213004741047497e-03
4.777504312642342484e+03 1.395545868623787903e-03
4.779980671353266189e+03 1.394879032359269905e-03
4.782458313384672692e+03 1.394212495825466764e-03
4.784937239401616353e+03 1.393546258900394894e-03
4.787417450069496226e+03 1.392880321462113208e-03
4.789898946054054250e+03 1.392214683388724207e-03
4.792381728021379786e+03 1.391549344558373107e-03
4.794865796637895073e+03 1.390884304849251529e-03
4.797351152570399790e+03 1.390219564139584703e-03
4.799837796486006482e+03 1.389555122307650553e-03
4.802325729052186944e+03 1.388890979231766250e-03
4.804814950936756759e+03 1.388227134790291683e-03
4.807305462807877120e+03 1.387563588861630759e-03
4.809797265334057556e+03 1.386900341324229669e-03
4.812290359184151384e+03 1.386237392056577540e-03
4.814784745027360259e+03 1.385574740937206648e-03
4.817280423533232351e+03 1.384912387844691988e-03
4.819777395371653256e+03 1.384250332657654091e-03
4.822275661212884188e+03 1.383588575254748616e-03
4.824775221727505595e+03 1.382927115514681745e-03
4.827276077586454448e+03 1.382265953316200212e-03
4.829778229461015144e+03 1.381605088538093032e-03
4.832281678022819506e+03 1.380944521059193023e-03
4.834786423943850423e+03 1.380284250758374636e-03
4.837292467896434573e+03 1.379624277514555908e-03
4.839799810553251518e+03 1.378964601206697158e-03
4.842308452587325519e+03 1.378305221713802074e-03
4.844818394672021896e+03 1.377646138914919230e-03
4.847329637481085229e+03 1.376987352689132112e-03
4.849842181688576602e+03 1.376328862915575163e-03
4.852356027968919079e+03 1.375670669473422507e-03
4.854871176996884969e+03 1.375012772241891203e-03
4.857387629447594918e+03 1.374355171100240594e-03
4.859905385996520636e+03 1.373697865927773392e-03
4.862424447319482169e+03 1.373040856603834590e-03
4.864944814092653360e+03 1.372384143007811469e-03
4.867466486992554564e+03 1.371727725019134458e-03
4.869989466696048112e+03 1.371071602517279090e-03
4.872513753880378317e+03 1.370415775381755592e-03
4.875039349223107820e+03 1.369760243492124715e-03
4.877566253402163966e+03 1.369105006727986892e-03
4.880094467095822438e+03 1.368450064968985708e-03
4.882623990982711803e+03 1.367795418094806380e-03
4.885154825741810782e+03 1.367141065985177711e-03
4.887686972052453712e+03 1.366487008519870136e-03
4.890220430594321442e+03 1.365833245578697026e-03
4.892755202047452258e+03 1.365179777041514251e-03
4.895291287092223683e+03 1.364526602788222569e-03
4.897828686409397051e+03 1.363873722698757647e-03
4.900367400680055653e+03 1.363221136653105245e-03
4.902907430585647489e+03 1.362568844531291019e-03
4.905448776807971626e+03 1.361916846213382911e-03
4.907991440029180922e+03 1.361265141579491578e-03
4.910535420931782937e+03 1.360613730509769529e-03
4.913080720198638119e+03 1.359962612884412425e-03
4.915627338512960705e+03 1.359311788583657775e-03
4.918175276558318728e+03 1.358661257487785590e-03
4.920724535018625829e+03 1.358011019477120334e-03
4.923275114578177636e+03 1.357361074432022032e-03
4.925827015921597194e+03 1.356711422232899930e-03
4.928380239733870440e+03 1.356062062760203394e-03
4.930934786700338918e+03 1.355412995894423852e-03
4.933490657506698881e+03 1.354764221516095452e-03
4.936047852839004008e+03 1.354115739505793760e-03
4.938606373383659957e+03 1.353467549744137490e-03
4.941166219827430723e+03 1.352819652111787209e-03
4.943727392857435007e+03 1.352172046489445549e-03
4.946289893161138934e+03 1.351524732757860029e-03
4.948853721426392440e+03 1.350877710797812863e-03
4.951418878341375603e+03 1.350230980490135920e-03
4.953985364594631392e+03 1.349584541715700753e-03
4.956553180875062026e+03 1.348938394355420761e-03
4.959122327871925336e+03 1.348292538290252283e-03
4.961692806274837494e+03 1.347646973401193070e-03
4.964264616773772104e+03 1.347001699569282942e-03
4.966837760059058382e+03 1.346356716675604437e-03
4.969412236821384795e+03 1.345712024601281509e-03
4.971988047751788145e+03 1.345067623227483213e-03
4.974565193541692679e+03 1.344423512435412868e-03
4.977143674882850974e+03 1.343779692106323231e-03
4.979723492467384858e+03 1.343136162121506523e-03
4.982304646987772685e+03 1.342492922362298119e-03
4.984887139136854785e+03 1.341849972710073505e-03
4.987470969607827101e+03 1.341207313046251758e-03
4.990056139094248465e+03 1.340564943252293148e-03
4.992642648290034231e+03 1.339922863209700235e-03
4.995230497889461731e+03 1.339281072800016991e-03
4.997819688587154815e+03 1.338639571904832711e-03
5.000410221078130235e+03 1.337998360405770297e-03
5.003002096057733979e+03 1.337357438184502310e-03
5.005595314221682202e+03 1.336716805122740992e-03
5.008189876266053034e+03 1.336076461102240218e-03
5.010785782887281130e+03 1.335436406004795930e-03
5.013383034782167670e+03 1.334796639712245488e-03
5.015981632647871265e+03 1.334157162106468534e-03
5.018581577181913417e+03 1.333517973069386128e-03
5.021182869082175785e+03 1.332879072482961828e-03
5.023785509046892003e+03 1.332240460229202998e-03
5.026389497774688607e+03 1.331602136190151260e-03
5.028994835964523190e+03 1.330964100247897458e-03
5.031601524315726238e+03 1.330326352284572121e-03
5.034209563527990213e+03 1.329688892182347192e-03
5.036818954301370468e+03 1.329051719823436464e-03
5.039429697336285244e+03 1.328414835090095366e-03
5.042041793333514761e+03 1.327778237864620956e-03
5.044655242994202126e+03 1.327141928029352581e-03
5.047270047019856065e+03 1.326505905466670568e-03
5.049886206112338186e+03 1.325870170058999478e-03
5.052503720973902091e+03 1.325234721688798353e-03
5.055122592307136074e+03 1.324599560238575238e-03
5.057742820815004052e+03 1.323964685590877646e-03
5.060364407200832829e+03 1.323330097628293853e-03
5.062987352168313009e+03 1.322695796233454421e-03
5.065611656421501721e+03 1.322061781289031544e-03
5.068237320664818981e+03 1.321428052677738616e-03
5.070864345603052243e+03 1.320794610282330882e-03
5.073492731941350939e+03 1.320161453985605002e-03
5.076122480385223753e+03 1.319528583670401658e-03
5.078753591640573177e+03 1.318895999219595570e-03
5.081386066413635490e+03 1.318263700516110687e-03
5.084019905411027139e+03 1.317631687442909769e-03
5.086655109339725641e+03 1.316999959882996993e-03
5.089291678907081405e+03 1.316368517719417736e-03
5.091929614820804090e+03 1.315737360835259658e-03
5.094568917788976250e+03 1.315106489113651404e-03
5.097209588520044235e+03 1.314475902437762600e-03
5.099851627722821831e+03 1.313845600690805374e-03
5.102495036106480256e+03 1.313215583756034352e-03
5.105139814380589996e+03 1.312585851516739292e-03
5.107785963255057140e+03 1.311956403856258521e-03
5.110433483440165219e+03 1.311327240657968749e-03
5.113082375646568835e+03 1.310698361805288318e-03
5.115732640585286390e+03 1.310069767181677204e-03
5.118384278967710088e+03 1.309441456670636149e-03
5.121037291505596841e+03 1.308813430155707745e-03
5.123691678911073723e+03 1.308185687520475567e-03
5.126347441896636155e+03 1.307558228648564606e-03
5.129004581175139720e+03 1.306931053423643655e-03
5.131663097459839264e+03 1.306304161729415336e-03
5.134322991464330698e+03 1.305677553449630405e-03
5.136984263902584644e+03 1.305051228468079305e-03
5.139646915488948252e+03 1.304425186668593025e-03
5.142310946938134293e+03 1.303799427935044188e-03
5.144976358965228428e+03 1.303173952151346184e-03
5.147643152285684664e+03 1.302548759201453818e-03
5.150311327615330811e+03 1.301923848969363095e-03
5.152980885670362113e+03 1.301299221339111221e-03
5.155651827167337615e+03 1.300674876194778985e-03
5.158324152823216536e+03 1.300050813420480572e-03
5.160997863355300979e+03 1.299427032900379170e-03
5.163672959481272301e+03 1.298803534518676349e-03
5.166349441919185665e+03 1.298180318159614663e-03
5.169027311387468217e+03 1.297557383707478298e-03
5.171706568604918175e+03 1.296934731046591989e-03
5.174387214290707561e+03 1.296312360061321455e-03
5.177069249164382200e+03 1.295690270636073614e-03
5.179752673945858078e+03 1.295068462655296800e-03
5.182437489355414073e+03 1.294446936003482065e-03
5.185123696113736514e+03 1.293825690565154505e-03
5.187811294941850974e+03 1.293204726224888006e-03
5.190500286561167741e+03 1.292584042867294183e-03
5.193190671693472723e+03 1.291963640377026068e-03
5.195882451060922904e+03 1.291343518638777459e-03
5.198575625386051797e+03 1.290723677537283136e-03
5.201270195391767629e+03 1.290104116957318863e-03
5.203966161801351518e+03 1.289484836783701387e-03
5.206663525338460204e+03 1.288865836901288437e-03
5.209362286727114224e+03 1.288247117194980459e-03
5.212062446691742480e+03 1.287628677549711945e-03
5.214764005957117661e+03 1.287010517850465741e-03
5.217466965248396264e+03 1.286392637982262640e-03
5.220171325291113135e+03 1.285775037830164634e-03
5.222877086811176014e+03 1.285157717279274267e-03
5.225584250534873718e+03 1.284540676214735062e-03
5.228292817188867048e+03 1.283923914521731312e-03
5.231002787500195154e+03 1.283307432085487856e-03
5.233714162196273719e+03 1.282691228791270734e-03
5.236426942004884950e+03 1.282075304524388920e-03
5.239141127654219417e+03 1.281459659170184999e-03
5.241856719872814210e+03 1.280844292614049043e-03
5.244573719389593862e+03 1.280229204741409939e-03
5.247292126933861255e+03 1.279614395437737558e-03
5.250011943235296712e+03 1.278999864588541450e-03
5.252733169023957998e+03 1.278385612079373018e-03
5.255455805030282136e+03 1.277771637795823345e-03
5.258179851985086316e+03 1.277157941623524714e-03
5.260905310619562442e+03 1.276544523448149959e-03
5.263632181665274402e+03 1.275931383155414845e-03
5.266360465854196264e+03 1.275318520631068750e-03
5.269090163918646795e+03 1.274705935760908539e-03
5.271821276591338574e+03 1.274093628430769459e-03
5.274553804605362529e+03 1.273481598526527521e-03
5.277287748694188849e+03 1.272869845934098852e-03
5.280023109591667890e+03 1.272258370539440563e-03
5.282759888032031085e+03 1.271647172228549880e-03
5.285498084749890950e+03 1.271036250887464794e-03
5.288237700480238345e+03 1.270425606402264280e-03
5.290978735958437028e+03 1.269815238659069163e-03
5.293721191920261845e+03 1.269205147544034311e-03
5.296465069101836889e+03 1.268595332943362299e-03
5.299210368239680975e+03 1.267985794743293430e-03
5.301957090070692175e+03 1.267376532830108340e-03
5.304705235332151460e+03 1.266767547090128431e-03
5.307454804761719970e+03 1.266158837409715656e-03
5.310205799097444469e+03 1.265550403675271864e-03
5.312958219077751892e+03 1.264942245773239887e-03
5.315712065441452069e+03 1.264334363590102457e-03
5.318467338927726814e+03 1.263726757012385241e-03
5.321224040276175401e+03 1.263119425926647081e-03
5.323982170226744529e+03 1.262512370219494740e-03
5.326741729519777437e+03 1.261905589777572280e-03
5.329502718896001170e+03 1.261299084487564094e-03
5.332265139096526582e+03 1.260692854236195558e-03
5.335028990862845603e+03 1.260086898910231946e-03
5.337794274936840338e+03 1.259481218396478431e-03
5.340560992060771241e+03 1.258875812581780954e-03
5.343329142977288029e+03 1.258270681353026001e-03
5.346098728429410585e+03 1.257665824597141695e-03
5.348869749160578976e+03 1.257061242201090419e-03
5.351642205914586157e+03 1.256456934051880959e-03
5.354416099435620708e+03 1.255852900036560265e-03
5.357191430468255021e+03 1.255249140042215619e-03
5.359968199757450748e+03 1.254645653955974638e-03
5.362746408048553349e+03 1.254042441665004400e-03
5.365526056087294819e+03 1.253439503056512751e-03
5.368307144619793689e+03 1.252836838017747654e-03
5.371089674392555935e+03 1.252234446435997184e-03
5.373873646152463152e+03 1.251632328198591486e-03
5.376659060646816215e+03 1.251030483192894097e-03
5.379445918623270700e+03 1.250428911306315826e-03
5.382234220829879632e+03 1.249827612426304994e-03
5.385023968015086211e+03 1.249226586440350256e-03
5.387815160927719262e+03 1.248625833235979731e-03
5.390607800316997782e+03 1.248025352700762088e-03
5.393401886932525485e+03 1.247425144722306110e-03
5.396197421524298079e+03 1.246825209188260047e-03
5.398994404842697804e+03 1.246225545986312912e-03
5.401792837638486162e+03 1.245626155004195138e-03
5.404592720662847569e+03 1.245027036129670982e-03
5.407394054667317505e+03 1.244428189250551542e-03
5.410196840403838905e+03 1.243829614254684992e-03
5.413001078624741240e+03 1.243231311029959624e-03
5.415806770082742332e+03 1.242633279464304278e-03
5.418613915530951090e+03 1.242035519445686825e-03
5.421422515722868411e+03 1.241438030862115904e-03
5.424232571412384459e+03 1.240840813601639184e-03
5.427044083353778660e+03 1.240243867552345098e-03
5.429857052301713338e+03 1.239647192602363500e-03
5.432671479011272822e+03 1.239050788639857415e-03
5.435487364237900692e+03 1.238454655553037145e-03
5.438304708737441615e+03 1.237858793230149418e-03
5.441123513266132250e+03 1.237263201559482160e-03
5.443943778580603976e+03 1.236667880429361899e-03
5.446765505437876527e+03 1.236072829728155709e-03
5.449588694595363449e+03 1.235478049344269913e-03
5.452413346810872099e+03 1.234883539166150949e-03
5.455239462842599096e+03 1.234289299082285372e-03
5.458067043449127596e+03 1.233695328981200719e-03
5.460896089389463668e+03 1.233101628751458352e-03
5.463726601422975364e+03 1.232508198281665607e-03
5.466558580309431818e+03 1.231915037460467764e-03
5.469392026809001436e+03 1.231322146176549569e-03
5.472226941682241886e+03 1.230729524318635451e-03
5.475063325690106467e+03 1.230137171775489303e-03
5.477901179593945017e+03 1.229545088435914698e-03
5.480740504155498456e+03 1.228953274188755544e-03
5.483581300136904247e+03 1.228361728922894346e-03
5.486423568300684565e+03 1.227770452527256542e-03
5.489267309409787231e+03 1.227179444890799231e-03
5.492112524227524773e+03 1.226588705902526997e-03
5.494959213517616263e+03 1.225998235451480640e-03
5.497807378044174584e+03 1.225408033426741939e-03
5.500657018571709159e+03 1.224818099717431058e-03
5.503508135865127770e+03 1.224228434212708055e-03
5.506360730689732918e+03 1.223639036801772674e-03
5.509214803811224556e+03 1.223049907373863687e-03
5.512070355995696445e+03 1.222461045818260417e-03
5.514927388009631613e+03 1.221872452024282954e-03
5.517785900619944186e+03 1.221284125881284344e-03
5.520645894593908451e+03 1.220696067278664258e-03
5.523507370699210696e+03 1.220108276105858792e-03
5.526370329703933749e+03 1.219520752252344596e-03
5.529234772376560613e+03 1.218933495607636697e-03
5.532100699485968107e+03 1.218346506061290021e-03
5.534968111801435953e+03 1.217759783502898960e-03
5.537837010092640412e+03 1.217173327822097155e-03
5.540707395129657016e+03 1.216587138908557927e-03
5.543579267682947830e+03 1.216001216651995797e-03
5.546452628523411477e+03 1.215415560942158029e-03
5.549327478422308559e+03 1.214830171668838076e-03
5.552203818151311680e+03 1.214245048721866683e-03
5.555081648482494529e+03 1.213660191991113631e-03
5.557960970188330975e+03 1.213075601366487514e-03
5.560841784041692335e+03 1.212491276737937473e-03
5.563724090815853742e+03 1.211907217995451033e-03
5.566607891284488687e+03 1.211323425029055181e-03
5.569493186221674478e+03 1.210739897728816154e-03
5.572379976401875865e+03 1.210156635984842039e-03
5.575268262599993250e+03 1.209573639687272582e-03
5.578158045591293558e+03 1.208990908726294581e-03
5.581049326151461173e+03 1.208408442992131050e-03
5.583942105056577020e+03 1.207826242375044032e-03
5.586836383083128567e+03 1.207244306765335685e-03
5.589732161008001640e+03 1.206662636053346766e-03
5.592629439608487701e+03 1.206081230129456847e-03
5.595528219662281117e+03 1.205500088884085396e-03
5.598428501947476434e+03 1.204919212207690698e-03
5.601330287242562918e+03 1.204338599990772453e-03
5.604233576326467301e+03 1.203758252123862020e-03
5.607138369978482842e+03 1.203178168497538248e-03
5.610044668978322079e+03 1.202598349002415110e-03
5.612952474106098634e+03 1.202018793529146482e-03
5.615861786142331766e+03 1.201439501968425486e-03
5.618772605867944549e+03 1.200860474210984057e-03
5.621684934064264780e+03 1.200281710147592948e-03
5.624598771513025895e+03 1.199703209669062375e-03
5.627514118996367870e+03 1.199124972666240933e-03
5.630430977296819947e+03 1.198546999030019504e-03
5.633349347197354291e+03 1.197969288651320194e-03
5.636269229481315051e+03 1.197391841421111512e-03
5.639190624932462924e+03 1.196814657230398397e-03
5.642113534334966062e+03 1.196237735970224385e-03
5.645037958473394610e+03 1.195661077531673128e-03
5.647963898132730719e+03 1.195084681805865792e-03
5.650891354098360353e+03 1.194508548683963656e-03
5.653820327156076928e+03 1.193932678057165733e-03
5.656750818092081317e+03 1.193357069816711365e-03
5.659682827692971841e+03 1.192781723853879794e-03
5.662616356745784287e+03 1.192206640059983221e-03
5.665551406037934612e+03 1.191631818326378519e-03
5.668487976357251682e+03 1.191057258544460287e-03
5.671426068491977276e+03 1.190482960605661073e-03
5.674365683230759714e+03 1.189908924401452892e-03
5.677306821362655683e+03 1.189335149823345919e-03
5.680249483677132048e+03 1.188761636762889796e-03
5.683193670964064950e+03 1.188188385111672548e-03
5.686139384013737072e+03 1.187615394761321226e-03
5.689086623616832185e+03 1.187042665603503435e-03
5.692035390564477893e+03 1.186470197529919520e-03
5.694985685648175604e+03 1.185897990432314714e-03
5.697937509659850548e+03 1.185326044202470895e-03
5.700890863391836319e+03 1.184754358732208971e-03
5.703845747636879423e+03 1.184182933913388016e-03
5.706802163188133818e+03 1.183611769637906135e-03
5.709760110839167282e+03 1.183040865797700247e-03
5.712719591383959596e+03 1.182470222284745217e-03
5.715680605616898902e+03 1.181899838991055593e-03
5.718643154332776248e+03 1.181329715808686256e-03
5.721607238326825609e+03 1.180759852629724178e-03
5.724572858394663854e+03 1.180190249346301434e-03
5.727540015332327130e+03 1.179620905850586312e-03
5.730508709936266314e+03 1.179051822034786349e-03
5.733478943003343375e+03 1.178482997791147459e-03
5.736450715330835919e+03 1.177914433011953508e-03
5.739424027716430828e+03 1.177346127589528040e-03
5.742398880958233349e+03 1.176778081416231898e-03
5.745375275854757092e+03 1.176210294384465388e-03
5.748353213204921303e+03 1.175642766386669367e-03
5.751332693808095428e+03 1.175075497315316133e-03
5.754313718464021804e+03 1.174508487062923953e-03
5.757296287972875689e+03 1.173941735522046441e-03
5.760280403135243432e+03 1.173375242585276458e-03
5.763266064752127932e+03 1.172809008145244813e-03
5.766253273624947724e+03 1.172243032094620694e-03
5.769242030555532438e+03 1.171677314326112756e-03
5.772232336346132797e+03 1.171111854732466732e-03
5.775224191799410619e+03 1.170546653206467605e-03
5.778217597718436082e+03 1.169981709640940904e-03
5.781212554906728656e+03 1.169417023928743388e-03
5.784209064168187069e+03 1.168852595962777781e-03
5.787207126307141152e+03 1.168288425635981937e-03
5.790206742128338192e+03 1.167724512841332744e-03
5.793207912436939296e+03 1.167160857471845467e-03
5.796210638038526668e+03 1.166597459420572885e-03
5.799214919739095421e+03 1.166034318580607678e-03
5.802220758345062677e+03 1.165471434845078954e-03
5.805228154663262103e+03 1.164908808107155717e-03
5.808237109500931183e+03 1.164346438260046440e-03
5.811247623665765786e+03 1.163784325196991687e-03
5.814259697965841042e+03 1.163222468811276906e-03
5.817273333209663178e+03 1.162660868996223760e-03
5.820288530206160431e+03 1.162099525645191424e-03
5.823305289764675763e+03 1.161538438651578105e-03
5.826323612694975964e+03 1.160977607908820174e-03
5.829343499807243461e+03 1.160417033310391513e-03
5.832364951912084507e+03 1.159856714749805040e-03
5.835387969820520993e+03 1.159296652120611398e-03
5.838412554343987722e+03 1.158736845316401566e-03
5.841438706294372423e+03 1.158177294230798397e-03
5.844466426483949363e+03 1.157617998757469197e-03
5.847495715725424816e+03 1.157058958790117484e-03
5.850526574831927974e+03 1.156500174222484289e-03
5.853559004617006394e+03 1.155941644948350108e-03
5.856593005894631460e+03 1.155383370861531867e-03
5.859628579479197469e+03 1.154825351855885522e-03
5.862665726185517087e+03 1.154267587825305195e-03
5.865704446828829532e+03 1.153710078663722520e-03
5.868744742224780566e+03 1.153152824265109896e-03
5.871786613189477066e+03 1.152595824523471382e-03
5.874830060539412443e+03 1.152039079332854406e-03
5.877875085091513938e+03 1.151482588587343907e-03
5.880921687663134435e+03 1.150926352181061473e-03
5.883969869072047914e+03 1.150370370008167503e-03
5.887019630136455817e+03 1.149814641962859695e-03
5.890070971674977955e+03 1.149259167939374778e-03
5.893123894506663419e+03 1.148703947831986342e-03
5.896178399450984216e+03 1.148148981535006578e-03
5.899234487327823445e+03 1.147594268942787789e-03
5.902292158957528045e+03 1.147039809949712856e-03
5.905351415160830584e+03 1.146485604450210192e-03
5.908412256758902913e+03 1.145931652338743559e-03
5.911474684573344348e+03 1.145377953509814231e-03
5.914538699426175299e+03 1.144824507857962080e-03
5.917604302139846368e+03 1.144271315277764272e-03
5.920671493537232891e+03 1.143718375663835924e-03
5.923740274441636757e+03 1.143165688910830098e-03
5.926810645676785498e+03 1.142613254913437803e-03
5.929882608066822286e+03 1.142061073566389513e-03
5.932956162436354134e+03 1.141509144764448012e-03
5.936031309610379139e+03 1.140957468402419451e-03
5.939108050414332865e+03 1.140406044375145977e-03
5.942186385674081976e+03 1.139854872577507469e-03
5.945266316215917868e+03 1.139303952904421749e-03
5.948347842866563042e+03 1.138753285250843723e-03
5.951430966453166548e+03 1.138202869511767109e-03
5.954515687803307628e+03 1.137652705582222487e-03
5.957602007744991170e+03 1.137102793357278605e-03
5.960689927106643154e+03 1.136553132732043888e-03
5.963779446717152496e+03 1.136003723601658206e-03
5.966870567405803740e+03 1.135454565861305012e-03
5.969963290002318899e+03 1.134905659406203757e-03
5.973057615336854724e+03 1.134357004131612053e-03
5.976153544239997245e+03 1.133808599932823727e-03
5.979251077542759049e+03 1.133260446705171634e-03
5.982350216076588367e+03 1.132712544344025496e-03
5.985450960673362715e+03 1.132164892744793195e-03
5.988553312165388888e+03 1.131617491802919262e-03
5.991657271385393869e+03 1.131070341413889426e-03
5.994762839166573940e+03 1.130523441473219124e-03
5.997870016342519193e+03 1.129976791876468462e-03
6.000978803747265374e+03 1.129430392519233106e-03
6.004089202215278419e+03 1.128884243297146022e-03
6.007201212581457185e+03 1.128338344105877904e-03
6.010314835681135264e+03 1.127792694841136525e-03
6.013430072350077353e+03 1.127247295398667824e-03
6.016546923424481065e+03 1.126702145674254385e-03
6.019665389740978753e+03 1.126157245563717173e-03
6.022785472136622047e+03 1.125612594962916400e-03
6.025907171448933696e+03 1.125068193767743288e-03
6.029030488515837533e+03 1.124524041874132643e-03
6.032155424175695771e+03 1.123980139178055266e-03
6.035281979267314455e+03 1.123436485575518822e-03
6.038410154629927092e+03 1.122893080962568705e-03
6.041539951103206477e+03 1.122349925235287390e-03
6.044671369527256502e+03 1.121807018289795298e-03
6.047804410742622167e+03 1.121264360022249280e-03
6.050939075590277753e+03 1.120721950328845001e-03
6.054075364911625911e+03 1.120179789105816290e-03
6.057213279548539504e+03 1.119637876249428418e-03
6.060352820343291569e+03 1.119096211655990674e-03
6.063493988138605346e+03 1.118554795221847042e-03
6.066636783777636992e+03 1.118013626843379236e-03
6.069781208103983772e+03 1.117472706417006051e-03
6.072927261961678596e+03 1.116932033839183359e-03
6.076074946195189113e+03 1.116391609006405199e-03
6.079224261649426808e+03 1.115851431815201604e-03
6.082375209169735172e+03 1.115311502162141203e-03
6.085527789601885161e+03 1.114771819943830792e-03
6.088682003792125215e+03 1.114232385056908824e-03
6.091837852587102134e+03 1.113693197398057120e-03
6.094995336833914735e+03 1.113154256863992412e-03
6.098154457380102940e+03 1.112615563351468948e-03
6.101315215073643230e+03 1.112077116757278052e-03
6.104477610762952281e+03 1.111538916978248130e-03
6.107641645296887873e+03 1.111000963911244668e-03
6.110807319524746163e+03 1.110463257453170663e-03
6.113974634296262593e+03 1.109925797500966194e-03
6.117143590461602798e+03 1.109388583951609938e-03
6.120314188871409897e+03 1.108851616702112661e-03
6.123486430376728094e+03 1.108314895649526984e-03
6.126660315829059073e+03 1.107778420690941736e-03
6.129835846080341980e+03 1.107242191723482611e-03
6.133013021982958890e+03 1.106706208644311733e-03
6.136191844389734797e+03 1.106170471350629170e-03
6.139372314153936713e+03 1.105634979739671207e-03
6.142554432129269117e+03 1.105099733708712288e-03
6.145738199169885775e+03 1.104564733155062638e-03
6.148923616130365190e+03 1.104029977976072382e-03
6.152110683865771534e+03 1.103495468069122000e-03
6.155299403231567339e+03 1.102961203331635776e-03
6.158489775083678069e+03 1.102427183661072035e-03
6.161681800278469382e+03 1.101893408954927054e-03
6.164875479672749861e+03 1.101359879110733317e-03
6.168070814123773744e+03 1.100826594026060824e-03
6.171267804489240916e+03 1.100293553598515788e-03
6.174466451627291463e+03 1.099760757725742151e-03
6.177666756396513847e+03 1.099228206305420501e-03
6.180868719655928544e+03 1.098695899235269807e-03
6.184072342265037150e+03 1.098163836413040698e-03
6.187277625083750536e+03 1.097632017736526518e-03
6.190484568972436136e+03 1.097100443103555308e-03
6.193693174791908859e+03 1.096569112411991970e-03
6.196903443403430174e+03 1.096038025559738054e-03
6.200115375668705383e+03 1.095507182444732620e-03
6.203328972449888170e+03 1.094976582964951161e-03
6.206544234609578780e+03 1.094446227018405380e-03
6.209761163010824930e+03 1.093916114503145362e-03
6.212979758517108166e+03 1.093386245317258271e-03
6.216200021992394795e+03 1.092856619358862930e-03
6.219421954301064034e+03 1.092327236526120880e-03
6.222645556307950756e+03 1.091798096717228571e-03
6.225870828878341854e+03 1.091269199830418885e-03
6.229097772877971693e+03 1.090740545763961350e-03
6.232326389173022108e+03 1.090212134416162571e-03
6.235556678630126953e+03 1.089683965685365801e-03
6.238788642116365736e+03 1.089156039469950724e-03
6.242022280499268163e+03 1.088628355668334316e-03
6.245257594646800499e+03 1.088100914178971720e-03
6.248494585427421043e+03 1.087573714900348437e-03
6.251733253709992823e+03 1.087046757730993768e-03
6.254973600363848163e+03 1.086520042569470625e-03
6.258215626258765951e+03 1.085993569314378784e-03
6.261459332264978912e+03 1.085467337864355099e-03
6.264704719253169060e+03 1.084941348118072420e-03
6.267951788094468611e+03 1.084415599974240677e-03
6.271200539660461800e+03 1.083890093331606663e-03
6.274450974823186698e+03 1.083364828088952733e-03
6.277703094455118844e+03 1.082839804145100488e-03
6.280956899429223085e+03 1.082315021398902325e-03
6.284212390618879908e+03 1.081790479749252486e-03
6.287469568897934550e+03 1.081266179095080561e-03
6.290728435140686997e+03 1.080742119335351917e-03
6.293988990221887434e+03 1.080218300369069004e-03
6.297251235016740793e+03 1.079694722095270480e-03
6.300515170400905845e+03 1.079171384413031651e-03
6.303780797250494288e+03 1.078648287221464254e-03
6.307048116442070750e+03 1.078125430419716452e-03
6.310317128852646420e+03 1.077602813906975007e-03
6.313587835359719065e+03 1.077080437582456822e-03
6.316860236841204824e+03 1.076558301345421735e-03
6.320134334175491858e+03 1.076036405095163410e-03
6.323410128241415805e+03 1.075514748731012590e-03
6.326687619918276141e+03 1.074993332152335583e-03
6.329966810085820725e+03 1.074472155258536206e-03
6.333247699624255802e+03 1.073951217949054059e-03
6.336530289414247818e+03 1.073430520123364517e-03
6.339814580336913423e+03 1.072910061680980255e-03
6.343100573273816735e+03 1.072389842521452325e-03
6.346388269107015731e+03 1.071869862544361273e-03
6.349677668718988571e+03 1.071350121649330793e-03
6.352968772992682716e+03 1.070830619736018192e-03
6.356261582811500375e+03 1.070311356704117638e-03
6.359556099059306689e+03 1.069792332453359945e-03
6.362852322620421546e+03 1.069273546883510841e-03
6.366150254379624130e+03 1.068754999894373781e-03
6.369449895222151099e+03 1.068236691385787782e-03
6.372751246033700227e+03 1.067718621257628077e-03
6.376054307700414029e+03 1.067200789409808274e-03
6.379359081108930695e+03 1.066683195742272562e-03
6.382665567146312242e+03 1.066165840155006758e-03
6.385973766700093620e+03 1.065648722548030941e-03
6.389283680658266348e+03 1.065131842821402056e-03
6.392595309909285788e+03 1.064615200875212390e-03
6.395908655342065686e+03 1.064098796609591309e-03
6.399223717845980900e+03 1.063582629924703310e-03
6.402540498310865587e+03 1.063066700720749968e-03
6.405858997627020472e+03 1.062551008897968203e-03
6.409179216685187384e+03 1.062035554356633533e-03
6.412501156376613835e+03 1.061520336997052050e-03
6.415824817592966610e+03 1.061005356719570830e-03
6.419150201226392710e+03 1.060490613424572076e-03
6.422477308169495700e+03 1.059976107012473336e-03
6.425806139315346627e+03 1.059461837383729021e-03
6.429136695557474013e+03 1.058947804438828671e-03
6.432468977789875680e+03 1.058434008078298471e-03
6.435802986907007835e+03 1.057920448202700819e-03
6.439138723803792345e+03 1.057407124712633675e-03
6.442476189375601280e+03 1.056894037508733378e-03
6.445815384518308747e+03 1.056381186491665977e-03
6.449156310128217228e+03 1.055868571562139802e-03
6.452498967102104871e+03 1.055356192620896796e-03
6.455843356337211844e+03 1.054844049568715546e-03
6.459189478731248528e+03 1.054332142306409984e-03
6.462537335182386414e+03 1.053820470734830256e-03
6.465886926589264476e+03 1.053309034754862285e-03
6.469238253850986439e+03 1.052797834267428208e-03
6.472591317867122598e+03 1.052286869173486156e-03
6.475946119537695267e+03 1.051776139374031556e-03
6.479302659763235170e+03 1.051265644770090412e-03
6.482660939444695941e+03 1.050755385262730360e-03
6.486020959483516890e+03 1.050245360753052429e-03
6.489382720781598437e+03 1.049735571142194727e-03
6.492746224241313030e+03 1.049226016331330277e-03
6.496111470765498780e+03 1.048716696221667875e-03
6.499478461257461277e+03 1.048207610714452969e-03
6.502847196620975410e+03 1.047698759710965913e-03
6.506217677760283550e+03 1.047190143112523711e-03
6.509589905580084633e+03 1.046681760820480011e-03
6.512963880985585092e+03 1.046173612736219904e-03
6.516339604882419735e+03 1.045665698761168811e-03
6.519717078176709038e+03 1.045158018796786634e-03
6.523096301775040047e+03 1.044650572744569052e-03
6.526477276584471838e+03 1.044143360506046871e-03
6.529860003512531875e+03 1.043636381982787544e-03
6.533244483467217833e+03 1.043129637076393654e-03
6.536630717356998503e+03 1.042623125688503993e-03
6.540018706090814703e+03 1.042116847720792267e-03
6.543408450578063821e+03 1.041610803074970344e-03
6.546799951728654378e+03 1.041104991652780235e-03
6.550193210452926905e+03 1.040599413356004714e-03
6.553588227661705787e+03 1.040094068086461036e-03
6.556985004266289252e+03 1.039588955746001582e-03
6.560383541178446649e+03 1.039084076236514729e-03
6.563783839310420262e+03 1.038579429459924198e-03
6.567185899574925315e+03 1.038075015318189491e-03
6.570589722885148149e+03 1.037570833713305669e-03
6.573995310154751678e+03 1.037066884547303358e-03
6.577402662297856295e+03 1.036563167722250912e-03
6.580811780229097167e+03 1.036059683140245959e-03
6.584222664863544196e+03 1.035556430703428411e-03
6.587635317116751139e+03 1.035053410313970922e-03
6.591049737904752874e+03 1.034550621874081927e-03
6.594465928144051759e+03 1.034048065286005853e-03
6.597883888751630366e+03 1.033545740452022042e-03
6.601303620644945113e+03 1.033043647274445613e-03
6.604725124741925356e+03 1.032541785655627245e-03
6.608148401960978845e+03 1.032040155497953183e-03
6.611573453220975352e+03 1.031538756703846748e-03
6.615000279441302155e+03 1.031037589175761186e-03
6.618428881541779447e+03 1.030536652816190944e-03
6.621859260442719460e+03 1.030035947527664295e-03
6.625291417064912821e+03 1.029535473212744422e-03
6.628725352329625821e+03 1.029035229774030074e-03
6.632161067158602236e+03 1.028535217114155773e-03
6.635598562474061509e+03 1.028035435135791391e-03
6.639037839198706024e+03 1.027535883741641275e-03
6.642478898255712011e+03 1.027036562834446852e-03
6.645921740568721361e+03 1.026537472316985328e-03
6.649366367061897108e+03 1.026038612092064050e-03
6.652812778659838841e+03 1.025539982062531564e-03
6.656260976287639096e+03 1.025041582131270244e-03
6.659710960870869712e+03 1.024543412201196725e-03
6.663162733335583653e+03 1.024045472175264069e-03
6.666616294608311364e+03 1.023547761956460035e-03
6.670071645616066235e+03 1.023050281447807509e-03
6.673528787286338229e+03 1.022553030552365589e-03
6.676987720547102981e+03 1.022056009173227418e-03
6.680448446326798148e+03 1.021559217213524303e-03
6.683910965554387985e+03 1.021062654576416822e-03
6.687375279159275124e+03 1.020566321165106106e-03
6.690841388071356960e+03 1.020070216882827327e-03
6.694309293221012922e+03 1.019574341632850352e-03
6.697778995539105381e+03 1.019078695318480395e-03
6.701250495956979648e+03 1.018583277843057794e-03
6.704723795406463978e+03 1.018088089109958237e-03
6.708198894819865018e+03 1.017593129022592753e-03
6.711675795129977814e+03 1.017098397484407285e-03
6.715154497270064894e+03 1.016603894398885070e-03
6.718635002173915382e+03 1.016109619669538187e-03
6.722117310775758597e+03 1.015615573199920348e-03
6.725601424010322262e+03 1.015121754893618007e-03
6.729087342812820680e+03 1.014628164654252747e-03
6.732575068118948366e+03 1.014134802385481928e-03
6.736064600864890963e+03 1.013641667990996956e-03
6.739555941987314327e+03 1.013148761374525015e-03
6.743049092423371803e+03 1.012656082439828418e-03
6.746544053110699679e+03 1.012163631090704603e-03
6.750040824987411725e+03 1.011671407230987007e-03
6.753539408992143763e+03 1.011179410764539424e-03
6.757039806063979995e+03 1.010687641595266195e-03
6.760542017142504847e+03 1.010196099627104624e-03
6.764046043167787502e+03 1.009704784764027139e-03
6.767551885080385546e+03 1.009213696910040868e-03
6.771059543821344960e+03 1.008722835969188495e-03
6.774569020332200125e+03 1.008232201845547186e-03
6.778080315554968365e+03 1.007741794443229449e-03
6.781593430432160858e+03 1.007251613666382273e-03
6.785108365906760810e+03 1.006761659419190156e-03
6.788625122922281662e+03 1.006271931605866440e-03
6.792143702422685237e+03 1.005782430130665013e-03
6.795664105352434490e+03 1.005293154897873159e-03
6.799186332656483501e+03 1.004804105811812854e-03
6.802710385280278388e+03 1.004315282776840337e-03
6.806236264169747301e+03 1.003826685697348274e-03
6.809763970271317703e+03 1.003338314477762727e-03
6.813293504531903636e+03 1.002850169022545318e-03
6.816824867898905723e+03 1.002362249236192797e-03
6.820358061320212073e+03 1.001874555023237693e-03
6.823893085744231939e+03 1.001387086288242677e-03
6.827429942119832049e+03 1.000899842935810535e-03
6.830968631396381170e+03 1.000412824870576577e-03
6.834509154523745565e+03 9.999260319972116777e-04
6.838051512452274437e+03 9.994394642204211879e-04
6.841595706132817213e+03 9.989531214449451531e-04
6.845141736516713536e+03 9.984670035755578796e-04
6.848689604555794176e+03 9.979811105170701031e-04
6.852239311202387398e+03 9.974954421743255188e-04
6.855790857409298951e+03 9.970099984522051186e-04
6.859344244129866638e+03 9.965247792556191676e-04
6.862899472317887557e+03 9.960397844895180468e-04
6.866456542927660848e+03 9.955550140588853136e-04
6.870015456913983144e+03 9.950704678687387859e-04
6.873576215232145842e+03 9.945861458241309766e-04
6.877138818837934195e+03 9.941020478301497432e-04
6.880703268687630043e+03 9.936181737919167704e-04
6.884269565738009987e+03 9.931345236145888711e-04
6.887837710946345396e+03 9.926510972033575526e-04
6.891407705270394217e+03 9.921678944634505348e-04
6.894979549668445543e+03 9.916849153001248106e-04
6.898553245099251399e+03 9.912021596186774888e-04
6.902128792522066760e+03 9.907196273244382040e-04
6.905706192896647735e+03 9.902373183227721528e-04
6.909285447183248834e+03 9.897552325190774915e-04
6.912866556342619333e+03 9.892733698187885887e-04
6.916449521336009639e+03 9.887917301273729895e-04
6.920034343125164924e+03 9.883103133503340181e-04
6.923621022672330582e+03 9.878291193932086083e-04
6.927209560940235860e+03 9.873481481615707742e-04
6.930799958892152063e+03 9.868673995610229358e-04
6.934392217491807969e+03 9.863868734972080620e-04
6.937986337703442587e+03 9.859065698758012145e-04
6.941582320491798782e+03 9.854264886025125830e-04
6.945180166822118736e+03 9.849466295830864009e-04
6.948779877660139391e+03 9.844669927233015965e-04
6.952381453972106101e+03 9.839875779289713586e-04
6.955984896724758983e+03 9.835083851059437873e-04
6.959590206885344742e+03 9.830294141601003764e-04
6.963197385421589388e+03 9.825506649973605663e-04
6.966806433301770085e+03 9.820721375236711199e-04
6.970417351494619652e+03 9.815938316450193487e-04
6.974030140969389322e+03 9.811157472674253074e-04
6.977644802695831459e+03 9.806378842969433116e-04
6.981261337644197738e+03 9.801602426396619373e-04
6.984879746785249154e+03 9.796828222017042384e-04
6.988500031090245102e+03 9.792056228892275296e-04
6.992122191530948839e+03 9.787286446084236032e-04
6.995746229079630211e+03 9.782518872655185122e-04
6.999372144709043823e+03 9.777753507667747389e-04
7.002999939392495435e+03 9.772990350184829547e-04
7.006629614103749191e+03 9.768229399269743804e-04
7.010261169817093105e+03 9.763470653986118953e-04
7.013894607507312685e+03 9.758714113397935069e-04
7.017529928149705484e+03 9.753959776569509415e-04
7.021167132720069276e+03 9.749207642565507282e-04
7.024806222194712063e+03 9.744457710450928978e-04
7.028447197550444798e+03 9.739709979291121759e-04
7.032090059764583202e+03 9.734964448151777654e-04
7.035734809814940490e+03 9.730221116098944313e-04
7.039381448679875575e+03 9.725479982198958866e-04
7.043029977338213030e+03 9.720741045518554177e-04
7.046680396769295839e+03 9.716004305124790541e-04
7.050332707952979945e+03 9.711269760085063270e-04
7.053986911869622418e+03 9.706537409467120040e-04
7.057643009500096014e+03 9.701807252339039213e-04
7.061301001825775529e+03 9.697079287769246091e-04
7.064960889828547806e+03 9.692353514826506419e-04
7.068622674490806276e+03 9.687629932579928547e-04
7.072286356795440042e+03 9.682908540098978615e-04
7.075951937725893004e+03 9.678189336453407905e-04
7.079619418266071079e+03 9.673472320713368856e-04
7.083288799400405878e+03 9.668757491949333746e-04
7.086960082113843782e+03 9.664044849232112039e-04
7.090633267391835943e+03 9.659334391632857977e-04
7.094308356220345559e+03 9.654626118223065155e-04
7.097985349585849690e+03 9.649920028074567609e-04
7.101664248475330169e+03 9.645216120259543068e-04
7.105345053876288148e+03 9.640514393850504278e-04
7.109027766776717726e+03 9.635814847920325023e-04
7.112712388165166885e+03 9.631117481542166405e-04
7.116398919030657453e+03 9.626422293789579834e-04
7.120087360362734216e+03 9.621729283736441983e-04
7.123777713151455828e+03 9.617038450456967796e-04
7.127469978387394804e+03 9.612349793025711572e-04
7.131164157061636615e+03 9.607663310517570218e-04
7.134860250165778780e+03 9.602979002007777827e-04
7.138558258691936317e+03 9.598296866571904597e-04
7.142258183632734472e+03 9.593616903285867668e-04
7.145960025981299623e+03 9.588939111225936547e-04
7.149663786731318396e+03 9.584263489468662633e-04
7.153369466876946717e+03 9.579590037090999566e-04
7.157077067412868928e+03 9.574918753170213234e-04
7.160786589334288692e+03 9.570249636783911048e-04
7.164498033636923537e+03 9.565582687010041945e-04
7.168211401317006676e+03 9.560917902926889880e-04
7.171926693371285182e+03 9.556255283613080331e-04
7.175643910797029093e+03 9.551594828147573794e-04
7.179363054592017761e+03 9.546936535609672290e-04
7.183084125754540764e+03 9.542280405079030204e-04
7.186807125283440655e+03 9.537626435635591406e-04
7.190532054178041108e+03 9.532974626359685738e-04
7.194258913438192394e+03 9.528324976331969389e-04
7.197987704064268655e+03 9.523677484633428147e-04
7.201718427057155168e+03 9.519032150345395826e-04
7.205451083418264716e+03 9.514388972549532586e-04
7.209185674149521219e+03 9.509747950327846616e-04
7.212922200253372466e+03 9.505109082762674619e-04
7.216660662732783749e+03 9.500472368936698072e-04
7.220401062591226037e+03 9.495837807932947568e-04
7.224143400832736006e+03 9.491205398834739928e-04
7.227887678461822361e+03 9.486575140725782285e-04
7.231633896483533135e+03 9.481947032690102696e-04
7.235382055903435685e+03 9.477321073812062071e-04
7.239132157727618505e+03 9.472697263176360670e-04
7.242884202962691234e+03 9.468075599868035945e-04
7.246638192615786465e+03 9.463456082972456027e-04
7.250394127694555209e+03 9.458838711575335992e-04
7.254152009207174160e+03 9.454223484762718345e-04
7.257911838162328422e+03 9.449610401621002295e-04
7.261673615569267895e+03 9.444999461236868940e-04
7.265437342437719963e+03 9.440390662697392948e-04
7.269203019777953159e+03 9.435784005089960149e-04
7.272970648600757158e+03 9.431179487502298984e-04
7.276740229917448232e+03 9.426577109022467489e-04
7.280511764739863793e+03 9.421976868738863057e-04
7.284285254080366940e+03 9.417378765740219183e-04
7.288060698951844643e+03 9.412782799115602212e-04
7.291838100367710467e+03 9.408188967954415676e-04
7.295617459341887297e+03 9.403597271346414389e-04
7.299398776888866450e+03 9.399007708381635056e-04
7.303182054023624914e+03 9.394420278150504696e-04
7.306967291761676279e+03 9.389834979743763663e-04
7.310754491119058912e+03 9.385251812252493834e-04
7.314543653112345055e+03 9.380670774768103430e-04
7.318334778758627181e+03 9.376091866382341112e-04
7.322127869075525268e+03 9.371515086187289477e-04
7.325922925081190442e+03 9.366940433275360717e-04
7.329719947794297696e+03 9.362367906739308548e-04
7.333518938234037705e+03 9.357797505672233633e-04
7.337319897420174129e+03 9.353229229167516357e-04
7.341122826372950840e+03 9.348663076318930671e-04
7.344927726113158315e+03 9.344099046220559522e-04
7.348734597662117267e+03 9.339537137966823048e-04
7.352543442041674098e+03 9.334977350652476401e-04
7.356354260274206354e+03 9.330419683372606502e-04
7.360167053382621816e+03 9.325864135222634204e-04
7.363981822390359412e+03 9.321310705298311043e-04
7.367798568321384664e+03 9.316759392695727910e-04
7.371617292200183329e+03 9.312210196511321557e-04
7.375437995051814141e+03 9.307663115841807375e-04
7.379260677901823328e+03 9.303118149784294320e-04
7.383085341776302812e+03 9.298575297436198180e-04
7.386911987701875660e+03 9.294034557895273010e-04
7.390740616705699722e+03 9.289495930259603551e-04
7.394571229815461265e+03 9.284959413627608474e-04
7.398403828059384068e+03 9.280425007098033882e-04
7.402238412466218506e+03 9.275892709769967400e-04
7.406074984065254284e+03 9.271362520742818664e-04
7.409913543886294065e+03 9.266834439116356176e-04
7.413754092959726222e+03 9.262308463990619493e-04
7.417596632316418436e+03 9.257784594466041735e-04
7.421441162987795906e+03 9.253262829643362853e-04
7.425287686005814066e+03 9.248743168623658898e-04
7.429136202402964955e+03 9.244225610508336605e-04
7.432986713212276300e+03 9.239710154399131221e-04
7.436839219467306975e+03 9.235196799398115181e-04
7.440693722202157915e+03 9.230685544607686180e-04
7.444550222451460286e+03 9.226176389130580184e-04
7.448408721250368217e+03 9.221669332069875767e-04
7.452269219634620640e+03 9.217164372528931227e-04
7.456131718640443069e+03 9.212661509611490837e-04
7.459996219304615806e+03 9.208160742421611124e-04
7.463862722664454850e+03 9.203662070063679292e-04
7.467731229757815527e+03 9.199165491642414313e-04
7.471601741623092494e+03 9.194671006262860420e-04
7.475474259299213372e+03 9.190178613030402285e-04
7.479348783825648752e+03 9.185688311050744419e-04
7.483225316242404915e+03 9.181200099429929606e-04
7.487103857590014741e+03 9.176713977274345404e-04
7.490984408909595004e+03 9.172229943690653675e-04
7.494866971242753607e+03 9.167747997785904426e-04
7.498751545631657791e+03 9.163268138667455577e-04
7.502638133119012309e+03 9.158790365443001151e-04
7.506526734748062154e+03 9.154314677220556093e-04
7.510417351562595286e+03 9.149841073108470370e-04
7.514309984606936268e+03 9.145369552215426795e-04
7.518204634925956270e+03 9.140900113650428024e-04
7.522101303565064882e+03 9.136432756522812814e-04
7.525999991570195562e+03 9.131967479942267952e-04
7.529900699987875669e+03 9.127504283018751273e-04
7.533803429865123690e+03 9.123043164862607675e-04
7.537708182249520178e+03 9.118584124584488883e-04
7.541614958189186837e+03 9.114127161295376223e-04
7.545523758732787428e+03 9.109672274106582783e-04
7.549434584929528683e+03 9.105219462129751249e-04
7.553347437829164846e+03 9.100768724476845234e-04
7.557262318481991315e+03 9.096320060260163366e-04
7.561179227938847362e+03 9.091873468592331703e-04
7.565098167251102495e+03 9.087428948586322164e-04
7.569019137470716487e+03 9.082986499355378803e-04
7.572942139650152058e+03 9.078546120013130565e-04
7.576867174842424902e+03 9.074107809673515393e-04
7.580794244101102777e+03 9.069671567450797575e-04
7.584723348480297318e+03 9.065237392459570996e-04
7.588654489034669496e+03 9.060805283814756970e-04
7.592587666819418700e+03 9.056375240631604241e-04
7.596522882890300934e+03 9.051947262025686813e-04
7.600460138303612439e+03 9.047521347112910456e-04
7.604399434116184239e+03 9.043097495009523546e-04
7.608340771385441258e+03 9.038675704832047682e-04
7.612284151169310462e+03 9.034255975697383931e-04
7.616229574526279976e+03 9.029838306722747778e-04
7.620177042515389985e+03 9.025422697025673466e-04
7.624126556196226375e+03 9.021009145724030254e-04
7.628078116628928001e+03 9.016597651936008326e-04
7.632031724874178508e+03 9.012188214780127464e-04
7.635987381993214512e+03 9.007780833375231624e-04
7.639945089047821057e+03 9.003375506840494364e-04
7.643904847100317056e+03 8.998972234295430760e-04
7.647866657213620783e+03 8.994571014859831281e-04
7.651830520451155280e+03 8.990171847653859356e-04
7.655796437876907476e+03 8.985774731797996091e-04
7.659764410555415452e+03 8.981379666413041342e-04
7.663734439551773903e+03 8.976986650620121314e-04
7.667706525931622309e+03 8.972595683540695059e-04
7.671680670761158581e+03 8.968206764296537134e-04
7.675656875107129963e+03 8.963819892009754946e-04
7.679635140036837583e+03 8.959435065802776824e-04
7.683615466618118262e+03 8.955052284798378044e-04
7.687597855919412723e+03 8.950671548119601677e-04
7.691582309009665551e+03 8.946292854889874606e-04
7.695568826958389764e+03 8.941916204232926201e-04
7.699557410835656810e+03 8.937541595272812181e-04
7.703548061712090202e+03 8.933169027133913524e-04
7.707540780658869153e+03 8.928798498940934301e-04
7.711535568747724938e+03 8.924430009818908180e-04
7.715532427050948172e+03 8.920063558893188667e-04
7.719531356641383354e+03 8.915699145289453448e-04
7.723532358592416131e+03 8.911336768133724983e-04
7.727535433978033325e+03 8.906976426552294613e-04
7.731540583872735624e+03 8.902618119671832069e-04
7.735547809351592150e+03 8.898261846619314993e-04
7.739557111490227726e+03 8.893907606522044118e-04
7.743568491364830152e+03 8.889555398507641105e-04
7.747581950052142929e+03 8.885205221704052872e-04
7.751597488629464351e+03 8.880857075239552683e-04
7.755615108174654779e+03 8.876510958242736895e-04
7.759634809766132094e+03 8.872166869842519534e-04
7.763656594482855326e+03 8.867824809168163742e-04
7.767680463404393777e+03 8.863484775349198290e-04
7.771706417610823337e+03 8.859146767515530332e-04
7.775734458182802882e+03 8.854810784797367352e-04
7.779764586201544262e+03 8.850476826325248594e-04
7.783796802748823211e+03 8.846144891230028808e-04
7.787831108906975714e+03 8.841814978642889089e-04
7.791867505758899824e+03 8.837487087695330371e-04
7.795905994388051113e+03 8.833161217519179933e-04
7.799946575878449949e+03 8.828837367246584892e-04
7.803989251314660578e+03 8.824515536010034975e-04
7.808034021781858428e+03 8.820195722942286622e-04
7.812080888365734609e+03 8.815877927176472492e-04
7.816129852152553212e+03 8.811562147846030988e-04
7.820180914229149494e+03 8.807248384084718183e-04
7.824234075682915318e+03 8.802936635026618667e-04
7.828289337601810075e+03 8.798626899806132528e-04
7.832346701074354314e+03 8.794319177557986204e-04
7.836406167189633379e+03 8.790013467417227052e-04
7.840467737037297411e+03 8.785709768519222272e-04
7.844531411707545885e+03 8.781408079999677334e-04
7.848597192291191277e+03 8.777108400994568758e-04
7.852665079879560835e+03 8.772810730640248199e-04
7.856735075564564795e+03 8.768515068073367636e-04
7.860807180438682735e+03 8.764221412430899969e-04
7.864881395594955393e+03 8.759929762850142279e-04
7.868957722126989211e+03 8.755640118468711484e-04
7.873036161128965432e+03 8.751352478424542173e-04
7.877116713695621911e+03 8.747066841855895281e-04
7.881199380922272212e+03 8.742783207901346160e-04
7.885284163904775596e+03 8.738501575699812772e-04
7.889371063739612509e+03 8.734221944390478708e-04
7.893460081523778172e+03 8.729944313112903776e-04
7.897551218354856246e+03 8.725668681006943771e-04
7.901644475330997921e+03 8.721395047212781920e-04
7.905739853550923726e+03 8.717123410870916949e-04
7.909837354113921720e+03 8.712853771122169595e-04
7.913936978119853848e+03 8.708586127107677179e-04
7.918038726669146854e+03 8.704320477968902287e-04
7.922142600862804102e+03 8.700056822847621919e-04
7.926248601802373742e+03 8.695795160885956771e-04
7.930356730590034203e+03 8.691535491226284492e-04
7.934466988328481420e+03 8.687277813011362202e-04
7.938579376120996130e+03 8.683022125384248432e-04
7.942693895071435691e+03 8.678768427488317214e-04
7.946810546284227712e+03 8.674516718467264586e-04
7.950929330864370968e+03 8.670266997465105345e-04
7.955050249917437213e+03 8.666019263626173041e-04
7.959173304549574823e+03 8.661773516095116728e-04
7.963298495867498787e+03 8.657529754016910720e-04
7.967425824978487981e+03 8.653287976536856762e-04
7.971555292990439739e+03 8.649048182800533066e-04
7.975686901011778900e+03 8.644810371953877805e-04
7.979820650151517839e+03 8.640574543143140314e-04
7.983956541519247367e+03 8.636340695514882178e-04
7.988094576225132187e+03 8.632108828215981572e-04
7.992234755379912713e+03 8.627878940393637593e-04
7.996377080094901430e+03 8.623651031195370261e-04
8.000521551481989263e+03 8.619425099769014017e-04
8.004668170653647394e+03 8.615201145262717719e-04
8.008816938722901796e+03 8.610979166824969579e-04
8.012967856803405084e+03 8.606759163604524527e-04
8.017120926009336472e+03 8.602541134750505032e-04
8.021276147455476348e+03 8.598325079412331724e-04
8.025433522257173536e+03 8.594110996739743984e-04
8.029593051530360754e+03 8.589898885882802119e-04
8.033754736391547340e+03 8.585688745991877603e-04
8.037918577957820162e+03 8.581480576217660663e-04
8.042084577346846345e+03 8.577274375711161367e-04
8.046252735676872362e+03 8.573070143623704202e-04
8.050423054066706754e+03 8.568867879106947588e-04
8.054595533635787433e+03 8.564667581312813407e-04
8.058770175504084364e+03 8.560469249393595423e-04
8.062946980792163231e+03 8.556272882501883385e-04
8.067125950621168158e+03 8.552078479790587969e-04
8.071307086112830802e+03 8.547886040412928845e-04
8.075490388389454893e+03 8.543695563522447694e-04
8.079675858573936239e+03 8.539507048272999530e-04
8.083863497789743633e+03 8.535320493818758123e-04
8.088053307160932491e+03 8.531135899314208409e-04
8.092245287812123934e+03 8.526953263914172510e-04
8.096439440868570273e+03 8.522772586773734926e-04
8.100635767456058602e+03 8.518593867048347701e-04
8.104834268700974462e+03 8.514417103893761034e-04
8.109034945730289110e+03 8.510242296466040629e-04
8.113237799671555877e+03 8.506069443921566607e-04
8.117442831652914720e+03 8.501898545417035675e-04
8.121650042803087672e+03 8.497729600109458960e-04
8.125859434251381572e+03 8.493562607156164177e-04
8.130071007127691701e+03 8.489397565714790206e-04
8.134284762562479955e+03 8.485234474943310944e-04
8.138500701686844877e+03 8.481073333999962667e-04
8.142718825632418884e+03 8.476914142043350279e-04
8.146939135531441934e+03 8.472756898232369251e-04
8.151161632516736063e+03 8.468601601726238144e-04
8.155386317721712658e+03 8.464448251684483435e-04
8.159613192280369731e+03 8.460296847266950354e-04
8.163842257327293737e+03 8.456147387633795301e-04
8.168073513997661394e+03 8.451999871945486921e-04
8.172306963427233313e+03 8.447854299362812618e-04
8.176542606752342181e+03 8.443710669046889392e-04
8.180780445109965513e+03 8.439568980159094453e-04
8.185020479637611061e+03 8.435429231861173638e-04
8.189262711473400486e+03 8.431291423315166603e-04
8.193507141756039346e+03 8.427155553683426340e-04
8.197753771624831643e+03 8.423021622128621343e-04
8.202002602219659821e+03 8.418889627813731270e-04
8.206253634681006588e+03 8.414759569902050202e-04
8.210506870149944007e+03 8.410631447557184465e-04
8.214762309768131672e+03 8.406505259943055893e-04
8.219019954677807618e+03 8.402381006223912660e-04
8.223279806021851982e+03 8.398258685564267490e-04
8.227541864943685141e+03 8.394138297128996310e-04
8.231806132587336833e+03 8.390019840083272123e-04
8.236072610097429788e+03 8.385903313592575842e-04
8.240341298619183362e+03 8.381788716822704969e-04
8.244612199298404448e+03 8.377676048939769254e-04
8.248885313281498384e+03 8.373565309110188532e-04
8.253160641715461679e+03 8.369456496500698138e-04
8.257438185747889293e+03 8.365349610278341322e-04
8.261717946526949163e+03 8.361244649610494184e-04
8.265999925201458609e+03 8.357141613664791947e-04
8.270284122920777008e+03 8.353040501609231960e-04
8.274570540834876738e+03 8.348941312612108640e-04
8.278859180094328622e+03 8.344844045842027573e-04
8.283150041850296475e+03 8.340748700467902257e-04
8.287443127254542560e+03 8.336655275658962777e-04
8.291738437459425768e+03 8.332563770584747133e-04
8.296035973617899799e+03 8.328474184415107740e-04
8.300335736883520440e+03 8.324386516320202763e-04
8.304637728410421914e+03 8.320300765470524298e-04
8.308941949353386008e+03 8.316216931036822481e-04
8.313248400867745659e+03 8.312135012190207404e-04
8.317557084109443167e+03 8.308055008102086230e-04
8.321868000235028376e+03 8.303976917944174037e-04
8.326181150401644118e+03 8.299900740888498151e-04
8.330496535767035311e+03 8.295826476107397065e-04
8.334814157489545323e+03 8.291754122773517185e-04
8.339134016728119605e+03 8.287683680059818253e-04
8.343456114642303874e+03 8.283615147139565755e-04
8.347780452392225925e+03 8.279548523186356940e-04
8.352107031138670209e+03 8.275483807374048187e-04
8.356435852042966872e+03 8.271420998876854742e-04
8.360766916267066335e+03 8.267360096869284585e-04
8.365100224973521108e+03 8.263301100526157950e-04
8.369435779325487601e+03 8.259244009022599729e-04
8.373773580486724313e+03 8.255188821534050316e-04
8.378113629621591826e+03 8.251135537236256937e-04
8.382455927895056448e+03 8.247084155305273645e-04
8.386800476472686569e+03 8.243034674917469997e-04
8.391147276520634477e+03 8.238987095249536473e-04
8.395496329205714574e+03 8.234941415478424847e-04
8.399847635695288773e+03 8.230897634781444679e-04
8.404201197157346542e+03 8.226855752336200431e-04
8.408557014760477614e+03 8.222815767320602312e-04
8.412915089673879265e+03 8.218777678912869526e-04
8.417275423067354495e+03 8.214741486291532446e-04
8.421638016111312027e+03 8.210707188635428273e-04
8.426002869976771763e+03 8.206674785123703204e-04
8.430369985835353873e+03 8.202644274935813520e-04
8.434739364859271518e+03 8.198615657251533172e-04
8.439111008221396332e+03 8.194588931250907163e-04
8.443484917095156561e+03 8.190564096114326354e-04
8.447861092654606182e+03 8.186541151022479765e-04
8.452239536074404896e+03 8.182520095156364326e-04
8.456620248529827222e+03 8.178500927697279462e-04
8.461003231196749766e+03 8.174483647826840099e-04
8.465388485251662132e+03 8.170468254726961487e-04
8.469776011871665105e+03 8.166454747579872213e-04
8.474165812234465193e+03 8.162443125568105522e-04
8.478557887518363714e+03 8.158433387874516668e-04
8.482952238902325917e+03 8.154425533682225450e-04
8.487348867565877299e+03 8.150419562174700781e-04
8.491747774689165453e+03 8.146415472535707561e-04
8.496148961452958247e+03 8.142413263949313182e-04
8.500552429038627452e+03 8.138412935599897285e-04
8.504958178628165115e+03 8.134414486672142007e-04
8.509366211404167188e+03 8.130417916351036309e-04
8.513776528549848081e+03 8.126423223821880324e-04
8.518189131249033380e+03 8.122430408270277756e-04
8.522604020686148942e+03 8.118439468882152153e-04
8.527021198046277277e+03 8.114450404843691605e-04
8.531440664515073877e+03 8.110463215341431149e-04
8.535862421278816328e+03 8.106477899562202893e-04
8.540286469524407948e+03 8.102494456693141436e-04
8.544712810439352324e+03 8.098512885921689292e-04
8.549141445211784230e+03 8.094533186435591467e-04
8.553572375030444164e+03 8.090555357422903049e-04
8.558005601084687441e+03 8.086579398071981617e-04
8.562441124564495112e+03 8.082605307571493749e-04
8.566878946660441215e+03 8.078633085110421526e-04
8.571319068563765541e+03 8.074662729878013742e-04
8.575761491466280859e+03 8.070694241063865052e-04
8.580206216560429311e+03 8.066727617857862844e-04
8.584653245039275134e+03 8.062762859450198086e-04
8.589102578096497382e+03 8.058799965031366403e-04
8.593554216926395384e+03 8.054838933792171337e-04
8.598008162723886926e+03 8.050879764923720002e-04
8.602464416684508251e+03 8.046922457617422010e-04
8.606922980004417695e+03 8.042967011064994882e-04
8.611383853880373863e+03 8.039013424458474897e-04
8.615847039509806564e+03 8.035061696990158540e-04
8.620312538090718590e+03 8.031111827852689244e-04
8.624780350821745742e+03 8.027163816239003174e-04
8.629250478902147734e+03 8.023217661342337903e-04
8.633722923531806373e+03 8.019273362356235668e-04
8.638197685911225562e+03 8.015330918474545532e-04
8.642674767241525842e+03 8.011390328891417967e-04
8.647154168724457122e+03 8.007451592801310275e-04
8.651635891562389588e+03 8.003514709398977913e-04
8.656119936958297330e+03 7.999579677879500514e-04
8.660606306115832922e+03 7.995646497438214668e-04
8.665095000239220099e+03 7.991715167270804993e-04
8.669586020533322881e+03 7.987785686573245589e-04
8.674079368203629201e+03 7.983858054541813050e-04
8.678575044456250907e+03 7.979932270373088629e-04
8.683073050497929216e+03 7.976008333263954987e-04
8.687573387536027440e+03 7.972086242411597279e-04
8.692076056778534621e+03 7.968165997013507487e-04
8.696581059434065537e+03 7.964247596267477920e-04
8.701088396711844325e+03 7.960331039371618556e-04
8.705598069821779063e+03 7.956416325524297414e-04
8.710110079974341716e+03 7.952503453924231625e-04
8.714624428380657264e+03 7.948592423770424551e-04
8.719141116252478241e+03 7.944683234262180961e-04
8.723660144802181094e+03 7.940775884599109201e-04
8.728181515242775276e+03 7.936870373981121194e-04
8.732705228787892338e+03 7.932966701608430270e-04
8.737231286651798655e+03 7.929064866681551169e-04
8.741759690049386336e+03 7.925164868401300038e-04
8.746290440196162308e+03 7.921266705968812863e-04
8.750823538308317438e+03 7.917370378585479335e-04
8.755358985602611938e+03 7.913475885453037173e-04
8.759896783296462672e+03 7.909583225773511410e-04
8.764436932607915878e+03 7.905692398749226317e-04
8.768979434755645343e+03 7.901803403582812997e-04
8.773524290958957863e+03 7.897916239477197455e-04
8.778071502437796880e+03 7.894030905635612523e-04
8.782621070412729750e+03 7.890147401261588108e-04
8.787172996104964113e+03 7.886265725558956607e-04
8.791727280736315151e+03 7.882385877731868089e-04
8.796283925529292901e+03 7.878507856984726327e-04
8.800842931706982199e+03 7.874631662522282036e-04
8.805404300493119081e+03 7.870757293549572164e-04
8.809968033112078047e+03 7.866884749271932896e-04
8.814534130788862967e+03 7.863014028895002911e-04
8.819102594749116179e+03 7.859145131624720127e-04
8.823673426219113026e+03 7.855278056667322787e-04
8.828246626425767317e+03 7.851412803229350541e-04
8.832822196596624053e+03 7.847549370517642280e-04
8.837400137959850326e+03 7.843687757739353479e-04
8.841980451744302627e+03 7.839827964101891153e-04
8.846563139179419522e+03 7.835969988813010342e-04
8.851148201495296234e+03 7.832113831080752316e-04
8.855735639922662813e+03 7.828259490113455418e-04
8.860325455692891410e+03 7.824406965119758313e-04
8.864917650037987187e+03 7.820556255308596738e-04
8.869512224190595589e+03 7.816707359889214345e-04
8.874109179384004165e+03 7.812860278071143182e-04
8.878708516852135290e+03 7.809015009064224295e-04
8.883310237829535254e+03 7.805171552078605558e-04
8.887914343551441561e+03 7.801329906324692889e-04
8.892520835253681071e+03 7.797490071013238062e-04
8.897129714172737295e+03 7.793652045355271493e-04
8.901740981545735849e+03 7.789815828562126091e-04
8.906354638610438997e+03 7.785981419845434005e-04
8.910970686605258379e+03 7.782148818417123368e-04
8.915589126769240465e+03 7.778318023489421557e-04
8.920209960342075647e+03 7.774489034274860606e-04
8.924833188564098236e+03 7.770661849986259867e-04
8.929458812676266461e+03 7.766836469836762864e-04
8.934086833920237041e+03 7.763012893039758153e-04
8.938717253538254226e+03 7.759191118808982318e-04
8.943350072773222564e+03 7.755371146358453838e-04
8.947985292868694160e+03 7.751552974902489344e-04
8.952622915068865041e+03 7.747736603655702541e-04
8.957262940618573339e+03 7.743922031833005287e-04
8.961905370763304745e+03 7.740109258649608684e-04
8.966550206749190693e+03 7.736298283321018732e-04
8.971197449823004717e+03 7.732489105063040675e-04
8.975847101232155183e+03 7.728681723091793089e-04
8.980499162224743486e+03 7.724876136623645001e-04
8.985153634049469474e+03 7.721072344875310215e-04
8.989810517955695104e+03 7.717270347063779007e-04
8.994469815193429895e+03 7.713470142406348481e-04
8.999131527013332743e+03 7.709671730120604138e-04
9.003795654666710107e+03 7.705875109424430722e-04
9.008462199405514184e+03 7.702080279536013298e-04
9.013131162482350192e+03 7.698287239673827498e-04
9.017802545150470905e+03 7.694495989056652531e-04
9.022476348663760291e+03 7.690706526903574435e-04
9.027152574276804444e+03 7.686918852433932952e-04
9.031831223244789726e+03 7.683132964867406094e-04
9.036512296823566430e+03 7.679348863423958102e-04
9.041195796269637867e+03 7.675566547323845953e-04
9.045881722840160364e+03 7.671786015787623696e-04
9.050570077792937809e+03 7.668007268036140280e-04
9.055260862386428926e+03 7.664230303290543896e-04
9.059954077879743636e+03 7.660455120772274385e-04
9.064649725532643060e+03 7.656681719703070828e-04
9.069347806605526785e+03 7.652910099304981303e-04
9.074048322359496524e+03 7.649140258800304340e-04
9.078751274056257898e+03 7.645372197411681075e-04
9.083456662958185916e+03 7.641605914362028032e-04
9.088164490328312240e+03 7.637841408874564229e-04
9.092874757430319733e+03 7.634078680172799248e-04
9.097587465528546090e+03 7.630317727480538659e-04
9.102302615887991124e+03 7.626558550021881851e-04
9.107020209774300383e+03 7.622801147021227453e-04
9.111740248453781533e+03 7.619045517703264660e-04
9.116462733193378881e+03 7.615291661292991664e-04
9.121187665260746144e+03 7.611539577015664698e-04
9.125915045924142760e+03 7.607789264096867423e-04
9.130644876452503013e+03 7.604040721762474067e-04
9.135377158115414204e+03 7.600293949238646173e-04
9.140111892183125747e+03 7.596548945751842351e-04
9.144849079926545528e+03 7.592805710528816119e-04
9.149588722617239910e+03 7.589064242796613726e-04
9.154330821527431908e+03 7.585324541782574159e-04
9.159075377930006653e+03 7.581586606714335640e-04
9.163822393098485918e+03 7.577850436819839972e-04
9.168571868307111799e+03 7.574116031327281576e-04
9.173323804830732115e+03 7.570383389465188805e-04
9.178078203944867710e+03 7.566652510462376245e-04
9.182835066925706997e+03 7.562923393547943624e-04
9.187594395050093226e+03 7.559196037951290996e-04
9.192356189595537217e+03 7.555470442902107895e-04
9.197120451840210080e+03 7.551746607630376593e-04
9.201887183062943222e+03 7.548024531366376430e-04
9.206656384543231979e+03 7.544304213340678397e-04
9.211428057561217429e+03 7.540585652784159232e-04
9.216202203397759149e+03 7.536868848927943954e-04
9.220978823334322442e+03 7.533153801003502356e-04
9.225757918653058368e+03 7.529440508242569866e-04
9.230539490636783739e+03 7.525728969877184399e-04
9.235323540568973840e+03 7.522019185139672270e-04
9.240110069733775163e+03 7.518311153262654698e-04
9.244899079415998131e+03 7.514604873479044551e-04
9.249690570901117098e+03 7.510900345022044180e-04
9.254484545475273990e+03 7.507197567125153004e-04
9.259281004425256469e+03 7.503496539022171856e-04
9.264079949038581617e+03 7.499797259947155268e-04
9.268881380603372236e+03 7.496099729134489539e-04
9.273685300408435069e+03 7.492403945818840692e-04
9.278491709743249885e+03 7.488709909235163149e-04
9.283300609897962204e+03 7.485017618618709486e-04
9.288112002163388752e+03 7.481327073205017424e-04
9.292925887831010186e+03 7.477638272229920674e-04
9.297742268192982010e+03 7.473951214929541341e-04
9.302561144542123657e+03 7.470265900540294267e-04
9.307382518171913034e+03 7.466582328298901122e-04
9.312206390376546551e+03 7.462900497442327523e-04
9.317032762450840892e+03 7.459220407207879525e-04
9.321861635690300318e+03 7.455542056833134234e-04
9.326693011391102118e+03 7.451865445555962576e-04
9.331526890850091149e+03 7.448190572614527124e-04
9.336363275364788933e+03 7.444517437247277769e-04
9.341202166233388198e+03 7.440846038692959302e-04
9.346043564754751060e+03 7.437176376190604912e-04
9.350887472228418119e+03 7.433508448979536188e-04
9.355733889954582992e+03 7.429842256299383713e-04
9.360582819234163253e+03 7.426177797390023103e-04
9.365434261368705847e+03 7.422515071491662822e-04
9.370288217660439841e+03 7.418854077844789976e-04
9.375144689412276421e+03 7.415194815690176813e-04
9.380003677927797980e+03 7.411537284268890488e-04
9.384865184511265397e+03 7.407881482822285465e-04
9.389729210467614394e+03 7.404227410592006779e-04
9.394595757102455536e+03 7.400575066819987859e-04
9.399464825722076057e+03 7.396924450748453787e-04
9.404336417633425299e+03 7.393275561619932134e-04
9.409210534144180201e+03 7.389628398677198758e-04
9.414087176562645254e+03 7.385982961163359110e-04
9.418966346197817984e+03 7.382339248321797285e-04
9.423848044359372579e+03 7.378697259396180350e-04
9.428732272357667171e+03 7.375056993630472449e-04
9.433619031503734732e+03 7.371418450268921781e-04
9.438508323109288540e+03 7.367781628556064949e-04
9.443400148486722173e+03 7.364146527736731285e-04
9.448294508949109513e+03 7.360513147056035269e-04
9.453191405810188371e+03 7.356881485759396043e-04
9.458090840384427793e+03 7.353251543092479943e-04
9.462992813986926194e+03 7.349623318301279655e-04
9.467897327933482302e+03 7.345996810632067584e-04
9.472804383540573326e+03 7.342372019331401285e-04
9.477713982125364055e+03 7.338748943646127790e-04
9.482626125005697759e+03 7.335127582823381450e-04
9.487540813500099830e+03 7.331507936110586094e-04
9.492458048927783238e+03 7.327890002755450697e-04
9.497377832608641256e+03 7.324273782005975885e-04
9.502300165863231086e+03 7.320659273110463692e-04
9.507225050012857537e+03 7.317046475317457929e-04
9.512152486379447510e+03 7.313435387875835258e-04
9.517082476285631856e+03 7.309826010034745558e-04
9.522015021054729004e+03 7.306218341043626023e-04
9.526950122010744963e+03 7.302612380152198992e-04
9.531887780478366039e+03 7.299008126610479538e-04
9.536827997782969760e+03 7.295405579668766795e-04
9.541770775250619408e+03 7.291804738577643960e-04
9.546716114208065846e+03 7.288205602587985877e-04
9.551664015982725687e+03 7.284608170950966632e-04
9.556614481902766784e+03 7.281012442918004257e-04
9.561567513296980906e+03 7.277418417740847464e-04
9.566523111494872865e+03 7.273826094671517100e-04
9.571481277826631413e+03 7.270235472962318073e-04
9.576442013623140156e+03 7.266646551865848028e-04
9.581405320215968459e+03 7.263059330634982162e-04
9.586371198937378722e+03 7.259473808522890577e-04
9.591339651120319104e+03 7.255889984783024183e-04
9.596310678098434437e+03 7.252307858669122288e-04
9.601284281206037122e+03 7.248727429435224525e-04
9.606260461778190802e+03 7.245148696335612301e-04
9.611239221150593949e+03 7.241571658624896624e-04
9.616220560659652620e+03 7.237996315557961718e-04
9.621204481642469545e+03 7.234422666389974787e-04
9.626190985436838673e+03 7.230850710376390345e-04
9.631180073381246984e+03 7.227280446772948053e-04
9.636171746814876315e+03 7.223711874835672718e-04
9.641166007077599716e+03 7.220144993820875375e-04
9.646162855509988731e+03 7.216579802985152205e-04
9.651162293453287930e+03 7.213016301585397543e-04
9.656164322249496763e+03 7.209454488878750756e-04
9.661168943241247689e+03 7.205894364122675385e-04
9.666176157771889848e+03 7.202335926574910362e-04
9.671185967185474510e+03 7.198779175493474338e-04
9.676198372826740524e+03 7.195224110136674367e-04
9.681213376041132506e+03 7.191670729763100477e-04
9.686230978174784468e+03 7.188119033631630008e-04
9.691251180574530736e+03 7.184569021001420029e-04
9.696273984587905943e+03 7.181020691131918170e-04
9.701299391563121389e+03 7.177474043282864799e-04
9.706327402849145074e+03 7.173929076714246397e-04
9.711358019795588916e+03 7.170385790686373620e-04
9.716391243752777882e+03 7.166844184459827093e-04
9.721427076071742704e+03 7.163304257295472583e-04
9.726465518104208968e+03 7.159766008454461006e-04
9.731506571202609848e+03 7.156229437198222999e-04
9.736550236720071553e+03 7.152694542788476514e-04
9.741596516010426058e+03 7.149161324487222479e-04
9.746645410428203832e+03 7.145629781556745884e-04
9.751696921328622921e+03 7.142099913259626620e-04
9.756751050067658070e+03 7.138571718858688527e-04
9.761807798001927949e+03 7.135045197617081785e-04
9.766867166488775183e+03 7.131520348798224378e-04
9.771929156886246346e+03 7.127997171665815092e-04
9.776993770553093782e+03 7.124475665483837863e-04
9.782061008848766505e+03 7.120955829516560686e-04
9.787130873133426576e+03 7.117437663028534532e-04
9.792203364767934545e+03 7.113921165284592266e-04
9.797278485113860370e+03 7.110406335549848645e-04
9.802356235533457948e+03 7.106893173089714414e-04
9.807436617389745152e+03 7.103381677169846430e-04
9.812519632046392871e+03 7.099871847056217055e-04
9.817605280867790498e+03 7.096363682015076205e-04
9.822693565219040465e+03 7.092857181312949184e-04
9.827784486465947339e+03 7.089352344216648611e-04
9.832878045975028726e+03 7.085849169993265742e-04
9.837974245113508005e+03 7.082347657910174812e-04
9.843073085249316136e+03 7.078847807235033032e-04
9.848174567751097129e+03 7.075349617235778422e-04
9.853278693988175291e+03 7.071853087180644988e-04
9.858385465330657098e+03 7.068358216338106346e-04
9.863494883149287489e+03 7.064865003976961372e-04
9.868606948815549913e+03 7.061373449366275656e-04
9.873721663701633588e+03 7.057883551775393427e-04
9.878839029180440775e+03 7.054395310473944060e-04
9.883959046625586780e+03 7.050908724731836654e-04
9.889081717411394493e+03 7.047423793819262202e-04
9.894207042912901670e+03 7.043940517006691418e-04
9.899335024505860929e+03 7.040458893564877996e-04
9.904465663566714284e+03 7.036978922764869446e-04
9.909598961472678639e+03 7.033500603877951805e-04
9.914734919601622096e+03 7.030023936175734201e-04
9.919873539332151267e+03 7.026548918930093559e-04
9.925014822043583990e+03 7.023075551413186530e-04
9.930158769115952964e+03 7.019603832897449488e-04
9.935305381930007570e+03 7.016133762655600700e-04
9.940454661867210234e+03 7.012665339960638157e-04
9.945606610309745520e+03 7.009198564085839574e-04
9.950761228640507397e+03 7.005733434304763476e-04
9.955918518243086510e+03 7.002269949891262203e-04
9.961078480501857484e+03 6.998808110119426624e-04
9.966241116801844328e+03 6.995347914263672865e-04
9.971406428528813194e+03 6.991889361598672926e-04
9.976574417069248739e+03 6.988432451399390457e-04
9.981745083810350479e+03 6.984977182941060157e-04
9.986918430140040073e+03 6.981523555499200787e-04
9.992094457446959495e+03 6.978071568349608665e-04
9.997273167120467406e+03 6.974621220768362001e-04
