# z Tgas/Tcmb slope Compton/H
3.162277660168379523e+00 3.311232775479924090e-02 1.996138204371148417e+00 3.964954810983795652e-01
3.167380036066730575e+00 3.315276203196233090e-02 1.996134576242411640e+00 3.976869339865269359e-01
3.172490644714575758e+00 3.319326106345943384e-02 1.996127310001440947e+00 3.988814603423553873e-01
3.177609499395562587e+00 3.323382495185621399e-02 1.996120026911910372e+00 4.000790551342868762e-01
3.182736613414773874e+00 3.327445379990330576e-02 1.996112727554816502e+00 4.012797134412494637e-01
3.187872000098757042e+00 3.331514771053323276e-02 1.996105411708811062e+00 4.024834304916352634e-01
3.193015672795564530e+00 3.335590678679871413e-02 1.996098078752652327e+00 4.036902016675874560e-01
3.198167644874783999e+00 3.339673113190199522e-02 1.996090729082197868e+00 4.049000225356046978e-01
3.203327929727577850e+00 3.343762084924909589e-02 1.996083363024524715e+00 4.061128889011183518e-01
3.208496540766712979e+00 3.347857604239056623e-02 1.996075979982379067e+00 4.073287968136874992e-01
3.213673491426598527e+00 3.351959681500531890e-02 1.996068579840311941e+00 4.085477425914838534e-01
3.218858795163320963e+00 3.356068327095672321e-02 1.996061162994067217e+00 4.097697228868001917e-01
3.224052465454676497e+00 3.360183551427910198e-02 1.996053729194159132e+00 4.109947347011838059e-01
3.229254515800211056e+00 3.364305364913857538e-02 1.996046278222820547e+00 4.122227754008105371e-01
3.234464959721249588e+00 3.368433777987518002e-02 1.996038810423272025e+00 4.134538427841992769e-01
3.239683810760934701e+00 3.372568801100770536e-02 1.996031325579167515e+00 4.146879351184738494e-01
3.244911082484261300e+00 3.376710444718298426e-02 1.996023823345296933e+00 4.159250511436453079e-01
3.250146788478109894e+00 3.380858719321624267e-02 1.996016304019121890e+00 4.171651901332839030e-01
3.255390942351287009e+00 3.385013635410468597e-02 1.996008767522368998e+00 4.184083519590325317e-01
3.260643557734554498e+00 3.389175203498312472e-02 1.996001213484760228e+00 4.196545370862306279e-01
3.265904648280668177e+00 3.393343434114435425e-02 1.995993642192502193e+00 4.209037466203301436e-01
3.271174227664412015e+00 3.397518337807413358e-02 1.995986053842671026e+00 4.221559823965969627e-01
3.276452309582637223e+00 3.401699925140935776e-02 1.995978447953689283e+00 4.234112469775777043e-01
3.281738907754292001e+00 3.405888206692336134e-02 1.995970824423693557e+00 4.246695436818020974e-01
3.287034035920461505e+00 3.410083193057292239e-02 1.995963183557705634e+00 4.259308766815534386e-01
3.292337707844402050e+00 3.414284894848591823e-02 1.995955525066506198e+00 4.271952510230496158e-01
3.297649937311577073e+00 3.418493322692414682e-02 1.995947848858975249e+00 4.284626726332318447e-01
3.302970738129693995e+00 3.422708487233767916e-02 1.995940155221319401e+00 4.297331484066668761e-01
3.308300124128738418e+00 3.426930399134280741e-02 1.995932443813273949e+00 4.310066862645711705e-01
3.313638109161010092e+00 3.431159069069163181e-02 1.995924714403486178e+00 4.322832951408081548e-01
3.318984707101159781e+00 3.435394507731204944e-02 1.995916967419248067e+00 4.335629850443583067e-01
3.324339931846227447e+00 3.439636725832421332e-02 1.995909202854193154e+00 4.348457671561608007e-01
3.329703797315673786e+00 3.443885734098777601e-02 1.995901420047459851e+00 4.361316538070732496e-01
3.335076317451418859e+00 3.448141543269930831e-02 1.995893619036678501e+00 4.374206585112809242e-01
3.340457506217878514e+00 3.452404164105465911e-02 1.995885800406711041e+00 4.387127960755851097e-01
3.345847377602000350e+00 3.456673607383411312e-02 1.995877963925636323e+00 4.400080825986654731e-01
3.351245945613301913e+00 3.460949883894789275e-02 1.995870109042868989e+00 4.413065354716411703e-01
3.356653224283901782e+00 3.465233004446367782e-02 1.995862236098844278e+00 4.426081734694475300e-01
3.362069227668562643e+00 3.469522979865595491e-02 1.995854345194459256e+00 4.439130167956559792e-01
3.367493969844722379e+00 3.473819820993667706e-02 1.995846435753321657e+00 4.452210870517236962e-01
3.372927464912534035e+00 3.478123538686671984e-02 1.995838507947382823e+00 4.465324072929368060e-01
3.378369726994902678e+00 3.482434143820933165e-02 1.995830562111166273e+00 4.478470021146622737e-01
3.383820770237519149e+00 3.486751647289131062e-02 1.995822597911512730e+00 4.491648976083154610e-01
3.389280608808898698e+00 3.491076059998463738e-02 1.995814615042093010e+00 4.504861213790966046e-01
3.394749256900417400e+00 3.495407392872744434e-02 1.995806613798038143e+00 4.518107026373093804e-01
3.400226728726351677e+00 3.499745656855580977e-02 1.995798594139500892e+00 4.531386721782957872e-01
3.405713038523910274e+00 3.504090862904331305e-02 1.995790555563644375e+00 4.544700623599119416e-01
3.411208200553274672e+00 3.508443021992156685e-02 1.995782498546986972e+00 4.558049071645422501e-01
3.416712229097635056e+00 3.512802145114567870e-02 1.995774423224929706e+00 4.571432422245624849e-01
3.422225138463227623e+00 3.517168243279953505e-02 1.995766328743059148e+00 4.584851047661107071e-01
3.427746942979373657e+00 3.521541327510425284e-02 1.995758215441071570e+00 4.598305336295388512e-01
3.433277656998513283e+00 3.525921408851485223e-02 1.995750083692769294e+00 4.611795693228475934e-01
3.438817294896244103e+00 3.530308498362711572e-02 1.995741932724854450e+00 4.625322539582084058e-01
3.444365871071358942e+00 3.534702607117030937e-02 1.995733762723546079e+00 4.638886312336037432e-01
3.449923399945885816e+00 3.539103746209940060e-02 1.995725574178436545e+00 4.652487464720470589e-01
3.455489895965120350e+00 3.543511926753023511e-02 1.995717366484996091e+00 4.666126465862442396e-01
3.461065373597666195e+00 3.547927159870813141e-02 1.995709139292273449e+00 4.679803800228399813e-01
3.466649847335472323e+00 3.552349456706201114e-02 1.995700893273237853e+00 4.693519967667850179e-01
3.472243331693870783e+00 3.556778828424165401e-02 1.995692628432266247e+00 4.707275483349290801e-01
3.477845841211615330e+00 3.561215286202168429e-02 1.995684343797222482e+00 4.721070876984960196e-01
3.483457390450916957e+00 3.565658841231110487e-02 1.995676039721786310e+00 4.734906692545105544e-01
3.489077993997483418e+00 3.570109504726216160e-02 1.995667716856871721e+00 4.748783488178260903e-01
3.494707666460555195e+00 3.574567287918866548e-02 1.995659374531044250e+00 4.762701835493205471e-01
3.500346422472948138e+00 3.579032202053015338e-02 1.995651012321218332e+00 4.776662318995294476e-01
3.505994276691086320e+00 3.583504258391018854e-02 1.995642630816519159e+00 4.790665535783293905e-01
3.511651243795041566e+00 3.587983468216927874e-02 1.995634230121140718e+00 4.804712094963259350e-01
3.517317338488572975e+00 3.592469842828904802e-02 1.995625809507998838e+00 4.818802616900844105e-01
3.522992575499164225e+00 3.596963393539377024e-02 1.995617368967600669e+00 4.832937732725654523e-01
3.528676969578063538e+00 3.601464131681382519e-02 1.995608909013583343e+00 4.847118083705964087e-01
3.534370535500318322e+00 3.605972068606998204e-02 1.995600429450860247e+00 4.861344320455626700e-01
3.540073288064816026e+00 3.610487215682563894e-02 1.995591929714692014e+00 4.875617102325087715e-01
3.545785242094322776e+00 3.615009584290156813e-02 1.995583410191727580e+00 4.889937096671836958e-01
3.551506412435520676e+00 3.619539185834783762e-02 1.995574871071198686e+00 4.904304977989437098e-01
3.557236813959049559e+00 3.624076031735459780e-02 1.995566311577363194e+00 4.918721427269920898e-01
3.562976461559540287e+00 3.628620133425393413e-02 1.995557731980341032e+00 4.933187131279646032e-01
3.568725370155658272e+00 3.633171502361366018e-02 1.995549132730445763e+00 4.947702781495352253e-01
3.574483554690138121e+00 3.637730150016063591e-02 1.995540513184948850e+00 4.962269073455271018e-01
3.580251030129828926e+00 3.642296087875807054e-02 1.995531873132790679e+00 4.976886706120094428e-01
3.586027811465724469e+00 3.646869327446801423e-02 1.995523213131605189e+00 4.991556380785728830e-01
3.591813913713009399e+00 3.651449880255995539e-02 1.995514533027574089e+00 5.006278800167957010e-01
3.597609351911094766e+00 3.656037757843750430e-02 1.995505832038872995e+00 5.021054667942125294e-01
3.603414141123656655e+00 3.660632971765421378e-02 1.995497110597852952e+00 5.035884687876295285e-01
3.609228296438679706e+00 3.665235533601011314e-02 1.995488369194276856e+00 5.050769562526351564e-01
3.615051832968490420e+00 3.669845454946110003e-02 1.995479607121183108e+00 5.065709992858846711e-01
3.620884765849800235e+00 3.674462747409951852e-02 1.995470824164158330e+00 5.080706677667602422e-01
3.626727110243744168e+00 3.679087422621944714e-02 1.995462020795514491e+00 5.095760312311388152e-01
3.632578881335918108e+00 3.683719492231565112e-02 1.995453196849041433e+00 5.110871587907585001e-01
3.638440094336423680e+00 3.688358967902590629e-02 1.995444351738001387e+00 5.126041191124970364e-01
3.644310764479901099e+00 3.693005861314989369e-02 1.995435485896507544e+00 5.141269803336301347e-01
3.650190907025573139e+00 3.697660184172602699e-02 1.995426599632367015e+00 5.156558099265666772e-01
3.656080537257281549e+00 3.702321948194333551e-02 1.995417692220371464e+00 5.171906746928545129e-01
3.661979670483533233e+00 3.706991165113360243e-02 1.995408763608395475e+00 5.187316407224489279e-01
3.667888322037530902e+00 3.711667846684256478e-02 1.995399814095833335e+00 5.202787732727180980e-01
3.673806507277220135e+00 3.716352004679214505e-02 1.995390843507777845e+00 5.218321367031084623e-01
3.679734241585325805e+00 3.721043650887435883e-02 1.995381851786987681e+00 5.233917944861795624e-01
3.685671540369392485e+00 3.725742797116882166e-02 1.995372838788853187e+00 5.249578091420114001e-01
3.691618419061827971e+00 3.730449455191760938e-02 1.995363804508372141e+00 5.265302421137270095e-01
3.697574893119936590e+00 3.735163636956401884e-02 1.995354749000796346e+00 5.281091537889830434e-01
3.703540978025965380e+00 3.739885354271998974e-02 1.995345671965765177e+00 5.296946034874174813e-01
3.709516689287140956e+00 3.744614619016550794e-02 1.995336573651798062e+00 5.312866493654782030e-01
3.715502042435713470e+00 3.749351443090185448e-02 1.995327454038260839e+00 5.328853483627898902e-01
3.721497053028992141e+00 3.754095838407330715e-02 1.995318312386132220e+00 5.344907562462734019e-01
3.727501736649389219e+00 3.758847816897733368e-02 1.995309149062734377e+00 5.361029275751399981e-01
3.733516108904458175e+00 3.763607390516045953e-02 1.995299964523383096e+00 5.377219156004223732e-01
3.739540185426935892e+00 3.768374571233129577e-02 1.995290758137684861e+00 5.393477723008092140e-01
3.745573981874785296e+00 3.773149371034444088e-02 1.995281529654789665e+00 5.409805484036429579e-01
3.751617513931230885e+00 3.777931801925320937e-02 1.995272279510800217e+00 5.426202933286204955e-01
3.757670797304802246e+00 3.782721875932312100e-02 1.995263007668370392e+00 5.442670551410488944e-01
3.763733847729375803e+00 3.787519605097381531e-02 1.995253713530360073e+00 5.459208806216672150e-01
3.769806680964215673e+00 3.792325001478359658e-02 1.995244397231431321e+00 5.475818152650538950e-01
3.775889312794012298e+00 3.797138077155574193e-02 1.995235059191145410e+00 5.492499032141631155e-01
3.781981759028924639e+00 3.801958844228044143e-02 1.995225699067987080e+00 5.509251872935487793e-01
3.788084035504623248e+00 3.806787314809981920e-02 1.995216316416872360e+00 5.526077090616918763e-01
3.794196158082327131e+00 3.811623501033325340e-02 1.995206911415323248e+00 5.542975087954246094e-01
3.800318142648851261e+00 3.816467415051282702e-02 1.995197484355344386e+00 5.559946254518053355e-01
3.806450005116641666e+00 3.821319069035970795e-02 1.995188034958971457e+00 5.576990967465230709e-01
3.812591761423818948e+00 3.826178475175283367e-02 1.995178562756450447e+00 5.594109591818569038e-01
3.818743427534220469e+00 3.831045645674190786e-02 1.995169068074915231e+00 5.611302480211110000e-01
3.824905019437443876e+00 3.835920592761270925e-02 1.995159551130370801e+00 5.628569973083851208e-01
3.831076553148882624e+00 3.840803328681146461e-02 1.995150011326074946e+00 5.645912399413676175e-01
3.837258044709773497e+00 3.845693865694152502e-02 1.995140448700794877e+00 5.663330076870507490e-01
3.843449510187235241e+00 3.850592216082927149e-02 1.995130863535280241e+00 5.680823311629773498e-01
3.849650965674309866e+00 3.855498392148265507e-02 1.995121255520189152e+00 5.698392399021122712e-01
3.855862427290009720e+00 3.860412406207516800e-02 1.995111624504943393e+00 5.716037624032148656e-01
3.862083911179351237e+00 3.865334270597785282e-02 1.995101970516600431e+00 5.733759261394040241e-01
3.868315433513402457e+00 3.870263997674541073e-02 1.995092293577044984e+00 5.751557575677094247e-01
3.874557010489322995e+00 3.875201599813007242e-02 1.995082593619827094e+00 5.769432822037349196e-01
3.880808658330409333e+00 3.880147089405958788e-02 1.995072870233002504e+00 5.787385246562387620e-01
3.887070393286132131e+00 3.885100478862534013e-02 1.995063123706671604e+00 5.805415086338322483e-01
3.893342231632180628e+00 3.890061780616448084e-02 1.995053354248227606e+00 5.823522569865934306e-01
3.899624189670506613e+00 3.895031007117023131e-02 1.995043561116546016e+00 5.841707917664484828e-01
3.905916283729363503e+00 3.900008170828751092e-02 1.995033744487386684e+00 5.859971342549840090e-01
3.912218530163350749e+00 3.904993284240920737e-02 1.995023904797818659e+00 5.878313049775250043e-01
3.918530945353459582e+00 3.909986359860674610e-02 1.995014041530396298e+00 5.896733237603849487e-01
3.924853545707107649e+00 3.914987410210445107e-02 1.995004154287784104e+00 5.915232097746419004e-01
3.931186347658188307e+00 3.919996447831747971e-02 1.994994243460979533e+00 5.933809815608958038e-01
3.937529367667110147e+00 3.925013485289371995e-02 1.994984309259251631e+00 5.952466570569718840e-01
3.943882622220843626e+00 3.930038535165428226e-02 1.994974351133834034e+00 5.971202536518016579e-01
3.950246127832957921e+00 3.935071610057708225e-02 1.994964368833677781e+00 5.990017882191023268e-01
3.956619901043668452e+00 3.940112722584359489e-02 1.994954362817281890e+00 6.008912771422616483e-01
3.963003958419878181e+00 3.945161885386451461e-02 1.994944333065632236e+00 6.027887363520060271e-01
3.969398316555220241e+00 3.950219111120634174e-02 1.994934278904537450e+00 6.046941813683461842e-01
3.975802992070104569e+00 3.955284412459878635e-02 1.994924200560774352e+00 6.066076273296580057e-01
3.982218001611755653e+00 3.960357802101929087e-02 1.994914098369662270e+00 6.085290890207281089e-01
3.988643361854259162e+00 3.965439292762017176e-02 1.994903971872901138e+00 6.104585809106044536e-01
3.995079089498604130e+00 3.970528897172124344e-02 1.994893820910107252e+00 6.123961171840002216e-01
4.001525201272729149e+00 3.975626628084798914e-02 1.994883645871396993e+00 6.143417117684708550e-01
4.007981713931560996e+00 3.980732498275024039e-02 1.994873446295287067e+00 6.162953783656821560e-01
4.014448644257061716e+00 3.985846520529676140e-02 1.994863221374515661e+00 6.182571304819329816e-01
4.020926009058270800e+00 3.990968707654544284e-02 1.994852972120412460e+00 6.202269814531068404e-01
4.027413825171349160e+00 3.996099072486059001e-02 1.994842699118663631e+00 6.222049444718201761e-01
4.033912109459626194e+00 4.001237627875284947e-02 1.994832401203865402e+00 6.241910326180496460e-01
4.040420878813635319e+00 4.006384386685921117e-02 1.994822077675991068e+00 6.261852588806116060e-01
4.046940150151167259e+00 4.011539361801102349e-02 1.994811729541936529e+00 6.281876361786474794e-01
4.053469940417306461e+00 4.016702566134316282e-02 1.994801357201822611e+00 6.301981773898988060e-01
4.060010266584482608e+00 4.021874012612291355e-02 1.994790959520798879e+00 6.322168953755069598e-01
4.066561145652507037e+00 4.027053714176238169e-02 1.994780536110766889e+00 6.342438029948225253e-01
4.073122594648621586e+00 4.032241683788353320e-02 1.994770087842056228e+00 6.362789131249259045e-01
4.079694630627543006e+00 4.037437934438500159e-02 1.994759615111320272e+00 6.383222386895909262e-01
4.086277270671502038e+00 4.042642479132681210e-02 1.994749116865335736e+00 6.403737926751285059e-01
4.092870531890298480e+00 4.047855330889465336e-02 1.994738592360761231e+00 6.424335881415708105e-01
4.099474431421333165e+00 4.053076502746800341e-02 1.994728042848493033e+00 6.445016382320114534e-01
4.106088986429661247e+00 4.058306007776166235e-02 1.994717468746102895e+00 6.465779562248523682e-01
4.112714214108032174e+00 4.063543859059774721e-02 1.994706868463509863e+00 6.486625555217702122e-01
4.119350131676937643e+00 4.068790069692306000e-02 1.994696241794628122e+00 6.507554496577401260e-01
4.125996756384655129e+00 4.074044652793740867e-02 1.994685590064591452e+00 6.528566523224880180e-01
4.132654105507290510e+00 4.079307621512755916e-02 1.994674913328537968e+00 6.549661773834853928e-01
4.139322196348826921e+00 4.084578989010011207e-02 1.994664210128973991e+00 6.570840388862725368e-01
4.146001046241163834e+00 4.089858768458896898e-02 1.994653480212008390e+00 6.592102510630453160e-01
4.152690672544172124e+00 4.095146973057529893e-02 1.994642724943417988e+00 6.613448283516971671e-01
4.159391092645729593e+00 4.100443616034032956e-02 1.994631944441664473e+00 6.634877854119105578e-01
4.166102323961768050e+00 4.105748710628098069e-02 1.994621137110101472e+00 6.656391371219892994e-01
4.172824383936322157e+00 4.111062270091192516e-02 1.994610302829926241e+00 6.677988985866126770e-01
4.179557290041572948e+00 4.116384307702102702e-02 1.994599443049565934e+00 6.699670851561100315e-01
4.186301059777894018e+00 4.121714836768228946e-02 1.994588557640071258e+00 6.721437124349233239e-01
4.193055710673892378e+00 4.127053870607511749e-02 1.994577644875818123e+00 6.743287962771945532e-01
4.199821260286460856e+00 4.132401422549404624e-02 1.994566705020531572e+00 6.765223527937839210e-01
4.206597726200818954e+00 4.137757505955262649e-02 1.994555739516698623e+00 6.787243983710242734e-01
4.213385126030559924e+00 4.143122134210720786e-02 1.994544747895560022e+00 6.809349496721563977e-01
4.220183477417700502e+00 4.148495320712844436e-02 1.994533728665857097e+00 6.831540236329913807e-01
4.226992798032719101e+00 4.153877078871942574e-02 1.994522682312918960e+00 6.853816374683396884e-01
4.233813105574603775e+00 4.159267422131130570e-02 1.994511609902986038e+00 6.876178086893219854e-01
4.240644417770907282e+00 4.164666363953146988e-02 1.994500510748139277e+00 6.898625550991913657e-01
4.247486752377780839e+00 4.170073917814618586e-02 1.994489383933768067e+00 6.921158947896250968e-01
4.254340127180024744e+00 4.175490097209325763e-02 1.994478229802552960e+00 6.943778461467428054e-01
4.261204559991138119e+00 4.180914915658653919e-02 1.994467049136517289e+00 6.966484278661577711e-01
4.268080068653361536e+00 4.186348386706013891e-02 1.994455841501064697e+00 6.989276589448925048e-01
4.274966671037722321e+00 4.191790523909223742e-02 1.994444605822224048e+00 7.012155586783719308e-01
4.281864385044086063e+00 4.197241340841153384e-02 1.994433342602917492e+00 7.035121466661725664e-01
4.288773228601199250e+00 4.202700851106379309e-02 1.994422052649099442e+00 7.058174428242820486e-01
4.295693219666733675e+00 4.208169068327932694e-02 1.994410735176245453e+00 7.081314673747417521e-01
4.302624376227340619e+00 4.213646006143169365e-02 1.994399389424501123e+00 7.104542408431570033e-01
4.309566716298690814e+00 4.219131678208176695e-02 1.994388015975033568e+00 7.127857840642440879e-01
4.316520257925521520e+00 4.224626098208181940e-02 1.994376615389256813e+00 7.151261181911432452e-01
4.323485019181688038e+00 4.230129279847017615e-02 1.994365186960720848e+00 7.174752646840883985e-01
4.330461018170208121e+00 4.235641236843711022e-02 1.994353730011198422e+00 7.198332453081911497e-01
4.337448273023307266e+00 4.241161982936222929e-02 1.994342245063279506e+00 7.222000821387515312e-01
4.344446801902469346e+00 4.246691531891065574e-02 1.994330732607352274e+00 7.245757975678689400e-01
4.351456622998481016e+00 4.252229897493411265e-02 1.994319191958368265e+00 7.269604142929545487e-01
4.358477754531480564e+00 4.257777093543982372e-02 1.994307622489856158e+00 7.293539553146339838e-01
4.365510214751002316e+00 4.263333133862820534e-02 1.994296024791026412e+00 7.317564439417212352e-01
4.372554021936031710e+00 4.268898032299135725e-02 1.994284399314466327e+00 7.341679037955930465e-01
4.379609194395041705e+00 4.274471802720018754e-02 1.994272745229551447e+00 7.365883587990091907e-01
4.386675750466050516e+00 4.280054459007431866e-02 1.994261061936867918e+00 7.390178331740446804e-01
4.393753708516662471e+00 4.285646015063804271e-02 1.994249350145452127e+00 7.414563514466089300e-01
4.400843086944118632e+00 4.291246484821194251e-02 1.994237610293708940e+00 7.439039384491422657e-01
4.407943904175345651e+00 4.296855882229181495e-02 1.994225841494341012e+00 7.463606193099660002e-01
4.415056178667001063e+00 4.302474221252090142e-02 1.994214043151458782e+00 7.488264194511962124e-01
4.422179928905522139e+00 4.308101515875057547e-02 1.994202216122403115e+00 7.513013645927232309e-01
4.429315173407175621e+00 4.313737780114462739e-02 1.994190360711883159e+00 7.537854807537627266e-01
4.436461930718103908e+00 4.319383028001323732e-02 1.994178475731189337e+00 7.562787942428264021e-01
4.443620219414373018e+00 4.325037273581023439e-02 1.994166561011297745e+00 7.587813316555914733e-01
4.450790058102022329e+00 4.330700530925162689e-02 1.994154617516215922e+00 7.612931198782848519e-01
4.457971465417112533e+00 4.336372814132673226e-02 1.994142645212434672e+00 7.638141860885655499e-01
4.465164460025773607e+00 4.342054137317442192e-02 1.994130642975989076e+00 7.663445577461172054e-01
4.472369060624252768e+00 4.347744514608271882e-02 1.994118610570524197e+00 7.688842625904787065e-01
4.479585285938965988e+00 4.353443960159065346e-02 1.994106549083454638e+00 7.714333286437995429e-01
4.486813154726543296e+00 4.359152488153879984e-02 1.994094458564092065e+00 7.739917842114328872e-01
4.494052685773876732e+00 4.364870112790073670e-02 1.994082337675337158e+00 7.765596578731442934e-01
4.501303897898175421e+00 4.370596848279265090e-02 1.994070186332805861e+00 7.791369784808946930e-01
4.508566809947007314e+00 4.376332708860785486e-02 1.994058005688543744e+00 7.817237751609622531e-01
4.515841440798351591e+00 4.382077708802557120e-02 1.994045795551045330e+00 7.843200773145458937e-01
4.523127809360648399e+00 4.387831862384808379e-02 1.994033554610865622e+00 7.869259146095584079e-01
4.530425934572845925e+00 4.393595183903464124e-02 1.994021283077728413e+00 7.895413169783729312e-01
4.537735835404449247e+00 4.399367687684350298e-02 1.994008981882785747e+00 7.921663146193224092e-01
4.545057530855575401e+00 4.405149388077443662e-02 1.993996650636830736e+00 7.948009379975111699e-01
4.552391039956993346e+00 4.410940299447377311e-02 1.993984288438014119e+00 7.974452178371893574e-01
4.559736381770180813e+00 4.416740436176991302e-02 1.993971895463999999e+00 8.000991851194623194e-01
4.567093575387372262e+00 4.422549812676395548e-02 1.993959472367720309e+00 8.027628710831998804e-01
4.574462639931605956e+00 4.428368443379525343e-02 1.993947018728448484e+00 8.054363072261629952e-01
4.581843594556777255e+00 4.434196342735117341e-02 1.993934533765610695e+00 8.081195252979801458e-01
4.589236458447683908e+00 4.440033525211545262e-02 1.993922017770188404e+00 8.108125572978214235e-01
4.596641250820081126e+00 4.445880005304579663e-02 1.993909471383403798e+00 8.135154354747595740e-01
4.604057990920726873e+00 4.451735797533835221e-02 1.993896894122457297e+00 8.162281923292312724e-01
4.611486698027437825e+00 4.457600916433172855e-02 1.993884285167467851e+00 8.189508606066809859e-01
4.618927391449130226e+00 4.463475376556345214e-02 1.993871644826214151e+00 8.216834732951787679e-01
4.626380090525879396e+00 4.469359192484695376e-02 1.993858973697342662e+00 8.244260636253095686e-01
4.633844814628965025e+00 4.475252378822981020e-02 1.993846271278300719e+00 8.271786650718938594e-01
4.641321583160923581e+00 4.481154950190585629e-02 1.993833536891116864e+00 8.299413113484093163e-01
4.648810415555595377e+00 4.487066921228254762e-02 1.993820770910673446e+00 8.327140364045130250e-01
4.656311331278179644e+00 4.492988306603896975e-02 1.993807973560080882e+00 8.354968744255715229e-01
4.663824349825282489e+00 4.498919121005062749e-02 1.993795144497198635e+00 8.382898598344717955e-01
4.671349490724965747e+00 4.504859379139797282e-02 1.993782283513979792e+00 8.410930272869805435e-01
4.678886773536804711e+00 4.510809095737425972e-02 1.993769390472095893e+00 8.439064116691170625e-01
4.686436217851930763e+00 4.516768285548647399e-02 1.993756465412388934e+00 8.467300480964489173e-01
4.693997843293085559e+00 4.522736963347639971e-02 1.993743508277304954e+00 8.495639719157904723e-01
4.701571669514674312e+00 4.528715143928838116e-02 1.993730518945511676e+00 8.524082187016449597e-01
4.709157716202814647e+00 4.534702842109449017e-02 1.993717497476581002e+00 8.552628242533987235e-01
4.716756003075387227e+00 4.540700072729168119e-02 1.993704443619975564e+00 8.581278245944918837e-01
4.724366549882088151e+00 4.546706850646781151e-02 1.993691357023749333e+00 8.610032559738188818e-01
4.731989376404478698e+00 4.552723190742380410e-02 1.993678237861232105e+00 8.638891548633409467e-01
4.739624502456037725e+00 4.558749107921541283e-02 1.993665086411752441e+00 8.667855579551148049e-01
4.747271947882217624e+00 4.564784617112523091e-02 1.993651902119680130e+00 8.696925021604128281e-01
4.754931732560486957e+00 4.570829733258983257e-02 1.993638684505896208e+00 8.726100246107055813e-01
4.762603876400389957e+00 4.576884471328219323e-02 1.993625434117674899e+00 8.755381626564260333e-01
4.770288399343590058e+00 4.582948846315475222e-02 1.993612151290918177e+00 8.784769538639095598e-01
4.777985321363934723e+00 4.589022873237155742e-02 1.993598835085009569e+00 8.814264360145096511e-01
4.785694662467493643e+00 4.595106567122075186e-02 1.993585485113015920e+00 8.843866471051036182e-01
4.793416442692618240e+00 4.601199943026985928e-02 1.993572102151119907e+00 8.873576253478752118e-01
4.801150682109992296e+00 4.607303016035364795e-02 1.993558686263128266e+00 8.903394091673311195e-01
4.808897400822682577e+00 4.613415801249980824e-02 1.993545236502157536e+00 8.933320371993863640e-01
4.816656618966193015e+00 4.619538313787945744e-02 1.993531752711703575e+00 8.963355482914504568e-01
4.824428356708519772e+00 4.625670568795423737e-02 1.993518235737340660e+00 8.993499815029563083e-01
4.832212634250194760e+00 4.631812581445331201e-02 1.993504685448542091e+00 9.023753761026793718e-01
4.840009471824346932e+00 4.637964366927684046e-02 1.993491100661231030e+00 9.054117715677560962e-01
4.847818889696752009e+00 4.644125940446249684e-02 1.993477481441274790e+00 9.084592075834709846e-01
4.855640908165884007e+00 4.650297317237395145e-02 1.993463828761534273e+00 9.115177240441350026e-01
4.863475547562967627e+00 4.656478512562566008e-02 1.993450142323524688e+00 9.145873610510326657e-01
4.871322828252034220e+00 4.662669541700117937e-02 1.993436421121700164e+00 9.176681589112640758e-01
4.879182770629970634e+00 4.668870419944701200e-02 1.993422665060094801e+00 9.207601581374208477e-01
4.887055395126576052e+00 4.675081162619233732e-02 1.993408875720973583e+00 9.238633994484087841e-01
4.894940722204613515e+00 4.681301785083990391e-02 1.993395055039897557e+00 9.269779237682790329e-01
4.902838772359863206e+00 4.687532302732153738e-02 1.993381204348310121e+00 9.301037722248508555e-01
4.910749566121171306e+00 4.693772730986919828e-02 1.993367324866412105e+00 9.332409861493832226e-01
4.918673124050515710e+00 4.700023085303198234e-02 1.993353417424174268e+00 9.363896070771301483e-01
4.926609466743043342e+00 4.706283381161177615e-02 1.993339481465071117e+00 9.395496767470561394e-01
4.934558614827136758e+00 4.712553634055386548e-02 1.993325516038694900e+00 9.427212371003619307e-01
4.942520588964459449e+00 4.718833859500690814e-02 1.993311521564606892e+00 9.459043302801571906e-01
4.950495409850015349e+00 4.725124073043622530e-02 1.993297498633666009e+00 9.490989986317056593e-01
4.958483098212195905e+00 4.731424290253306159e-02 1.993283446745650167e+00 9.523052847028323775e-01
4.966483674812844917e+00 4.737734526716809447e-02 1.993269365348496081e+00 9.555232312425631092e-01
4.974497160447300281e+00 4.744054798043154803e-02 1.993255254557567469e+00 9.587528812007579671e-01
4.982523575944454386e+00 4.750385119867820555e-02 1.993241114828578020e+00 9.619942777281501600e-01
4.990562942166809179e+00 4.756725507852666013e-02 1.993226945894804203e+00 9.652474641770509844e-01
4.998615280010526796e+00 4.763075977676870659e-02 1.993212747181019040e+00 9.685124841004335572e-01
5.006680610405485510e+00 4.769436545042095993e-02 1.993198518847464129e+00 9.717893812514299956e-01
5.014758954315334805e+00 4.775807225676766826e-02 1.993184261172686433e+00 9.750781995833189830e-01
5.022850332737549550e+00 4.782188035333394260e-02 1.993169973771571790e+00 9.783789832501558204e-01
5.030954766703482406e+00 4.788578989782790729e-02 1.993155656471941484e+00 9.816917766065307305e-01
5.039072277278425105e+00 4.794980104822651329e-02 1.993141309621009327e+00 9.850166242069066103e-01
5.047202885561654639e+00 4.801391396275721257e-02 1.993126932714616828e+00 9.883535708056317981e-01
5.055346612686490992e+00 4.807812879980701698e-02 1.993112525480157160e+00 9.917026613573410865e-01
5.063503479820353981e+00 4.814244571804388029e-02 1.993098088320806482e+00 9.950639410173321986e-01
5.071673508164821875e+00 4.820686487638322498e-02 1.993083621245673953e+00 9.984374551408912168e-01
5.079856718955674921e+00 4.827138643397133749e-02 1.993069123947094567e+00 1.001823249283298134e+00
5.088053133462962840e+00 4.833601055016141512e-02 1.993054595916945004e+00 1.005221369200073323e+00
5.096262772991051904e+00 4.840073738451172031e-02 1.993040037489592464e+00 1.008631860847634343e+00
5.104485658878682663e+00 4.846556709689769232e-02 1.993025449106895053e+00 1.012054770382909474e+00
5.112721812499031238e+00 4.853049984741483747e-02 1.993010829984868337e+00 1.015490144163254671e+00
5.120971255259752830e+00 4.859553579631629289e-02 1.992996179651498778e+00 1.018938028746663615e+00
5.129234008603048345e+00 4.866067510411629937e-02 1.992981498782754102e+00 1.022398470892375233e+00
5.137510094005714123e+00 4.872591793163771196e-02 1.992966787637556081e+00 1.025871517561004254e+00
5.145799532979201452e+00 4.879126443991078227e-02 1.992952045487641044e+00 1.029357215914322499e+00
5.154102347069669854e+00 4.885671479014534052e-02 1.992937271769477547e+00 1.032855613315510457e+00
5.162418557858043044e+00 4.892226914378035307e-02 1.992922467098324546e+00 1.036366757329598709e+00
5.170748186960065773e+00 4.898792766259030956e-02 1.992907631811277724e+00 1.039890695724022596e+00
5.179091256026359780e+00 4.905369050854314211e-02 1.992892765102709518e+00 1.043427476468445914e+00
5.187447786742483302e+00 4.911955784379195417e-02 1.992877866576407087e+00 1.046977147734986735e+00
5.195817800828981703e+00 4.918552983073748441e-02 1.992862936897935811e+00 1.050539757898586446e+00
5.204201320041447865e+00 4.925160663210725875e-02 1.992847976098516938e+00 1.054115355537678989e+00
5.212598366170575481e+00 4.931778841079308834e-02 1.992832983452416329e+00 1.057703989434324532e+00
5.221008961042221230e+00 4.938407532991337390e-02 1.992817959039825837e+00 1.061305708574329376e+00
5.229433126517455399e+00 4.945046755285849305e-02 1.992802903063726205e+00 1.064920562147638972e+00
5.237870884492624057e+00 4.951696524326266308e-02 1.992787815243438843e+00 1.068548599548913236e+00
5.246322256899399683e+00 4.958356856496795584e-02 1.992772695335091271e+00 1.072189870378039034e+00
5.254787265704844224e+00 4.965027768206572295e-02 1.992757543477424065e+00 1.075844424440208558e+00
5.263265932911461498e+00 4.971709275890713597e-02 1.992742359677286856e+00 1.079512311746323894e+00
5.271758280557262921e+00 4.978401396007556962e-02 1.992727143624598796e+00 1.083193582513492181e+00
5.280264330715810139e+00 4.985104145037223128e-02 1.992711895174480219e+00 1.086888287165717060e+00
5.288784105496286081e+00 4.991817539485324251e-02 1.992696614496985319e+00 1.090596476334147580e+00
5.297317627043545585e+00 4.998541595883568972e-02 1.992681301558775431e+00 1.094318200857419487e+00
5.305864917538175796e+00 5.005276330786485178e-02 1.992665955877889417e+00 1.098053511782160818e+00
5.314425999196549455e+00 5.012021760768669426e-02 1.992650577409776247e+00 1.101802460363641156e+00
5.323000894270888850e+00 5.018777902433513988e-02 1.992635166556745219e+00 1.105565098066319862e+00
5.331589625049318215e+00 5.025544772410626970e-02 1.992619723105541141e+00 1.109341476564140061e+00
5.340192213855925019e+00 5.032322387350123688e-02 1.992604246322969175e+00 1.113131647741042674e+00
5.348808683050817692e+00 5.039110763921265251e-02 1.992588736389507176e+00 1.116935663691559277e+00
5.357439055030183361e+00 5.045909918826346069e-02 1.992573193966286738e+00 1.120753576721581712e+00
5.366083352226341141e+00 5.052719868793471153e-02 1.992557618599057889e+00 1.124585439348487093e+00
5.374741597107811408e+00 5.059540630568584024e-02 1.992542009463107888e+00 1.128431304302438765e+00
5.383413812179364655e+00 5.066372220918379660e-02 1.992526366737578769e+00 1.132291224525566964e+00
5.392100019982082770e+00 5.073214656641217984e-02 1.992510691044849125e+00 1.136165253172404244e+00
5.400800243093416775e+00 5.080067954562395016e-02 1.992494982060343034e+00 1.140053443622600637e+00
5.409514504127250767e+00 5.086932131525919581e-02 1.992479239215285247e+00 1.143955849431222749e+00
5.418242825733951662e+00 5.093807204399401767e-02 1.992463462594962209e+00 1.147872524450560094e+00
5.426985230600438470e+00 5.100693190078237765e-02 1.992447652224392129e+00 1.151803522703814808e+00
5.435741741450231146e+00 5.107590105480663834e-02 1.992431808055059150e+00 1.155748897987501023e+00
5.444512381043516314e+00 5.114497967551763502e-02 1.992415930033935467e+00 1.159708706587657456e+00
5.453297172177204999e+00 5.121416793259447181e-02 1.992400017858166450e+00 1.163682998616586861e+00
5.462096137684991248e+00 5.128346599595053068e-02 1.992384071558205960e+00 1.167671834021088317e+00
5.470909300437408973e+00 5.135287403577457749e-02 1.992368090906829536e+00 1.171675281554827919e+00
5.479736683341897674e+00 5.142239222245410801e-02 1.992352075885250429e+00 1.175693298345750870e+00
5.488578309342855732e+00 5.149202072668184610e-02 1.992336026857032039e+00 1.179726262809972726e+00
5.497434201421702582e+00 5.156175971940358399e-02 1.992319943213225031e+00 1.183773606575478254e+00
5.506304382596941771e+00 5.163160937173450621e-02 1.992303824487994035e+00 1.187834342830114354e+00
5.515188875924213363e+00 5.170156985506324521e-02 1.992287671144470806e+00 1.191911262192606236e+00
5.524087704496360551e+00 5.177164134107910959e-02 1.992271483463525783e+00 1.196003741952144983e+00
5.533000891443484726e+00 5.184182400172023669e-02 1.992255260952898510e+00 1.200110912624735793e+00
5.541928459933012086e+00 5.191211800911694346e-02 1.992239002849377272e+00 1.204233209667436189e+00
5.550870433169746931e+00 5.198252353561014227e-02 1.992222709734004837e+00 1.208370597027365489e+00
5.559826834395932948e+00 5.205304075392394592e-02 1.992206382014284571e+00 1.212523135838875943e+00
5.568797686891319820e+00 5.212366983696944261e-02 1.992190018820128472e+00 1.216690893858374700e+00
5.577783013973214743e+00 5.219441095786004486e-02 1.992173619933129913e+00 1.220873922899380792e+00
5.586782838996553480e+00 5.226526428998905238e-02 1.992157185740104808e+00 1.225072283127990103e+00
5.595797185353950987e+00 5.233623000703913064e-02 1.992140716147705604e+00 1.229286032499183889e+00
5.604826076475766250e+00 5.240730828290490056e-02 1.992124210800479744e+00 1.233515229521150447e+00
5.613869535830165347e+00 5.247849929173359351e-02 1.992107669709522355e+00 1.237759933061345574e+00
5.622927586923180954e+00 5.254980320793742332e-02 1.992091092759057602e+00 1.242020202100505566e+00
5.632000253298770964e+00 5.262122020616350621e-02 1.992074479861692282e+00 1.246296095896017864e+00
5.641087558538883329e+00 5.269275046132873563e-02 1.992057830867661750e+00 1.250587673924241416e+00
5.650189526263514672e+00 5.276439414857641425e-02 1.992041145731885621e+00 1.254894995893404808e+00
5.659306180130774244e+00 5.283615144333544955e-02 1.992024424619462053e+00 1.259218121745288022e+00
5.668437543836941650e+00 5.290802252129217509e-02 1.992007666977750446e+00 1.263557111654152187e+00
5.677583641116533464e+00 5.298000755831519526e-02 1.991990872651578925e+00 1.267912026028655381e+00
5.686744495742360073e+00 5.305210673058859822e-02 1.991974042063491268e+00 1.272282925512466578e+00
5.695920131525592289e+00 5.312432021456330727e-02 1.991957175031240368e+00 1.276669870985228217e+00
5.705110572315817308e+00 5.319664818691867414e-02 1.991940271069919888e+00 1.281072923563498556e+00
5.714315842001105317e+00 5.326909082455712902e-02 1.991923329944745191e+00 1.285492144601666720e+00
5.723535964508070784e+00 5.334164830464652174e-02 1.991906352159887206e+00 1.289927595692884621e+00
5.732770963801932851e+00 5.341432080468642984e-02 1.991889337710271768e+00 1.294379338670002877e+00
5.742020863886580173e+00 5.348710850236818026e-02 1.991872285803713893e+00 1.298847435606510281e+00
5.751285688804629537e+00 5.356001157560000975e-02 1.991855196371276726e+00 1.303331948817474606e+00
5.760565462637495138e+00 5.363303020258831239e-02 1.991838069770015096e+00 1.307832940860489623e+00
5.769860209505444537e+00 5.370616456181975112e-02 1.991820905966600996e+00 1.312350474536619682e+00
5.779169953567660833e+00 5.377941483202247630e-02 1.991803704592300273e+00 1.316884612891349615e+00
5.788494719022312829e+00 5.385278119215612669e-02 1.991786465433969866e+00 1.321435419215547746e+00
5.797834530106611872e+00 5.392626382144522640e-02 1.991769188615101438e+00 1.326002957046418906e+00
5.807189411096875808e+00 5.399986289939610190e-02 1.991751873853821131e+00 1.330587290168468995e+00
5.816559386308591151e+00 5.407357860572053337e-02 1.991734520955018128e+00 1.335188482614464212e+00
5.825944480096480582e+00 5.414741112042555787e-02 1.991717130296485117e+00 1.339806598666406279e+00
5.835344716854560687e+00 5.422136062380959048e-02 1.991699701725599958e+00 1.344441702856502552e+00
5.844760121016213006e+00 5.429542729638809490e-02 1.991682234388311823e+00 1.349093859968143239e+00
5.854190717054237325e+00 5.436961131886356574e-02 1.991664728577092092e+00 1.353763135036875287e+00
5.863636529480920956e+00 5.444391287232732551e-02 1.991647184817357363e+00 1.358449593351385154e+00
5.873097582848107123e+00 5.451833213809337969e-02 1.991629602456677972e+00 1.363153300454489125e+00
5.882573901747249145e+00 5.459286929768903535e-02 1.991611981087316074e+00 1.367874322144114529e+00
5.892065510809479711e+00 5.466752453290106561e-02 1.991594320768175663e+00 1.372612724474302937e+00
5.901572434705675718e+00 5.474229802580019011e-02 1.991576621956793858e+00 1.377368573756191150e+00
5.911094698146517779e+00 5.481718995877758044e-02 1.991558884335649537e+00 1.382141936559019291e+00
5.920632325882562164e+00 5.489220051439223924e-02 1.991541107131565624e+00 1.386932879711126887e+00
5.930185342704294094e+00 5.496732987545513427e-02 1.991523290745810471e+00 1.391741470300960293e+00
5.939753773442206786e+00 5.504257822512309550e-02 1.991505435188006601e+00 1.396567775678091206e+00
5.949337642966849415e+00 5.511794574674640929e-02 1.991487540085483232e+00 1.401411863454202544e+00
5.958936976188907053e+00 5.519343262396395750e-02 1.991469605592847358e+00 1.406273801504125842e+00
5.968551798059254843e+00 5.526903904068868056e-02 1.991451631589807647e+00 1.411153657966845110e+00
5.978182133569027279e+00 5.534476518108098070e-02 1.991433617701787284e+00 1.416051501246530231e+00
5.987828007749680381e+00 5.542061122953708535e-02 1.991415563681961487e+00 1.420967400013546156e+00
5.997489445673061859e+00 5.549657737072057756e-02 1.991397469762240746e+00 1.425901423205490959e+00
6.007166472451471506e+00 5.557266378960474401e-02 1.991379336104007081e+00 1.430853640028212803e+00
6.016859113237727819e+00 5.564887067142031130e-02 1.991361162260222528e+00 1.435824119956852218e+00
6.026567393225236380e+00 5.572519820161503379e-02 1.991342947703500954e+00 1.440812932736880825e+00
6.036291337648047595e+00 5.580164656588190025e-02 1.991324692722301393e+00 1.445820148385132065e+00
6.046030971780933960e+00 5.587821595025710408e-02 1.991306397645438153e+00 1.450845837190840371e+00
6.055786320939444245e+00 5.595490654102931033e-02 1.991288061991866698e+00 1.455890069716683888e+00
6.065557410479975431e+00 5.603171852470598124e-02 1.991269685263340250e+00 1.460952916799838963e+00
6.075344265799836663e+00 5.610865208804459436e-02 1.991251267516641832e+00 1.466034449553029084e+00
6.085146912337317637e+00 5.618570741810790387e-02 1.991232809056487696e+00 1.471134739365571154e+00
6.094965375571751665e+00 5.626288470224810601e-02 1.991214309616619715e+00 1.476253857904424427e+00
6.104799681023582281e+00 5.634018412803448728e-02 1.991195768848836423e+00 1.481391877115252109e+00
6.114649854254435191e+00 5.641760588331360543e-02 1.991177186885085604e+00 1.486548869223485170e+00
6.124515920867174223e+00 5.649515015622457587e-02 1.991158563513288016e+00 1.491724906735383938e+00
6.134397906505980380e+00 5.657281713513059168e-02 1.991139898312020762e+00 1.496920062439092813e+00
6.144295836856405124e+00 5.665060700865513083e-02 1.991121191603653529e+00 1.502134409405702087e+00
6.154209737645447653e+00 5.672851996576295380e-02 1.991102443540512468e+00 1.507368020990323521e+00
6.164139634641617072e+00 5.680655619565336961e-02 1.991083653298318268e+00 1.512620970833161493e+00
6.174085553654999892e+00 5.688471588771379372e-02 1.991064820724801621e+00 1.517893332860586364e+00
6.184047520537329312e+00 5.696299923167230661e-02 1.991045946272450351e+00 1.523185181286197842e+00
6.194025561182046502e+00 5.704140641754115032e-02 1.991027029865563236e+00 1.528496590611890360e+00
6.204019701524378760e+00 5.711993763559086029e-02 1.991008071141315838e+00 1.533827635628952191e+00
6.214029967541395472e+00 5.719859307633127360e-02 1.990989069679997669e+00 1.539178391419125047e+00
6.224056385252078272e+00 5.727737293052157647e-02 1.990970025542914357e+00 1.544548933355700093e+00
6.234098980717397431e+00 5.735627738923735480e-02 1.990950938975451834e+00 1.549939337104579540e+00
6.244157780040368699e+00 5.743530664383357520e-02 1.990931809662569663e+00 1.555349678625352228e+00
6.254232809366124357e+00 5.751446088589294570e-02 1.990912637279443231e+00 1.560780034172384756e+00
6.264324094881984273e+00 5.759374030727667376e-02 1.990893421917071748e+00 1.566230480295913940e+00
6.274431662817522515e+00 5.767314510014048823e-02 1.990874163426056498e+00 1.571701093843114627e+00
6.284555539444630412e+00 5.775267545688086285e-02 1.990854861498569051e+00 1.577191951959184379e+00
6.294695751077597379e+00 5.783233157016404169e-02 1.990835516277371653e+00 1.582703132088409070e+00
6.304852324073165093e+00 5.791211363296974723e-02 1.990816127766713350e+00 1.588234711975267555e+00
6.315025284830600327e+00 5.799202183852608661e-02 1.990796695378108438e+00 1.593786769665504366e+00
6.325214659791773997e+00 5.807205638027970740e-02 1.990777218958044159e+00 1.599359383507224841e+00
6.335420475441212673e+00 5.815221745199607162e-02 1.990757698999033209e+00 1.604952632151948944e+00
6.345642758306181186e+00 5.823250524776439618e-02 1.990738135323397273e+00 1.610566594555683073e+00
6.355881534956743018e+00 5.831291996188505550e-02 1.990718527249740077e+00 1.616201349980022739e+00
6.366136832005836688e+00 5.839346178890109096e-02 1.990698874696242626e+00 1.621856977993225035e+00
6.376408676109337037e+00 5.847413092366417903e-02 1.990679178009379768e+00 1.627533558471277786e+00
6.386697093966128946e+00 5.855492756133908600e-02 1.990659436941875526e+00 1.633231171598964693e+00
6.397002112318181943e+00 5.863585189730341485e-02 1.990639651099229468e+00 1.638949897870916494e+00
6.407323757950605270e+00 5.871690412722414820e-02 1.990619820612366198e+00 1.644689818092688105e+00
6.417662057691734923e+00 5.879808444706764725e-02 1.990599945387607761e+00 1.650451013381843079e+00
6.428017038413188722e+00 5.887939305305354976e-02 1.990580025008419796e+00 1.656233565168997224e+00
6.438388727029944469e+00 5.896083014164828912e-02 1.990560059397452619e+00 1.662037555198859984e+00
6.448777150500407451e+00 5.904239590962793299e-02 1.990540048791380912e+00 1.667863065531258293e+00
6.459182335826479715e+00 5.912409055406772640e-02 1.990519993015396949e+00 1.673710178542213489e+00
6.469604310053632013e+00 5.920591427228533848e-02 1.990499891523924703e+00 1.679578976924982703e+00
6.480043100270973078e+00 5.928786726183701145e-02 1.990479744248759175e+00 1.685469543691091143e+00
6.490498733611322457e+00 5.936994972060077869e-02 1.990459551464184074e+00 1.691381962171339737e+00
6.500971237251273571e+00 5.945216184675037457e-02 1.990439312956382878e+00 1.697316316016783455e+00
6.511460638411278090e+00 5.953450383870140944e-02 1.990419028346536834e+00 1.703272689199789136e+00
6.521966964355699226e+00 5.961697589513831330e-02 1.990398697575813003e+00 1.709251166015031798e+00
6.532490242392896107e+00 5.969957821504090489e-02 1.990378320641212895e+00 1.715251831080492728e+00
6.543030499875291284e+00 5.978231099766781464e-02 1.990357897294188660e+00 1.721274769338428490e+00
6.553587764199437338e+00 5.986517444253274672e-02 1.990337427427022021e+00 1.727320066056283077e+00
6.564162062806093267e+00 5.994816874945226720e-02 1.990316911147928636e+00 1.733387806827698663e+00
6.574753423180293765e+00 6.003129411853482672e-02 1.990296348183491659e+00 1.739478077573471060e+00
6.585361872851423826e+00 6.011455075012856614e-02 1.990275737927063915e+00 1.745590964542488743e+00
6.595987439393282692e+00 6.019793884481763196e-02 1.990255080697423296e+00 1.751726554312629913e+00
6.606630150424164682e+00 6.028145860358213870e-02 1.990234376708059472e+00 1.757884933791611148e+00
6.617290033606924027e+00 6.036511022762124090e-02 1.990213625370856221e+00 1.764066190217913110e+00
6.627967116649048585e+00 6.044889391839575188e-02 1.990192826552785732e+00 1.770270411161669388e+00
6.638661427302735341e+00 6.053280987766259530e-02 1.990171980147948716e+00 1.776497684525532916e+00
6.649372993364957019e+00 6.061685830744545367e-02 1.990151086041549888e+00 1.782748098545489102e+00
6.660101842677539352e+00 6.070103941006314840e-02 1.990130144281025082e+00 1.789021741791588127e+00
6.670848003127228587e+00 6.078535338812961902e-02 1.990109154658242119e+00 1.795318703168766739e+00
6.681611502645770528e+00 6.086980044451121424e-02 1.990088116903208970e+00 1.801639071917651158e+00
6.692392369209974490e+00 6.095438078235911744e-02 1.990067030983922791e+00 1.807982937615306485e+00
6.703190630841797670e+00 6.103909460511822843e-02 1.990045896543449544e+00 1.814350390175942351e+00
6.714006315608402886e+00 6.112394211646313830e-02 1.990024713690544900e+00 1.820741519851507340e+00
6.724839451622244724e+00 6.120892352044257634e-02 1.990003482603242446e+00 1.827156417232337127e+00
6.735690067041135265e+00 6.129403902134760579e-02 1.989982202655511401e+00 1.833595173247853705e+00
6.746558190068321359e+00 6.137928882370592004e-02 1.989960873601191338e+00 1.840057879167158017e+00
6.757443848952555676e+00 6.146467313235311203e-02 1.989939495615871579e+00 1.846544626599580408e+00
6.768347071988168651e+00 6.155019215243467262e-02 1.989918068654702665e+00 1.853055507495110943e+00
6.779267887515147528e+00 6.163584608936677894e-02 1.989896592384511109e+00 1.859590614144807530e+00
6.790206323919204756e+00 6.172163514882633012e-02 1.989875066639982037e+00 1.866150039181334153e+00
6.801162409631850814e+00 6.180755953679020753e-02 1.989853491450318757e+00 1.872733875579349450e+00
6.812136173130476813e+00 6.189361945953048699e-02 1.989831866615844547e+00 1.879342216655867093e+00
6.823127642938417559e+00 6.197981512358013978e-02 1.989810191701124609e+00 1.885975156070458070e+00
6.834136847625032374e+00 6.206614673572655866e-02 1.989788466871360129e+00 1.892632787825343943e+00
6.845163815805776153e+00 6.215261450312345448e-02 1.989766692333816422e+00 1.899315206265692835e+00
6.856208576142277522e+00 6.223921863318691156e-02 1.989744867470648160e+00 1.906022506079778855e+00
6.867271157342409893e+00 6.232595933355595391e-02 1.989722991908536187e+00 1.912754782299029399e+00
6.878351588160364294e+00 6.241283681217490997e-02 1.989701065863570761e+00 1.919512130297973629e+00
6.889449897396734634e+00 6.249985127731479129e-02 1.989679089409051471e+00 1.926294645793939164e+00
6.900566113898576326e+00 6.258700293752790522e-02 1.989657062156084066e+00 1.933102424846967926e+00
6.911700266559496875e+00 6.267429200161238334e-02 1.989634983816742420e+00 1.939935563859673806e+00
6.922852384319719832e+00 6.276171867866590925e-02 1.989612854504073880e+00 1.946794159576906047e+00
6.934022496166164728e+00 6.284928317810328791e-02 1.989590673916339369e+00 1.953678309085326026e+00
6.945210631132522572e+00 6.293698570956618443e-02 1.989568441825809941e+00 1.960588109812658741e+00
6.956416818299330451e+00 6.302482648302699941e-02 1.989546158412196064e+00 1.967523659527022240e+00
6.967641086794047034e+00 6.311280570875769935e-02 1.989523823509202316e+00 1.974485056336393596e+00
6.978883465791127172e+00 6.320092359730052067e-02 1.989501436708465576e+00 1.981472398687782910e+00
6.990143984512104502e+00 6.328918035945456377e-02 1.989478997673842287e+00 1.988485785366292058e+00
7.001422672225653621e+00 6.337757620630224409e-02 1.989456506690288506e+00 1.995525315493851926e+00
7.012719558247683338e+00 6.346611134929444620e-02 1.989433963747714529e+00 2.002591088527734708e+00
7.024034671941397079e+00 6.355478600011339740e-02 1.989411368282475223e+00 2.009683204259459455e+00
7.035368042717379922e+00 6.364360037071124798e-02 1.989388720209461781e+00 2.016801762813353882e+00
7.046719700033669653e+00 6.373255467335765811e-02 1.989366019556456422e+00 2.023946864644880606e+00
7.058089673395835817e+00 6.382164912061306927e-02 1.989343266070960681e+00 2.031118610538764635e+00
7.069477992357055207e+00 6.391088392530565321e-02 1.989320459602680558e+00 2.038317101606502924e+00
7.080884686518186477e+00 6.400025930057319512e-02 1.989297600103455466e+00 2.045542439284342873e+00
7.092309785527857180e+00 6.408977545984029245e-02 1.989274687409334774e+00 2.052794725331106740e+00
7.103753319082524165e+00 6.417943261682096390e-02 1.989251721265631545e+00 2.060074061825574621e+00
7.115215316926568612e+00 6.426923098549991442e-02 1.989228701246872788e+00 2.067380551163693347e+00
7.126695808852356429e+00 6.435917078012066972e-02 1.989205627692612666e+00 2.074714296055074847e+00
7.138194824700329733e+00 6.444925221533713555e-02 1.989182500668022158e+00 2.082075399519459413e+00
7.149712394359075240e+00 6.453947550601271677e-02 1.989159319442038054e+00 2.089463964883586655e+00
7.161248547765407757e+00 6.462984086727716071e-02 1.989136083943336075e+00 2.096880095777399866e+00
7.172803314904443006e+00 6.472034851458986771e-02 1.989112794135309059e+00 2.104323896129931981e+00
7.184376725809678454e+00 6.481099866368350559e-02 1.989089449898358453e+00 2.111795470164678168e+00
7.195968810563075913e+00 6.490179153060625372e-02 1.989066051058358653e+00 2.119294922394056258e+00
7.207579599295125483e+00 6.499272733166958083e-02 1.989042597513702049e+00 2.126822357614758907e+00
7.219209122184944150e+00 6.508380628351470576e-02 1.989019089241821803e+00 2.134377880902523117e+00
7.230857409460335283e+00 6.517502860306137458e-02 1.988995525641058748e+00 2.141961597606269141e+00
7.242524491397877462e+00 6.526639450745254367e-02 1.988971906615233820e+00 2.149573613341812628e+00
7.254210398323000852e+00 6.535790421420330232e-02 1.988948232514616166e+00 2.157214033984356405e+00
7.265915160610067147e+00 6.544955794113532788e-02 1.988924503006785471e+00 2.164882965661080405e+00
7.277638808682445948e+00 6.554135590631690600e-02 1.988900717674283669e+00 2.172580514744201885e+00
7.289381373012594700e+00 6.563329832810735343e-02 1.988876876450973441e+00 2.180306787842850369e+00
7.301142884122143961e+00 6.572538542517825100e-02 1.988852979253067588e+00 2.188061891794401692e+00
7.312923372581964010e+00 6.581761741648947672e-02 1.988829025859303101e+00 2.195845933654845705e+00
7.324722869012254556e+00 6.590999452128833147e-02 1.988805016149569838e+00 2.203659020687595227e+00
7.336541404082625562e+00 6.600251695912962013e-02 1.988780950113891777e+00 2.211501260353819109e+00
7.348379008512165633e+00 6.609518494987665083e-02 1.988756827509519098e+00 2.219372760301594472e+00
7.360235713069533503e+00 6.618799871365761700e-02 1.988732647854646984e+00 2.227273628353997559e+00
7.372111548573031747e+00 6.628095847086445946e-02 1.988708411196313364e+00 2.235203972496404567e+00
7.384006545890691164e+00 6.637406444225375790e-02 1.988684117713432897e+00 2.243163900861648408e+00
7.395920735940341828e+00 6.646731684887136060e-02 1.988659766963138509e+00 2.251153521715145711e+00
7.407854149689711676e+00 6.656071591201144499e-02 1.988635358636059891e+00 2.259172943440888925e+00
7.419806818156485129e+00 6.665426185328299225e-02 1.988610892816382147e+00 2.267222274525293901e+00
7.431778772408395461e+00 6.674795489461778086e-02 1.988586369298388945e+00 2.275301623540018525e+00
7.443770043563311845e+00 6.684179525820856116e-02 1.988561787679941517e+00 2.283411099123230148e+00
7.455780662789304181e+00 6.693578316653403526e-02 1.988537147973346464e+00 2.291550809957795032e+00
7.467810661304736364e+00 6.702991884241271681e-02 1.988512450248236973e+00 2.299720864751861438e+00
7.479860070378340886e+00 6.712420250896092289e-02 1.988487694158209251e+00 2.307921372217711209e+00
7.491928921329304991e+00 6.721863438955615055e-02 1.988462879285691542e+00 2.316152441048510813e+00
7.504017245527349722e+00 6.731321470786037764e-02 1.988438005655609686e+00 2.324414179893640409e+00
7.516125074392808969e+00 6.740794368788159685e-02 1.988413073276916521e+00 2.332706697330616752e+00
7.528252439396719176e+00 6.750282155391003347e-02 1.988388081879577385e+00 2.341030101835447574e+00
7.540399372060889505e+00 6.759784853052921982e-02 1.988363031263190805e+00 2.349384501755375165e+00
7.552565903957995985e+00 6.769302484261835451e-02 1.988337921224683669e+00 2.357770005277816328e+00
7.564752066711651679e+00 6.778835071535022072e-02 1.988312751561096547e+00 2.366186720397120080e+00
7.576957891996499050e+00 6.788382637419360099e-02 1.988287522091269466e+00 2.374634754879008103e+00
7.589183411538285462e+00 6.797945204491548377e-02 1.988262232791328188e+00 2.383114216219150094e+00
7.601428657113949328e+00 6.807522795360990142e-02 1.988236883600052352e+00 2.391625211604007983e+00
7.613693660551701825e+00 6.817115432666250030e-02 1.988211474180786809e+00 2.400167847870810611e+00
7.625978453731106832e+00 6.826723139073320734e-02 1.988186004185365618e+00 2.408742231462883243e+00
7.638283068583172408e+00 6.836345937277135687e-02 1.988160473567063491e+00 2.417348468382285454e+00
7.650607537090419186e+00 6.845983850005984972e-02 1.988134882319286589e+00 2.425986664137865123e+00
7.662951891286980732e+00 6.855636900017929303e-02 1.988109230176405617e+00 2.434656923686522312e+00
7.675316163258671942e+00 6.865305110099402530e-02 1.988083516974967324e+00 2.443359351380093969e+00
7.687700385143081405e+00 6.874988503068651946e-02 1.988057742604780742e+00 2.452094050906535205e+00
7.700104589129650456e+00 6.884687101773376283e-02 1.988031906663991322e+00 2.460861125226202262e+00
7.712528807459759328e+00 6.894400929087414476e-02 1.988006008983290940e+00 2.469660676504228825e+00
7.724973072426809750e+00 6.904130007918686529e-02 1.987980049640270863e+00 2.478492806034191087e+00
7.737437416376308441e+00 6.913874361206134855e-02 1.987954028497654235e+00 2.487357614157646335e+00
7.749921871705956811e+00 6.923634011918615438e-02 1.987927945230723026e+00 2.496255200188798540e+00
7.762426470865723793e+00 6.933408983052390118e-02 1.987901799525360502e+00 2.505185662329314944e+00
7.774951246357942658e+00 6.943199297633854961e-02 1.987875591348597482e+00 2.514149097577442760e+00
7.787496230737384728e+00 6.953004978722404639e-02 1.987849320505716832e+00 2.523145601631048951e+00
7.800061456611350863e+00 6.962826049404428896e-02 1.987822986779917755e+00 2.532175268776176491e+00
7.812646956639754947e+00 6.972662532798942769e-02 1.987796590239980787e+00 2.541238191777813960e+00
7.825252763535206491e+00 6.982514452057674015e-02 1.987770130654894274e+00 2.550334461770423555e+00
7.837878910063099447e+00 6.992381830359066519e-02 1.987743607494621756e+00 2.559464168135658024e+00
7.850525429041690373e+00 7.002264690908339972e-02 1.987717020616713626e+00 2.568627398372536064e+00
7.863192353342196128e+00 7.012163056945204531e-02 1.987690370097936921e+00 2.577824237957554221e+00
7.875879715888864041e+00 7.022076951740589823e-02 1.987663655825514297e+00 2.587054770184216590e+00
7.888587549659072273e+00 7.032006398596195307e-02 1.987636877507782174e+00 2.596319076012878924e+00
7.901315887683403538e+00 7.041951420841370546e-02 1.987610034860267660e+00 2.605617233910967556e+00
7.914064763045734807e+00 7.051912041836440326e-02 1.987583127796995086e+00 2.614949319677806638e+00
7.926834208883329680e+00 7.061888284973412422e-02 1.987556156033605248e+00 2.624315406258796557e+00
7.939624258386912992e+00 7.071880173671296621e-02 1.987529119331441052e+00 2.633715563542405658e+00
7.952434944800768513e+00 7.081887731381780737e-02 1.987502017771845431e+00 2.643149858132151309e+00
7.965266301422814443e+00 7.091910981590071605e-02 1.987474851270377485e+00 2.652618353135753893e+00
7.978118361604702891e+00 7.101949947810738684e-02 1.987447619361091711e+00 2.662121107932715613e+00
7.990991158751895362e+00 7.112004653584197422e-02 1.987420321608993845e+00 2.671658177923061928e+00
8.003884726323748922e+00 7.122075122480855947e-02 1.987392958119642117e+00 2.681229614260665084e+00
8.016799097833617438e+00 7.132161378108015093e-02 1.987365528909805334e+00 2.690835463557808005e+00
8.029734306848922643e+00 7.142263444101253078e-02 1.987338033581409036e+00 2.700475767563250695e+00
8.042690386991250051e+00 7.152381344124578155e-02 1.987310471951502677e+00 2.710150562860739853e+00
8.055667371936429788e+00 7.162515101874725176e-02 1.987282843944086608e+00 2.719859880532123242e+00
8.068665295414632510e+00 7.172664741079118333e-02 1.987255149170636059e+00 2.729603745796036041e+00
8.081684191210454671e+00 7.182830285491530187e-02 1.987227387331927275e+00 2.739382177624004377e+00
8.094724093162996681e+00 7.193011758898264218e-02 1.987199558590361903e+00 2.749195188310643356e+00
8.107785035165969489e+00 7.203209185121534075e-02 1.987171662810254702e+00 2.759042783018245792e+00
8.120867051167762085e+00 7.213422588010033609e-02 1.987143699514177797e+00 2.768924959341204861e+00
8.133970175171549855e+00 7.223651991441314146e-02 1.987115668514547906e+00 2.778841706818324209e+00
8.147094441235362083e+00 7.233897419325434341e-02 1.987087569741021298e+00 2.788793006411661946e+00
8.160239883472188538e+00 7.244158895603813875e-02 1.987059402921090623e+00 2.798778829952175862e+00
8.173406536050055848e+00 7.254436444246181726e-02 1.987031167893945849e+00 2.808799139515376631e+00
8.186594433192126985e+00 7.264730089256025980e-02 1.987002864576822958e+00 2.818853886772651141e+00
8.199803609176777641e+00 7.275039854666827399e-02 1.986974492690507077e+00 2.828943012358954068e+00
8.213034098337693933e+00 7.285365764541745781e-02 1.986946051993356832e+00 2.839066445166192221e+00
8.226285935063968324e+00 7.295707842974764878e-02 1.986917542312454543e+00 2.849224101589466152e+00
8.239559153800167124e+00 7.306066114091033792e-02 1.986888963419261245e+00 2.859415884724227475e+00
8.252853789046442401e+00 7.316440602045388986e-02 1.986860315131281141e+00 2.869641683460279591e+00
8.266169875358611918e+00 7.326831331024831473e-02 1.986831597349208778e+00 2.879901371550040334e+00
8.279507447348244398e+00 7.337238325247880111e-02 1.986802809872187936e+00 2.890194806688591189e+00
8.292866539682760774e+00 7.347661608963103330e-02 1.986773952426915457e+00 2.900521829488118097e+00
8.306247187085515904e+00 7.358101206449089993e-02 1.986745024748046262e+00 2.910882262384593133e+00
8.319649424335889165e+00 7.368557142014701966e-02 1.986716026591011541e+00 2.921275908472531047e+00
8.333073286269376823e+00 7.379029439999267026e-02 1.986686958003730297e+00 2.931702550190772971e+00
8.346518807777689730e+00 7.389518124778649000e-02 1.986657818815302790e+00 2.942161947972760760e+00
8.359986023808829714e+00 7.400023220754614606e-02 1.986628608542076790e+00 2.952653838906653228e+00
8.373474969367190823e+00 7.410544752358809439e-02 1.986599327083780508e+00 2.963177935244092343e+00
8.386985679513646375e+00 7.421082744056992087e-02 1.986569974327494492e+00 2.973733922810092523e+00
8.400518189365637767e+00 7.431637220344561312e-02 1.986540549871591566e+00 2.984321459308473035e+00
8.414072534097275735e+00 7.442208205744921257e-02 1.986511053558359663e+00 2.994940172416333368e+00
8.427648748939418510e+00 7.452795724816356493e-02 1.986481485462263663e+00 3.005589657813447779e+00
8.441246869179773071e+00 7.463399802150164075e-02 1.986451845302042329e+00 3.016269477229492679e+00
8.454866930162980410e+00 7.474020462364981687e-02 1.986422132631389559e+00 3.026979156271993432e+00
8.468508967290716782e+00 7.484657730108909557e-02 1.986392347303194583e+00 3.037718182108825271e+00
8.482173016021771872e+00 7.495311630063854202e-02 1.986362489158409517e+00 3.048486000999451662e+00
8.495859111872157143e+00 7.505982186940980683e-02 1.986332558043727659e+00 3.059282015534493304e+00
8.509567290415180452e+00 7.516669425485418554e-02 1.986302553752722133e+00 3.070105581739906775e+00
8.523297587281552623e+00 7.527373370470442915e-02 1.986272476064101511e+00 3.080956006229114141e+00
8.537050038159476273e+00 7.538094046703043560e-02 1.986242324824928573e+00 3.091832543036274750e+00
8.550824678794732847e+00 7.548831479019843527e-02 1.986212099537141285e+00 3.102734390233608419e+00
8.564621544990785651e+00 7.559585692283708747e-02 1.986181800145288889e+00 3.113660686329952743e+00
8.578440672608859785e+00 7.570356711396804272e-02 1.986151426598155467e+00 3.124610506278799882e+00
8.592282097568052279e+00 7.581144561287687933e-02 1.986120978581908503e+00 3.135582857204287865e+00
8.606145855845410253e+00 7.591949266918535111e-02 1.986090455979308445e+00 3.146576674243472649e+00
8.620031983476028614e+00 7.602770853282223018e-02 1.986059858456002303e+00 3.157590815931373918e+00
8.633940516553153088e+00 7.613609345400547401e-02 1.986029185724589752e+00 3.168624059261226922e+00
8.647871491228258378e+00 7.624464768327045283e-02 1.985998437567275232e+00 3.179675094427493853e+00
8.661824943711154745e+00 7.635337147145743186e-02 1.985967613822083422e+00 3.190742519067254257e+00
8.675800910270073274e+00 7.646226506973650971e-02 1.985936714481596255e+00 3.201824831949811934e+00
8.689799427231767126e+00 7.657132872961758263e-02 1.985905739237097123e+00 3.212920426891829884e+00
8.703820530981602133e+00 7.668056270287414156e-02 1.985874687651914883e+00 3.224027586049813099e+00
8.717864257963654495e+00 7.678996724159131704e-02 1.985843559688305504e+00 3.235144472714718056e+00
8.731930644680804932e+00 7.689954259820670768e-02 1.985812355087148262e+00 3.246269123646510213e+00
8.746019727694822166e+00 7.700928902542034105e-02 1.985781073523924078e+00 3.257399440784177092e+00
8.760131543626480166e+00 7.711920677627080722e-02 1.985749714945370670e+00 3.268533181991741365e+00
8.774266129155634530e+00 7.722929610412007650e-02 1.985718279143981135e+00 3.279667952108130891e+00
8.788423521021325513e+00 7.733955726263430641e-02 1.985686765845059654e+00 3.290801193257870239e+00
8.802603756021870396e+00 7.744999050578843525e-02 1.985655174771835618e+00 3.301930174377548433e+00
8.816806871014962965e+00 7.756059608786168569e-02 1.985623505691592072e+00 3.313051980082219572e+00
8.831032902917767657e+00 7.767137426345184503e-02 1.985591758427091236e+00 3.324163498749039380e+00
8.845281888707011930e+00 7.778232528747387742e-02 1.985559932677006145e+00 3.335261409154210988e+00
8.859553865419094620e+00 7.789344941513383358e-02 1.985528028333362727e+00 3.346342167231970421e+00
8.873848870150160550e+00 7.800474690199865613e-02 1.985496045299555590e+00 3.357401992217338371e+00
8.888166940056219545e+00 7.811621800392953840e-02 1.985463983128539667e+00 3.368436851532886411e+00
8.902508112353231695e+00 7.822786297706958714e-02 1.985431841555225674e+00 3.379442444742834173e+00
8.916872424317199730e+00 7.833968207789752947e-02 1.985399620358066386e+00 3.390414186499009830e+00
8.931259913284275598e+00 7.845167556318401181e-02 1.985367319436704747e+00 3.401347187632597358e+00
8.945670616650856388e+00 7.856384369006338964e-02 1.985334938592302478e+00 3.412236235616436186e+00
8.960104571873674928e+00 7.867618671593969160e-02 1.985302477485333839e+00 3.423075774972233809e+00
8.974561816469897479e+00 7.878870489854905568e-02 1.985269936040651828e+00 3.433859885766334052e+00
8.989042388017235652e+00 7.890139849595802224e-02 1.985237313863819963e+00 3.444582260797188766e+00
9.003546324154021008e+00 7.901426776649231321e-02 1.985204610531525304e+00 3.455236181458939182e+00
9.018073662579327632e+00 7.912731296880164134e-02 1.985171826079863422e+00 3.465814491584810142e+00
9.032624441053046738e+00 7.924053436190049704e-02 1.985138960444828626e+00 3.476309569213261064e+00
9.047198697395998579e+00 7.935393220510490730e-02 1.985106013174231521e+00 3.486713299180316028e+00
9.061796469490030148e+00 7.946750675800673402e-02 1.985072983972315797e+00 3.497017043284598614e+00
9.076417795278109324e+00 7.958125828053552731e-02 1.985039872782238035e+00 3.507211608594276608e+00
9.091062712764427900e+00 7.969518703295207229e-02 1.985006679157834242e+00 3.517287214080937474e+00
9.105731260014490402e+00 7.980929327576494203e-02 1.984973402787090890e+00 3.527233455256183703e+00
9.120423475155233106e+00 7.992357726984555821e-02 1.984940043763288031e+00 3.537039265365506946e+00
9.135139396375100418e+00 8.003803927640699978e-02 1.984906601837110429e+00 3.546692877460495552e+00
9.149879061924158563e+00 8.015267955694627133e-02 1.984873076578253404e+00 3.556181784760182651e+00
9.164642510114189733e+00 8.026749837326033199e-02 1.984839467769745625e+00 3.565492698311339304e+00
9.179429779318791560e+00 8.038249598747951308e-02 1.984805775206325507e+00 3.574611502785511430e+00
9.194240907973480148e+00 8.049767266203744498e-02 1.984771998526866810e+00 3.583523210379446766e+00
9.209075934575787770e+00 8.061302865966481213e-02 1.984738137595286389e+00 3.592211911298449412e+00
9.223934897685358791e+00 8.072856424344805604e-02 1.984704192305571269e+00 3.600660723341691849e+00
9.238817835924056254e+00 8.084427967677863813e-02 1.984670162331497067e+00 3.608851742500880810e+00
9.253724787976066679e+00 8.096017522335251237e-02 1.984636047374920054e+00 3.616765990278046683e+00
9.268655792587983555e+00 8.107625114717685599e-02 1.984601847121211904e+00 3.624383359402094662e+00
9.283610888568928132e+00 8.119250771255979993e-02 1.984567561264441338e+00 3.631682558243134018e+00
9.298590114790631134e+00 8.130894518412301597e-02 1.984533189778915130e+00 3.638641053542145620e+00
9.313593510187551772e+00 8.142556382685559035e-02 1.984498732438794377e+00 3.645235010891807459e+00
9.328621113756964789e+00 8.154236390601302120e-02 1.984464188842366639e+00 3.651439239064737663e+00
9.343672964559068816e+00 8.165934568717679587e-02 1.984429558862757403e+00 3.657227133156384813e+00
9.358749101717087626e+00 8.177650943626042779e-02 1.984394842187441554e+00 3.662570617312506993e+00
9.373849564417371383e+00 8.189385541945927438e-02 1.984360038314832764e+00 3.667440088346905824e+00
9.388974391909496120e+00 8.201138390325579675e-02 1.984325147280799229e+00 3.671804360795644762e+00
9.404123623506372098e+00 8.212909515454260012e-02 1.984290168932716369e+00 3.675630613280592041e+00
9.419297298584330846e+00 8.224698944045477633e-02 1.984255102817144234e+00 3.678884340171304501e+00
9.434495456583253059e+00 8.236506702846604910e-02 1.984219948805332479e+00 3.681529308576299453e+00
9.449718137006644980e+00 8.248332818637039987e-02 1.984184706581061164e+00 3.683527518838857873e+00
9.464965379421753866e+00 8.260177318225550569e-02 1.984149375804065585e+00 3.684839171232320076e+00
9.480237223459672791e+00 8.272040228452372246e-02 1.984113956206215335e+00 3.685422640232319580e+00
9.495533708815438345e+00 8.283921576188865710e-02 1.984078447651825172e+00 3.685234458156931847e+00
9.510854875248135443e+00 8.295821388341076408e-02 1.984042849947456943e+00 3.684229312166672710e+00
9.526200762580998571e+00 8.307739691844795438e-02 1.984007162688442349e+00 3.682360053638013220e+00
9.541571410701523703e+00 8.319676513665419382e-02 1.983971385664574427e+00 3.679577720749159120e+00
9.556966859561558891e+00 8.331631880802790879e-02 1.983935518748978666e+00 3.675831577713467802e+00
9.572387149177421506e+00 8.343605820288441111e-02 1.983899561446662574e+00 3.671069172842412520e+00
9.587832319629988831e+00 8.355598359179371160e-02 1.983863513446351590e+00 3.665236417906372335e+00
9.603302411064813526e+00 8.367609524568761503e-02 1.983827374699387747e+00 3.658277696435062509e+00
9.618797463692224881e+00 8.379639343581693489e-02 1.983791144960378006e+00 3.650136001013032150e+00
9.634317517787426510e+00 8.391687843374633082e-02 1.983754823955393931e+00 3.640753090111516599e+00
9.649862613690611823e+00 8.403755051135275433e-02 1.983718411347808797e+00 3.630069679479696720e+00
9.665432791807059942e+00 8.415840994081187632e-02 1.983681906783488103e+00 3.618025668227349723e+00
9.681028092607251168e+00 8.427945699460735740e-02 1.983645310007943863e+00 3.604560401781330192e+00
9.696648556626954019e+00 8.440069194554578047e-02 1.983608620826316837e+00 3.589612975929938443e+00
9.712294224467354908e+00 8.452211506675696984e-02 1.983571839065689346e+00 3.573122597917686161e+00
9.727965136795141632e+00 8.464372663169920930e-02 1.983534964415412105e+00 3.555028973314363849e+00
9.743661334342620606e+00 8.476552691411995410e-02 1.983497996563471588e+00 3.535272730091192805e+00
9.759382857907819897e+00 8.488751618809529942e-02 1.983460935180914930e+00 3.513795894401623432e+00
9.775129748354599357e+00 8.500969472798601545e-02 1.983423781387273266e+00 3.490542411183696014e+00
9.790902046612750098e+00 8.513206280884223764e-02 1.983386541391041646e+00 3.465458708797790166e+00
9.806699793678099297e+00 8.525462070727064801e-02 1.983349221598359691e+00 3.438494313763547083e+00
9.822523030612632766e+00 8.537736870062771766e-02 1.983311823322992495e+00 3.409602517634407803e+00
9.838371798544578439e+00 8.550030706656661095e-02 1.983274346228824925e+00 3.378741036215441529e+00
9.854246138668537824e+00 8.562343608308083109e-02 1.983236790066825961e+00 3.345872708108692528e+00
9.870146092245569491e+00 8.574675602848259859e-02 1.983199154507076400e+00 3.310966219697822677e+00
9.886071700603311641e+00 8.587026718140408632e-02 1.983161439438674734e+00 3.273996842631386794e+00
9.902023005136083356e+00 8.599396982085157071e-02 1.983123644671593411e+00 3.234947173934576092e+00
9.918000047304998290e+00 8.611786422613172676e-02 1.983085769826402611e+00 3.193807878552475277e+00
9.934002868638060590e+00 8.624195067687806526e-02 1.983047814888948324e+00 3.150578395892786432e+00
9.950031510730287465e+00 8.636622945311657473e-02 1.983009779705639630e+00 3.105267579024640678e+00
9.966086015243808660e+00 8.649070083516556540e-02 1.982971663811099461e+00 3.057894301281581129e+00
9.982166423907973041e+00 8.661536510365705488e-02 1.982933467004272643e+00 3.008487996424904498e+00
9.998272778519467607e+00 8.674022253958263429e-02 1.982895189092403143e+00 2.957089113996398844e+00
1.001440512094240987e+01 8.686527342424966991e-02 1.982856829833792744e+00 2.903749473617436294e+00
1.003056349310847040e+01 8.699051803931290294e-02 1.982818389028523143e+00 2.848532498983292083e+00
1.004674793701697588e+01 8.711595666675409078e-02 1.982779866573423533e+00 2.791513302354961645e+00
1.006295849473502102e+01 8.724158958892734572e-02 1.982741262219349210e+00 2.732778634193043565e+00
1.007919520839757510e+01 8.736741708847658994e-02 1.982702575515645549e+00 2.672426689672282141e+00
1.009545812020759037e+01 8.749343944836679432e-02 1.982663806350899449e+00 2.610566756616640394e+00
1.011174727243611926e+01 8.761965695193991988e-02 1.982624954554466967e+00 2.547318700672047687e+00
1.012806270742241566e+01 8.774606988284390507e-02 1.982586019715654402e+00 2.482812284555385496e+00
1.014440446757405034e+01 8.787267852504217214e-02 1.982547001757950511e+00 2.417186299925393467e+00
1.016077259536700872e+01 8.799948316289057937e-02 1.982507900555731339e+00 2.350587576812969370e+00
1.017716713334583645e+01 8.812648408104802045e-02 1.982468715738377796e+00 2.283169876712490165e+00
1.019358812412370163e+01 8.825368156450281998e-02 1.982429447043500659e+00 2.215092656934768200e+00
1.021003561038253871e+01 8.838107589857450985e-02 1.982390094213826615e+00 2.146519735310117305e+00
1.022650963487314257e+01 8.850866736891339903e-02 1.982350657133736149e+00 2.077617878110185057e+00
1.024301024041530539e+01 8.863645626153809909e-02 1.982311135416068737e+00 2.008555328905055948e+00
1.025953746989789117e+01 8.876444286272773543e-02 1.982271528861247134e+00 1.939500278722789739e+00
1.027609136627897257e+01 8.889262745917858588e-02 1.982231837468816593e+00 1.870619414211807774e+00
1.029267197258593569e+01 8.902101033789960871e-02 1.982192060804607081e+00 1.802076494353266112e+00
1.030927933191559021e+01 8.914959178620422697e-02 1.982152198583776226e+00 1.734030966254663131e+00
1.032591348743428483e+01 8.927837209175751298e-02 1.982112250634372685e+00 1.666636662282716452e+00
1.034257448237801746e+01 8.940735154255850803e-02 1.982072216618178118e+00 1.600040600641483568e+00
1.035926236005254530e+01 8.953653042691465946e-02 1.982032096314185310e+00 1.534381900133193533e+00
1.037597716383350566e+01 8.966590903349856700e-02 1.981991889663049733e+00 1.469790812447509198e+00
1.039271893716651718e+01 8.979548765133359145e-02 1.981951596379985858e+00 1.406387975187937567e+00
1.040948772356730068e+01 8.992526656974933474e-02 1.981911216142975718e+00 1.344283797541310443e+00
1.042628356662179279e+01 9.005524607841666751e-02 1.981870748704295693e+00 1.283577987619666683e+00
1.044310650998625079e+01 9.018542646733213042e-02 1.981830193726580092e+00 1.224359236323853573e+00
1.045995659738737160e+01 9.031580802680988507e-02 1.981789551077440592e+00 1.166705053700899608e+00
1.047683387262241972e+01 9.044639104754449710e-02 1.981748820492896357e+00 1.110681746379701629e+00
1.049373837955931243e+01 9.057717582051345862e-02 1.981708001672075170e+00 1.056344525225943354e+00
1.051067016213675132e+01 9.070816263706465987e-02 1.981667094589965927e+00 1.003737772565965081e+00
1.052762926436433766e+01 9.083935178890283069e-02 1.981626098894594179e+00 9.528953971888927121e-01
1.054461573032267019e+01 9.097074356801615469e-02 1.981585014122345001e+00 9.038412739836384491e-01
1.056162960416349783e+01 9.110233826671972068e-02 1.981543840187498517e+00 8.565897618530560198e-01
1.057867093010978721e+01 9.123413617771350403e-02 1.981502576895366019e+00 8.111462847602510795e-01
1.059573975245586297e+01 9.136613759399500601e-02 1.981461223806718408e+00 7.675079609387442936e-01
1.061283611556752327e+01 9.149834280888113902e-02 1.981419780859482671e+00 7.256642699406903319e-01
1.062996006388214987e+01 9.163075211608816273e-02 1.981378247853456287e+00 6.855977440056737482e-01
1.064711164190882364e+01 9.176336580961473588e-02 1.981336624344123720e+00 6.472846583022899836e-01
1.066429089422844356e+01 9.189618418379266740e-02 1.981294910148847066e+00 6.106957169304555455e-01
1.068149786549383684e+01 9.202920753330749715e-02 1.981253105001030690e+00 5.757967274624398168e-01
1.069873260042988328e+01 9.216243615315496129e-02 1.981211208592640105e+00 5.425492560719654689e-01
1.071599514383362362e+01 9.229587033867325818e-02 1.981169220704487088e+00 5.109112579687988820e-01
1.073328554057438033e+01 9.242951038553522125e-02 1.981127141200602182e+00 4.808376846838765539e-01
1.075060383559387311e+01 9.256335658977907221e-02 1.981084969829282727e+00 4.522810433353024462e-01
1.076795007390632897e+01 9.269740924774599877e-02 1.981042706159485078e+00 4.251919149517454644e-01
1.078532430059862612e+01 9.283166865609411567e-02 1.981000349967700913e+00 3.995194364177127033e-01
1.080272656083036686e+01 9.296613511184083356e-02 1.980957901099543506e+00 3.752117419922960107e-01
1.082015689983403384e+01 9.310080891233933620e-02 1.980915359163702760e+00 3.522163642073893874e-01
1.083761536291508776e+01 9.323569035523787685e-02 1.980872723856350603e+00 3.304805955244429772e-01
1.085510199545208465e+01 9.337077973854403246e-02 1.980829995083865924e+00 3.099518197422889143e-01
1.087261684289681796e+01 9.350607736061837538e-02 1.980787172624957293e+00 2.905777916529884153e-01
1.089015995077440024e+01 9.364158352014602393e-02 1.980744256129071346e+00 2.723068771250393150e-01
1.090773136468340532e+01 9.377729851612945366e-02 1.980701245270836353e+00 2.550882664584036563e-01
1.092533113029598191e+01 9.391322264790243068e-02 1.980658139805427709e+00 2.388721566234459637e-01
1.094295929335796735e+01 9.404935621513867139e-02 1.980614939471593061e+00 2.236099045303639177e-01
1.096061589968901728e+01 9.418569951783839489e-02 1.980571643922871772e+00 2.092541539095884029e-01
1.097830099518271219e+01 9.432225285631813672e-02 1.980528253002432848e+00 1.957589445179281906e-01
1.099601462580668532e+01 9.445901653127390663e-02 1.980484766566064536e+00 1.830797917862838353e-01
1.101375683760273816e+01 9.459599084372166677e-02 1.980441184186304326e+00 1.711737384185344490e-01
1.103152767668695944e+01 9.473317609497781955e-02 1.980397505543464831e+00 1.599993965659388118e-01
1.104932718924985124e+01 9.487057258670855697e-02 1.980353730499189169e+00 1.495169749344573695e-01
1.106715542155644272e+01 9.500818062093181748e-02 1.980309858697921754e+00 1.396882922221502621e-01
1.108501241994640907e+01 9.514600049995391995e-02 1.980265889723796136e+00 1.304767786370946980e-01
1.110289823083419414e+01 9.528403252641604038e-02 1.980221823500926348e+00 1.218474703752624594e-01
1.112081290070914541e+01 9.542227700334347806e-02 1.980177659859009509e+00 1.137669950341877179e-01
1.113875647613560815e+01 9.556073423406992451e-02 1.980133398360919728e+00 1.062035386658363723e-01
1.115672900375306398e+01 9.569940452223792138e-02 1.980089038721473571e+00 9.912681335315633169e-02
1.117473053027623919e+01 9.583828817184129878e-02 1.980044580755190964e+00 9.250802081538914146e-02
1.119276110249525580e+01 9.597738548721082563e-02 1.980000024073092391e+00 8.631981185501627629e-02
1.121082076727571319e+01 9.611669677297086933e-02 1.979955368317234843e+00 8.053624251355044616e-02
1.122890957155883740e+01 9.625622233409134032e-02 1.979910613332322100e+00 7.513272861456612994e-02
1.124702756236159118e+01 9.639596247589342359e-02 1.979865758952257693e+00 7.008600144078938610e-02
1.126517478677680195e+01 9.653591750404094673e-02 1.979820804795849654e+00 6.537405369300568203e-02
1.128335129197328257e+01 9.667608772448753329e-02 1.979775750532326128e+00 6.097608731400561144e-02
1.130155712519594857e+01 9.681647344354389617e-02 1.979730596022818645e+00 5.687246323993593033e-02
1.131979233376595495e+01 9.695707496786533375e-02 1.979685340854189235e+00 5.304465124021169598e-02
1.133805696508079919e+01 9.709789260438544956e-02 1.979639984554353305e+00 4.947518016250275485e-02
1.135635106661446336e+01 9.723892666036546006e-02 1.979594527093695433e+00 4.614758895892347862e-02
1.137467468591752606e+01 9.738017744347192417e-02 1.979548968285541832e+00 4.304638076674330294e-02
1.139302787061729205e+01 9.752164526165400804e-02 1.979503307625805064e+00 4.015697504372037208e-02
1.141141066841790774e+01 9.766333042317439095e-02 1.979457544896774834e+00 3.746565897955152907e-02
1.142982312710048909e+01 9.780523323666111268e-02 1.979411679909617305e+00 3.495954305617051533e-02
1.144826529452326547e+01 9.794735401106426098e-02 1.979365712249659737e+00 3.262651816236023655e-02
1.146673721862166850e+01 9.808969305563326746e-02 1.979319641565041366e+00 3.045521419970248847e-02
1.148523894740847773e+01 9.823225067995774995e-02 1.979273467613325010e+00 2.843496022538247528e-02
1.150377052897394314e+01 9.837502719395857520e-02 1.979227190162816896e+00 2.655574677877748854e-02
1.152233201148590247e+01 9.851802290789958561e-02 1.979180808951753079e+00 2.480819036124172483e-02
1.154092344318993391e+01 9.866123813236744866e-02 1.979134323610423962e+00 2.318349616002172292e-02
1.155954487240943962e+01 9.880467317825984697e-02 1.979087733885023681e+00 2.167342409080190088e-02
1.157819634754579674e+01 9.894832835683090022e-02 1.979041039553862902e+00 2.027025691333672261e-02
1.159687791707848170e+01 9.909220397965548544e-02 1.978994240151223494e+00 1.896676985329529344e-02
1.161558962956519458e+01 9.923630035859296039e-02 1.978947335354632742e+00 1.775620169786143454e-02
1.163433153364197636e+01 9.938061780586508742e-02 1.978900325012091344e+00 1.663222738137023343e-02
1.165310367802335278e+01 9.952515663402827784e-02 1.978853208776058636e+00 1.558893278502042345e-02
1.167190611150244450e+01 9.966991715594378243e-02 1.978805986356235280e+00 1.462078957326458546e-02
1.169073888295110031e+01 9.981489968482404329e-02 1.978758657529908760e+00 1.372263083869560904e-02
1.170960204132003035e+01 9.996010453420622888e-02 1.978711221890137040e+00 1.288962899897439819e-02
1.172849563563892161e+01 1.001055320179242702e-01 1.978663679081989812e+00 1.211727492477964428e-02
1.174741971501657289e+01 1.002511824501515214e-01 1.978616028932606241e+00 1.140135821538691523e-02
1.176637432864102095e+01 1.003970561454122223e-01 1.978568271039080173e+00 1.073794857357079392e-02
1.178535952577966128e+01 1.005431534185013548e-01 1.978520405005951943e+00 1.012337840676022852e-02
1.180437535577940267e+01 1.006894745845668543e-01 1.978472430762280965e+00 9.554226729643254534e-03
1.182342186806675421e+01 1.008360199591239320e-01 1.978424347984059750e+00 9.027302814430008746e-03
1.184249911214798701e+01 1.009827898579652161e-01 1.978376156207673375e+00 8.539631305579456488e-03
1.186160713760924068e+01 1.011297845972085468e-01 1.978327855188922513e+00 8.088438435002764590e-03
1.188074599411667975e+01 1.012770044933144348e-01 1.978279444620284266e+00 7.671139051704007825e-03
1.189991573141659309e+01 1.014244498630496316e-01 1.978230924137506008e+00 7.285324424551053307e-03
1.191911639933553779e+01 1.015721210235060595e-01 1.978182293437214412e+00 6.928750782572638649e-03
1.193834804778046532e+01 1.017200182920999368e-01 1.978133552245651572e+00 6.599328777322228945e-03
1.195761072673885828e+01 1.018681419865814647e-01 1.978084700299973520e+00 6.295113392792647984e-03
1.197690448627884940e+01 1.020164924250283045e-01 1.978035737284756124e+00 6.014294051986748997e-03
1.199622937654936017e+01 1.021650699258359607e-01 1.977986662816476837e+00 5.755185711910864796e-03
1.201558544778022686e+01 1.023138748077061927e-01 1.977937476557542595e+00 5.516220544378091714e-03
1.203497275028233204e+01 1.024629073896728276e-01 1.977888178255454932e+00 5.295940135433602550e-03
1.205439133444773425e+01 1.026121679911006640e-01 1.977838767487526184e+00 5.092988174063971252e-03
1.207384125074980297e+01 1.027616569316350398e-01 1.977789243976530997e+00 4.906103618538489725e-03
1.209332254974334653e+01 1.029113745312962985e-01 1.977739607507658093e+00 4.734114455105777920e-03
1.211283528206474180e+01 1.030613211104040305e-01 1.977689857672885410e+00 4.575931559288279847e-03
1.213237949843206565e+01 1.032114969895932266e-01 1.977639994182538885e+00 4.430542923837248875e-03
1.215195524964524409e+01 1.033619024898343869e-01 1.977590016720000676e+00 4.297008416651200251e-03
1.217156258658615187e+01 1.035125379324050299e-01 1.977539924882023570e+00 4.174454879676172368e-03
1.219120156021877222e+01 1.036634036388906777e-01 1.977489718374386030e+00 4.062071545263074707e-03
1.221087222158931418e+01 1.038144999312171496e-01 1.977439396891782053e+00 3.959105750853740384e-03
1.223057462182634580e+01 1.039658271316147298e-01 1.977388960048074296e+00 3.864858956442114406e-03
1.225030881214095224e+01 1.041173855626288530e-01 1.977338407585648383e+00 3.778683096240082005e-03
1.227007484382682634e+01 1.042691755471482074e-01 1.977287739218866136e+00 3.699976962446342461e-03
1.228987276826043740e+01 1.044211974083681799e-01 1.977236954563011295e+00 3.628182895572438452e-03
1.230970263690114130e+01 1.045734514697963802e-01 1.977186053262585119e+00 3.562783749187135428e-03
1.232956450129133152e+01 1.047259380552555130e-01 1.977135034979369266e+00 3.503300056613040635e-03
1.234945841305656344e+01 1.048786574888853490e-01 1.977083899402430234e+00 3.449287386873852498e-03
1.236938442390569115e+01 1.050316100951490805e-01 1.977032646175928221e+00 3.400333878009618310e-03
1.238934258563100066e+01 1.051847961988127550e-01 1.976981274929187293e+00 3.356057956699517314e-03
1.240933295010834669e+01 1.053382161249603044e-01 1.976929785421020824e+00 3.316106234016269992e-03
1.242935556929728769e+01 1.054918701990188445e-01 1.976878177333958320e+00 3.280151431019843761e-03
1.244941049524121723e+01 1.056457587467095199e-01 1.976826450249461686e+00 3.247890502605541626e-03
1.246949778006750087e+01 1.057998820940639906e-01 1.976774603834769550e+00 3.219042907921619914e-03
1.248961747598760930e+01 1.059542405674347293e-01 1.976722637767693413e+00 3.193348999001785742e-03
1.250976963529727293e+01 1.061088344934873473e-01 1.976670551644531315e+00 3.170568519969581191e-03
1.252995431037658314e+01 1.062636641991822201e-01 1.976618345117515219e+00 3.150479209650628321e-03
1.255017155369015747e+01 1.064187300118100976e-01 1.976566017931247643e+00 3.132875514449435551e-03
1.257042141778726219e+01 1.065740322589851519e-01 1.976513569759617894e+00 3.117567394493771758e-03
1.259070395530194730e+01 1.067295712686293363e-01 1.976461000223707742e+00 3.104379156823643474e-03
1.261101921895320643e+01 1.068853473689707484e-01 1.976408308946417947e+00 3.093148403844674273e-03
1.263136726154507627e+01 1.070413608885452672e-01 1.976355495592258649e+00 3.083725062635650407e-03
1.265174813596680536e+01 1.071976121562075446e-01 1.976302559813348125e+00 3.075970482290451419e-03
1.267216189519297131e+01 1.073541015011157257e-01 1.976249501199788483e+00 3.069756594760212308e-03
1.269260859228363536e+01 1.075108292527264253e-01 1.976196319407279134e+00 3.064965134961025219e-03
1.271308828038446492e+01 1.076677957408199160e-01 1.976143014184117419e+00 3.061486923615828332e-03
1.273360101272688460e+01 1.078250012955043330e-01 1.976089585134218396e+00 3.059221202153685707e-03
1.275414684262820053e+01 1.079824462471646873e-01 1.976036031848366292e+00 3.058074986375254514e-03
1.277472582349175667e+01 1.081401309265091482e-01 1.975982354094469429e+00 3.057962484332740153e-03
1.279533800880705918e+01 1.082980556645788406e-01 1.975928551482638795e+00 3.058804559480636769e-03
1.281598345214991674e+01 1.084562207926873245e-01 1.975874623501681526e+00 3.060528232367585103e-03
1.283666220718258977e+01 1.086146266424405787e-01 1.975820569900520240e+00 3.063066218226420580e-03
1.285737432765391830e+01 1.087732735458011163e-01 1.975766390315470744e+00 3.066356497994851635e-03
1.287811986739946590e+01 1.089321618349863574e-01 1.975712084301903815e+00 3.070341923815114119e-03
1.289889888034167420e+01 1.090912918425436112e-01 1.975657651612493737e+00 3.074969855078336575e-03
1.291971142048997301e+01 1.092506639013389180e-01 1.975603091947391476e+00 3.080191805521779840e-03
1.294055754194094199e+01 1.094102783445502630e-01 1.975548404874132302e+00 3.085963125047149012e-03
1.296143729887844209e+01 1.095701355056305643e-01 1.975493589942232120e+00 3.092242707090110676e-03
1.298235074557377899e+01 1.097302357183382038e-01 1.975438646832571976e+00 3.098992717489945561e-03
1.300329793638580611e+01 1.098905793167489348e-01 1.975383575146679505e+00 3.106178343352059695e-03
1.302427892576108981e+01 1.100511666352166906e-01 1.975328374517744123e+00 3.113767560491387601e-03
1.304529376823405151e+01 1.102119980084230455e-01 1.975273044654613841e+00 3.121730919301156544e-03
1.306634251842710270e+01 1.103730737713521926e-01 1.975217585117945873e+00 3.130041348761741348e-03
1.308742523105078526e+01 1.105343942592662138e-01 1.975161995572477736e+00 3.138673966814245660e-03
1.310854196090392065e+01 1.106959598077632972e-01 1.975106275707162240e+00 3.147605908573220933e-03
1.312969276287375209e+01 1.108577707527274303e-01 1.975050425054860170e+00 3.156816169123994979e-03
1.315087769193607592e+01 1.110198274303259847e-01 1.974994443215166484e+00 3.166285458138775634e-03
1.317209680315539977e+01 1.111821301770336140e-01 1.974938329836845696e+00 3.175996065456140015e-03
1.319335015168507574e+01 1.113446793296235804e-01 1.974882084547857630e+00 3.185931736833481302e-03
1.321463779276744788e+01 1.115074752251693502e-01 1.974825706880835696e+00 3.196077559417571587e-03
1.323595978173399068e+01 1.116705182010101494e-01 1.974769196589647891e+00 3.206419857526444667e-03
1.325731617400545304e+01 1.118338085948584609e-01 1.974712553348581423e+00 3.216946092709292541e-03
1.327870702509202872e+01 1.119973467446658544e-01 1.974655776640190652e+00 3.227644772080706225e-03
1.330013239059345231e+01 1.121611329886917779e-01 1.974598866142002862e+00 3.238505365093389578e-03
1.332159232619917866e+01 1.123251676654993120e-01 1.974541821448610790e+00 3.249518226720266977e-03
1.334308688768851958e+01 1.124894511139307302e-01 1.974484642152674496e+00 3.260674526562267177e-03
1.336461613093077716e+01 1.126539836731306199e-01 1.974427327808541577e+00 3.271966183443066143e-03
1.338618011188542489e+01 1.128187656825092589e-01 1.974369878043376048e+00 3.283385805116128056e-03
1.340777888660220007e+01 1.129837974818028029e-01 1.974312292578588313e+00 3.294926633417139157e-03
1.342941251122129032e+01 1.131490794110437681e-01 1.974254571007293180e+00 3.306582492677654934e-03
1.345108104197346321e+01 1.133146118105469863e-01 1.974196712919308538e+00 3.318347741452943884e-03
1.347278453518021735e+01 1.134803950209215123e-01 1.974138717911159802e+00 3.330217229070870678e-03
1.349452304725392260e+01 1.136464293830602990e-01 1.974080585541628352e+00 3.342186255642842860e-03
1.351629663469797649e+01 1.138127152381364637e-01 1.974022315395927762e+00 3.354250535234621407e-03
1.353810535410693916e+01 1.139792529276152794e-01 1.973963907126915274e+00 3.366406161953455160e-03
1.355994926216669327e+01 1.141460427932646654e-01 1.973905360336118520e+00 3.378649578721902493e-03
1.358182841565458077e+01 1.143130851771258089e-01 1.973846674608466856e+00 3.390977548736393444e-03
1.360374287143955563e+01 1.144803804215362014e-01 1.973787849574932807e+00 3.403387129283761119e-03
1.362569268648233134e+01 1.146479288691218262e-01 1.973728884806803308e+00 3.415875646807986152e-03
1.364767791783552120e+01 1.148157308627832107e-01 1.973669779923000078e+00 3.428440674481676720e-03
1.366969862264381241e+01 1.149837867457250834e-01 1.973610534558929430e+00 3.441080011735527487e-03
1.369175485814407800e+01 1.151520968614314772e-01 1.973551148208343875e+00 3.453791665329539618e-03
1.371384668166554732e+01 1.153206615536403745e-01 1.973491620428774240e+00 3.466573832265048682e-03
1.373597415062995353e+01 1.154894811663905174e-01 1.973431950919348310e+00 3.479424883366927408e-03
1.375813732255167210e+01 1.156585560440227672e-01 1.973372139206560405e+00 3.492343349289021067e-03
1.378033625503790205e+01 1.158278865311176131e-01 1.973312184905694266e+00 3.505327908810322926e-03
1.380257100578876894e+01 1.159974729725877646e-01 1.973252087705191116e+00 3.518377361299367210e-03
1.382484163259750609e+01 1.161673157136097756e-01 1.973191847059638349e+00 3.531490689245403349e-03
1.384714819335059666e+01 1.163374150996105000e-01 1.973131462534524871e+00 3.544666758020783431e-03
1.386949074602792287e+01 1.165077714763180089e-01 1.973070933837334451e+00 3.557905288291230393e-03
1.389186934870292234e+01 1.166783851897588153e-01 1.973010260492287671e+00 3.571203943759555972e-03
1.391428405954273195e+01 1.168492565861964927e-01 1.972949441937430493e+00 3.584565536111646022e-03
1.393673493680834241e+01 1.170203860121610262e-01 1.972888477891729053e+00 3.597985046682923311e-03
1.395922203885474921e+01 1.171917738145169391e-01 1.972827367981608404e+00 3.611452951660622072e-03
1.398174542413110366e+01 1.173634203403621096e-01 1.972766111693886160e+00 3.625065782466186694e-03
1.400430515118086916e+01 1.175353259370785497e-01 1.972704708660330652e+00 3.638203518723366354e-03
1.402690127864196334e+01 1.177074909523315033e-01 1.972643158436312660e+00 3.651992401093507971e-03
1.404953386524692327e+01 1.178799157340426895e-01 1.972581460582773616e+00 3.666437741394150754e-03
1.407220296982304220e+01 1.180526006304175174e-01 1.972519614704197011e+00 3.680769211814110056e-03
1.409490865129255255e+01 1.182255459899324707e-01 1.972457620305704040e+00 3.695206517120572416e-03
1.411765096867273606e+01 1.183987521613111826e-01 1.972395476948349824e+00 3.709690858062866716e-03
1.414042998107611027e+01 1.185722194935670409e-01 1.972333184168974185e+00 3.724235701818272553e-03
1.416324574771056177e+01 1.187459483359507434e-01 1.972270741647207615e+00 3.738839326677487456e-03
1.418609832787953096e+01 1.189199390380526189e-01 1.972208149026528190e+00 3.753501800073641686e-03
1.420898778098212745e+01 1.190941919496863871e-01 1.972145405695073350e+00 3.768223662982448253e-03
1.423191416651330421e+01 1.192687074209130837e-01 1.972082511243797853e+00 3.783004998988930608e-03
1.425487754406401208e+01 1.194434858020882173e-01 1.972019465329481136e+00 3.797846112880106425e-03
1.427787797332135433e+01 1.196185274438370805e-01 1.971956267435984955e+00 3.812747227332078954e-03
1.430091551406873940e+01 1.197938326970163780e-01 1.971892917016134561e+00 3.827708592954013993e-03
1.432399022618603368e+01 1.199694019127397898e-01 1.971829413722502977e+00 3.842730453617883637e-03
1.434710216964972673e+01 1.201452354424229624e-01 1.971765757167077027e+00 3.857813056061219770e-03
1.437025140453307337e+01 1.203213336377235848e-01 1.971701946849861997e+00 3.872956647634683176e-03
1.439343799100626420e+01 1.204976968505585555e-01 1.971637982358515728e+00 3.888161476689918662e-03
1.441666198933657306e+01 1.206743254331179016e-01 1.971573863236699253e+00 3.903427792580735963e-03
1.443992345988851334e+01 1.208512197378336511e-01 1.971509588992830686e+00 3.918755845629145161e-03
1.446322246312399962e+01 1.210283801173968193e-01 1.971445159206155040e+00 3.934145887150896151e-03
1.448655905960249335e+01 1.212058069247643893e-01 1.971380573401575020e+00 3.949598169449674255e-03
1.450993330998119646e+01 1.213835005131316674e-01 1.971315831126389639e+00 3.965112945823689138e-03
1.453334527501515439e+01 1.215614612359669777e-01 1.971250931891404434e+00 3.980690470568127269e-03
1.455679501555745148e+01 1.217396894469614521e-01 1.971185875255969222e+00 3.996330998978734998e-03
1.458028259255936021e+01 1.219181855000966846e-01 1.971120660844007944e+00 4.012034787355747700e-03
1.460380806707048684e+01 1.220969497495983380e-01 1.971055288166894570e+00 4.027802093004164731e-03
1.462737150023897037e+01 1.222759825499408759e-01 1.970989756637436585e+00 4.043633174251363809e-03
1.465097295331158733e+01 1.224552842558047361e-01 1.970924066220618442e+00 4.059528290396996128e-03
1.467461248763394188e+01 1.226348552223215788e-01 1.970858221278490419e+00 4.075487701940166615e-03
1.469829016465062743e+01 1.228146958064587763e-01 1.970792230697156810e+00 4.091511672015773690e-03
1.472200604590537054e+01 1.229948063673255154e-01 1.970726099174385126e+00 4.107600466753721924e-03
1.474576019304120678e+01 1.231751872643337686e-01 1.970659826411974791e+00 4.123754353399334410e-03
1.476955266780062814e+01 1.233558388571922848e-01 1.970593412063067262e+00 4.139973600349240723e-03
1.479338353202575185e+01 1.235367615058941410e-01 1.970526855788079956e+00 4.156258477126724762e-03
1.481725284765847483e+01 1.237179555707311057e-01 1.970460157151137537e+00 4.172609254390865011e-03
1.484116067674064432e+01 1.238994214122420834e-01 1.970393315681349122e+00 4.189026203941939065e-03
1.486510708141420523e+01 1.240811593912500843e-01 1.970326331012074661e+00 4.205509598725867132e-03
1.488909212392137604e+01 1.242631698688635572e-01 1.970259202746888150e+00 4.222059712839662526e-03
1.491311586660479982e+01 1.244454532064626223e-01 1.970191930478335962e+00 4.238676821536309716e-03
1.493717837190770403e+01 1.246280097657072317e-01 1.970124513761788876e+00 4.255361201230005788e-03
1.496127970237409066e+01 1.248108399085146591e-01 1.970056952118284244e+00 4.272113129501189412e-03
1.498541992064885697e+01 1.249939439970671334e-01 1.969989245237456998e+00 4.288932885101732866e-03
1.500959908947798560e+01 1.251773223938663082e-01 1.969921392715491493e+00 4.305820747960326621e-03
1.503381727170868842e+01 1.253609754616433203e-01 1.969853394148913139e+00 4.322776999187396413e-03
1.505807453028961085e+01 1.255449035634471910e-01 1.969785249161304819e+00 4.339801921080702930e-03
1.508237092827094195e+01 1.257291070625655149e-01 1.969716957196624207e+00 4.356895797130297052e-03
1.510670652880460985e+01 1.259135863225345209e-01 1.969648517875157268e+00 4.374058912023886213e-03
1.513108139514443984e+01 1.260983417071941393e-01 1.969579930839472581e+00 4.391291551652353430e-03
1.515549559064631779e+01 1.262833735806408730e-01 1.969511195613449672e+00 4.408594003114933713e-03
1.517994917876835537e+01 1.264686823072280197e-01 1.969442311744387553e+00 4.425966554724623803e-03
1.520444222307105520e+01 1.266542682515731100e-01 1.969373278838475017e+00 4.443409496013613590e-03
1.522897478721747433e+01 1.268401317785718962e-01 1.969304096551809380e+00 4.460923117738727940e-03
1.525354693497339298e+01 1.270262732534022110e-01 1.969234764408383853e+00 4.478507711886936180e-03
1.527815873020747439e+01 1.272126930414676782e-01 1.969165281947198309e+00 4.496163571680682029e-03
1.530281023689143893e+01 1.273993915084592476e-01 1.969095648811844512e+00 4.513890991583602991e-03
1.532750151910022396e+01 1.275863690203319356e-01 1.969025864521427138e+00 4.531690267305957427e-03
1.535223264101215257e+01 1.277736259432789012e-01 1.968955928608920658e+00 4.549561695810189557e-03
1.537700366690909526e+01 1.279611626437614225e-01 1.968885840643451957e+00 4.567505575316584653e-03
1.540181466117666176e+01 1.281489794884916322e-01 1.968815600260882093e+00 4.585522205308844440e-03
1.542666568830432894e+01 1.283370768444738463e-01 1.968745206967241757e+00 4.603611886539933987e-03
1.545155681288563088e+01 1.285254550789116379e-01 1.968674660319720715e+00 4.621774921037389086e-03
1.547648809961832406e+01 1.287141145593194702e-01 1.968603959982829110e+00 4.640011612109445037e-03
1.550145961330457034e+01 1.289030556534512262e-01 1.968533105438268649e+00 4.658322264350565206e-03
1.552647141885107551e+01 1.290922787292992369e-01 1.968462096257212579e+00 4.676707183647224597e-03
1.555152358126927581e+01 1.292817841551284763e-01 1.968390932033798890e+00 4.695166677183794900e-03
1.557661616567550311e+01 1.294715722994498885e-01 1.968319612257573681e+00 4.713701053448321118e-03
1.560174923729116081e+01 1.296616435310048721e-01 1.968248136461738795e+00 4.732310622238346774e-03
1.562692286144288545e+01 1.298519982187961164e-01 1.968176504251800907e+00 4.750995694666903905e-03
1.565213710356271548e+01 1.300426367320837440e-01 1.968104715193135235e+00 4.769756583168421535e-03
1.567739202918827068e+01 1.302335594403717101e-01 1.968032768785406006e+00 4.788593601504638475e-03
1.570268770396291202e+01 1.304247667133945077e-01 1.967960664648899183e+00 4.807507064770558634e-03
1.572802419363591753e+01 1.306162589211763703e-01 1.967888402364451395e+00 4.826497289400665663e-03
1.575340156406265457e+01 1.308080364339544166e-01 1.967815981386593194e+00 4.845564593174734279e-03
1.577881988120474865e+01 1.310000996222047132e-01 1.967743401269785863e+00 4.864709295223976389e-03
1.580427921113025391e+01 1.311924488566539038e-01 1.967670661596116588e+00 4.883931716037256607e-03
1.582977962001381833e+01 1.313850845082767393e-01 1.967597761928800537e+00 4.903232177467138631e-03
1.585532117413688802e+01 1.315780069482897219e-01 1.967524701718957658e+00 4.922611002736143257e-03
1.588090393988783333e+01 1.317712165481112752e-01 1.967451480484783133e+00 4.942068516442739250e-03
1.590652798376214427e+01 1.319647136794261377e-01 1.967378097849746155e+00 4.961605044567855491e-03
1.593219337236261168e+01 1.321584987141618539e-01 1.967304553429016778e+00 4.981220914481034913e-03
1.595790017239947289e+01 1.323525720245077031e-01 1.967230846671895961e+00 5.000916454946872057e-03
1.598364845069063556e+01 1.325469339828267701e-01 1.967156977098738935e+00 5.020691996131016951e-03
1.600943827416179133e+01 1.327415849617714083e-01 1.967082944313688131e+00 5.040547869606921451e-03
1.603526970984662370e+01 1.329365253341995012e-01 1.967008747731028961e+00 5.060484408362025260e-03
1.606114282488697853e+01 1.331317554731800135e-01 1.966934386966272541e+00 5.080501946804189158e-03
1.608705768653303281e+01 1.333272757520668761e-01 1.966859861544435262e+00 5.100600820768407505e-03
1.611301436214348115e+01 1.335230865443871873e-01 1.966785170887874301e+00 5.120781367522963048e-03
1.613901291918568504e+01 1.337191882239088525e-01 1.966710314603119514e+00 5.141043925776190605e-03
1.616505342523588595e+01 1.339155811646463023e-01 1.966635292264527379e+00 5.161388835683075084e-03
1.619113594797934752e+01 1.341122657408403140e-01 1.966560103374149548e+00 5.181816438851777513e-03
1.621726055521054732e+01 1.343092423269465208e-01 1.966484747430058633e+00 5.202327078350301587e-03
1.624342731483335101e+01 1.345065112976436272e-01 1.966409223969435516e+00 5.222921098713158468e-03
1.626963629486118634e+01 1.347040730278395992e-01 1.966333532504449977e+00 5.243598845948125274e-03
1.629588756341722089e+01 1.349019278926532062e-01 1.966257672530900891e+00 5.264360667542943711e-03
1.632218118873453960e+01 1.351000762674235411e-01 1.966181643568802428e+00 5.285206912472160956e-03
1.634851723915633670e+01 1.352985185277091329e-01 1.966105445126004270e+00 5.306137931203927169e-03
1.637489578313606131e+01 1.354972550492818117e-01 1.966029076709105539e+00 5.327154075706829438e-03
1.640131688923761644e+01 1.356962862081304011e-01 1.965952537849261716e+00 5.348255699456865367e-03
1.642778062613552592e+01 1.358956123804647698e-01 1.965875828037383144e+00 5.369443157444299571e-03
1.645428706261515117e+01 1.360952339426937385e-01 1.965798946862150842e+00 5.390716806180649405e-03
1.648083626757281195e+01 1.362951512714860591e-01 1.965721893807767628e+00 5.412077003705910092e-03
1.650742831001599598e+01 1.364953647436633333e-01 1.965644668297841235e+00 5.433524109595150135e-03
1.653406325906354368e+01 1.366958747362808091e-01 1.965567269924008542e+00 5.455058484965975840e-03
1.656074118394581518e+01 1.368966816266141417e-01 1.965489698132273588e+00 5.476680492485580358e-03
1.658746215400487500e+01 1.370977857921098497e-01 1.965411952398653739e+00 5.498390496377716409e-03
1.661422623869467330e+01 1.372991876104451558e-01 1.965334032257828767e+00 5.520188862430141716e-03
1.664103350758122346e+01 1.375008874594911557e-01 1.965255937212532444e+00 5.542075958001706215e-03
1.666788403034278687e+01 1.377028857173340781e-01 1.965177666723775474e+00 5.564052152029741981e-03
1.669477787677005054e+01 1.379051827622340964e-01 1.965099220326010254e+00 5.586117815037189467e-03
1.672171511676630473e+01 1.381077789726957161e-01 1.965020597589955287e+00 5.608273319140255446e-03
1.674869582034764193e+01 1.383106747274102932e-01 1.964941797932397094e+00 5.630519038055627722e-03
1.677572005764311314e+01 1.385138704052470138e-01 1.964862820785128861e+00 5.652855347107824287e-03
1.680278789889491975e+01 1.387173663852659389e-01 1.964783665673394353e+00 5.675282623236748911e-03
1.682989941445863025e+01 1.389211630467421521e-01 1.964704332133806020e+00 5.697801245005350811e-03
1.685705467480329744e+01 1.391252607691440268e-01 1.964624819588948412e+00 5.720411592607063146e-03
1.688425375051170008e+01 1.393296599321051377e-01 1.964545127517453693e+00 5.743114047873316974e-03
1.691149671228048490e+01 1.395343609154734987e-01 1.964465255420918766e+00 5.765908994281357912e-03
1.693878363092037276e+01 1.397393640992695973e-01 1.964385202789003415e+00 5.788796816961812135e-03
1.696611457735636463e+01 1.399446698637216713e-01 1.964304969114778032e+00 5.811777902706552479e-03
1.699348962262786600e+01 1.401502785892297931e-01 1.964224553904045933e+00 5.834852639976274846e-03
1.702090883788891773e+01 1.403561906564040618e-01 1.964143956606335450e+00 5.858021418908578547e-03
1.704837229440837376e+01 1.405624064460010147e-01 1.964063176644685882e+00 5.881284631325485457e-03
1.707588006357007160e+01 1.407689263389733103e-01 1.963982213550252709e+00 5.904642670741575873e-03
1.710343221687303128e+01 1.409757507164638712e-01 1.963901066735957102e+00 5.928095932371930075e-03
1.713102882593164722e+01 1.411828799597589224e-01 1.963819735671108901e+00 5.951644813139945860e-03
1.715866996247584808e+01 1.413903144503568521e-01 1.963738219892888992e+00 5.975289711685588014e-03
1.718635569835130994e+01 1.415980545699256909e-01 1.963656518807511020e+00 5.999031028373375853e-03
1.721408610551963037e+01 1.418061007002875962e-01 1.963574631881897403e+00 6.022869165300417590e-03
1.724186125605852027e+01 1.420144532234577928e-01 1.963492558644929886e+00 6.046804526304736145e-03
1.726968122216198154e+01 1.422231125216300296e-01 1.963410298494977724e+00 6.070837516973424074e-03
1.729754607614050599e+01 1.424320789771322815e-01 1.963327850904306615e+00 6.094968544650767282e-03
1.732545589042127077e+01 1.426413529725006069e-01 1.963245215376105079e+00 6.119198018446857061e-03
1.735341073754830177e+01 1.428509348904167531e-01 1.963162391300784293e+00 6.143526349245644405e-03
1.738141069018267615e+01 1.430608251137182596e-01 1.963079378155271115e+00 6.167953949713442761e-03
1.740945582110271417e+01 1.432710240254237710e-01 1.962996175349644545e+00 6.192481234307470675e-03
1.743754620320415327e+01 1.434815320086762491e-01 1.962912782374132803e+00 6.217108619284085654e-03
1.746568190950037547e+01 1.436923494468322071e-01 1.962829198648933016e+00 6.241836522707783046e-03
1.749386301312255299e+01 1.439034767233392798e-01 1.962745423657793253e+00 6.266665364459198320e-03
1.752208958731985433e+01 1.441149142218836887e-01 1.962661456890032241e+00 6.291595566244428603e-03
1.755036170545964325e+01 1.443266623262429715e-01 1.962577297696498135e+00 6.316627551603068783e-03
1.757867944102765279e+01 1.445387214203698312e-01 1.962492945588678595e+00 6.341761745917348300e-03
1.760704286762820203e+01 1.447510918883764264e-01 1.962408399974265194e+00 6.366998576420866349e-03
1.763545205898435597e+01 1.449637741145014536e-01 1.962323660299489347e+00 6.392338472207262021e-03
1.766390708893814576e+01 1.451767684831572480e-01 1.962238726020927970e+00 6.417781864239332015e-03
1.769240803145073571e+01 1.453900753788855416e-01 1.962153596477605788e+00 6.443329185357814411e-03
1.772095496060263642e+01 1.456036951863456941e-01 1.962068271167822786e+00 6.468980870290278254e-03
1.774954795059388601e+01 1.458176282903952126e-01 1.961982749548838001e+00 6.494737355660574335e-03
1.777818707574424195e+01 1.460318750759881656e-01 1.961897030995601199e+00 6.520599079997484518e-03
1.780687241049337999e+01 1.462464359282368564e-01 1.961811115009936657e+00 6.546566483744130013e-03
1.783560402940107892e+01 1.464613112324045507e-01 1.961725000962474041e+00 6.572640009267157607e-03
1.786438200714744085e+01 1.466765013738517698e-01 1.961638688304105926e+00 6.598820100865762824e-03
1.789320641853304750e+01 1.468920067381221939e-01 1.961552176479699483e+00 6.625107204781428664e-03
1.792207733847917339e+01 1.471078277108515686e-01 1.961465464828393124e+00 6.651501769206808259e-03
1.795099484202797413e+01 1.473239646778089496e-01 1.961378552822793608e+00 6.678004244295367327e-03
1.797995900434271377e+01 1.475404180249119401e-01 1.961291439860701757e+00 6.704615082171011889e-03
1.800896990070789982e+01 1.477571881381753438e-01 1.961204125382550956e+00 6.731334736937240673e-03
1.803802760652953552e+01 1.479742754037784991e-01 1.961116608739757794e+00 6.758163664687164007e-03
1.806713219733527964e+01 1.481916802079550344e-01 1.961028889355361571e+00 6.785102323512568617e-03
1.809628374877466328e+01 1.484094029371326728e-01 1.960940966748125902e+00 6.812151173514340713e-03
1.812548233661927100e+01 1.486274439778336454e-01 1.960852840223651583e+00 6.839310676811647879e-03
1.815472803676295399e+01 1.488458037166745240e-01 1.960764509184855342e+00 6.866581297551869502e-03
1.818402092522201841e+01 1.490644825404080220e-01 1.960675973125034943e+00 6.893963501920615661e-03
1.821336107813541361e+01 1.492834808359190524e-01 1.960587231411409448e+00 6.921457758151643679e-03
1.824274857176495601e+01 1.495027989901682730e-01 1.960498283365495809e+00 6.949064536536574306e-03
1.827218348249550317e+01 1.497224373902245886e-01 1.960409128441483517e+00 6.976784309435114448e-03
1.830166588683515272e+01 1.499423964232900752e-01 1.960319766032966982e+00 7.004617551285277285e-03
1.833119586141546620e+01 1.501626764766444688e-01 1.960230195469648606e+00 7.032564738613261528e-03
1.836077348299162892e+01 1.503832779376678419e-01 1.960140416228568938e+00 7.060626350043817251e-03
1.839039882844269869e+01 1.506042011938829306e-01 1.960050427692863195e+00 7.088802866310769599e-03
1.842007197477176561e+01 1.508254466328662613e-01 1.959960229224179784e+00 7.117094770266844256e-03
1.844979299910615822e+01 1.510470146423237847e-01 1.959869820256130879e+00 7.145502546894545899e-03
1.847956197869765660e+01 1.512689056100457174e-01 1.959779200114894593e+00 7.174026683316367912e-03
1.850937899092268069e+01 1.514911199238983541e-01 1.959688368207025633e+00 7.202667668805257106e-03
1.853924411328252475e+01 1.517136579718666167e-01 1.959597323926004719e+00 7.231425994795530332e-03
1.856915742340350306e+01 1.519365201420022626e-01 1.959506066615062991e+00 7.260302154893154454e-03
1.859911899903719146e+01 1.521597068224484484e-01 1.959414595700081918e+00 7.289296644886678576e-03
1.862912891806061921e+01 1.523832184014504432e-01 1.959322910498144665e+00 7.318409962758063055e-03
1.865918725847647153e+01 1.526070552672915415e-01 1.959231010377834536e+00 7.347642608693186715e-03
1.868929409841329203e+01 1.528312178083771899e-01 1.959138894729449021e+00 7.376995085093248326e-03
1.871944951612568175e+01 1.530557064131576606e-01 1.959046562958178583e+00 7.406467896585279889e-03
1.874965358999451226e+01 1.532805214702094299e-01 1.958954014425216883e+00 7.436061550033725917e-03
1.877990639852712107e+01 1.535056633681293470e-01 1.958861248455150417e+00 7.465776554550937645e-03
1.881020802035751771e+01 1.537311324956200653e-01 1.958768264469881615e+00 7.495613421508843383e-03
1.884055853424658977e+01 1.539569292414471047e-01 1.958675061785243088e+00 7.525572664549953598e-03
1.887095801908230541e+01 1.541830539944276657e-01 1.958581639732756230e+00 7.555654799598685196e-03
1.890140655387991231e+01 1.544095071434465061e-01 1.958487997709539741e+00 7.585860344872762118e-03
1.893190421778217214e+01 1.546362890774668486e-01 1.958394135109756462e+00 7.616189820894809365e-03
1.896245109005953111e+01 1.548634001855152820e-01 1.958300051170567713e+00 7.646643750503786564e-03
1.899304725011032957e+01 1.550908408566183672e-01 1.958205745288864819e+00 7.677222658866223771e-03
1.902369277746103293e+01 1.553186114799379736e-01 1.958111216871998295e+00 7.707927073488658569e-03
1.905438775176640576e+01 1.555467124446378024e-01 1.958016465209880153e+00 7.738757524228636817e-03
1.908513225280976755e+01 1.557751441399573555e-01 1.957921489651539559e+00 7.769714543307022249e-03
1.911592636050314198e+01 1.560039069551622803e-01 1.957826289556464872e+00 7.800798665319484682e-03
1.914677015488750200e+01 1.562330012795953293e-01 1.957730864319955799e+00 7.832010427248840834e-03
1.917766371613296172e+01 1.564624275026388900e-01 1.957635213217145065e+00 7.863350368476896418e-03
1.920860712453900021e+01 1.566921860136915035e-01 1.957539335557385130e+00 7.894819030796361090e-03
1.923960046053464978e+01 1.569222772022033918e-01 1.957443230691637837e+00 7.926416958423280340e-03
1.927064380467872695e+01 1.571527014576573344e-01 1.957346897927095597e+00 7.958144698009218462e-03
1.930173723766002425e+01 1.573834591695633667e-01 1.957250336640072419e+00 7.990002798653531718e-03
1.933288084029753051e+01 1.576145507274930579e-01 1.957153546186191306e+00 8.021991811916000595e-03
1.936407469354062982e+01 1.578459765210311061e-01 1.957056525768280153e+00 8.054112291829068279e-03
1.939531887846932889e+01 1.580777369397467769e-01 1.956959274779819680e+00 8.086364794910046172e-03
1.942661347629444890e+01 1.583098323733107271e-01 1.956861792619747575e+00 8.118749880175966591e-03
1.945795856835785287e+01 1.585422632113763219e-01 1.956764078494188652e+00 8.151268109147648960e-03
1.948935423613264106e+01 1.587750298436013952e-01 1.956666131883707749e+00 8.183920045897076848e-03
1.952080056122338902e+01 1.590081326597564126e-01 1.956567951681790873e+00 8.216706256928820937e-03
1.955229762536632521e+01 1.592415720493243481e-01 1.956469540667967522e+00 8.249627311625023357e-03
1.958384551042956900e+01 1.594753484037987334e-01 1.956370910057671608e+00 8.282683779709828706e-03
1.961544429841332260e+01 1.597094621185241037e-01 1.956272070105001148e+00 8.315876229169211209e-03
1.964709407145012321e+01 1.599439135904200671e-01 1.956173022835059783e+00 8.349205228722476890e-03
1.967879491180500295e+01 1.601787032162552415e-01 1.956073767329939983e+00 8.382671349748746850e-03
1.971054690187574110e+01 1.604138313929327209e-01 1.955974303000743930e+00 8.416275165977879849e-03
1.974235012419306656e+01 1.606492985173616772e-01 1.955874629300637935e+00 8.450017253577229298e-03
1.977420466142087108e+01 1.608851049866037441e-01 1.955774745712119511e+00 8.483898191148593615e-03
1.980611059635642945e+01 1.611212511977375694e-01 1.955674651518847895e+00 8.517918559738971510e-03
1.983806801193060210e+01 1.613577375478925102e-01 1.955574346100547700e+00 8.552078942851830748e-03
1.987007699120806592e+01 1.615945644342587639e-01 1.955473828910498924e+00 8.586379926457094955e-03
1.990213761738752751e+01 1.618317322541101000e-01 1.955373099358325817e+00 8.620822099002044617e-03
1.993424997380192920e+01 1.620692414047558150e-01 1.955272156769638059e+00 8.655406051421466948e-03
1.996641414391867286e+01 1.623070922835435637e-01 1.955171000552127225e+00 8.690132377148263726e-03
1.999863021133983665e+01 1.625452852878939702e-01 1.955069630092566513e+00 8.725001672124317598e-03
2.003089825980239169e+01 1.627838208152516397e-01 1.954968044763859325e+00 8.760014534810863993e-03
2.006321837317841528e+01 1.630226992631235994e-01 1.954866243947208204e+00 8.795171566199438962e-03
2.009559063547533597e+01 1.632619210290408851e-01 1.954764227048940484e+00 8.830473369822412419e-03
2.012801513083610061e+01 1.635014865106066972e-01 1.954661993474360315e+00 8.865920551764066085e-03
2.016049194353943363e+01 1.637413961054434708e-01 1.954559542572155806e+00 8.901513720671161423e-03
2.019302115800004316e+01 1.639816502112138585e-01 1.954456873708068088e+00 8.937253487763965540e-03
2.022560285876883412e+01 1.642222492256041055e-01 1.954353986249202535e+00 8.973140466847141783e-03
2.025823713053316411e+01 1.644631935463380934e-01 1.954250879605751834e+00 9.009175274320834620e-03
2.029092405811700317e+01 1.647044835711811428e-01 1.954147553117081770e+00 9.045358529191686869e-03
2.032366372648119324e+01 1.649461196978958544e-01 1.954044006109029397e+00 9.081690853083723355e-03
2.035645622072367189e+01 1.651881023242764979e-01 1.953940238010318353e+00 9.118172870249682122e-03
2.038930162607967489e+01 1.654304318481623348e-01 1.953836248152583721e+00 9.154805207582281459e-03
2.042220002792196354e+01 1.656731086673710607e-01 1.953732035841767356e+00 9.191588494625046318e-03
2.045515151176105917e+01 1.659161331797485428e-01 1.953627600547974907e+00 9.228523363583925748e-03
2.048815616324544919e+01 1.661595057831982969e-01 1.953522941601022467e+00 9.265610449338776769e-03
2.052121406816181803e+01 1.664032268755770427e-01 1.953418058304578153e+00 9.302850389454062410e-03
2.055432531243526029e+01 1.666472968547816069e-01 1.953312950062922937e+00 9.340243824190909774e-03
2.058748998212952586e+01 1.668917161187094822e-01 1.953207616221902754e+00 9.377791396518300737e-03
2.062070816344721891e+01 1.671364850652639344e-01 1.953102056149873533e+00 9.415493752124685922e-03
2.065397994273003590e+01 1.673816040923567505e-01 1.952996269139475771e+00 9.453351539429508468e-03
2.068730540645897520e+01 1.676270735978623028e-01 1.952890254505405210e+00 9.491365409594599428e-03
2.072068464125460707e+01 1.678728939796706177e-01 1.952784011684684629e+00 9.529536016536206341e-03
2.075411773387723358e+01 1.681190656356934821e-01 1.952677539989281286e+00 9.567864016936709556e-03
2.078760477122715145e+01 1.683655889637890035e-01 1.952570838695123712e+00 9.606350070255956913e-03
2.082114584034486882e+01 1.686124643618144847e-01 1.952463907196261061e+00 9.644994838743406809e-03
2.085474102841136457e+01 1.688596922276308365e-01 1.952356744843882552e+00 9.683798987450102994e-03
2.088839042274824465e+01 1.691072729590714085e-01 1.952249350904253333e+00 9.722763184240250378e-03
2.092209411081803339e+01 1.693552069539244476e-01 1.952141724782222809e+00 9.761888099803240140e-03
2.095585218022436891e+01 1.696034946100186402e-01 1.952033865812040858e+00 9.801174407666186569e-03
2.098966471871224471e+01 1.698521363250964644e-01 1.951925773240077433e+00 9.840622784205162871e-03
2.102353181416821926e+01 1.701011324968913219e-01 1.951817446483119056e+00 9.880233908657937505e-03
2.105745355462067536e+01 1.703504835231338388e-01 1.951708884815502643e+00 9.920008463136110316e-03
2.109143002824001556e+01 1.706001898014671836e-01 1.951600087501219605e+00 9.959947132636863543e-03
2.112546132333891435e+01 1.708502517295220624e-01 1.951491053966151412e+00 1.000005060505571551e-02
2.115954752837254205e+01 1.711006697049220482e-01 1.951381783471447307e+00 1.004031957119896554e-02
2.119368873193878144e+01 1.713514441251867693e-01 1.951272275282008195e+00 1.008075472479531484e-02
2.122788502277848011e+01 1.716025753878266391e-01 1.951162528782106165e+00 1.012135676250913892e-02
2.126213648977566351e+01 1.718540638903065798e-01 1.951052543272567164e+00 1.016212638395262019e-02
2.129644322195776951e+01 1.721059100300330325e-01 1.950942318034435630e+00 1.020306429169819638e-02
2.133080530849590417e+01 1.723581142043525416e-01 1.950831852395708665e+00 1.024417119129129340e-02
2.136522283870503003e+01 1.726106768105735156e-01 1.950721145671082013e+00 1.028544779126305299e-02
2.139969590204422545e+01 1.728635982459321152e-01 1.950610197139212687e+00 1.032689480314286090e-02
2.143422458811691200e+01 1.731168789076027448e-01 1.950499006135942182e+00 1.036851294147119601e-02
2.146880898667108539e+01 1.733705191927135958e-01 1.950387571930832564e+00 1.041030292381261817e-02
2.150344918759957125e+01 1.736245194982908302e-01 1.950275893764569446e+00 1.045226547076822179e-02
2.153814528094020986e+01 1.738788802212942464e-01 1.950163970994708507e+00 1.049440130598882151e-02
2.157289735687613685e+01 1.741336017586393448e-01 1.950051802893653985e+00 1.053671115618814817e-02
2.160770550573598925e+01 1.743886845071243030e-01 1.949939388728125778e+00 1.057919575115537879e-02
2.164256981799415414e+01 1.746441288634956734e-01 1.949826727821232453e+00 1.062185582376871940e-02
2.167749038427100317e+01 1.748999352244081096e-01 1.949713819425141992e+00 1.066469211000826110e-02
2.171246729533312703e+01 1.751561039864215630e-01 1.949600662812144947e+00 1.070770534896920735e-02
2.174750064209355571e+01 1.754126355460096098e-01 1.949487257300575038e+00 1.075089628287517751e-02
2.178259051561202497e+01 1.756695302995710806e-01 1.949373602194441446e+00 1.079426565709171518e-02
2.181773700709518948e+01 1.759267886434061900e-01 1.949259696750118565e+00 1.083781422013947206e-02
2.185294020789686797e+01 1.761844109737092934e-01 1.949145540188283121e+00 1.088154272370762780e-02
2.188820020951827416e+01 1.764423976865521493e-01 1.949031131771221226e+00 1.092545192266726820e-02
2.192351710360826189e+01 1.767007491779168382e-01 1.948916470816811852e+00 1.096954257508521609e-02
2.195889098196357736e+01 1.769594658436896006e-01 1.948801556575745053e+00 1.101381544223766114e-02
2.199432193652906875e+01 1.772185480796244772e-01 1.948686388325882035e+00 1.105827128862347901e-02
2.202981005939793135e+01 1.774779962813891609e-01 1.948570965283124679e+00 1.110291088197840406e-02
2.206535544281196692e+01 1.777378108444804816e-01 1.948455286689409149e+00 1.114773499328820805e-02
2.210095817916179328e+01 1.779979921643173035e-01 1.948339351851927859e+00 1.119274439680321108e-02
2.213661836098713565e+01 1.782585406361791025e-01 1.948223160034331158e+00 1.123793987005177776e-02
2.217233608097699715e+01 1.785194566552376905e-01 1.948106710500155714e+00 1.128332219385452979e-02
2.220811143196995729e+01 1.787807406165201063e-01 1.947990002466895021e+00 1.132889215233815437e-02
2.224394450695437797e+01 1.790423929149152493e-01 1.947873035145676113e+00 1.137465053294949707e-02
2.227983539906867350e+01 1.793044139451579200e-01 1.947755807822659335e+00 1.142059812646974842e-02
2.231578420160152376e+01 1.795668041018813610e-01 1.947638319777524885e+00 1.146673572702895834e-02
2.235179100799213714e+01 1.798295637795552515e-01 1.947520570179563038e+00 1.151306413211986360e-02
2.238785591183049561e+01 1.800926933724816270e-01 1.947402558264911931e+00 1.155958414261231380e-02
2.242397900685757861e+01 1.803561932748298791e-01 1.947284283287785911e+00 1.160629656276786388e-02
2.246016038696561878e+01 1.806200638806066405e-01 1.947165744499557150e+00 1.165320220025405085e-02
2.249640014619835071e+01 1.808843055836788227e-01 1.947046941082135163e+00 1.170030186615910774e-02
2.253269837875124892e+01 1.811489187777058363e-01 1.946927872287687933e+00 1.174759637500606690e-02
2.256905517897176949e+01 1.814139038562416484e-01 1.946808537388847071e+00 1.179508654476822856e-02
2.260547064135958806e+01 1.816792612126378603e-01 1.946688935526367459e+00 1.184277319688301425e-02
2.264194486056689470e+01 1.819449912400616376e-01 1.946569065962876266e+00 1.189065715626709714e-02
2.267847793139856805e+01 1.822110943315403131e-01 1.946448927958954300e+00 1.193873925133145247e-02
2.271506994881246655e+01 1.824775708799094009e-01 1.946328520667861994e+00 1.198702031399603504e-02
2.275172100791964525e+01 1.827444212777992183e-01 1.946207843287083961e+00 1.203550117970446712e-02
2.278843120398466482e+01 1.830116459176669430e-01 1.946086895061057476e+00 1.208418268743959023e-02
2.282520063242576214e+01 1.832792451917849286e-01 1.945965675203069623e+00 1.213306567973826237e-02
2.286202938881514157e+01 1.835472194922291578e-01 1.945844182906967035e+00 1.218215100270662182e-02
2.289891756887921304e+01 1.838155692108742190e-01 1.945722417349884381e+00 1.223143950603519658e-02
2.293586526849884422e+01 1.840842947393827866e-01 1.945600377739538089e+00 1.228093204301419598e-02
2.297287258370961283e+01 1.843533964692268268e-01 1.945478063278414993e+00 1.233062947054904337e-02
2.300993961070203753e+01 1.846228747916580093e-01 1.945355473167296623e+00 1.238053264917557579e-02
2.304706644582185859e+01 1.848927300977303845e-01 1.945232606606737136e+00 1.243064244307577441e-02
2.308425318557025463e+01 1.851629627782714060e-01 1.945109462787627308e+00 1.248095972009303015e-02
2.312149992660412678e+01 1.854335732238990009e-01 1.944986040857884291e+00 1.253148535174804581e-02
2.315880676573631902e+01 1.857045618249743013e-01 1.944862340030681480e+00 1.258222021325410868e-02
2.319617379993589523e+01 1.859759289716794717e-01 1.944738359527377725e+00 1.263316518353358592e-02
2.323360112632837016e+01 1.862476750539386328e-01 1.944614098467013719e+00 1.268432114523303754e-02
2.327108884219596519e+01 1.865198004614325444e-01 1.944489556038206501e+00 1.273568898473936839e-02
2.330863704497790678e+01 1.867923055836169244e-01 1.944364731423547710e+00 1.278726959219594200e-02
2.334624583227060057e+01 1.870651908096948868e-01 1.944239623787552773e+00 1.283906386151835270e-02
2.338391530182793687e+01 1.873384565286267123e-01 1.944114232275865106e+00 1.289107269041074241e-02
2.342164555156153227e+01 1.876121031291035912e-01 1.943988556053568573e+00 1.294329698038173236e-02
2.345943667954098188e+01 1.878861309995789597e-01 1.943862594302117941e+00 1.299573763676095152e-02
2.349728878399414000e+01 1.881605405282396337e-01 1.943736346205582777e+00 1.304839556871520943e-02
2.353520196330732617e+01 1.884353321030300399e-01 1.943609810905741142e+00 1.310127168926504201e-02
2.357317631602561647e+01 1.887105061115961768e-01 1.943482987525726458e+00 1.315436691530069528e-02
2.361121194085308872e+01 1.889860629413253335e-01 1.943355875242559705e+00 1.320768216759914473e-02
2.364930893665308886e+01 1.892620029793307401e-01 1.943228473218596264e+00 1.326121837084052145e-02
2.368746740244847260e+01 1.895383266124517629e-01 1.943100780587428744e+00 1.331497645362485042e-02
2.372568743742186825e+01 1.898150342272296731e-01 1.942972796488447784e+00 1.336895734848859985e-02
2.376396914091594681e+01 1.900921262099293241e-01 1.942844520087533056e+00 1.342316199192178025e-02
2.380231261243365992e+01 1.903696029465261896e-01 1.942715950480874199e+00 1.347759132438471584e-02
2.384071795163851348e+01 1.906474648226713919e-01 1.942587086791377260e+00 1.353224629032472037e-02
2.387918525835482342e+01 1.909257122237353888e-01 1.942457928203452866e+00 1.358712783819361961e-02
2.391771463256796437e+01 1.912043455347939291e-01 1.942328473798397681e+00 1.364223692046470648e-02
2.395630617442463972e+01 1.914833651405743464e-01 1.942198722726857341e+00 1.369757449364952806e-02
2.399495998423316578e+01 1.917627714255432103e-01 1.942068674126176120e+00 1.375314151831599774e-02
2.403367616246367788e+01 1.920425647738043806e-01 1.941938327054685942e+00 1.380893895910478668e-02
2.407245480974843233e+01 1.923227455691462195e-01 1.941807680708848238e+00 1.386496778474721227e-02
2.411129602688205509e+01 1.926033141950696526e-01 1.941676734205202592e+00 1.392122896808302770e-02
2.415019991482179407e+01 1.928842710347064282e-01 1.941545486591849112e+00 1.397772348607730433e-02
2.418916657468783171e+01 1.931656164708517309e-01 1.941413937012953284e+00 1.403445231983843459e-02
2.422819610776346622e+01 1.934473508859822499e-01 1.941282084581985146e+00 1.409141645463613673e-02
2.426728861549543836e+01 1.937294746622128527e-01 1.941149928395248025e+00 1.414861687991825039e-02
2.430644419949416957e+01 1.940119881813223701e-01 1.941017467529945861e+00 1.420605458933130519e-02
2.434566296153403187e+01 1.942948918247086598e-01 1.940884701164918624e+00 1.426373058073007911e-02
2.438494500355361083e+01 1.945781859734872499e-01 1.940751628158409403e+00 1.432164585622178535e-02
2.442429042765597202e+01 1.948618710081930494e-01 1.940618248784289790e+00 1.437980142210825915e-02
2.446369933610892389e+01 1.951459473099252939e-01 1.940484572322816348e+00 1.443819828919314270e-02
2.450317183134529131e+01 1.954304152646528236e-01 1.940350613763598631e+00 1.449683747386177474e-02
2.454270801596317142e+01 1.957152752624016501e-01 1.940216379281082482e+00 1.455571999792209560e-02
2.458230799272620004e+01 1.960005276927818396e-01 1.940081867996354958e+00 1.461484688754311097e-02
2.462197186456383591e+01 1.962861729452024806e-01 1.939947079157491316e+00 1.467421917330990512e-02
2.466169973457159870e+01 1.965722114087270211e-01 1.939812011886601795e+00 1.473383789023658373e-02
2.470149170601135680e+01 1.968586434721346923e-01 1.939676665455749571e+00 1.479370407778357946e-02
2.474134788231162574e+01 1.971454695239443222e-01 1.939541039077653295e+00 1.485381877988001600e-02
2.478126836706776359e+01 1.974326899523469181e-01 1.939405131858279674e+00 1.491418304494202852e-02
2.482125326404229426e+01 1.977203051452016691e-01 1.939268943018078062e+00 1.497479792589313970e-02
2.486130267716515618e+01 1.980083154901023934e-01 1.939132471813309166e+00 1.503566448018496884e-02
2.490141671053401140e+01 1.982967213743275503e-01 1.938995717352440806e+00 1.509678376981707718e-02
2.494159546841444808e+01 1.985855231847921398e-01 1.938858678801125279e+00 1.515815686135682690e-02
2.498183905524030735e+01 1.988747213081241139e-01 1.938721355408802083e+00 1.521978482596056739e-02
2.502214757561392844e+01 1.991643161306320131e-01 1.938583746296444588e+00 1.528166873939397138e-02
2.506252113430642936e+01 1.994543080382518985e-01 1.938445850663129022e+00 1.534380968205209007e-02
2.510295983625798044e+01 1.997446974166422473e-01 1.938307667690537528e+00 1.540620873898112218e-02
2.514346378657807435e+01 2.000354846510698503e-01 1.938169196530793670e+00 1.546886699989812042e-02
2.518403309054579253e+01 2.003266701264997118e-01 1.938030436367625953e+00 1.553178555921280908e-02
2.522466785361009300e+01 2.006182542275175285e-01 1.937891386360888646e+00 1.559496551604800697e-02
2.526536818139007678e+01 2.009102373383850060e-01 1.937752045672482382e+00 1.565840797426124378e-02
2.530613417967525791e+01 2.012026198429786861e-01 1.937612413444298909e+00 1.572211404246555075e-02
2.534696595442584410e+01 2.014954021248320237e-01 1.937472488853813957e+00 1.578608483405119500e-02
2.538786361177301742e+01 2.017885845671078260e-01 1.937332271045534071e+00 1.585032146720689178e-02
2.542882725801918298e+01 2.020821675525978633e-01 1.937191759172719685e+00 1.591482506494140692e-02
2.546985699963831351e+01 2.023761514637215653e-01 1.937050952384311131e+00 1.597959675510542479e-02
2.551095294327612706e+01 2.026705366825171661e-01 1.936909849839366871e+00 1.604463767041290970e-02
2.555211519575044221e+01 2.029653235906503095e-01 1.936768450639988259e+00 1.610994894846347683e-02
2.559334386405142681e+01 2.032605125693616177e-01 1.936626753944892698e+00 1.617553173176368084e-02
2.563463905534185372e+01 2.035561039995468502e-01 1.936484758911774406e+00 1.624138716775002517e-02
2.567600087695746325e+01 2.038520982616696675e-01 1.936342464644212669e+00 1.630751640881040673e-02
2.571742943640712653e+01 2.041484957358069563e-01 1.936199870278414892e+00 1.637392061230677834e-02
2.575892484137320437e+01 2.044452968016155503e-01 1.936056974999587510e+00 1.644060094059739477e-02
2.580048719971179949e+01 2.047425018383898232e-01 1.935913777891983045e+00 1.650755856105994360e-02
2.584211661945304783e+01 2.050401112249330415e-01 1.935770278052700633e+00 1.657479464611295861e-02
2.588381320880138858e+01 2.053381253396854289e-01 1.935626474674677411e+00 1.664231037323994980e-02
2.592557707613585194e+01 2.056365445606500031e-01 1.935482366828296108e+00 1.671010692501152112e-02
2.596740833001033977e+01 2.059353692653805301e-01 1.935337953631915298e+00 1.677818548910832777e-02
2.600930707915389917e+01 2.062345998310163575e-01 1.935193234203552493e+00 1.684654725834458175e-02
2.605127343247102800e+01 2.065342366342404756e-01 1.935048207636441475e+00 1.691519343069086342e-02
2.609330749904193070e+01 2.068342800512965041e-01 1.934902873067812834e+00 1.698412520929771033e-02
2.613540938812281667e+01 2.071347304579922166e-01 1.934757229577598991e+00 1.705334380251919205e-02
2.617757920914617031e+01 2.074355882296523568e-01 1.934611276273585645e+00 1.712285042393591611e-02
2.621981707172108855e+01 2.077368537411744542e-01 1.934465012270834450e+00 1.719264629237956740e-02
2.626212308563347619e+01 2.080385273669705382e-01 1.934318436639387073e+00 1.726273263195591059e-02
2.630449736084640477e+01 2.083406094809878151e-01 1.934171548466792956e+00 1.733311067206919770e-02
2.634694000750035769e+01 2.086431004566911274e-01 1.934024346874480216e+00 1.740378164744587133e-02
2.638945113591353220e+01 2.089460006670947056e-01 1.933876830968415561e+00 1.747474679815933310e-02
2.643203085658215556e+01 2.092493104847122920e-01 1.933728999781578750e+00 1.754600736965367461e-02
2.647467928018070538e+01 2.095530302815510060e-01 1.933580852423119723e+00 1.761756461276808849e-02
2.651739651756225058e+01 2.098571604291588621e-01 1.933432387990251300e+00 1.768941978376188315e-02
2.656018267975871794e+01 2.101617012985617927e-01 1.933283605506858294e+00 1.776157414433873066e-02
2.660303787798118691e+01 2.104666532602687823e-01 1.933134504070153525e+00 1.783402896167138665e-02
2.664596222362017741e+01 2.107720166843082832e-01 1.932985082783034159e+00 1.790678550842710395e-02
2.668895582824594470e+01 2.110777919401861380e-01 1.932835340682800052e+00 1.797984506279234548e-02
2.673201880360875649e+01 2.113839793968755876e-01 1.932685276810957475e+00 1.805320890849779203e-02
2.677515126163919135e+01 2.116905794228227389e-01 1.932534890245051429e+00 1.812687833484382186e-02
2.681835331444843717e+01 2.119975923859552802e-01 1.932384180045346511e+00 1.820085463672608747e-02
2.686162507432856827e+01 2.123050186536542261e-01 1.932233145272107322e+00 1.827513911466076973e-02
2.690496665375284024e+01 2.126128585927734849e-01 1.932081784981164674e+00 1.834973307481062993e-02
2.694837816537599551e+01 2.129211125696084395e-01 1.931930098209477364e+00 1.842463782901046163e-02
2.699185972203452977e+01 2.132297809499067442e-01 1.931778083997073736e+00 1.849985469479317052e-02
2.703541143674703306e+01 2.135388640988499787e-01 1.931625741412176467e+00 1.857538499541587507e-02
2.707903342271442426e+01 2.138483623810824019e-01 1.931473069493449657e+00 1.865123005988634369e-02
2.712272579332028144e+01 2.141582761606537488e-01 1.931320067245906102e+00 1.872739122298890113e-02
2.716648866213111546e+01 2.144686058010448204e-01 1.931166733740838026e+00 1.880386982531113277e-02
2.721032214289671813e+01 2.147793516651774481e-01 1.931013068001448119e+00 1.888066721327082489e-02
2.725422634955037893e+01 2.150905141153634792e-01 1.930859069032749176e+00 1.895778473914209658e-02
2.729820139620922959e+01 2.154020935133339198e-01 1.930704735875110600e+00 1.903522376108273545e-02
2.734224739717453900e+01 2.157140902202251409e-01 1.930550067527178726e+00 1.911298564316117957e-02
2.738636446693199389e+01 2.160265045965554520e-01 1.930395063012724677e+00 1.919107175538338483e-02
2.743055272015201496e+01 2.163393370022557161e-01 1.930239721365069272e+00 1.926948347372068118e-02
2.747481227169003404e+01 2.166525877966363200e-01 1.930084041597410760e+00 1.934822218013684120e-02
2.751914323658681383e+01 2.169662573383975279e-01 1.929928022714193503e+00 1.942728926261590508e-02
2.756354573006872855e+01 2.172803459856037234e-01 1.929771663676206117e+00 1.950668611518964479e-02
2.760801986754807658e+01 2.175948540956700594e-01 1.929614963525523308e+00 1.958641413796540637e-02
2.765256576462337179e+01 2.179097820254219109e-01 1.929457921290577360e+00 1.966647473715490979e-02
2.769718353707965619e+01 2.182251301310161595e-01 1.929300535923630378e+00 1.974686932510151885e-02
2.774187330088878056e+01 2.185408987679595127e-01 1.929142806433446822e+00 1.982759932030891264e-02
2.778663517220971357e+01 2.188570882911184123e-01 1.928984731821856258e+00 1.990866614746970853e-02
2.783146926738888638e+01 2.191736990546949981e-01 1.928826311041234476e+00 1.999007123749398790e-02
2.787637570296040934e+01 2.194907314122081232e-01 1.928667543082724478e+00 2.007181602753769709e-02
2.792135459564644506e+01 2.198081857165286312e-01 1.928508426939629317e+00 2.015390196103225562e-02
2.796640606235748550e+01 2.201260623198354749e-01 1.928348961574556597e+00 2.023633048771311324e-02
2.801153022019264327e+01 2.204443615736297601e-01 1.928189145982173613e+00 2.031910306364916041e-02
2.805672718644001407e+01 2.207630838287329422e-01 1.928028979116561459e+00 2.040222115127235045e-02
2.810199707857689688e+01 2.210822294352497996e-01 1.927868459931005418e+00 2.048568621940658613e-02
2.814734001427015997e+01 2.214017987425953571e-01 1.927707587387885724e+00 2.056949974329805655e-02
2.819275611137652859e+01 2.217217920994650759e-01 1.927546360432188521e+00 2.065366320464472744e-02
2.823824548794288702e+01 2.220422098538417377e-01 1.927384778061650650e+00 2.073817809162635181e-02
2.828380826220658761e+01 2.223630523530148728e-01 1.927222839216142347e+00 2.082304589893516772e-02
2.832944455259577055e+01 2.226843199435118437e-01 1.927060542838148649e+00 2.090826812780543012e-02
2.837515447772964805e+01 2.230060129711581018e-01 1.926897887879476912e+00 2.099384628604455613e-02
2.842093815641883836e+01 2.233281317810133504e-01 1.926734873272494042e+00 2.107978188806315309e-02
2.846679570766565703e+01 2.236506767174112897e-01 1.926571497951158563e+00 2.116607645490650377e-02
2.851272725066442604e+01 2.239736481239101573e-01 1.926407760862730356e+00 2.125273151428482346e-02
2.855873290480180060e+01 2.242970463433431594e-01 1.926243660941509006e+00 2.133974860060524129e-02
2.860481278965705343e+01 2.246208717177464731e-01 1.926079197114972885e+00 2.142712925500224463e-02
2.865096702500240156e+01 2.249451245884161732e-01 1.925914368304802338e+00 2.151487502536993113e-02
2.869719573080334740e+01 2.252698052958378439e-01 1.925749173391523072e+00 2.160298746639292139e-02
2.874349902721891681e+01 2.255949141797174984e-01 1.925583611355818903e+00 2.169146813957851042e-02
2.878987703460203562e+01 2.259204515790086687e-01 1.925417681098792855e+00 2.178031861328919364e-02
2.883632987349979615e+01 2.262464178318203400e-01 1.925251381482553370e+00 2.186954046277363867e-02
2.888285766465385151e+01 2.265728132754706858e-01 1.925084711453337150e+00 2.195913527019994690e-02
2.892946052900061815e+01 2.268996382464808781e-01 1.924917669923729591e+00 2.204910462468796448e-02
2.897613858767165951e+01 2.272268930805480258e-01 1.924750255728099546e+00 2.213945012234171117e-02
2.902289196199399868e+01 2.275545781125051514e-01 1.924582467831328358e+00 2.223017336628201057e-02
2.906972077349040262e+01 2.278826936764422328e-01 1.924414305135542236e+00 2.232127596668089312e-02
2.911662514387973744e+01 2.282112401055312600e-01 1.924245766457147511e+00 2.241275954079282456e-02
2.916360519507724902e+01 2.285402177321276818e-01 1.924076850738856592e+00 2.250462571298960171e-02
2.921066104919489703e+01 2.288696268877485063e-01 1.923907556837775701e+00 2.259687611479219496e-02
2.925779282854167818e+01 2.291994679030224802e-01 1.923737883677176796e+00 2.268951238491140679e-02
2.930500065562393175e+01 2.295297411077747984e-01 1.923567830635874998e+00 2.278253616925216690e-02
2.935228465314565938e+01 2.298604468312587801e-01 1.923397407743891563e+00 2.287594912080784249e-02
2.939964494400885187e+01 2.301915854095603342e-01 1.923226633197600677e+00 2.296975289576583951e-02
2.944708165131380184e+01 2.305231571841016014e-01 1.923055514963607493e+00 2.306394915427125228e-02
2.949459489835940929e+01 2.308551624958647963e-01 1.922884052390827492e+00 2.315853956345730047e-02
2.954218480864357232e+01 2.311876016850026583e-01 1.922712244460626607e+00 2.325352579767450689e-02
2.958985150586339330e+01 2.315204750909544418e-01 1.922540090202915053e+00 2.334890953848908421e-02
2.963759511391559087e+01 2.318537830523536847e-01 1.922367588564156904e+00 2.344469247472389176e-02
2.968541575689679135e+01 2.321875259070510511e-01 1.922194738617577059e+00 2.354087630248815483e-02
2.973331355910382356e+01 2.325217039921727569e-01 1.922021539344200391e+00 2.363746272521136810e-02
2.978128864503413809e+01 2.328563176439843452e-01 1.921847989664684064e+00 2.373445345367392045e-02
2.982934113938599907e+01 2.331913671979736202e-01 1.921674088632698840e+00 2.383185020604077289e-02
2.987747116705889638e+01 2.335268529888531175e-01 1.921499835240524590e+00 2.392965470789449461e-02
2.992567885315385112e+01 2.338627753505028994e-01 1.921325228442242405e+00 2.402786869226724090e-02
2.997396432297372471e+01 2.341991346159893739e-01 1.921150267238544984e+00 2.412649389967449001e-02
3.002232770202357059e+01 2.345359311175697625e-01 1.920974950599315889e+00 2.422553207814825971e-02
3.007076911601092917e+01 2.348731651866552972e-01 1.920799277505921054e+00 2.432498498326992470e-02
3.011928869084619009e+01 2.352108371538441378e-01 1.920623246916193239e+00 2.442485437820461971e-02
3.016788655264289076e+01 2.355489473488621976e-01 1.920446857771480609e+00 2.452514203373402576e-02
3.021656282771805024e+01 2.358874961005985593e-01 1.920270109079183385e+00 2.462584972829076277e-02
3.026531764259251389e+01 2.362264837371073067e-01 1.920092999795315336e+00 2.472697924799267463e-02
3.031415112399125888e+01 2.365659105855584809e-01 1.919915528854744480e+00 2.482853238667631982e-02
3.036306339884372818e+01 2.369057769722590079e-01 1.919737695219623674e+00 2.493051094593167968e-02
3.041205459428420355e+01 2.372460832226420679e-01 1.919559497835052753e+00 2.503291673513682522e-02
3.046112483765206491e+01 2.375868296612539676e-01 1.919380935666367805e+00 2.513575157149216394e-02
3.051027425649216340e+01 2.379280166117701267e-01 1.919202007643662000e+00 2.523901728005583517e-02
3.055950297855514464e+01 2.382696443969427591e-01 1.919022712691571542e+00 2.534271569377804373e-02
3.060881113179777202e+01 2.386117133386383704e-01 1.918843049773272469e+00 2.544684865353672928e-02
3.065819884438331044e+01 2.389542237578169970e-01 1.918663017812036742e+00 2.555141800817290615e-02
3.070766624468177142e+01 2.392971759745114169e-01 1.918482615737616470e+00 2.565642561452580531e-02
3.075721346127031453e+01 2.396405703078429705e-01 1.918301842491018760e+00 2.576187333746889768e-02
3.080684062293355296e+01 2.399844070760016324e-01 1.918120696979826789e+00 2.586776304994563985e-02
3.085654785866389815e+01 2.403286865962291907e-01 1.917939178154711044e+00 2.597409663300528221e-02
3.090633529766189724e+01 2.406734091848585777e-01 1.917757284895628800e+00 2.608087597583974918e-02
3.095620306933655286e+01 2.410185751572082036e-01 1.917575016101295660e+00 2.618810297581857308e-02
3.100615130330568192e+01 2.413641848276907309e-01 1.917392370738070895e+00 2.629577953852717601e-02
3.105618012939623895e+01 2.417102385097440187e-01 1.917209347688299204e+00 2.640390757780257391e-02
3.110628967764465003e+01 2.420567365158238227e-01 1.917025945846148716e+00 2.651248901577035050e-02
3.115648007829716093e+01 2.424036791574102623e-01 1.916842164110676094e+00 2.662152578288189478e-02
3.120675146181017467e+01 2.427510667449915838e-01 1.916658001380824317e+00 2.673101981795151030e-02
3.125710395885058190e+01 2.430988995880691561e-01 1.916473456542689746e+00 2.684097306819405865e-02
3.130753770029609129e+01 2.434471779951304926e-01 1.916288528490213139e+00 2.695138748926220740e-02
3.135805281723563098e+01 2.437959022736703174e-01 1.916103216113810959e+00 2.706226504528470855e-02
3.140864944096960443e+01 2.441450727301552881e-01 1.915917518298783762e+00 2.717360770890392407e-02
3.145932770301027048e+01 2.444946896700428418e-01 1.915731433900305092e+00 2.728541746131435408e-02
3.151008773508208094e+01 2.448447533977267387e-01 1.915544961811747271e+00 2.739769629230022138e-02
3.156092966912206776e+01 2.451952642166096707e-01 1.915358100929552165e+00 2.751044620027546378e-02
3.161185363728010245e+01 2.455462224290202167e-01 1.915170850058757424e+00 2.762366919232087797e-02
3.166285977191929391e+01 2.458976283362125648e-01 1.914983208101489254e+00 2.773736728422341105e-02
3.171394820561632599e+01 2.462494822384309889e-01 1.914795173931224781e+00 2.785154250051634708e-02
3.176511907116178435e+01 2.466017844348089294e-01 1.914606746384606595e+00 2.796619687451699227e-02
3.181637250156052943e+01 2.469545352234305546e-01 1.914417924316239805e+00 2.808133244836737152e-02
3.186770863003201981e+01 2.473077349012697546e-01 1.914228706566632354e+00 2.819695127307293714e-02
3.191912759001066036e+01 2.476613837642281934e-01 1.914039092010284548e+00 2.831305540854324801e-02
3.197062951514616103e+01 2.480154821071100801e-01 1.913849079459055247e+00 2.842964692363166707e-02
3.202221453930388151e+01 2.483700302235869739e-01 1.913658667757090370e+00 2.854672789617518011e-02
3.207388279656515806e+01 2.487250284062449690e-01 1.913467855761837200e+00 2.866430041303566489e-02
3.212563442122766588e+01 2.490804769465351232e-01 1.913276642272080608e+00 2.878236657013990424e-02
3.217746954780582769e+01 2.494363761347647979e-01 1.913085026117187226e+00 2.890092847252054981e-02
3.222938831103103041e+01 2.497927262601167819e-01 1.912893006127546869e+00 2.901998823435723504e-02
3.228139084585210128e+01 2.501495276106175392e-01 1.912700581137187328e+00 2.913954797901772975e-02
3.233347728743559202e+01 2.505067804731598291e-01 1.912507749951828373e+00 2.925960983909978164e-02
3.238564777116614124e+01 2.508644851334440595e-01 1.912314511353883972e+00 2.938017595647189270e-02
3.243790243264684392e+01 2.512226418760057922e-01 1.912120864159987832e+00 2.950124848231566038e-02
3.249024140769958535e+01 2.515812509842023093e-01 1.911926807211557389e+00 2.962282957716803194e-02
3.254266483236541063e+01 2.519403127402316533e-01 1.911732339297032013e+00 2.974492141096368378e-02
3.259517284290483730e+01 2.522998274250584094e-01 1.911537459186320120e+00 2.986752616307644659e-02
3.264776557579831007e+01 2.526597953184603895e-01 1.911342165690598449e+00 2.999064602236321472e-02
3.270044316774641402e+01 2.530202166990007662e-01 1.911146457588074554e+00 3.011428318720586750e-02
3.275320575567034354e+01 2.533810918440170257e-01 1.910950333671962653e+00 3.023843986555499116e-02
3.280605347671220073e+01 2.537424210296291838e-01 1.910753792726950451e+00 3.036311827497303537e-02
3.285898646823536495e+01 2.541042045307120856e-01 1.910556833508849195e+00 3.048832064267753203e-02
3.291200486782486934e+01 2.544664426208862462e-01 1.910359454800868662e+00 3.061404920558504980e-02
3.296510881328772768e+01 2.548291355725349483e-01 1.910161655387582869e+00 3.074030621035542254e-02
3.301829844265331815e+01 2.551922836567741548e-01 1.909963433999791960e+00 3.086709391343543663e-02
3.307157389417370297e+01 2.555558871434261414e-01 1.909764789407176977e+00 3.099441458110309411e-02
3.312493530632407612e+01 2.559199463010636277e-01 1.909565720392606636e+00 3.112227048951312150e-02
3.317838281780301202e+01 2.562844613969611496e-01 1.909366225664371086e+00 3.125066392474096927e-02
3.323191656753288470e+01 2.566494326970697459e-01 1.909166303999541014e+00 3.137959718282760935e-02
3.328553669466023024e+01 2.570148604660839053e-01 1.908965954136192522e+00 3.150907256982615062e-02
3.333924333855609490e+01 2.573807449673292669e-01 1.908765174799441411e+00 3.163909240184560601e-02
3.339303663881640460e+01 2.577470864628501057e-01 1.908563964761697207e+00 3.176965900509819141e-02
3.344691673526232734e+01 2.581138852133449957e-01 1.908362322708853753e+00 3.190077471594430364e-02
3.350088376794062128e+01 2.584811414781473804e-01 1.908160247388536845e+00 3.203244188093851141e-02
3.355493787712401144e+01 2.588488555152810289e-01 1.907957737527681275e+00 3.216466285687724636e-02
3.360907920331160170e+01 2.592170275813724389e-01 1.907754791814909368e+00 3.229744001084387112e-02
3.366330788722913780e+01 2.595856579316936918e-01 1.907551409009670351e+00 3.243077572025652305e-02
3.371762406982944071e+01 2.599547468201607869e-01 1.907347587809567813e+00 3.256467237291540279e-02
3.377202789229276902e+01 2.603242944992719132e-01 1.907143326899017666e+00 3.269913236704909826e-02
3.382651949602718133e+01 2.606943012201439203e-01 1.906938625011662225e+00 3.283415811136316392e-02
3.388109902266889151e+01 2.610647672324995505e-01 1.906733480824641447e+00 3.296975202508772851e-02
3.393576661408263817e+01 2.614356927846203105e-01 1.906527893019301700e+00 3.310591653802465867e-02
3.399052241236207550e+01 2.618070781233818312e-01 1.906321860307116367e+00 3.324265409059775495e-02
3.404536655983012849e+01 2.621789234942280000e-01 1.906115381316340063e+00 3.337996713389743131e-02
3.410029919903932694e+01 2.625512291411138399e-01 1.905908454929658546e+00 3.351785812974091699e-02
3.415532047277228855e+01 2.629239953067559199e-01 1.905701079239179307e+00 3.365632955068287302e-02
3.421043052404193219e+01 2.632972222317165878e-01 1.905493257109355909e+00 3.379538388019142497e-02
3.426562949609196806e+01 2.636709101592437099e-01 1.905285005089808692e+00 3.393502361198176553e-02
3.432091753239721754e+01 2.640450593417549285e-01 1.905076340814730429e+00 3.407525124906953667e-02
3.437629477666402522e+01 2.644196700353351748e-01 1.904867268421639892e+00 3.421606930461893598e-02
3.443176137283057159e+01 2.647947424941482497e-01 1.904657786185453006e+00 3.435748030282976401e-02
3.448731746506731355e+01 2.651702769711798968e-01 1.904447893102314993e+00 3.449948677886775783e-02
3.454296319777731838e+01 2.655462737180769306e-01 1.904237587951229216e+00 3.464209127894751078e-02
3.459869871559662613e+01 2.659227329851135413e-01 1.904026869576227909e+00 3.478529636037304418e-02
3.465452416339470432e+01 2.662996550212666236e-01 1.903815736798605940e+00 3.492910459159174336e-02
3.471043968627472509e+01 2.666770400741060310e-01 1.903604188388953844e+00 3.507351855224207643e-02
3.476644542957399864e+01 2.670548883898488657e-01 1.903392223184937393e+00 3.521854083320541395e-02
3.482254153886433556e+01 2.674332002133460451e-01 1.903179839998074385e+00 3.536417403665709919e-02
3.487872815995243059e+01 2.678119757880604856e-01 1.902967037627604441e+00 3.551042077611696324e-02
3.493500543888023913e+01 2.681912153560638279e-01 1.902753814847528702e+00 3.565728367650083247e-02
3.499137352192536099e+01 2.685709191580046284e-01 1.902540170462316382e+00 3.580476537417184163e-02
3.504783255560141697e+01 2.689510874331509926e-01 1.902326103283940029e+00 3.595286851699298902e-02
3.510438268665839701e+01 2.693317204193398373e-01 1.902111612065255031e+00 3.610159576437861617e-02
3.516102406208314335e+01 2.697128183529629575e-01 1.901896695594359699e+00 3.625094978734676177e-02
3.521775682909961347e+01 2.700943814689965583e-01 1.901681352675495873e+00 3.640093326857206379e-02
3.527458113516931348e+01 2.704764100009710570e-01 1.901465582056971471e+00 3.655154890243875188e-02
3.533149712799169606e+01 2.708589041809376652e-01 1.901249382498008345e+00 3.670279939509298733e-02
3.538850495550451569e+01 2.712418642394983093e-01 1.901032752796027125e+00 3.685468746449698657e-02
3.544560476588423370e+01 2.716252904057910866e-01 1.900815691690013409e+00 3.700721584048283219e-02
3.550279670754640193e+01 2.720091829074421930e-01 1.900598197953058843e+00 3.716038726480535431e-02
3.556008092914603225e+01 2.723935419706273175e-01 1.900380270363712043e+00 3.731420449119789845e-02
3.561745757957798020e+01 2.727783678199989237e-01 1.900161907602750944e+00 3.746867028542535949e-02
3.567492680797739268e+01 2.731636606786621568e-01 1.899943108456454866e+00 3.762378742533884629e-02
3.573248876371999927e+01 2.735494207682727108e-01 1.899723871689502630e+00 3.777955870093251817e-02
3.579014359642258114e+01 2.739356483089052108e-01 1.899504196010411761e+00 3.793598691439675763e-02
3.584789145594329796e+01 2.743223435191219362e-01 1.899284080179995726e+00 3.809307488017493054e-02
3.590573249238212838e+01 2.747095066159332966e-01 1.899063522898359224e+00 3.825082542501882787e-02
3.596366685608123959e+01 2.750971378147705204e-01 1.898842522907898456e+00 3.840924138804437116e-02
3.602169469762537091e+01 2.754852373295321177e-01 1.898621078939186191e+00 3.856832562078909427e-02
3.607981616784223178e+01 2.758738053725135475e-01 1.898399189692554501e+00 3.872808098726757825e-02
3.613803141780288541e+01 2.762628421544347512e-01 1.898176853907898476e+00 3.888851036402924538e-02
3.619634059882218224e+01 2.766523478844312711e-01 1.897954070275090999e+00 3.904961664021551482e-02
3.625474386245909386e+01 2.770423227700047342e-01 1.897730837494464140e+00 3.921140271761643092e-02
3.631324136051713936e+01 2.774327670170654847e-01 1.897507154303411880e+00 3.937387151072976182e-02
3.637183324504477611e+01 2.778236808299046068e-01 1.897283019368614987e+00 3.953702594681857835e-02
3.643051966833579058e+01 2.782150644111457405e-01 1.897058431377217858e+00 3.970086896596888848e-02
3.648930078292970336e+01 2.786069179617963187e-01 1.896833389053654173e+00 3.986540352114956165e-02
3.654817674161215280e+01 2.789992416812109299e-01 1.896607891063467832e+00 4.003063257827070565e-02
3.660714769741530006e+01 2.793920357670603982e-01 1.896381936076068087e+00 4.019655911624268191e-02
3.666621380361821281e+01 2.797853004153506018e-01 1.896155522774051860e+00 4.036318612703610614e-02
3.672537521374733416e+01 2.801790358203993803e-01 1.895928649851384762e+00 4.053051661574162690e-02
3.678463208157675268e+01 2.805732421748518002e-01 1.895701315968608469e+00 4.069855360063036331e-02
3.684398456112870690e+01 2.809679196696206471e-01 1.895473519758070324e+00 4.086730011321366984e-02
3.690343280667394765e+01 2.813630684939033011e-01 1.895245259916237046e+00 4.103675919830413604e-02
3.696297697273214311e+01 2.817586888352054397e-01 1.895016535094100618e+00 4.120693391407782152e-02
3.702261721407228379e+01 2.821547808792608802e-01 1.894787343924690504e+00 4.137782733213381248e-02
3.708235368571307333e+01 2.825513448100787084e-01 1.894557685062636665e+00 4.154944253755740724e-02
3.714218654292335486e+01 2.829483808098979813e-01 1.894327557164842801e+00 4.172178262898121326e-02
3.720211594122248044e+01 2.833458890592195911e-01 1.894096958868431102e+00 4.189485071864856858e-02
3.726214203638073741e+01 2.837438697367389850e-01 1.893865888785285279e+00 4.206864993247477758e-02
3.732226498441978890e+01 2.841423230193741989e-01 1.893634345548662168e+00 4.224318341011126798e-02
3.738248494161300073e+01 2.845412490822404883e-01 1.893402327816147590e+00 4.241845430500820052e-02
3.744280206448588189e+01 2.849406480986784174e-01 1.893169834187119704e+00 4.259446578447907694e-02
3.750321650981653221e+01 2.853405202401589347e-01 1.892936863249815360e+00 4.277122102976298190e-02
3.756372843463597633e+01 2.857408656763493759e-01 1.892703413650451694e+00 4.294872323609035675e-02
3.762433799622863972e+01 2.861416845750828220e-01 1.892469483991590096e+00 4.312697561274725366e-02
3.768504535213272533e+01 2.865429771023324523e-01 1.892235072872608725e+00 4.330598138314002699e-02
3.774585066014061141e+01 2.869447434222162641e-01 1.892000178886974027e+00 4.348574378486075309e-02
3.780675407829926371e+01 2.873469836969692603e-01 1.891764800630426180e+00 4.366626606975262948e-02
3.786775576491071860e+01 2.877496980869569954e-01 1.891528936699842234e+00 4.384755150397648404e-02
3.792885587853237439e+01 2.881528867506438218e-01 1.891292585661631165e+00 4.402960336807641012e-02
3.799005457797749585e+01 2.885565498445802346e-01 1.891055746104939317e+00 4.421242495704652553e-02
3.805135202231556946e+01 2.889606875234190797e-01 1.890818416605952734e+00 4.439601958039843949e-02
3.811274837087276524e+01 2.893652999398674819e-01 1.890580595722667567e+00 4.458039056222789370e-02
3.817424378323232048e+01 2.897703872447024431e-01 1.890342282045821776e+00 4.476554124128283296e-02
3.823583841923495896e+01 2.901759495867656247e-01 1.890103474124998684e+00 4.495147497103175321e-02
3.829753243897931014e+01 2.905819871129140530e-01 1.889864170487726369e+00 4.513819511973094639e-02
3.835932600282230709e+01 2.909884999680305007e-01 1.889624369729062892e+00 4.532570507049389630e-02
3.842121927137968385e+01 2.913954882950566261e-01 1.889384070368578250e+00 4.551400822136168062e-02
3.848321240552625966e+01 2.918029522348727367e-01 1.889143270950853548e+00 4.570310798536900143e-02
3.854530556639646477e+01 2.922108919264220783e-01 1.888901970024107868e+00 4.589300779061815383e-02
3.860749891538470280e+01 2.926193075065712246e-01 1.888660166122008377e+00 4.608371108034543806e-02
3.866979261414579838e+01 2.930281991102186567e-01 1.888417857755712248e+00 4.627522131299487140e-02
3.873218682459540929e+01 2.934375668701463824e-01 1.888175043451610691e+00 4.646754196228589789e-02
3.879468170891044565e+01 2.938474109171629878e-01 1.887931721741097135e+00 4.666067651728784266e-02
3.885727742952948915e+01 2.942577313799472072e-01 1.887687891114637750e+00 4.685462848248971718e-02
3.891997414915319808e+01 2.946685283851475656e-01 1.887443550082025467e+00 4.704940137786795679e-02
3.898277203074481889e+01 2.950798020572815150e-01 1.887198697313351659e+00 4.724499873898570929e-02
3.904567123753047753e+01 2.954915525189666936e-01 1.886953330657888728e+00 4.744142411695648209e-02
3.910867193299966971e+01 2.959037798899062377e-01 1.886707455614441642e+00 4.763868107888859227e-02
3.917177428090571567e+01 2.963164842950101185e-01 1.886461092293302499e+00 4.783677320517853299e-02
3.923497844526612965e+01 2.967296658699201672e-01 1.886214257661094962e+00 4.803570408763213617e-02
3.929828459036307464e+01 2.971433247526656940e-01 1.885966954195964718e+00 4.823547733232832341e-02
3.936169288074378869e+01 2.975574610785669538e-01 1.885719179994111983e+00 4.843609656140660663e-02
3.942520348122101126e+01 2.979720749812404534e-01 1.885470933908436564e+00 4.863756541280077339e-02
3.948881655687338821e+01 2.983871665922825933e-01 1.885222214545592578e+00 4.883988754041124897e-02
3.955253227304596919e+01 2.988027360413377242e-01 1.884973020587722203e+00 4.904306661414885998e-02
3.961635079535055581e+01 2.992187834560829374e-01 1.884723350673993991e+00 4.924710632001617905e-02
3.968027228966616349e+01 2.996353089621858756e-01 1.884473203459265278e+00 4.945201036017739249e-02
3.974429692213945486e+01 3.000523126833434251e-01 1.884222577628406725e+00 4.965778245303394123e-02
3.980842485918520168e+01 3.004697947412536818e-01 1.883971471778750129e+00 4.986442633329764285e-02
3.987265626748664715e+01 3.008877552555438428e-01 1.883719884567653935e+00 5.007194575206363324e-02
3.993699131399601043e+01 3.013061943438807289e-01 1.883467814629966597e+00 5.028034447688785324e-02
4.000143016593488454e+01 3.017251121218210153e-01 1.883215260579618189e+00 5.048962629185877599e-02
4.006597299079466268e+01 3.021445087029234755e-01 1.882962221093066546e+00 5.069979499767565678e-02
4.013061995633697876e+01 3.025643841986768168e-01 1.882708694764914981e+00 5.091085441172291809e-02
4.019537123059421901e+01 3.029847387184776975e-01 1.882454680189766805e+00 5.112280836814618590e-02
4.026022698186981330e+01 3.034055723696338913e-01 1.882200176010428549e+00 5.133566071792840246e-02
4.032518737873878933e+01 3.038268852573863810e-01 1.881945180837647058e+00 5.154941532896845091e-02
4.039025259004816348e+01 3.042486774848416342e-01 1.881689693266253016e+00 5.176407608615653244e-02
4.045542278491738841e+01 3.046709491530040226e-01 1.881433711894260341e+00 5.197964689145295053e-02
4.052069813273880072e+01 3.050937003607270825e-01 1.881177235340373954e+00 5.219613166396516041e-02
4.058607880317804018e+01 3.055169312047651409e-01 1.880920262195104442e+00 5.241353434002804512e-02
4.065156496617451864e+01 3.059406417796760036e-01 1.880662791015765833e+00 5.263185887328030582e-02
4.071715679194181803e+01 3.063648321778642547e-01 1.880404820401963661e+00 5.285110923474500150e-02
4.078285445096823736e+01 3.067895024895654355e-01 1.880146348949892854e+00 5.307128941290945034e-02
4.084865811401706992e+01 3.072146528028344425e-01 1.879887375213229461e+00 5.329240341380474255e-02
4.091456795212718589e+01 3.076402832034997870e-01 1.879627897766340539e+00 5.351445526108555839e-02
4.098058413661342314e+01 3.080663937752104453e-01 1.879367915200191419e+00 5.373744899611241493e-02
4.104670683906702777e+01 3.084929845993836239e-01 1.879107426040036444e+00 5.396138867803177558e-02
4.111293623135612307e+01 3.089200557551775028e-01 1.878846428843644389e+00 5.418627838385731144e-02
4.117927248562614295e+01 3.093476073195278730e-01 1.878584922186746553e+00 5.441212220855325132e-02
4.124571577430025826e+01 3.097756393671112218e-01 1.878322904619608380e+00 5.463892426511596928e-02
4.131226627007985996e+01 3.102041519703365724e-01 1.878060374667484211e+00 5.486668868465715415e-02
4.137892414594503521e+01 3.106331451993096793e-01 1.877797330874500403e+00 5.509541961648643099e-02
4.144568957515491547e+01 3.110626191218697767e-01 1.877533771772505133e+00 5.532512122819622374e-02
4.151256273124822371e+01 3.114925738035180802e-01 1.877269695871291333e+00 5.555579770574423787e-02
4.157954378804366513e+01 3.119230093074499277e-01 1.877005101745908178e+00 5.578745325353932222e-02
4.164663291964043168e+01 3.123539256945665477e-01 1.876739987890232442e+00 5.602009209452718519e-02
4.171383030041860707e+01 3.127853230233628712e-01 1.876474352799959888e+00 5.625371847027269695e-02
4.178113610503964281e+01 3.132172013500236218e-01 1.876208195011486168e+00 5.648833664104904034e-02
4.184855050844681301e+01 3.136495607283449338e-01 1.875941513014822704e+00 5.672395088592196294e-02
4.191607368586564775e+01 3.140824012097468976e-01 1.875674305334314340e+00 5.696056550283717240e-02
4.198370581280445180e+01 3.145157228432774454e-01 1.875406570436098264e+00 5.719818480870821065e-02
4.205144706505467411e+01 3.149495256755285855e-01 1.875138306809276401e+00 5.743681313950139283e-02
4.211929761869141942e+01 3.153838097507224991e-01 1.874869512977966224e+00 5.767645485032735914e-02
4.218725765007387452e+01 3.158185751106401540e-01 1.874600187400119466e+00 5.791711431552730438e-02
4.225532733584580569e+01 3.162538217946065378e-01 1.874330328559608461e+00 5.815879592876217752e-02
4.232350685293599213e+01 3.166895498395114195e-01 1.874059934917568171e+00 5.840150410310290113e-02
4.239179637855867355e+01 3.171257592797443459e-01 1.873789004941954772e+00 5.864524327111853702e-02
4.246019609021405472e+01 3.175624501472454342e-01 1.873517537110046760e+00 5.889001788496891349e-02
4.252870616568868911e+01 3.179996224714443098e-01 1.873245529867745063e+00 5.913583241649322808e-02
4.259732678305608289e+01 3.184372762792684330e-01 1.872972981661632730e+00 5.938269135730268877e-02
4.266605812067697912e+01 3.188754115951135670e-01 1.872699890952162605e+00 5.963059921887109427e-02
4.273490035719994040e+01 3.193140284408677032e-01 1.872426256183644000e+00 5.987956053262830786e-02
4.280385367156177523e+01 3.197531268358486667e-01 1.872152075772419266e+00 6.012957985005144140e-02
4.287291824298802112e+01 3.201927067968184937e-01 1.871877348169618926e+00 6.038066174275876635e-02
4.294209425099339228e+01 3.206327683379816551e-01 1.871602071795450684e+00 6.063281080260368716e-02
4.301138187538223434e+01 3.210733114709343750e-01 1.871326245065120020e+00 6.088603164176729227e-02
4.308078129624904307e+01 3.215143362046893327e-01 1.871049866417934027e+00 6.114032889285474226e-02
4.315029269397884804e+01 3.219558425456539030e-01 1.870772934249316677e+00 6.139570720898945150e-02
4.321991624924781661e+01 3.223978304975858022e-01 1.870495446948780227e+00 6.165217126390794972e-02
4.328965214302355946e+01 3.228403000616093532e-01 1.870217402951084296e+00 6.190972575205670042e-02
4.335950055656571323e+01 3.232832512362239230e-01 1.869938800648469623e+00 6.216837538868937724e-02
4.342946167142638103e+01 3.237266840172303151e-01 1.869659638397479284e+00 6.242812490996178104e-02
4.349953566945059436e+01 3.241705983977464234e-01 1.869379914623323202e+00 6.268897907303082329e-02
4.356972273277678909e+01 3.246149943682386518e-01 1.869099627693458388e+00 6.295094265615316931e-02
4.364002304383731001e+01 3.250598719164105588e-01 1.868818775967611145e+00 6.321402045878141140e-02
4.371043678535882293e+01 3.255052310272834037e-01 1.868537357840295954e+00 6.347821730166551546e-02
4.378096414036285466e+01 3.259510716831295896e-01 1.868255371673285481e+00 6.374353802695177651e-02
4.385160529216619807e+01 3.263973938634832095e-01 1.867972815796974828e+00 6.400998749828072654e-02
4.392236042438151600e+01 3.268441975450745995e-01 1.867689688581094742e+00 6.427757060089209218e-02
4.399322972091764683e+01 3.272914827019143824e-01 1.867405993835291156e+00 6.454629224172378499e-02
4.406421336598020133e+01 3.277392493108061688e-01 1.867121752892671793e+00 6.481615734795072303e-02
4.413531154407199608e+01 3.281874973639779536e-01 1.866836985427426043e+00 6.508717086357376780e-02
4.420652443999357217e+01 3.286362268548564392e-01 1.866551693543669899e+00 6.535933775337135487e-02
4.427785223884362154e+01 3.290854377742113424e-01 1.866265875761882853e+00 6.563266300404575759e-02
4.434929512601950563e+01 3.295351301102991126e-01 1.865979530662343677e+00 6.590715162430370311e-02
4.442085328721772441e+01 3.299853038487611800e-01 1.865692656760984391e+00 6.618280864496478566e-02
4.449252690843438529e+01 3.304359589726371116e-01 1.865405252586015195e+00 6.645963911906055399e-02
4.456431617596576444e+01 3.308870954623441829e-01 1.865117316679516080e+00 6.673764812193729024e-02
4.463622127640866211e+01 3.313387132956925885e-01 1.864828847571516235e+00 6.701684075135905250e-02
4.470824239666097810e+01 3.317908124478338716e-01 1.864539843766578997e+00 6.729722212760994027e-02
4.478037972392218080e+01 3.322433928912678081e-01 1.864250303798144159e+00 6.757879739359813620e-02
4.485263344569378319e+01 3.326964545958440711e-01 1.863960226167364453e+00 6.786157171496066953e-02
4.492500374977982602e+01 3.331499975287046666e-01 1.863669609380849579e+00 6.814555028016665295e-02
4.499749082428738234e+01 3.336040216543276760e-01 1.863378451949756709e+00 6.843073830062416929e-02
4.507009485762703349e+01 3.340585269344656938e-01 1.863086752358412923e+00 6.871714101078463255e-02
4.514281603851335944e+01 3.345135133281582074e-01 1.862794509112745800e+00 6.900476366824992436e-02
4.521565455596547167e+01 3.349689807917211604e-01 1.862501720699128782e+00 6.929361155387900317e-02
4.528861059930742528e+01 3.354249292787161441e-01 1.862208385597341476e+00 6.958368997189498528e-02
4.536168435816875188e+01 3.358813587399510636e-01 1.861914502289664597e+00 6.987500424999347481e-02
4.543487602248497126e+01 3.363382691234604871e-01 1.861620069259060983e+00 7.016755973945042191e-02
4.550818578249806023e+01 3.367956603745063116e-01 1.861325084960981258e+00 7.046136181523210418e-02
4.558161382875695011e+01 3.372535324355241948e-01 1.861029547862244726e+00 7.075641587610290162e-02
4.565516035211803114e+01 3.377118852461690190e-01 1.860733456447178469e+00 7.105272734473765117e-02
4.572882554374563568e+01 3.381707187432655970e-01 1.860436809149859982e+00 7.135030166783097594e-02
4.580260959511252850e+01 3.386300328607818599e-01 1.860139604427558879e+00 7.164914431620778013e-02
4.587651269800047515e+01 3.390898275298586673e-01 1.859841840730496187e+00 7.194926078493722732e-02
4.595053504450062576e+01 3.395501026787519638e-01 1.859543516497524251e+00 7.225065659344287461e-02
4.602467682701409046e+01 3.400108582328539852e-01 1.859244630158627842e+00 7.255333728561694229e-02
4.609893823825242265e+01 3.404720941146417990e-01 1.858945180154933041e+00 7.285730842993258516e-02
4.617331947123811631e+01 3.409338102437181051e-01 1.858645164931658655e+00 7.316257561956034106e-02
4.624782071930510341e+01 3.413960065367514507e-01 1.858344582884001284e+00 7.346914447248013846e-02
4.632244217609927972e+01 3.418586829074622968e-01 1.858043432434214992e+00 7.377702063159735646e-02
4.639718403557897375e+01 3.423218392666415033e-01 1.857741712013648794e+00 7.408620976485955079e-02
4.647204649201545834e+01 3.427854755221179661e-01 1.857439420005448483e+00 7.439671756537238889e-02
4.654702973999352622e+01 3.432495915787197593e-01 1.857136554831186004e+00 7.470854975151536292e-02
4.662213397441186657e+01 3.437141873383285917e-01 1.856833114893561287e+00 7.502171206706241546e-02
4.669735939048366902e+01 3.441792626997835503e-01 1.856529098558894475e+00 7.533621028129665331e-02
4.677270618373709965e+01 3.446448175589153506e-01 1.856224504250349128e+00 7.565205018913140345e-02
4.684817455001580555e+01 3.451108518085495014e-01 1.855919330336746498e+00 7.596923761123006158e-02
4.692376468547943347e+01 3.455773653384220934e-01 1.855613575182815111e+00 7.628777839412351214e-02
4.699947678660414851e+01 3.460443580352355331e-01 1.855307237169199652e+00 7.660767841033366832e-02
4.707531105018311024e+01 3.465118297825974802e-01 1.855000314679500661e+00 7.692894355849269616e-02
4.715126767332702684e+01 3.469797804610624814e-01 1.854692806076172928e+00 7.725157976346745670e-02
4.722734685346460992e+01 3.474482099480432074e-01 1.854384709695068523e+00 7.757559297647859120e-02
4.730354878834320687e+01 3.479171181178452033e-01 1.854076023894549508e+00 7.790098917522661481e-02
4.737987367602914901e+01 3.483865048416361354e-01 1.853766747031158957e+00 7.822777436401405493e-02
4.745632171490838402e+01 3.488563699874482338e-01 1.853456877453254492e+00 7.855595457387108682e-02
4.753289310368695197e+01 3.493267134201448743e-01 1.853146413491913336e+00 7.888553586267998963e-02
4.760958804139151823e+01 3.497975350014106977e-01 1.852835353481168568e+00 7.921652431530090688e-02
4.768640672736986375e+01 3.502688345897407296e-01 1.852523695742775089e+00 7.954892604369864784e-02
4.776334936129143216e+01 3.507406120404134020e-01 1.852211438597805682e+00 7.988274718706890598e-02
4.784041614314783430e+01 3.512128672054943834e-01 1.851898580360057167e+00 8.021799391196712814e-02
4.791760727325334557e+01 3.516855999337987759e-01 1.851585119350147579e+00 8.055467241243566279e-02
4.799492295224551697e+01 3.521588100709129865e-01 1.851271053880282125e+00 8.089278891013469697e-02
4.807236338108557305e+01 3.526324974591395489e-01 1.850956382227650465e+00 8.123234965447014011e-02
4.814992876105899455e+01 3.531066619374885751e-01 1.850641102710824271e+00 8.157336092272410299e-02
4.822761929377605128e+01 3.535813033417085083e-01 1.850325213610403807e+00 8.191582902018848533e-02
4.830543518117232793e+01 3.540564215041869245e-01 1.850008713197439647e+00 8.225976028029262366e-02
4.838337662550920726e+01 3.545320162540173126e-01 1.849691599780499018e+00 8.260516106473973774e-02
4.846144382937443851e+01 3.550080874169468381e-01 1.849373871602438157e+00 8.295203776363804793e-02
4.853963699568265611e+01 3.554846348153320457e-01 1.849055526940446725e+00 8.330039679563479293e-02
4.861795632767584863e+01 3.559616582681955910e-01 1.848736564068985899e+00 8.365024460804870721e-02
4.869640202892404801e+01 3.564391575911428633e-01 1.848416981280252003e+00 8.400158767701976226e-02
4.877497430332564932e+01 3.569171325964394237e-01 1.848096776618376680e+00 8.435443250759519507e-02
4.885367335510806441e+01 3.573955830926279775e-01 1.847775950426694180e+00 8.470878563401469663e-02
4.893249938882824779e+01 3.578745088874875080e-01 1.847454519009488649e+00 8.506465361885870435e-02
4.901145260937320103e+01 3.583539098031333636e-01 1.847132506406296670e+00 8.542204304814048077e-02
4.909053322196049152e+01 3.588337856697806361e-01 1.846809920858959231e+00 8.578096053342183780e-02
4.916974143213884929e+01 3.593141363142267064e-01 1.846486760668085481e+00 8.614141271571026937e-02
4.924907744578862179e+01 3.597949615601351847e-01 1.846163024389625207e+00 8.650340626548311262e-02
4.932854146912234938e+01 3.602762612280173138e-01 1.845838710464931864e+00 8.686694788286587754e-02
4.940813370868535515e+01 3.607580351350975767e-01 1.845513817308301441e+00 8.723204429775796576e-02
4.948785437135615695e+01 3.612402830953937993e-01 1.845188343380641527e+00 8.759870226997414078e-02
4.956770366434710695e+01 3.617230049196677455e-01 1.844862287115120125e+00 8.796692858938329196e-02
4.964768179520488189e+01 3.622062004154200654e-01 1.844535646953318064e+00 8.833673007604737892e-02
4.972778897181105151e+01 3.626898693868799706e-01 1.844208421317489410e+00 8.870811358036224947e-02
4.980802540238259724e+01 3.631740116349729819e-01 1.843880608628523987e+00 8.908108598319743054e-02
4.988839129547246642e+01 3.636586269573253150e-01 1.843552207311859092e+00 8.945565419603916657e-02
4.996888685997010526e+01 3.641437151482429524e-01 1.843223215776788493e+00 8.983182516113133453e-02
5.004951230510198457e+01 3.646292759986902721e-01 1.842893632424193129e+00 9.020960585161937051e-02
5.013026784043222506e+01 3.651153092962776125e-01 1.842563455668596362e+00 9.058900327169372435e-02
5.021115367586303790e+01 3.656018148252675459e-01 1.842232683925885794e+00 9.097002445673495197e-02
5.029217002163530736e+01 3.660887923665430699e-01 1.841901315574659748e+00 9.135267647345891862e-02
5.037331708832915922e+01 3.665762416975752447e-01 1.841569349000792499e+00 9.173696642006137769e-02
5.045459508686449368e+01 3.670641625924395135e-01 1.841236782605164990e+00 9.212290142636607448e-02
5.053600422850152540e+01 3.675525548217925542e-01 1.840903614759781703e+00 9.251048865397278054e-02
5.061754472484135192e+01 3.680414181528382511e-01 1.840569843844605202e+00 9.289973529640357941e-02
5.069921678782647945e+01 3.685307523493467907e-01 1.840235468237779060e+00 9.329064857925389864e-02
5.078102062974136999e+01 3.690205571716084210e-01 1.839900486290844128e+00 9.368323576034096045e-02
5.086295646321307373e+01 3.695108323764265124e-01 1.839564896383080850e+00 9.407750412985473043e-02
5.094502450121166248e+01 3.700015777171291598e-01 1.839228696871487045e+00 9.447346101051024014e-02
5.102722495705084071e+01 3.704927929435107292e-01 1.838891886103056095e+00 9.487111375769761989e-02
5.110955804438850691e+01 3.709844778018527300e-01 1.838554462427964609e+00 9.527046975963658626e-02
5.119202397722730069e+01 3.714766320348817374e-01 1.838216424177744557e+00 9.567153643752968062e-02
5.127462296991514989e+01 3.719692553817652292e-01 1.837877769710303255e+00 9.607432124571622933e-02
5.135735523714585327e+01 3.724623475781217441e-01 1.837538497353534694e+00 9.647883167182924602e-02
5.144022099395960623e+01 3.729559083559519372e-01 1.837198605430330645e+00 9.688507523694903090e-02
5.152322045574356935e+01 3.734499374436756614e-01 1.836858092277907417e+00 9.729305949576234902e-02
5.160635383823242250e+01 3.739444345660866698e-01 1.836516956194373051e+00 9.770279203671863866e-02
5.168962135750900444e+01 3.744393994443292462e-01 1.836175195500572954e+00 9.811428048218867604e-02
5.177302323000472484e+01 3.749348317959191323e-01 1.835832808513487180e+00 9.852753248862491930e-02
5.185655967250025355e+01 3.754307313346969543e-01 1.835489793531223768e+00 9.894255574672058962e-02
5.194023090212601801e+01 3.759270977708241146e-01 1.835146148854391868e+00 9.935935798157101428e-02
5.202403713636279292e+01 3.764239308107667492e-01 1.834801872784964871e+00 9.977794695283555282e-02
5.210797859304226876e+01 3.769212301572877344e-01 1.834456963593993351e+00 1.001983304549006470e-01
5.219205549034760594e+01 3.774189955093918414e-01 1.834111419566625045e+00 1.006205163170413586e-01
5.227626804681399619e+01 3.779172265623723104e-01 1.833765238998694258e+00 1.010445124035889014e-01
5.236061648132923807e+01 3.784159230077505653e-01 1.833418420148063888e+00 1.014703266140932897e-01
5.244510101313436223e+01 3.789150845332676099e-01 1.833070961282146527e+00 1.018979668834905927e-01
5.252972186182408620e+01 3.794147108228753118e-01 1.832722860672674869e+00 1.023274411822692603e-01
5.261447924734746806e+01 3.799148015567268555e-01 1.832374116585697266e+00 1.027587575166389322e-01
5.269937339000843934e+01 3.804153564111533159e-01 1.832024727241559958e+00 1.031919239286988033e-01
5.278440451046643034e+01 3.809163750586055941e-01 1.831674690907220793e+00 1.036269484966044901e-01
5.286957282973687455e+01 3.814178571677426244e-01 1.831324005843498526e+00 1.040638393347445845e-01
5.295487856919183400e+01 3.819198024033102490e-01 1.830972670255277990e+00 1.045026045939061177e-01
5.304032195056055343e+01 3.824222104261679744e-01 1.830620682382459563e+00 1.049432524614491852e-01
5.312590319593001453e+01 3.829250808932784800e-01 1.830268040460396151e+00 1.053857911614806131e-01
5.321162252774561807e+01 3.834284134576866343e-01 1.829914742710798237e+00 1.058302289550280134e-01
5.329748016881160311e+01 3.839322077684979018e-01 1.829560787334912675e+00 1.062765741402136727e-01
5.338347634229173622e+01 3.844364634708476447e-01 1.829206172541717024e+00 1.067248350524305917e-01
5.346961127170985861e+01 3.849411802059151122e-01 1.828850896561107220e+00 1.071750200645213702e-01
5.355588518095046169e+01 3.854463576109082856e-01 1.828494957541352051e+00 1.076271375869506386e-01
5.364229829425930518e+01 3.859519953189526897e-01 1.828138353818758333e+00 1.080811960680050504e-01
5.372885083624393587e+01 3.864580929594066960e-01 1.827781084275102330e+00 1.085372039938804350e-01
5.381554303187433419e+01 3.869646501581863740e-01 1.827423163687171837e+00 1.089951698887221820e-01
5.390237510648342578e+01 3.874716665569165053e-01 1.827064617224095855e+00 1.094551023082358521e-01
5.398934728576782049e+01 3.879791418066286246e-01 1.826705454922603167e+00 1.099170098418750102e-01
5.407645979578818896e+01 3.884870755556527611e-01 1.826345675822494741e+00 1.103809011171536375e-01
5.416371286296998733e+01 3.889954674482692387e-01 1.825985278186180949e+00 1.108467848002559070e-01
5.425110671410401864e+01 3.895043171250804348e-01 1.825624260470704030e+00 1.113146695961062665e-01
5.433864157634700831e+01 3.900136242228545158e-01 1.825262621049432710e+00 1.117845642485823243e-01
5.442631767722220104e+01 3.905233883745546364e-01 1.824900358328932271e+00 1.122564775406877519e-01
5.451413524461995763e+01 3.910336092093262272e-01 1.824537470700533959e+00 1.127304182947389682e-01
5.460209450679833765e+01 3.915442863524643546e-01 1.824173956544427710e+00 1.132063953725478966e-01
5.469019569238368206e+01 3.920554194254085023e-01 1.823809814253309014e+00 1.136844176756073854e-01
5.477843903037129536e+01 3.925670080457407396e-01 1.823445042207367806e+00 1.141644941452782808e-01
5.486682475012589322e+01 3.930790518271440326e-01 1.823079638774743216e+00 1.146466337629748616e-01
5.495535308138229169e+01 3.935915503794062964e-01 1.822713602328121851e+00 1.151308455503532169e-01
5.504402425424599699e+01 3.941045033083974136e-01 1.822346931237461831e+00 1.156171385695013987e-01
5.513283849919378099e+01 3.946179102160615182e-01 1.821979623865445319e+00 1.161055219231282715e-01
5.522179604707431366e+01 3.951317707003917379e-01 1.821611678556109837e+00 1.165960047547543732e-01
5.531089712910872436e+01 3.956460843554091000e-01 1.821243093670318558e+00 1.170885962489039978e-01
5.540014197689122710e+01 3.961608507711771310e-01 1.820873867566660920e+00 1.175833056312989983e-01
5.548953082238971746e+01 3.966760695337580023e-01 1.820503998568710813e+00 1.180801421690513692e-01
5.557906389794634094e+01 3.971917402251901041e-01 1.820133485026872222e+00 1.185791151708576879e-01
5.566874143627821780e+01 3.977078624235186877e-01 1.819762325280180448e+00 1.190802339871985804e-01
5.575856367047788353e+01 3.982244357027230897e-01 1.819390517643796557e+00 1.195835080105308729e-01
5.584853083401397811e+01 3.987414596327358840e-01 1.819018060459711705e+00 1.200889466754880980e-01
5.593864316073187126e+01 3.992589337794300586e-01 1.818644952037175244e+00 1.205965594590803214e-01
5.602890088485423092e+01 3.997768577045681671e-01 1.818271190695895712e+00 1.211063558808912893e-01
5.611930424098164849e+01 4.002952309658386887e-01 1.817896774760583867e+00 1.216183455032831540e-01
5.620985346409324990e+01 4.008140531167992404e-01 1.817521702521162297e+00 1.221325379315951754e-01
5.630054878954729958e+01 4.013333237068654191e-01 1.817145972270736820e+00 1.226489428143487381e-01
5.639139045308178311e+01 4.018530422812974234e-01 1.816769582336064559e+00 1.231675698434499117e-01
5.648237869081514617e+01 4.023732083812354698e-01 1.816392531003884869e+00 1.236884287543996847e-01
5.657351373924672799e+01 4.028938215435826642e-01 1.816014816537290244e+00 1.242115293264926673e-01
5.666479583525748609e+01 4.034148813010673962e-01 1.815636437246439527e+00 1.247368813830301709e-01
5.675622521611058602e+01 4.039363871822143626e-01 1.815257391396244202e+00 1.252644947915275697e-01
5.684780211945204087e+01 4.044583387112896111e-01 1.814877677264121303e+00 1.257943794639218849e-01
5.693952678331127260e+01 4.049807354083482802e-01 1.814497293136810185e+00 1.263265453567860019e-01
5.703139944610180834e+01 4.055035767891682630e-01 1.814116237256939712e+00 1.268610024715381424e-01
5.712342034662182044e+01 4.060268623652359410e-01 1.813734507887829750e+00 1.273977608546539297e-01
5.721558972405478727e+01 4.065505916437588962e-01 1.813352103283477845e+00 1.279368305978831610e-01
5.730790781797017530e+01 4.070747641276171169e-01 1.812969021701974270e+00 1.284782218384626640e-01
5.740037486832392233e+01 4.075993793153888656e-01 1.812585261396407077e+00 1.290219447593352886e-01
5.749299111545917640e+01 4.081244367012902829e-01 1.812200820595990081e+00 1.295680095893644024e-01
5.758575680010687137e+01 4.086499357751828265e-01 1.811815697527208613e+00 1.301164266035544081e-01
5.767867216338636638e+01 4.091758760225308045e-01 1.811429890419958610e+00 1.306672061232687643e-01
5.777173744680606404e+01 4.097022569244232471e-01 1.811043397526418630e+00 1.312203585164533337e-01
5.786495289226405703e+01 4.102290779575555879e-01 1.810656217056248352e+00 1.317758941978585951e-01
5.795831874204872491e+01 4.107563385941641054e-01 1.810268347211831497e+00 1.323338236292593839e-01
5.805183523883938079e+01 4.112840383020539003e-01 1.809879786217834408e+00 1.328941573196826820e-01
5.814550262570696049e+01 4.118121765445765248e-01 1.809490532266863738e+00 1.334569058256329654e-01
5.823932114611453414e+01 4.123407527805788009e-01 1.809100583572671894e+00 1.340220797513168860e-01
5.833329104391801678e+01 4.128697664644574439e-01 1.808709938327865530e+00 1.345896897488744470e-01
5.842741256336679356e+01 4.133992170460499271e-01 1.808318594718457462e+00 1.351597465186080982e-01
5.852168594910435928e+01 4.139291039707072017e-01 1.807926550922957176e+00 1.357322608092019489e-01
5.861611144616892943e+01 4.144594266791804538e-01 1.807533806330411608e+00 1.363072434179942727e-01
5.871068929999409391e+01 4.149901846093038138e-01 1.807140375912695163e+00 1.368847051905295320e-01
5.880541975640945651e+01 4.155213772148204643e-01 1.806746284650671441e+00 1.374646570135908130e-01
5.890030306164124596e+01 4.160530039598480112e-01 1.806351542291622536e+00 1.380471098173763067e-01
5.899533946231306203e+01 4.165850643045062585e-01 1.805956147474262252e+00 1.386320745811717159e-01
5.909052920544634446e+01 4.171175577046848937e-01 1.805560098624937382e+00 1.392195623336938137e-01
5.918587253846114038e+01 4.176504836119749320e-01 1.805163394122700993e+00 1.398095841533154027e-01
5.928136970917670112e+01 4.181838414736488430e-01 1.804766032401175835e+00 1.404021511683033741e-01
5.937702096581216438e+01 4.187176307327277747e-01 1.804368011836913865e+00 1.409972745570585717e-01
5.947282655698713683e+01 4.192518508278124667e-01 1.803969330816926231e+00 1.415949655483427772e-01
5.956878673172239758e+01 4.197865011932429558e-01 1.803569987770515581e+00 1.421952354215287040e-01
5.966490173944053055e+01 4.203215812589702338e-01 1.803169981060818827e+00 1.427980955068312297e-01
5.976117182996651422e+01 4.208570904505701815e-01 1.802769309074392368e+00 1.434035571855501179e-01
5.985759725352853167e+01 4.213930281892351304e-01 1.802367970180966950e+00 1.440116318903134074e-01
5.995417826075841106e+01 4.219293938917382802e-01 1.801965962772101193e+00 1.446223311053172755e-01
6.005091510269241439e+01 4.224661869704698924e-01 1.801563285215024734e+00 1.452356663665755054e-01
6.014780803077184856e+01 4.230034068333416997e-01 1.801159935876285090e+00 1.458516492621589333e-01
6.024485729684373325e+01 4.235410528838609023e-01 1.800755913120610785e+00 1.464702914324491345e-01
6.034206315316143332e+01 4.240791245210271398e-01 1.800351215310229236e+00 1.470916045703796748e-01
6.043942585238534804e+01 4.246176211394037114e-01 1.799945840809868969e+00 1.477156004216927387e-01
6.053694564758352215e+01 4.251565421290270930e-01 1.799539787952198822e+00 1.483422907851842110e-01
6.063462279223234930e+01 4.256958868754268099e-01 1.799133055096035605e+00 1.489716875129581675e-01
6.073245754021716181e+01 4.262356547596183876e-01 1.798725640587917951e+00 1.496038025106811997e-01
6.083045014583305488e+01 4.267758451580643819e-01 1.798317542771883382e+00 1.502386477378364893e-01
6.092860086378532714e+01 4.273164574426866480e-01 1.797908759979236493e+00 1.508762352079800195e-01
6.102690994919026934e+01 4.278574909808106064e-01 1.797499290535370164e+00 1.515165769889967040e-01
6.112537765757581099e+01 4.283989451351880029e-01 1.797089132783412424e+00 1.521596852033615388e-01
6.122400424488219528e+01 4.289408192639707629e-01 1.796678285041480194e+00 1.528055720283996444e-01
6.132278996746260447e+01 4.294831127206771293e-01 1.796266745622688177e+00 1.534542496965451419e-01
6.142173508208387034e+01 4.300258248541954376e-01 1.795854512855157736e+00 1.541057304956075791e-01
6.152083984592710664e+01 4.305689550087735684e-01 1.795441585045864485e+00 1.547600267690350528e-01
6.162010451658836985e+01 4.311125025239717079e-01 1.795027960498373432e+00 1.554171509161781928e-01
6.171952935207943369e+01 4.316564667346841078e-01 1.794613637528755135e+00 1.560771153925610555e-01
6.181911461082829362e+01 4.322008469711064449e-01 1.794198614425113192e+00 1.567399327101468010e-01
6.191886055167995551e+01 4.327456425587006827e-01 1.793782889485328269e+00 1.574056154376073657e-01
6.201876743389707514e+01 4.332908528182203844e-01 1.793366461006144164e+00 1.580741762005983819e-01
6.211883551716061191e+01 4.338364770656594760e-01 1.792949327277256089e+00 1.587456276820284617e-01
6.221906506157054650e+01 4.343825146122632930e-01 1.792531486569941990e+00 1.594199826223356431e-01
6.231945632764652743e+01 4.349289647644700718e-01 1.792112937165939002e+00 1.600972538197612538e-01
6.242000957632855318e+01 4.354758268239534158e-01 1.791693677354032843e+00 1.607774541306306038e-01
6.252072506897761883e+01 4.360231000875636198e-01 1.791273705390040050e+00 1.614605964696280149e-01
6.262160306737653315e+01 4.365707838473211755e-01 1.790853019549786040e+00 1.621466938100795119e-01
6.272264383373038754e+01 4.371188773904154945e-01 1.790431618087040988e+00 1.628357591842347352e-01
6.282384763066738032e+01 4.376673799991523395e-01 1.790009499254892944e+00 1.635278056835465788e-01
6.292521472123947746e+01 4.382162909509821902e-01 1.789586661330986317e+00 1.642228464589612913e-01
6.302674536892305923e+01 4.387656095184719329e-01 1.789163102543170680e+00 1.649208947212017773e-01
6.312843983761963784e+01 4.393153349692451304e-01 1.788738821144306712e+00 1.656219637410564494e-01
6.323029839165654664e+01 4.398654665660450269e-01 1.788313815338369750e+00 1.663260668496592820e-01
6.333232129578760095e+01 4.404160035665789508e-01 1.787888083538291539e+00 1.670332174388282076e-01
6.343450881519377305e+01 4.409669452239388110e-01 1.787461623369608787e+00 1.677434289611740847e-01
6.353686121548399512e+01 4.415182907850482286e-01 1.787034438490309185e+00 1.684567149310430001e-01
6.363937876269567795e+01 4.420700395006544881e-01 1.786606549155294488e+00 1.691730889205743937e-01
6.374206172329551379e+01 4.426221906386662019e-01 1.786177976222006691e+00 1.698925645542180562e-01
6.384491036418014431e+01 4.431747434718144030e-01 1.785748724047152791e+00 1.706151555141324772e-01
6.394792495267684984e+01 4.437276972669365604e-01 1.785318790483188423e+00 1.713408755449928600e-01
6.405110575654424565e+01 4.442810512865608130e-01 1.784888174174284359e+00 1.720697384536135910e-01
6.415445304397299253e+01 4.448348047884105316e-01 1.784456873526096388e+00 1.728017581094377086e-01
6.425796708358646470e+01 4.453889570255372132e-01 1.784024887028181183e+00 1.735369484447849830e-01
6.436164814444143190e+01 4.459435072462842320e-01 1.783592213118481595e+00 1.742753234551654429e-01
6.446549649602890497e+01 4.464984546942256660e-01 1.783158850233576231e+00 1.750168971995745559e-01
6.456951240827459060e+01 4.470537986082003257e-01 1.782724796835054804e+00 1.757616838007991511e-01
6.467369615153978657e+01 4.476095382222867181e-01 1.782290051369272987e+00 1.765096974457228685e-01
6.477804799662202129e+01 4.481656727657878370e-01 1.781854612284178074e+00 1.772609523856304714e-01
6.488256821475573588e+01 4.487222014632201161e-01 1.781418478016121298e+00 1.780154629365175434e-01
6.498725707761303738e+01 4.492791235342834533e-01 1.780981646986447231e+00 1.787732434793981029e-01
6.509211485730438085e+01 4.498364381938477208e-01 1.780544117633098722e+00 1.795343084606153827e-01
6.519714182637922306e+01 4.503941446519643677e-01 1.780105888399930336e+00 1.802986723921562173e-01
6.530233825782686097e+01 4.509522421138401627e-01 1.779666957701920182e+00 1.810663498519663461e-01
6.540770442507697169e+01 4.515107297797931740e-01 1.779227323959958085e+00 1.818373554842621642e-01
6.551324060200055044e+01 4.520696068452866312e-01 1.778786985604483561e+00 1.826117039998536029e-01
6.561894706291035106e+01 4.526288725008815184e-01 1.778345941042289269e+00 1.833894101764598217e-01
6.572482408256178132e+01 4.531885259322243065e-01 1.777904188698130383e+00 1.841704888590308398e-01
6.583087193615361343e+01 4.537485663200621078e-01 1.777461726980391177e+00 1.849549549600736642e-01
6.593709089932858092e+01 4.543089928401805588e-01 1.777018554287451479e+00 1.857428234599712846e-01
6.604348124817423127e+01 4.548698046634242487e-01 1.776574669038836873e+00 1.865341094073130757e-01
6.615004325922355122e+01 4.554310009556836181e-01 1.776130069630198705e+00 1.873288279192223682e-01
6.625677720945573412e+01 4.559925808778482192e-01 1.775684754458325187e+00 1.881269941816839097e-01
6.636368337629681946e+01 4.565545435858312517e-01 1.775238721932282715e+00 1.889286234498769868e-01
6.647076203762063074e+01 4.571168882305389203e-01 1.774791970422256782e+00 1.897337310485109063e-01
6.657801347174920181e+01 4.576796139578168110e-01 1.774344498319123886e+00 1.905423323721524009e-01
6.668543795745367220e+01 4.582427199085115643e-01 1.773896304040590621e+00 1.913544428855717405e-01
6.679303577395502600e+01 4.588062052184235795e-01 1.773447385948202282e+00 1.921700781240786304e-01
6.690080720092471722e+01 4.593700690182441759e-01 1.772997742408506383e+00 1.929892536938564995e-01
6.700875251848549397e+01 4.599343104336059973e-01 1.772547371820110129e+00 1.938119852723119707e-01
6.711687200721206636e+01 4.604989285850527025e-01 1.772096272561611841e+00 1.946382886084181418e-01
6.722516594813187396e+01 4.610639225880104330e-01 1.771644442982960754e+00 1.954681795230576169e-01
6.733363462272575362e+01 4.616292915527578367e-01 1.771191881449567518e+00 1.963016739093695062e-01
6.744227831292880637e+01 4.621950345844499930e-01 1.770738586353218125e+00 1.971387877331043370e-01
6.755109730113095168e+01 4.627611507831048132e-01 1.770284556042042823e+00 1.979795370329734128e-01
6.766009187017778004e+01 4.633276392435319857e-01 1.769829788853940045e+00 1.988239379209975066e-01
6.776926230337124935e+01 4.638944990553628966e-01 1.769374283170009221e+00 1.996720065828686552e-01
6.787860888447043806e+01 4.644617293030573468e-01 1.768918037337471105e+00 2.005237592783051526e-01
6.798813189769226994e+01 4.650293290658270573e-01 1.768461049704455945e+00 2.013792123414125945e-01
6.809783162771225307e+01 4.655972974176831869e-01 1.768003318577484606e+00 2.022383821810315729e-01
6.820770835966521872e+01 4.661656334273023283e-01 1.767544842458164567e+00 2.031012852811558134e-01
6.831776237914607464e+01 4.667343361584274097e-01 1.767085619136651076e+00 2.039679382010904929e-01
6.842799397221055813e+01 4.673034046683866016e-01 1.766625652504671962e+00 2.048383575765440612e-01
6.853840342537594665e+01 4.678728380186157332e-01 1.766164962366701729e+00 2.057125601148864780e-01
6.864899102562181099e+01 4.684426352878409139e-01 1.765703568210710728e+00 2.065905625890212816e-01
6.875975706039073998e+01 4.690127955585776109e-01 1.765241473721744114e+00 2.074723818441338019e-01
6.887070181758917897e+01 4.695833179072348984e-01 1.764778676916648692e+00 2.083580348027926632e-01
6.898182558558805511e+01 4.701542014055810070e-01 1.764315176545778741e+00 2.092475384646158565e-01
6.909312865322362995e+01 4.707254451203405354e-01 1.763850971130295875e+00 2.101409099068444197e-01
6.920461130979815323e+01 4.712970481132380818e-01 1.763386059240019677e+00 2.110381662846567974e-01
6.931627384508070122e+01 4.718690094410030733e-01 1.762920439449771948e+00 2.119393248315624145e-01
6.942811654930794418e+01 4.724413281553498933e-01 1.762454110322096312e+00 2.128444028597743232e-01
6.954013971318478582e+01 4.730140033029577307e-01 1.761987070415671042e+00 2.137534177605885655e-01
6.965234362788518752e+01 4.735870339254611983e-01 1.761519318290538649e+00 2.146663870047632039e-01
6.976472858505294994e+01 4.741604190594448931e-01 1.761050852503103670e+00 2.155833281429056225e-01
6.987729487680242357e+01 4.747341577364121434e-01 1.760581671613181243e+00 2.165042588058535555e-01
6.999004279571931875e+01 4.753082489828065471e-01 1.760111774194228929e+00 2.174291967050663577e-01
7.010297263486140196e+01 4.758826918199844935e-01 1.759641158776730663e+00 2.183581596330129992e-01
7.021608468775932010e+01 4.764574852641573766e-01 1.759169823904130681e+00 2.192911654635593122e-01
7.032937924841732524e+01 4.770326283264487710e-01 1.758697768153297147e+00 2.202282321523665320e-01
7.044285661131401355e+01 4.776081200128594606e-01 1.758224990059488846e+00 2.211693777372872871e-01
7.055651707140322060e+01 4.781839593242227515e-01 1.757751488163876274e+00 2.221146203387585338e-01
7.067036092411460402e+01 4.787601452562343374e-01 1.757277261019908110e+00 2.230639781602057337e-01
7.078438846535453877e+01 4.793366767994163835e-01 1.756802307165571619e+00 2.240174694884429218e-01
7.089859999150684189e+01 4.799135529391103661e-01 1.756326625143401543e+00 2.249751126940765511e-01
7.101299579943353990e+01 4.804907726554692449e-01 1.755850213486382927e+00 2.259369262319139426e-01
7.112757618647565039e+01 4.810683349234242678e-01 1.755373070744553843e+00 2.269029286413676294e-01
7.124234145045397781e+01 4.816462387127274369e-01 1.754895195455901558e+00 2.278731385468737991e-01
7.135729188966985248e+01 4.822244829878665207e-01 1.754416586132037992e+00 2.288475746582956383e-01
7.147242780290586950e+01 4.828030667080844274e-01 1.753937241323455964e+00 2.298262557713432186e-01
7.158774948942682670e+01 4.833819888273991894e-01 1.753457159558820422e+00 2.308092007679940216e-01
7.170325724898030728e+01 4.839612482945309102e-01 1.752976339360202473e+00 2.317964286169059140e-01
7.181895138179751825e+01 4.845408440529380689e-01 1.752494779261041913e+00 2.327879583738446112e-01
7.193483218859417150e+01 4.851207750407808827e-01 1.752012477782045607e+00 2.337838091821045350e-01
7.205089997057112328e+01 4.857010401909093167e-01 1.751529433455743856e+00 2.347840002729366937e-01
7.216715502941525529e+01 4.862816384308790152e-01 1.751045644792839084e+00 2.357885509659787271e-01
7.228359766730019942e+01 4.868625686828747523e-01 1.750561110306534829e+00 2.367974806696809820e-01
7.240022818688717621e+01 4.874438298637687739e-01 1.750075828539820577e+00 2.378108088817466048e-01
7.251704689132570536e+01 4.880254208850886011e-01 1.749589797997487040e+00 2.388285551895652226e-01
7.263405408425455789e+01 4.886073406529657936e-01 1.749103017186826037e+00 2.398507392706487051e-01
7.275125006980229614e+01 4.891895880681700892e-01 1.748615484628544436e+00 2.408773808930722016e-01
7.286863515258825430e+01 4.897721620260725439e-01 1.748127198843576480e+00 2.419084999159232807e-01
7.298620963772327741e+01 4.903550614166627963e-01 1.747638158296922484e+00 2.429441162897287287e-01
7.310397383081051714e+01 4.909382851244197821e-01 1.747148361651397863e+00 2.439842500569660289e-01
7.322192803794618499e+01 4.915218320287298437e-01 1.746657807000929097e+00 2.450289213522733600e-01
7.334007256572041911e+01 4.921057010025569056e-01 1.746166500800654831e+00 2.460781504036475553e-01
7.345840772121803752e+01 4.926898909268501159e-01 1.745674463635623397e+00 2.471319575247993561e-01
7.357693381201927707e+01 4.932744006983468266e-01 1.745181710678480158e+00 2.481903631110282671e-01
7.369565114620081658e+01 4.938592292134419415e-01 1.744688243251857784e+00 2.492533876485986677e-01
7.381456003233627428e+01 4.944443753626874827e-01 1.744194059744586411e+00 2.503210517182680728e-01
7.393366077949720250e+01 4.950298380316871527e-01 1.743699158992967568e+00 2.513933759952145519e-01
7.405295369725385513e+01 4.956156161008788974e-01 1.743203539716660089e+00 2.524703812496437716e-01
7.417243909567596916e+01 4.962017084455542237e-01 1.742707200640097653e+00 2.535520883472064391e-01
7.429211728533358894e+01 4.967881139358267806e-01 1.742210140504994342e+00 2.546385182494724786e-01
7.441198857729787619e+01 4.973748314366686074e-01 1.741712358052609488e+00 2.557296920143998231e-01
7.453205328314187739e+01 4.979618598078579539e-01 1.741213852018290709e+00 2.568256307967967667e-01
7.465231171494136220e+01 4.985491979040001520e-01 1.740714621136021378e+00 2.579263558487994712e-01
7.477276418527574720e+01 4.991368445744867599e-01 1.740214664143195478e+00 2.590318885203396482e-01
7.489341100722866429e+01 4.997247986635210415e-01 1.739713979769931029e+00 2.601422502596265063e-01
7.501425249438896969e+01 5.003130590100667296e-01 1.739212566751348277e+00 2.612574626136187628e-01
7.513528896085151132e+01 5.009016244478826652e-01 1.738710423835982510e+00 2.623775472285136412e-01
7.525652072121788194e+01 5.014904938054912664e-01 1.738207549744174685e+00 2.635025258502260437e-01
7.537794809059735712e+01 5.020796659061500522e-01 1.737703943221049485e+00 2.646324203248746620e-01
7.549957138460757733e+01 5.026691395678970498e-01 1.737199602995815439e+00 2.657672525992762491e-01
7.562139091937548585e+01 5.032589136034620880e-01 1.736694527799272691e+00 2.669070447214295094e-01
7.574340701153803934e+01 5.038489868203390731e-01 1.736188716380866026e+00 2.680518188410183078e-01
7.586561997824320258e+01 5.044393580207273686e-01 1.735682167459572156e+00 2.692015972099038312e-01
7.598803013715057375e+01 5.050300260015183618e-01 1.735174879780743140e+00 2.703564021826233565e-01
7.611063780643232235e+01 5.056209895543337662e-01 1.734666852080181343e+00 2.715162562168982330e-01
7.623344330477397079e+01 5.062122474654563442e-01 1.734158083082547819e+00 2.726811818741340376e-01
7.635644695137528970e+01 5.068037985158608816e-01 1.733648571538196848e+00 2.738512018199321107e-01
7.647964906595105106e+01 5.073956414812029747e-01 1.733138316167924131e+00 2.750263388245992591e-01
7.660304996873189509e+01 5.079877751317657397e-01 1.732627315704576176e+00 2.762066157636581809e-01
7.672664998046515450e+01 5.085801982325190984e-01 1.732115568902827363e+00 2.773920556183713249e-01
7.685044942241569288e+01 5.091729095430700403e-01 1.731603074488248240e+00 2.785826814762553116e-01
7.697444861636674318e+01 5.097659078176483005e-01 1.731089831184135619e+00 2.797785165316024614e-01
7.709864788462077456e+01 5.103591918051025855e-01 1.730575837738342670e+00 2.809795840860063731e-01
7.722304755000025978e+01 5.109527602489232212e-01 1.730061092889172869e+00 2.821859075488947211e-01
7.734764793584852782e+01 5.115466118871838663e-01 1.729545595368335853e+00 2.833975104380519472e-01
7.747244936603064502e+01 5.121407454525738201e-01 1.729029343908450755e+00 2.846144163801603844e-01
7.759745216493428188e+01 5.127351596723467297e-01 1.728512337247366304e+00 2.858366491113291108e-01
7.772265665747043784e+01 5.133298532683628901e-01 1.727994574134982031e+00 2.870642324776464527e-01
7.784806316907440760e+01 5.139248249570500526e-01 1.727476053265036171e+00 2.882971904356960713e-01
7.797367202570657696e+01 5.145200734493313721e-01 1.726956773504298326e+00 2.895355470531743025e-01
7.809948355385321861e+01 5.151155974509603608e-01 1.726436733253649436e+00 2.907793265091963009e-01
7.822549808052751530e+01 5.157113956614074457e-01 1.725915937867512184e+00 2.920285530955890052e-01
7.835171593327019934e+01 5.163074667863838396e-01 1.725394405779979934e+00 2.932832512090480237e-01
7.847813744015049053e+01 5.169038095468724281e-01 1.724872151230101736e+00 2.945434453454312540e-01
7.860476292976697721e+01 5.175004226633457272e-01 1.724349175639417808e+00 2.958091601107218915e-01
7.873159273124844049e+01 5.180973048505549405e-01 1.723825477692571440e+00 2.970804202250708625e-01
7.885862717425472113e+01 5.186944548182363945e-01 1.723301056429590972e+00 2.983572505228405669e-01
7.898586658897757218e+01 5.192918712709738704e-01 1.722775910790232956e+00 2.996396759533084819e-01
7.911331130614151164e+01 5.198895529081583033e-01 1.722250039739947169e+00 3.009277215811814177e-01
7.924096165700461825e+01 5.204874984240471791e-01 1.721723442252823588e+00 3.022214125871832691e-01
7.936881797335962574e+01 5.210857065077126871e-01 1.721196117298404715e+00 3.035207742686141241e-01
7.949688058753447706e+01 5.216841758430706966e-01 1.720668063839866591e+00 3.048258320399284682e-01
7.962514983239336175e+01 5.222829051088216934e-01 1.720139280851981312e+00 3.061366114333004540e-01
7.975362604133756861e+01 5.228818929785167269e-01 1.719609767308156734e+00 3.074531380992160945e-01
7.988230954830632413e+01 5.234811381204749203e-01 1.719079522187030307e+00 3.087754378070402539e-01
8.001120068777767358e+01 5.240806391978598544e-01 1.718548544468603723e+00 3.101035364456163346e-01
8.014029979476934784e+01 5.246803948685884178e-01 1.718016833130377563e+00 3.114374600238383195e-01
8.026960720483961609e+01 5.252804037854076347e-01 1.717484387157355741e+00 3.127772346712555662e-01
8.039912325408816685e+01 5.258806645958115089e-01 1.716951205525219848e+00 3.141228866386574503e-01
8.052884827915707433e+01 5.264811759420967574e-01 1.716417287229660360e+00 3.154744422986766605e-01
8.065878261723150899e+01 5.270819364613270608e-01 1.715882631256590685e+00 3.168319281463866099e-01
8.078892660604068965e+01 5.276829447853339516e-01 1.715347236593061098e+00 3.181953707999084502e-01
8.091928058385880718e+01 5.282841995407081548e-01 1.714811102231806217e+00 3.195647970010142003e-01
8.104984488950583454e+01 5.288856993488015856e-01 1.714274227174655607e+00 3.209402336157413105e-01
8.118061986234845051e+01 5.294874428257276833e-01 1.713736610421392470e+00 3.223217076350080035e-01
8.131160584230087807e+01 5.300894285823423147e-01 1.713198250957702840e+00 3.237092461752264505e-01
8.144280316982583656e+01 5.306916552242249008e-01 1.712659147788372138e+00 3.251028764789219427e-01
8.157421218593532330e+01 5.312941213517169414e-01 1.712119299924779625e+00 3.265026259153651633e-01
8.170583323219169358e+01 5.318968255598829353e-01 1.711578706371483349e+00 3.279085219811951890e-01
8.183766665070827173e+01 5.324997664385185958e-01 1.711037366139862570e+00 3.293205923010494307e-01
8.196971278415047379e+01 5.331029425721439674e-01 1.710495278233111094e+00 3.307388646282007350e-01
8.210197197573654648e+01 5.337063525399865505e-01 1.709952441663972422e+00 3.321633668451926535e-01
8.223444456923860457e+01 5.343099949159950679e-01 1.709408855459059851e+00 3.335941269644855378e-01
8.236713090898335565e+01 5.349138682688371338e-01 1.708864518632481122e+00 3.350311731290990802e-01
8.250003133985315174e+01 5.355179711618700544e-01 1.708319430201754585e+00 3.364745336132605735e-01
8.263314620728679927e+01 5.361223021531592581e-01 1.707773589189400809e+00 3.379242368230565008e-01
8.276647585728044021e+01 5.367268597954557574e-01 1.707226994654547525e+00 3.393803112971061076e-01
8.290002063638848995e+01 5.373316426362717557e-01 1.706679645479653118e+00 3.408427857071350542e-01
8.303378089172464627e+01 5.379366492174875169e-01 1.706131541671993546e+00 3.423116888589972651e-01
8.316775697096251463e+01 5.385418780776568548e-01 1.705582692618690999e+00 3.437870496913780216e-01
8.330194922233678767e+01 5.391473277658146435e-01 1.705033115397100119e+00 3.452688972649841093e-01
8.343635799464398417e+01 5.397529968409633394e-01 1.704482817742928091e+00 3.467572607633772064e-01
8.357098363724344381e+01 5.403588838566698582e-01 1.703931798818075549e+00 3.482521695062912870e-01
8.370582650005816561e+01 5.409649873617798921e-01 1.703380057990443674e+00 3.497536529497268232e-01
8.384088693357580269e+01 5.415713059000446528e-01 1.702827594472182682e+00 3.512617406869262271e-01
8.397616528884947229e+01 5.421778380102210138e-01 1.702274407517961663e+00 3.527764624489690970e-01
8.411166191749870791e+01 5.427845822260302100e-01 1.701720496378129610e+00 3.542978481054752105e-01
8.424737717171052509e+01 5.433915370761843722e-01 1.701165860318951673e+00 3.558259276652880887e-01
8.438331140424004673e+01 5.439987010843798654e-01 1.700610498606465626e+00 3.573607312771631683e-01
8.451946496841161149e+01 5.446060727692869641e-01 1.700054410499660662e+00 3.589022892304600254e-01
8.465583821811966914e+01 5.452136506445455222e-01 1.699497595271395767e+00 3.604506319558394289e-01
8.479243150782966154e+01 5.458214332187805162e-01 1.698940052209081841e+00 3.620057900259673334e-01
8.492924519257898908e+01 5.464294189956003800e-01 1.698381780580575651e+00 3.635677941562160953e-01
8.506627962797790588e+01 5.470376064735604782e-01 1.697822779671241733e+00 3.651366752053721854e-01
8.520353517021041512e+01 5.476459941462185066e-01 1.697263048782588157e+00 3.667124641763527815e-01
8.534101217603523537e+01 5.482545805020976326e-01 1.696702587198842593e+00 3.682951922169194758e-01
8.547871100278680956e+01 5.488633640246824985e-01 1.696141394220376242e+00 3.698848906203969222e-01
8.561663200837601551e+01 5.494723431924470880e-01 1.695579469155745755e+00 3.714815908264021971e-01
8.575477555129130280e+01 5.500815164788314116e-01 1.695016811307368698e+00 3.730853244215682207e-01
8.589314199059951704e+01 5.506908823522405072e-01 1.694453419991532428e+00 3.746961231402770598e-01
8.603173168594688036e+01 5.513004392760678662e-01 1.693889294529981271e+00 3.763140188653992801e-01
8.617054499755987251e+01 5.519101857086677887e-01 1.693324434242640564e+00 3.779390436290315236e-01
8.630958228624625406e+01 5.525201201033769216e-01 1.692758838457393722e+00 3.795712296132431329e-01
8.644884391339591900e+01 5.531302409084950522e-01 1.692192506508717997e+00 3.812106091508218886e-01
8.658833024098184694e+01 5.537405465673076455e-01 1.691625437731545389e+00 3.828572147260306813e-01
8.672804163156116886e+01 5.543510355180580884e-01 1.691057631466719613e+00 3.845110789753608538e-01
8.686797844827589188e+01 5.549617061939764451e-01 1.690489087073729024e+00 3.861722346882963119e-01
8.700814105485400773e+01 5.555725570232775690e-01 1.689919803903194406e+00 3.878407148080811884e-01
8.714852981561038803e+01 5.561835864291395648e-01 1.689349781305281795e+00 3.895165524324845086e-01
8.728914509544770794e+01 5.567947928297143356e-01 1.688779018642435403e+00 3.911997808145741828e-01
8.742998725985745523e+01 5.574061746381356874e-01 1.688207515305975903e+00 3.928904333635039325e-01
8.757105667492079704e+01 5.580177302625524138e-01 1.687635270640839735e+00 3.945885436452787332e-01
8.771235370730961733e+01 5.586294581060071707e-01 1.687062284086550790e+00 3.962941453836006933e-01
8.785387872428735534e+01 5.592413565667180286e-01 1.686488554845936960e+00 3.980072724604272749e-01
8.799563209371019923e+01 5.598534240373704840e-01 1.685914086365301046e+00 3.997279589175372627e-01
8.813761418402772563e+01 5.604656589133956146e-01 1.685338891684750706e+00 4.014562389483045113e-01
8.827982536428405069e+01 5.610780596018835054e-01 1.684762981783478608e+00 4.031921468887505466e-01
8.842226600411875381e+01 5.616906245090944605e-01 1.684186358209217360e+00 4.049357172315453668e-01
8.856493647376782974e+01 5.623033520361614412e-01 1.683609020383983079e+00 4.066869846314596915e-01
8.870783714406465492e+01 5.629162405795959945e-01 1.683030967938975664e+00 4.084459839056545083e-01
8.885096838644095385e+01 5.635292885311435906e-01 1.682452200454008562e+00 4.102127500346152700e-01
8.899433057292776539e+01 5.641424942778393570e-01 1.681872717533451578e+00 4.119873181629381542e-01
8.913792407615633806e+01 5.647558562019933115e-01 1.681292518771442701e+00 4.137697236001572354e-01
8.928174926935933797e+01 5.653693726811781506e-01 1.680711603796225972e+00 4.155600018215635516e-01
8.942580652637145988e+01 5.659830420883005253e-01 1.680129972226040991e+00 4.173581884690437671e-01
8.957009622163069196e+01 5.665968627915100031e-01 1.679547623676171497e+00 4.191643193518969079e-01
8.971461873017912581e+01 5.672108331542805582e-01 1.678964557799190516e+00 4.209784304476901773e-01
8.985937442766403649e+01 5.678249515353925858e-01 1.678380774239712991e+00 4.228005579030914007e-01
9.000436369033877781e+01 5.684392162889335687e-01 1.677796272628256702e+00 4.246307380347180693e-01
9.014958689506380551e+01 5.690536257642707652e-01 1.677211052631264465e+00 4.264690073299851059e-01
9.029504441930764358e+01 5.696681783061412485e-01 1.676625113930867883e+00 4.283154024479738919e-01
9.044073664114785061e+01 5.702828722545814077e-01 1.676038456177366243e+00 4.301699602202824213e-01
9.058666393927201455e+01 5.708977059449458213e-01 1.675451079057438619e+00 4.320327176518920509e-01
9.073282669297883274e+01 5.715126777079483356e-01 1.674862982270951761e+00 4.339037119220472971e-01
9.087922528217889351e+01 5.721277858696401930e-01 1.674274165505721612e+00 4.357829803851254180e-01
9.102586008739581303e+01 5.727430287514130303e-01 1.673684628468890878e+00 4.376705605715157654e-01
9.117273148976718744e+01 5.733584046700270775e-01 1.673094370870103376e+00 4.395664901885132370e-01
9.131983987104558764e+01 5.739739119375858456e-01 1.672503392434464331e+00 4.414708071211989604e-01
9.146718561359953981e+01 5.745895488615857527e-01 1.671911692892081192e+00 4.433835494333475680e-01
9.161476910041454857e+01 5.752053137448801534e-01 1.671319271972379283e+00 4.453047553683178172e-01
9.176259071509403498e+01 5.758212048857092036e-01 1.670726129426611806e+00 4.472344633499656386e-01
9.191065084186033118e+01 5.764372205777064107e-01 1.670132265005804584e+00 4.491727119835501325e-01
9.205894986555590265e+01 5.770533591098976345e-01 1.669537678478491216e+00 4.511195400566562208e-01
9.220748817164395916e+01 5.776696187667296201e-01 1.668942369615933785e+00 4.530749865401138554e-01
9.235626614620974806e+01 5.782859978280449065e-01 1.668346338180754174e+00 4.550390905889150073e-01
9.250528417596144948e+01 5.789024945690912638e-01 1.667749583993781926e+00 4.570118915431689577e-01
9.265454264823121378e+01 5.795191072606213911e-01 1.667152106786033983e+00 4.589934289289731573e-01
9.280404195097615627e+01 5.801358341686252418e-01 1.666553906896297121e+00 4.609837424596233135e-01
9.295378247277935202e+01 5.807526735557262398e-01 1.665954990679665570e+00 4.629828720345877113e-01
9.310376460285088740e+01 5.813696236909458026e-01 1.665355369008921116e+00 4.649908577253629716e-01
9.325398873102876962e+01 5.819866828483775123e-01 1.664755046884238254e+00 4.670077397781491335e-01
9.340445524778016306e+01 5.826038492977182459e-01 1.664154024285608102e+00 4.690335586292228576e-01
9.355516454420212824e+01 5.832211213044544706e-01 1.663552301241224995e+00 4.710683549055953989e-01
9.370611701202280130e+01 5.838384971297637671e-01 1.662949877728578940e+00 4.731121694261926081e-01
9.385731304360238880e+01 5.844559750305303725e-01 1.662346753747897310e+00 4.751650432027575977e-01
9.400875303193413401e+01 5.850735532593702715e-01 1.661742929304182326e+00 4.772270174408454468e-01
9.416043737064543961e+01 5.856912300646190950e-01 1.661138404411758529e+00 4.792981335407860977e-01
9.431236645399879137e+01 5.863090036903643165e-01 1.660533179114963787e+00 4.813784330986757842e-01
9.446454067689285239e+01 5.869268723764697882e-01 1.659927253442447181e+00 4.834679579073707933e-01
9.461696043486335839e+01 5.875448343585299993e-01 1.659320627445822538e+00 4.855667499574600199e-01
9.476962612408445352e+01 5.881628878679605599e-01 1.658713301195575696e+00 4.876748514382905353e-01
9.492253814136934409e+01 5.887810311319452428e-01 1.658105274753779668e+00 4.897923047389537987e-01
9.507569688417152065e+01 5.893992623734815028e-01 1.657496548203653219e+00 4.919191524493031764e-01
9.522910275058582386e+01 5.900175798113740377e-01 1.656887121643194405e+00 4.940554373609679639e-01
9.538275613934939656e+01 5.906359816602779755e-01 1.656276995185407941e+00 4.962012024683809530e-01
9.553665744984272123e+01 5.912544661306857741e-01 1.655666168935795213e+00 4.983564909698014467e-01
9.569080708209075681e+01 5.918730314289297745e-01 1.655054643023731842e+00 5.005213462683455461e-01
9.584520543676381976e+01 5.924916757572333825e-01 1.654442417593827486e+00 5.026958119730354779e-01
9.599985291517874941e+01 5.931103973136931939e-01 1.653829492799786749e+00 5.048799318998342667e-01
9.615474991930000215e+01 5.937291942923177412e-01 1.653215868793949994e+00 5.070737500727114933e-01
9.630989685174048986e+01 5.943480648829948532e-01 1.652601545753896062e+00 5.092773107246761910e-01
9.646529411576278790e+01 5.949670072715725899e-01 1.651986523871073587e+00 5.114906582988681949e-01
9.662094211528014398e+01 5.955860196398173878e-01 1.651370803335339588e+00 5.137138374496083015e-01
9.677684125485750144e+01 5.962051001654541382e-01 1.650754384365200167e+00 5.159468930434790712e-01
9.693299193971262184e+01 5.968242470221900575e-01 1.650137267180070921e+00 5.181898701604120694e-01
9.708939457571705134e+01 5.974434583796968123e-01 1.649519452011418252e+00 5.204428140947660042e-01
9.724604956939721490e+01 5.980627324036607018e-01 1.648900939102986740e+00 5.227057703564191860e-01
9.740295732793551053e+01 5.986820672557612300e-01 1.648281728738083984e+00 5.249787846719108364e-01
9.756011825917124725e+01 5.993014610937756892e-01 1.647661821094970946e+00 5.272619029853655714e-01
9.771753277160193818e+01 5.999209120712829524e-01 1.647041217236392185e+00 5.295551714603501381e-01
9.787520127438408224e+01 6.005404183396625406e-01 1.646419922482891707e+00 5.318586364759770868e-01
9.803312417733437201e+01 6.011599780542736804e-01 1.645797943837578714e+00 5.341723446120189012e-01
9.819130189093080219e+01 6.017795893715652822e-01 1.645175284059860132e+00 5.364963426571981442e-01
9.834973482631362174e+01 6.023992504438833162e-01 1.644551943446685982e+00 5.388306776235768369e-01
9.850842339528649916e+01 6.030189594199639735e-01 1.643927922470084013e+00 5.411753967464387749e-01
9.866736801031751725e+01 6.036387144447820097e-01 1.643303221564565320e+00 5.435305474858354025e-01
9.882656908454032418e+01 6.042585136596416717e-01 1.642677841194199573e+00 5.458961775276300887e-01
9.898602703175507145e+01 6.048783552021553822e-01 1.642051781828286039e+00 5.482723347846603090e-01
9.914574226642976384e+01 6.054982372062824858e-01 1.641425043957269736e+00 5.506590673978988271e-01
9.930571520370101268e+01 6.061181578023450145e-01 1.640797628082054871e+00 5.530564237376096592e-01
9.946594625937525791e+01 6.067381151170392339e-01 1.640169534711958477e+00 5.554644524045186937e-01
9.962643584992990498e+01 6.073581072734535180e-01 1.639540764384037175e+00 5.578832022309855310e-01
9.978718439251430539e+01 6.079781323911169766e-01 1.638911317643760412e+00 5.603127222821943088e-01
9.994819230495093620e+01 6.085981885859768070e-01 1.638281195042509353e+00 5.627530618573337584e-01
1.001094600057364232e+02 6.092182739704463668e-01 1.637650397161223736e+00 5.652042704907953574e-01
1.002709879140425642e+02 6.098383866534217157e-01 1.637018924582662294e+00 5.676663979533737026e-01
1.004327764497174655e+02 6.104585247402842807e-01 1.636386777918232838e+00 5.701394942534772081e-01
1.005948260332870063e+02 6.110786863329689123e-01 1.635753957782071666e+00 5.726236096383545693e-01
1.007571370859552076e+02 6.116988695299109269e-01 1.635120464808551333e+00 5.751187945952914715e-01
1.009197100296058380e+02 6.123190724261511342e-01 1.634486299657282871e+00 5.776250998528691394e-01
1.010825452868034091e+02 6.129392931132953137e-01 1.633851462984011960e+00 5.801425763821836945e-01
1.012456432807941979e+02 6.135595296795560705e-01 1.633215955470859626e+00 5.826712753980929360e-01
1.014090044355074411e+02 6.141797802097851422e-01 1.632579777824503253e+00 5.852112483604727800e-01
1.015726291755563437e+02 6.148000427854952710e-01 1.631942930743662146e+00 5.877625469754746979e-01
1.017365179262392587e+02 6.154203154848386648e-01 1.631305414966163880e+00 5.903252231967761610e-01
1.019006711135406675e+02 6.160405963827225717e-01 1.630667231241886839e+00 5.928993292268857074e-01
1.020650891641326723e+02 6.166608835507304542e-01 1.630028380317298797e+00 5.954849175183870580e-01
1.022297725053755073e+02 6.172811750572101408e-01 1.629388862992072973e+00 5.980820407752565071e-01
1.023947215653190881e+02 6.179014689673011373e-01 1.628748680037688246e+00 6.006907519541062612e-01
1.025599367727039493e+02 6.185217633428721218e-01 1.628107832360001339e+00 6.033111042657318679e-01
1.027254185569624525e+02 6.191420562428667784e-01 1.627466322186819525e+00 6.059431511746355969e-01
1.028911673482198097e+02 6.197623457255843071e-01 1.626824153010375085e+00 6.085869463837139115e-01
1.030571835772952767e+02 6.203826298489345525e-01 1.626181327090080231e+00 6.112425438335566952e-01
1.032234676757032332e+02 6.210029066677834608e-01 1.625537845360895517e+00 6.139099977230527694e-01
1.033900200756543200e+02 6.216231742340099231e-01 1.624893708760964728e+00 6.165893625103494591e-01
1.035568412100565183e+02 6.222434305964689161e-01 1.624248918233888617e+00 6.192806929145767691e-01
1.037239315125163728e+02 6.228636738010656648e-01 1.623603474750325404e+00 6.219840439170787327e-01
1.038912914173399997e+02 6.234839018907458730e-01 1.622957379289573510e+00 6.246994707627823162e-01
1.040589213595343239e+02 6.241041129055427961e-01 1.622310632853668722e+00 6.274270289615553331e-01
1.042268217748081156e+02 6.247243048825947831e-01 1.621663236463064095e+00 6.301667742895572522e-01
1.043949930995731847e+02 6.253444758561832462e-01 1.621015191153219348e+00 6.329187627906229796e-01
1.045634357709455031e+02 6.259646238577428745e-01 1.620366497978920961e+00 6.356830507776234374e-01
1.047321502267463416e+02 6.265847469159109284e-01 1.619717158021785508e+00 6.384596948338694400e-01
1.049011369055033782e+02 6.272048430565497767e-01 1.619067172375935115e+00 6.412487518144958099e-01
1.050703962464518781e+02 6.278249103027667699e-01 1.618416542154136550e+00 6.440502788478614793e-01
1.052399286895358159e+02 6.284449466749583157e-01 1.617765268488483343e+00 6.468643333369672455e-01
1.054097346754089983e+02 6.290649501908189833e-01 1.617113352522665082e+00 6.496909729608633111e-01
1.055798146454362865e+02 6.296849188653795837e-01 1.616460795442890230e+00 6.525302556760776973e-01
1.057501690416946332e+02 6.303048507110727838e-01 1.615807598434685133e+00 6.553822397180666393e-01
1.059207983069743193e+02 6.309247437376934720e-01 1.615153762707677743e+00 6.582469836026282328e-01
1.060917028847800623e+02 6.315445959525014530e-01 1.614499289495142875e+00 6.611245461273828061e-01
1.062628832193321813e+02 6.321644053601904734e-01 1.613844180051501098e+00 6.640149863732064395e-01
1.064343397555677626e+02 6.327841699629845884e-01 1.613188435645724894e+00 6.669183637057225500e-01
1.066060729391416686e+02 6.334038877605961959e-01 1.612532057565431387e+00 6.698347377767540634e-01
1.067780832164281861e+02 6.340235567503247349e-01 1.611875047135299610e+00 6.727641685258307636e-01
1.069503710345214955e+02 6.346431749270581291e-01 1.611217405679553849e+00 6.757067161816704415e-01
1.071229368412372764e+02 6.352627402832892178e-01 1.610559134556979188e+00 6.786624412636771408e-01
1.072957810851137594e+02 6.358822508091994674e-01 1.609900235156828785e+00 6.816314045834477309e-01
1.074689042154129197e+02 6.365017044926581935e-01 1.609240708736024317e+00 6.846136672464658846e-01
1.076423066821215855e+02 6.371210993189792005e-01 1.608580555451226246e+00 6.876092906507984548e-01
1.078159889359526744e+02 6.377404332689436961e-01 1.607919774766287446e+00 6.906183364677677128e-01
1.079899514283463446e+02 6.383597043193782739e-01 1.607258367302847546e+00 6.936408666493597552e-01
1.081641946114710038e+02 6.389789104449491441e-01 1.606596334533833215e+00 6.966769434466938415e-01
1.083387189382250142e+02 6.395980496181193908e-01 1.605933677931261627e+00 6.997266294109809603e-01
1.085135248622371336e+02 6.402171198092153626e-01 1.605270399004439241e+00 7.027899873953840082e-01
1.086886128378681917e+02 6.408361189864647534e-01 1.604606499282454024e+00 7.058670805564913886e-01
1.088639833202121139e+02 6.414550451160216937e-01 1.603941980308036364e+00 7.089579723559192859e-01
1.090396367650971428e+02 6.420738961619990581e-01 1.603276843655521589e+00 7.120627265618822976e-01
1.092155736290869896e+02 6.426926700865268627e-01 1.602611090929485727e+00 7.151814072507921560e-01
1.093917943694820565e+02 6.433113648497811310e-01 1.601944723737233289e+00 7.183140788088585582e-01
1.095682994443205729e+02 6.439299784099908885e-01 1.601277743718810598e+00 7.214608059336878876e-01
1.097450893123798608e+02 6.445485087235245381e-01 1.600610152548824772e+00 7.246216536359210147e-01
1.099221644331774712e+02 6.451669537449029601e-01 1.599941951914161109e+00 7.277966872408500043e-01
1.100995252669723641e+02 6.457853114268371497e-01 1.599273143522623286e+00 7.309859723900546946e-01
1.102771722747661585e+02 6.464035797202696276e-01 1.598603729112937799e+00 7.341895750430613710e-01
1.104551059183043122e+02 6.470217565744187382e-01 1.597933710447478006e+00 7.374075614789894484e-01
1.106333266600773015e+02 6.476398399368167302e-01 1.597263089312718876e+00 7.406399982982260211e-01
1.108118349633218429e+02 6.482578277533481703e-01 1.596591867514007390e+00 7.438869524241017439e-01
1.109906312920220870e+02 6.488757179682820286e-01 1.595920046886703858e+00 7.471484911045681576e-01
1.111697161109108407e+02 6.494935085243318529e-01 1.595247629295499792e+00 7.504246819139065439e-01
1.113490898854707325e+02 6.501111973626884089e-01 1.594574616623731345e+00 7.537155927544336720e-01
1.115287530819354913e+02 6.507287824230518769e-01 1.593901010776107796e+00 7.570212918582061024e-01
1.117087061672910977e+02 6.513462616436829222e-01 1.593226813689170740e+00 7.603418477887581295e-01
1.118889496092770344e+02 6.519636329614443282e-01 1.592552027326973985e+00 7.636773294428329528e-01
1.120694838763874657e+02 6.525808943118490690e-01 1.591876653681083553e+00 7.670278060521334984e-01
1.122503094378724882e+02 6.531980436291029424e-01 1.591200694763983847e+00 7.703933471850775705e-01
1.124314267637393669e+02 6.538150788461366547e-01 1.590524151044519385e+00 7.737740227485822020e-01
1.126128363247536726e+02 6.544319978913782920e-01 1.589847018322643635e+00 7.771699029797440872e-01
1.127945385924406310e+02 6.550487986822287612e-01 1.589169293047461906e+00 7.805810584271771768e-01
1.129765340390860899e+02 6.556654791329245002e-01 1.588490976356979445e+00 7.840075599764068093e-01
1.131588231377383522e+02 6.562820371564754840e-01 1.587812070316431345e+00 7.874494788574651905e-01
1.133414063622086019e+02 6.568984706647015281e-01 1.587132577018792290e+00 7.909068866466185677e-01
1.135242841870726380e+02 6.575147775682844697e-01 1.586452498575226855e+00 7.943798552681980985e-01
1.137074570876720259e+02 6.581309557767929252e-01 1.585771837136007889e+00 7.978684569964162865e-01
1.138909255401152620e+02 6.587470031987686658e-01 1.585090594868461267e+00 8.013727644572095077e-01
1.140746900212790820e+02 6.593629177417158482e-01 1.584408773964469219e+00 8.048928506300574437e-01
1.142587510088096536e+02 6.599786973121960498e-01 1.583726376662980329e+00 8.084287888498631336e-01
1.144431089811238138e+02 6.605943398158702351e-01 1.583043405216130850e+00 8.119806528088070463e-01
1.146277644174103756e+02 6.612098431575178514e-01 1.582359861897657538e+00 8.155485165582160301e-01
1.148127177976311941e+02 6.618252052410995567e-01 1.581675749028136124e+00 8.191324545104506916e-01
1.149979696025228577e+02 6.624404239698358232e-01 1.580991068950424960e+00 8.227325414408245274e-01
1.151835203135973558e+02 6.630554972462063823e-01 1.580305824025117545e+00 8.263488524894808673e-01
1.153693704131436562e+02 6.636704229720268300e-01 1.579620016652143022e+00 8.299814631633284367e-01
1.155555203842289274e+02 6.642851990484966995e-01 1.578933649264399719e+00 8.336304493379748104e-01
1.157419707106997890e+02 6.648998233762550836e-01 1.578246724320251815e+00 8.372958872596668600e-01
1.159287218771835342e+02 6.655142938554201582e-01 1.577559244300800856e+00 8.409778535472386407e-01
1.161157743690894080e+02 6.661286083856370333e-01 1.576871211728303024e+00 8.446764251940831469e-01
1.163031286726098870e+02 6.667427648661538031e-01 1.576182629158438431e+00 8.483916795701309521e-01
1.164907852747219010e+02 6.673567611958585166e-01 1.575493499158483246e+00 8.521236944238355093e-01
1.166787446631881551e+02 6.679705952733062668e-01 1.574803824335958780e+00 8.558725478841654466e-01
1.168670073265583227e+02 6.685842649968231077e-01 1.574113607332037645e+00 8.596383184626408269e-01
1.170555737541704104e+02 6.691977682645071646e-01 1.573422850897941316e+00 8.634210850552747063e-01
1.172444444361519231e+02 6.698111029745044132e-01 1.572731556824464860e+00 8.672209269450869007e-01
1.174336198634212423e+02 6.704242670227228418e-01 1.572039720066641166e+00 8.710379237997277757e-01
1.176231005276888339e+02 6.710372582904847727e-01 1.571347331714150641e+00 8.748721556504533980e-01
1.178128869214585137e+02 6.716500746485459805e-01 1.570654389806577456e+00 8.787237029010565026e-01
1.180029795380288107e+02 6.722627139679405728e-01 1.569960897144710543e+00 8.825926463497641983e-01
1.181933788714941755e+02 6.728751741193682578e-01 1.569266856373815244e+00 8.864790671900688590e-01
1.183840854167462595e+02 6.734874529735130899e-01 1.568572270256026968e+00 8.903830470133128339e-01
1.185750996694752786e+02 6.740995484010166017e-01 1.567877141564849808e+00 8.943046678106510994e-01
1.187664221261712214e+02 6.747114582725758369e-01 1.567181473119489965e+00 8.982440119752099772e-01
1.189580532841251710e+02 6.753231804589828746e-01 1.566485267755979294e+00 9.022011623041960027e-01
1.191499936414305978e+02 6.759347128311685715e-01 1.565788528352641151e+00 9.061762020010332153e-01
1.193422436969846530e+02 6.765460532602932675e-01 1.565091257823269189e+00 9.101692146775288705e-01
1.195348039504894615e+02 6.771571996177732089e-01 1.564393459108259776e+00 9.141802843560205005e-01
1.197276749024534297e+02 6.777681497753605955e-01 1.563695135188709173e+00 9.182094954715657176e-01
1.199208570541924388e+02 6.783789016052000909e-01 1.562996289069133127e+00 9.222569328741219152e-01
1.201143509078315645e+02 6.789894529798599088e-01 1.562296923799749493e+00 9.263226818307502830e-01
1.203081569663057451e+02 6.795998017724509399e-01 1.561597042468520158e+00 9.304068280278487979e-01
1.205022757333615289e+02 6.802099458566337464e-01 1.560896648184780133e+00 9.345094575733526865e-01
1.206967077135582400e+02 6.808198831067088230e-01 1.560195744091743109e+00 9.386306569990034987e-01
1.208914534122693283e+02 6.814296113976413549e-01 1.559494333384691345e+00 9.427705132625686657e-01
1.210865133356836907e+02 6.820391286052018831e-01 1.558792419286419317e+00 9.469291137501658628e-01
1.212818879908069363e+02 6.826484326059316654e-01 1.558090005047233717e+00 9.511065462784870084e-01
1.214775778854627646e+02 6.832575212772841189e-01 1.557387093964962332e+00 9.553028990971373924e-01
1.216735835282940883e+02 6.838663924976380315e-01 1.556683689364717793e+00 9.595182608909175181e-01
1.218699054287649375e+02 6.844750441463918200e-01 1.555979794644827052e+00 9.637527207821557917e-01
1.220665440971609854e+02 6.850834741040816578e-01 1.555275412971468540e+00 9.680063683331346924e-01
1.222635000445913533e+02 6.856916802517999399e-01 1.554570540658460231e+00 9.722792935475803588e-01
1.224607737829898753e+02 6.862996604567861425e-01 1.553865164222770545e+00 9.765715868534027289e-01
1.226583658251163911e+02 6.869074125653074070e-01 1.553159276393671462e+00 9.808833390949477371e-01
1.228562766845580967e+02 6.875149344233282278e-01 1.552452879882366688e+00 9.852146415628627585e-01
1.230545068757308229e+02 6.881222238777338074e-01 1.551745978020562688e+00 9.895655859980103664e-01
1.232530569138804708e+02 6.887292787765237900e-01 1.551038574225003686e+00 9.939362645940713614e-01
1.234519273150842622e+02 6.893360969688502315e-01 1.550330671949041061e+00 9.983267699999111011e-01
1.236511185962521324e+02 6.899426763051083045e-01 1.549622274674447908e+00 1.002737195322026764e+00
1.238506312751280518e+02 6.905490146369678284e-01 1.548913385926425690e+00 1.007167634126968636e+00
1.240504658702913758e+02 6.911551098174852914e-01 1.548204009274741111e+00 1.011618180443823123e+00
1.242506229011581951e+02 6.917609597011384892e-01 1.547494148310761375e+00 1.016088928766672783e+00
1.244511028879826995e+02 6.923665621438983564e-01 1.546783806684970841e+00 1.020579974057072903e+00
1.246519063518584858e+02 6.929719150033368802e-01 1.546072988071500731e+00 1.025091411746587911e+00
1.248530338147199785e+02 6.935770161386289878e-01 1.545361696191321244e+00 1.029623337739263622e+00
1.250544857993437233e+02 6.941818634106997621e-01 1.544649934811104686e+00 1.034175848414201626e+00
1.252562628293497653e+02 6.947864546822453136e-01 1.543937707722989217e+00 1.038749040628079046e+00
1.254583654292030559e+02 6.953907878178134938e-01 1.543225018769589951e+00 1.043343011717725366e+00
1.256607941242147319e+02 6.959948606838922691e-01 1.542511871835358761e+00 1.047957859502692157e+00
1.258635494405435651e+02 6.965986711489733363e-01 1.541798270844310537e+00 1.052593682287860322e+00
1.260666319051972692e+02 6.972022170836279509e-01 1.541084219759795815e+00 1.057250578866033797e+00
1.262700420460339075e+02 6.978054963605794248e-01 1.540369722577452194e+00 1.061928648520577445e+00
1.264737803917632135e+02 6.984085068547564168e-01 1.539654783381365633e+00 1.066627991028024969e+00
1.266778474719480414e+02 6.990112464434934392e-01 1.538939406137160404e+00 1.071348706660865568e+00
1.268822438170056870e+02 6.996137130061286236e-01 1.538223595414137890e+00 1.076090896189723978e+00
1.270869699582092807e+02 7.002159044258076115e-01 1.537507350166379183e+00 1.080854660887867302e+00
1.272920264276890236e+02 7.008178185751571254e-01 1.536790655142340256e+00 1.085640102518464323e+00
1.274974137584341491e+02 7.014194532987485520e-01 1.536073496128892657e+00 1.090447323318021855e+00
1.277031324842934339e+02 7.020208064328574693e-01 1.535355873034404794e+00 1.095276426019766935e+00
1.279091831399771877e+02 7.026218758173068402e-01 1.534637790338592822e+00 1.100127513868981000e+00
1.281155662610584614e+02 7.032226592939184728e-01 1.533919252040732317e+00 1.105000690623990645e+00
1.283222823839745104e+02 7.038231547070404881e-01 1.533200262308810125e+00 1.109896060559405706e+00
1.285293320460280881e+02 7.044233599034620541e-01 1.532480825316952178e+00 1.114813728468755372e+00
1.287367157853888671e+02 7.050232727325697057e-01 1.531760945314090350e+00 1.119753799667337901e+00
1.289444341410949448e+02 7.056228910464144022e-01 1.531040626574849739e+00 1.124716379995031490e+00
1.291524876530539814e+02 7.062222126997721450e-01 1.530319873414555332e+00 1.129701575819112458e+00
1.293608768620451599e+02 7.068212355502296873e-01 1.529598690208558764e+00 1.134709494037108746e+00
1.295696023097198974e+02 7.074199574582917815e-01 1.528877081366090351e+00 1.139740242079672283e+00
1.297786645386036355e+02 7.080183762874204811e-01 1.528155051343901505e+00 1.144793927913451137e+00
1.299880640920972041e+02 7.086164899041603737e-01 1.527432604646719483e+00 1.149870660044002513e+00
1.301978015144782432e+02 7.092142961781828792e-01 1.526709745825201026e+00 1.154970547518693991e+00
1.304078773509025382e+02 7.098117929824151462e-01 1.525986479476841851e+00 1.160093699929661160e+00
1.306182921474055547e+02 7.104089781930715830e-01 1.525262810235972211e+00 1.165240227416736163e+00
1.308290464509037747e+02 7.110058496897769809e-01 1.524538742807180824e+00 1.170410240670437085e+00
1.310401408091960604e+02 7.116024053556639917e-01 1.523814281924387615e+00 1.175603850934963557e+00
1.312515757709653030e+02 7.121986430774085441e-01 1.523089432364713502e+00 1.180821170011179033e+00
1.314633518857795309e+02 7.127945607453551879e-01 1.522364198975537875e+00 1.186062310259650809e+00
1.316754697040936719e+02 7.133901562536194563e-01 1.521638586614926680e+00 1.191327384603712014e+00
1.318879297772507186e+02 7.139854275000762085e-01 1.520912599026132739e+00 1.196616506532445667e+00
1.321007326574832632e+02 7.145803723838839439e-01 1.520186223830251038e+00 1.201929790101438966e+00
1.323138788979149467e+02 7.151749887711260634e-01 1.519459438692138065e+00 1.207267349904715736e+00
1.325273690525619372e+02 7.157692745062833595e-01 1.518732237053654899e+00 1.212629301087498446e+00
1.327412036763342371e+02 7.163632274367343067e-01 1.518004623402703146e+00 1.218015759371128492e+00
1.329553833250372463e+02 7.169568454135329949e-01 1.517276602572565025e+00 1.223426841056816983e+00
1.331699085553731550e+02 7.175501262914851797e-01 1.516548179432675170e+00 1.228862663028780888e+00
1.333847799249423929e+02 7.181430679292207797e-01 1.515819358885892143e+00 1.234323342757396746e+00
1.335999979922450507e+02 7.187356681892714816e-01 1.515090145892372675e+00 1.239808998302392107e+00
1.338155633166824714e+02 7.193279249381847595e-01 1.514360545474801256e+00 1.245319748316056518e+00
1.340314764585585010e+02 7.199198360466217972e-01 1.513630562683829339e+00 1.250855712046493373e+00
1.342477379790810517e+02 7.205113993893985658e-01 1.512900202638547853e+00 1.256417009340815127e+00
1.344643484403636080e+02 7.211026128456626827e-01 1.512169470507160440e+00 1.262003760648485295e+00
1.346813084054265914e+02 7.216934742989019602e-01 1.511438371494932653e+00 1.267616087024536986e+00
1.348986184381988664e+02 7.222839816370959509e-01 1.510706910876024267e+00 1.273254110132924888e+00
1.351162791035190764e+02 7.228741327527845595e-01 1.509975093967341309e+00 1.278917952249827739e+00
1.353342909671376617e+02 7.234639255431748461e-01 1.509242926147635444e+00 1.284607736267032729e+00
1.355526545957174278e+02 7.240533579102450545e-01 1.508510412836812975e+00 1.290323585695267061e+00
1.357713705568357341e+02 7.246424277608116693e-01 1.507777559511168874e+00 1.296065624667606997e+00
1.359904394189856873e+02 7.252311330066584238e-01 1.507044371704978403e+00 1.301833977942884246e+00
1.362098617515776482e+02 7.258194715646195672e-01 1.506310855027095386e+00 1.307628770909121885e+00
1.364296381249407659e+02 7.264074413567366273e-01 1.505577015045219014e+00 1.313450129587021342e+00
1.366497691103243710e+02 7.269950403100878811e-01 1.504842857629910213e+00 1.319298180633232898e+00
1.368702552798995669e+02 7.275822663577292682e-01 1.504108381117475801e+00 1.325173051344505026e+00
1.370910972067605087e+02 7.281691174202686856e-01 1.503373561582975526e+00 1.331074869646705849e+00
1.373122954649264500e+02 7.287555913723807732e-01 1.502638377864514041e+00 1.337003764071735601e+00
1.375338506293423961e+02 7.293416860825648884e-01 1.501902830793596877e+00 1.342959863791509889e+00
1.377557632758812076e+02 7.299273994245605302e-01 1.501166925997040380e+00 1.348943298630329135e+00
1.379780339813449359e+02 7.305127292771674830e-01 1.500430669047773335e+00 1.354954199068218568e+00
1.382006633234662729e+02 7.310976735243732705e-01 1.499694065596941073e+00 1.360992696244567091e+00
1.384236518809100858e+02 7.316822300554811642e-01 1.498957121346393251e+00 1.367058921961755935e+00
1.386470002332749800e+02 7.322663967651761308e-01 1.498219842040953154e+00 1.373153008688781318e+00
1.388707089610946923e+02 7.328501715536352989e-01 1.497482233496157278e+00 1.379275089564923729e+00
1.390947786458396536e+02 7.334335523266550805e-01 1.496744301583703418e+00 1.385425298403468730e+00
1.393192098699185806e+02 7.340165369957308839e-01 1.496006052224174709e+00 1.391603769695378245e+00
1.395440032166798403e+02 7.345991234781755752e-01 1.495267491398408310e+00 1.397810638613049328e+00
1.397691592704130414e+02 7.351813096972150685e-01 1.494528625149087020e+00 1.404046041014068713e+00
1.399946786163505976e+02 7.357630935821098950e-01 1.493789459578238166e+00 1.410310113444995572e+00
1.402205618406691769e+02 7.363444730682575656e-01 1.493050000839730274e+00 1.416602993145157363e+00
1.404468095304912651e+02 7.369254460972881615e-01 1.492310255148368014e+00 1.422924818050492757e+00
1.406734222738866436e+02 7.375060106171901220e-01 1.491570228786486041e+00 1.429275726797389456e+00
1.409004006598739807e+02 7.380861645824262629e-01 1.490829928087350709e+00 1.435655858726571754e+00
1.411277452784223385e+02 7.386659059540133798e-01 1.490089359447893003e+00 1.442065353886988310e+00
1.413554567204526791e+02 7.392452326996724610e-01 1.489348529366679941e+00 1.448504353039754777e+00
1.415835355778394273e+02 7.398241427940051018e-01 1.488607443987348233e+00 1.454972997662143275e+00
1.418119824434120062e+02 7.404026342175502595e-01 1.487866095804520228e+00 1.461471429950834677e+00
1.420407979109563996e+02 7.409807049254265587e-01 1.487124453945398272e+00 1.467999792804025816e+00
1.422699825752166589e+02 7.415583528231850519e-01 1.486382499383580580e+00 1.474558229808095700e+00
1.424995370318964660e+02 7.421355758188488139e-01 1.485640236520112012e+00 1.481146885277203396e+00
1.427294618776606399e+02 7.427123718263967111e-01 1.484897671520002405e+00 1.487765904259674477e+00
1.429597577101367847e+02 7.432887387665322310e-01 1.484154810801555868e+00 1.494415432542506972e+00
1.431904251279165976e+02 7.438646745665968840e-01 1.483411660783986008e+00 1.501095616655331311e+00
1.434214647305580854e+02 7.444401771607435103e-01 1.482668227964722973e+00 1.507806603874600970e+00
1.436528771185861615e+02 7.450152444900292048e-01 1.481924518900996190e+00 1.514548542227681205e+00
1.438846628934948910e+02 7.455898745025407726e-01 1.481180540212562846e+00 1.521321580497053017e+00
1.441168226577487985e+02 7.461640651535079716e-01 1.480436298579206778e+00 1.528125868224509798e+00
1.443493570147845730e+02 7.467378144054133138e-01 1.479691800751425035e+00 1.534961555715369519e+00
1.445822665690124893e+02 7.473111202281309540e-01 1.478947053538831824e+00 1.541828794042747530e+00
1.448155519258180561e+02 7.478839805990198375e-01 1.478202063815615475e+00 1.548727735051810050e+00
1.450492136915636365e+02 7.484563935030608128e-01 1.477456838520765814e+00 1.555658531364085162e+00
1.452832524735898687e+02 7.490283569329695412e-01 1.476711384659893156e+00 1.562621336381808446e+00
1.455176688802172862e+02 7.495998688893180661e-01 1.475965709307047291e+00 1.569616304292252407e+00
1.457524635207483357e+02 7.501709273806687062e-01 1.475219819595849913e+00 1.576643590072152490e+00
1.459876370054682013e+02 7.507415304236674247e-01 1.474473722757693395e+00 1.583703349492079360e+00
1.462231899456468511e+02 7.513116760432717589e-01 1.473727425938704982e+00 1.590795739120933083e+00
1.464591229535405716e+02 7.518813622724039858e-01 1.472980936685189590e+00 1.597920916330145991e+00
1.466954366423935596e+02 7.524505871533546664e-01 1.472234246425614401e+00 1.605079039298952015e+00
1.469321316264394568e+02 7.530193486975891304e-01 1.471487320679443656e+00 1.612270266993667711e+00
1.471692085209029699e+02 7.535876448633850311e-01 1.470740137499433331e+00 1.619494759157608543e+00
1.474066679420015191e+02 7.541554736081924615e-01 1.469992700659986440e+00 1.626752676347869686e+00
1.476445105069467729e+02 7.547228328982164003e-01 1.469245017505500073e+00 1.634044179945801867e+00
1.478827368339462680e+02 7.552897207075248698e-01 1.468497095122984319e+00 1.641369432160991737e+00
1.481213475422050578e+02 7.558561350184105354e-01 1.467748940748151654e+00 1.648728596036030059e+00
1.483603432519272758e+02 7.564220738214624262e-01 1.467000561662644031e+00 1.656121835451159985e+00
1.485997245843177268e+02 7.569875351157068222e-01 1.466251965224273590e+00 1.663549315128988404e+00
1.488394921615836211e+02 7.575525169087323762e-01 1.465503158857927701e+00 1.671011200639198613e+00
1.490796466069360520e+02 7.581170172168125720e-01 1.464754150057160587e+00 1.678507658403312730e+00
1.493201885445916446e+02 7.586810340650469442e-01 1.464004946386012307e+00 1.686038855699475203e+00
1.495611185997742609e+02 7.592445654874774297e-01 1.463255555484238357e+00 1.693604960667283388e+00
1.498024373987165632e+02 7.598076095272400243e-01 1.462505985055940982e+00 1.701206142312618130e+00
1.500441455686616337e+02 7.603701642366650360e-01 1.461756242872070288e+00 1.708842570512514758e+00
1.502862437378645950e+02 7.609322276774326266e-01 1.461006336793161609e+00 1.716514416020084699e+00
1.505287325355943153e+02 7.614937979207226926e-01 1.460256274735911575e+00 1.724221850469466188e+00
1.507716125921349715e+02 7.620548730472959109e-01 1.459506064726838304e+00 1.731965046380766315e+00
1.510148845387877259e+02 7.626154511477708509e-01 1.458755714689459637e+00 1.739744177165120975e+00
1.512585490078722898e+02 7.631755303221913200e-01 1.458005233279891399e+00 1.747559417129425086e+00
1.515026066327287424e+02 7.637351086823398472e-01 1.457254620690491720e+00 1.755410941482632881e+00
1.517470580477190083e+02 7.642941843288010295e-01 1.456503845190127322e+00 1.763298926327693028e+00
1.519919038882283360e+02 7.648527552957231634e-01 1.455752872364428185e+00 1.771223548634716982e+00
1.522371447906677986e+02 7.654108195992461727e-01 1.455001699401691440e+00 1.779184986273042890e+00
1.524827813924746920e+02 7.659683752663003498e-01 1.454250334597873007e+00 1.787183418032617155e+00
1.527288143321151495e+02 7.665254203330464922e-01 1.453498785767806112e+00 1.795219023628267685e+00
1.529752442490853070e+02 7.670819528453549641e-01 1.452747060920955846e+00 1.803291983705099355e+00
1.532220717839132647e+02 7.676379708588985107e-01 1.451995168115217894e+00 1.811402479843747138e+00
1.534692975781605639e+02 7.681934724392649461e-01 1.451243115486704482e+00 1.819550694565660542e+00
1.537169222744239505e+02 7.687484556621367870e-01 1.450490911257020343e+00 1.827736811338434686e+00
1.539649465163369655e+02 7.693029186134138220e-01 1.449738563707569483e+00 1.835961014581205974e+00
1.542133709485715372e+02 7.698568593893322376e-01 1.448986081205703158e+00 1.844223489669983174e+00
1.544621962168402263e+02 7.704102760966500263e-01 1.448233472197671290e+00 1.852524422943166993e+00
1.547114229678969934e+02 7.709631668527548998e-01 1.447480745202710750e+00 1.860864001706945992e+00
1.549610518495395013e+02 7.715155297858291572e-01 1.446727908818274955e+00 1.869242414240829708e+00
1.552110835106107061e+02 7.720673630349774719e-01 1.445974971721170732e+00 1.877659849803181125e+00
1.554615186010003640e+02 7.726186647503926475e-01 1.445221942665057213e+00 1.886116498636790650e+00
1.557123577716469356e+02 7.731694330934733017e-01 1.444468830508867541e+00 1.894612551974475201e+00
1.559636016745391203e+02 7.737196662370673383e-01 1.443715644128815256e+00 1.903148202044768533e+00
1.562152509627176471e+02 7.742693623653708057e-01 1.442962392350636947e+00 1.911723642077467700e+00
1.564673062902768947e+02 7.748185196740002834e-01 1.442209066670557149e+00 1.920339066309303178e+00
1.567197683123666536e+02 7.753671363269666328e-01 1.441455624599711882e+00 1.928994669967041498e+00
1.569726376851938312e+02 7.759152104151912921e-01 1.440702037429673510e+00 1.937690649250828789e+00
1.572259150660241005e+02 7.764627400319394912e-01 1.439948310107865836e+00 1.946427201379021810e+00
1.574796011131836622e+02 7.770097232808937937e-01 1.439194451149660381e+00 1.955204524598074256e+00
1.577336964860608930e+02 7.775561582770252889e-01 1.438440469341912831e+00 1.964022818188844610e+00
1.579882018451081365e+02 7.781020431464914511e-01 1.437686373479664326e+00 1.972882282472359528e+00
1.582431178518434365e+02 7.786473760268589617e-01 1.436932172451861334e+00 1.981783118815783284e+00
1.584984451688520721e+02 7.791921550672158414e-01 1.436177875227258482e+00 1.990725529638376123e+00
1.587541844597885188e+02 7.797363784283559696e-01 1.435423490862604012e+00 1.999709718417574722e+00
1.590103363893780681e+02 7.802800442829087579e-01 1.434669028493772203e+00 2.008735889694991172e+00
1.592669016234184767e+02 7.808231508155123457e-01 1.433914497340310845e+00 2.017804249082562951e+00
1.595238808287818415e+02 7.813656962229478253e-01 1.433159906700439024e+00 2.026915003268648263e+00
1.597812746734162204e+02 7.819076787143023344e-01 1.432405265962415797e+00 2.036068360024233304e+00
1.600390838263474791e+02 7.824490965111317031e-01 1.431650584602493836e+00 2.045264528209129740e+00
1.602973089576809116e+02 7.829899478476245456e-01 1.430895872171731753e+00 2.054503717778267902e+00
1.605559507386030305e+02 7.835302309707189439e-01 1.430141138346925800e+00 2.063786139787941121e+00
1.608150098413833575e+02 7.840699441404138659e-01 1.429386392688684282e+00 2.073112006402236140e+00
1.610744869393761007e+02 7.846090856292626814e-01 1.428631645594805377e+00 2.082481530899081612e+00
1.613343827070217742e+02 7.851476537250891008e-01 1.427876890013067168e+00 2.091894927677896643e+00
1.615946978198495856e+02 7.856856466844464038e-01 1.427122082006917481e+00 2.101352412243456591e+00
1.618554329544782888e+02 7.862230626862125593e-01 1.426367187550113158e+00 2.110854201189287682e+00
1.621165887886184578e+02 7.867598999026462758e-01 1.425612209194468960e+00 2.120400512237957003e+00
1.623781660010742200e+02 7.872961565203007162e-01 1.424857156912366918e+00 2.129991564257626813e+00
1.626401652717449053e+02 7.878318307378673335e-01 1.424102040074785691e+00 2.139627577267531500e+00
1.629025872816269214e+02 7.883669207669184997e-01 1.423346868309863567e+00 2.149308772444915139e+00
1.631654327128154307e+02 7.889014248319170530e-01 1.422591651289849324e+00 2.159035372131620001e+00
1.634287022485062266e+02 7.894353411704254642e-01 1.421836398793175249e+00 2.168807599840854472e+00
1.636923965729972110e+02 7.899686680332610456e-01 1.421081120673989062e+00 2.178625680263944542e+00
1.639565163716909524e+02 7.905014036846410574e-01 1.420325826883527043e+00 2.188489839277178106e+00
1.642210623310953963e+02 7.910335464023833252e-01 1.419570527461928577e+00 2.198400303948635059e+00
1.644860351388263950e+02 7.915650944780395770e-01 1.418815232532779191e+00 2.208357302545084000e+00
1.647514354836091854e+02 7.920960462170764105e-01 1.418059952321300443e+00 2.218361064538967753e+00
1.650172640552804069e+02 7.926263999390583681e-01 1.417304697136842151e+00 2.228411820615376460e+00
1.652835215447896076e+02 7.931561539777818304e-01 1.416549477374474009e+00 2.238509802679049532e+00
1.655502086442013194e+02 7.936853066814717472e-01 1.415794303571374257e+00 2.248655243861531261e+00
1.658173260466966212e+02 7.942138564130493128e-01 1.415039186169451568e+00 2.258848378528273138e+00
1.660848744465751565e+02 7.947418015497278443e-01 1.414284133158389523e+00 2.269089442285623370e+00
1.663528545392567537e+02 7.952691404772723738e-01 1.413529115275196091e+00 2.279378671985334393e+00
1.666212670212833302e+02 7.957958715008160988e-01 1.412774081537463644e+00 2.289716305691708698e+00
1.668901125903206832e+02 7.963219928784314172e-01 1.412019017378042918e+00 2.300102582703105192e+00
1.671593919451603369e+02 7.968475028801247362e-01 1.411263932270230725e+00 2.310537743585326709e+00
1.674291057857212479e+02 7.973723997901399629e-01 1.410508836528379106e+00 2.321022030179983098e+00
1.676992548130517662e+02 7.978966819069069905e-01 1.409753740481392015e+00 2.331555685611814699e+00
1.679698397293313974e+02 7.984203475432324337e-01 1.408998654557990449e+00 2.342138954296183684e+00
1.682408612378725365e+02 7.989433950264702711e-01 1.408243589279891239e+00 2.352772081946577831e+00
1.685123200431224859e+02 7.994658226987011451e-01 1.407488555263853414e+00 2.363455315582218663e+00
1.687842168506651603e+02 7.999876289168981192e-01 1.406733563223724559e+00 2.374188903535656259e+00
1.690565523672228778e+02 8.005088120531201890e-01 1.405978623971350316e+00 2.384973095460477310e+00
1.693293273006583206e+02 8.010293704946773730e-01 1.405223748406569939e+00 2.395808142339019842e+00
1.696025423599763258e+02 8.015493026442984670e-01 1.404468947529949219e+00 2.406694296490111462e+00
1.698761982553256473e+02 8.020686069203348811e-01 1.403714232452784927e+00 2.417631811576957279e+00
1.701502956980009742e+02 8.025872817569464912e-01 1.402959614352084827e+00 2.428620942614997613e+00
1.704248354004446355e+02 8.031053256041974509e-01 1.402205104556742299e+00 2.439661945979788360e+00
1.706998180762484196e+02 8.036227369284644206e-01 1.401450714522297858e+00 2.450755079415086080e+00
1.709752444401556204e+02 8.041395142124613260e-01 1.400696451869862358e+00 2.461900602040849151e+00
1.712511152080625436e+02 8.046556559454347557e-01 1.399942285197994352e+00 2.473098774357130658e+00
1.715274310970211502e+02 8.051711605323340626e-01 1.399188160138692183e+00 2.484349858214502493e+00
1.718041928252398236e+02 8.056860263251366394e-01 1.398434061484522317e+00 2.495654116834275182e+00
1.720814011120859846e+02 8.062002516922702755e-01 1.397680000212176310e+00 2.507011814845149011e+00
1.723590566780877396e+02 8.067138350167525340e-01 1.396925987083932341e+00 2.518423218290620991e+00
1.726371602449358136e+02 8.072267746976145020e-01 1.396172033297489179e+00 2.529888594637820454e+00
1.729157125354853690e+02 8.077390691497007280e-01 1.395418150039859029e+00 2.541408212785737142e+00
1.731947142737578531e+02 8.082507168039571033e-01 1.394664348628339212e+00 2.552982343073707749e+00
1.734741661849430159e+02 8.087617161075906225e-01 1.393910640474587126e+00 2.564611257289877599e+00
1.737540689954005018e+02 8.092720655242581218e-01 1.393157037094852058e+00 2.576295228679751137e+00
1.740344234326624644e+02 8.097817635342674514e-01 1.392403550102244481e+00 2.588034531954828577e+00
1.743152302254343908e+02 8.102908086347372363e-01 1.391650191214694132e+00 2.599829443301212351e+00
1.745964901035977732e+02 8.107991993398178110e-01 1.390896972262680720e+00 2.611680240388358776e+00
1.748782037982117572e+02 8.113069341808774038e-01 1.390143905160584836e+00 2.623587202377871019e+00
1.751603720415150462e+02 8.118140117066454664e-01 1.389391002000138542e+00 2.635550609932276522e+00
1.754429955669278058e+02 8.123204304836458833e-01 1.388638274633194669e+00 2.647570745224016697e+00
1.757260751090536246e+02 8.128261890952517277e-01 1.387885736193538833e+00 2.659647891944005416e+00
1.760096114036813901e+02 8.133312861460827436e-01 1.387133376550764297e+00 2.671782335312151258e+00
1.762936051877871364e+02 8.138357201970283228e-01 1.386381141428500996e+00 2.683974362061713581e+00
1.765780571995360617e+02 8.143394897149286438e-01 1.385628991003613919e+00 2.696224260428659036e+00
1.768629681782843761e+02 8.148425931602528705e-01 1.384876929037318405e+00 2.708532320193512977e+00
1.771483388645813193e+02 8.153450290130088707e-01 1.384124968023570545e+00 2.720898832700336722e+00
1.774341700001709228e+02 8.158467957696928785e-01 1.383373119604357271e+00 2.733324090864742040e+00
1.777204623279940847e+02 8.163478919442378468e-01 1.382621395742035020e+00 2.745808389183571396e+00
1.780072165921904457e+02 8.168483160680142241e-01 1.381869808464671223e+00 2.758352023744172321e+00
1.782944335381002929e+02 8.173480666901064007e-01 1.381118369922205602e+00 2.770955292233938660e+00
1.785821139122666068e+02 8.178471423774799076e-01 1.380367092356209469e+00 2.783618493949833628e+00
1.788702584624368228e+02 8.183455417151606071e-01 1.379615988126261072e+00 2.796341929807928395e+00
1.791588679375649349e+02 8.188432633064747224e-01 1.378865069697894796e+00 2.809125902353140525e+00
1.794479430878133712e+02 8.193403057732087102e-01 1.378114349651241355e+00 2.821970715768875593e+00
1.797374846645549837e+02 8.198366677558620585e-01 1.377363840646694371e+00 2.834876675886875308e+00
1.800274934203749240e+02 8.203323479137182295e-01 1.376613555574522252e+00 2.847844090196999023e+00
1.803179701090727178e+02 8.208273449254981369e-01 1.375863507018038945e+00 2.860873267857311664e+00
1.806089154856640846e+02 8.213216574880080056e-01 1.375113708702656368e+00 2.873964519703539278e+00
1.809003303063829833e+02 8.218152843206255609e-01 1.374364150459541634e+00 2.887118158260556289e+00
1.811922153286836021e+02 8.223082240979181501e-01 1.373614774358884461e+00 2.900334497729101457e+00
1.814845713112420924e+02 8.228004753909782254e-01 1.372865538608039060e+00 2.913613853975025592e+00
1.817773990139593252e+02 8.232920367682819984e-01 1.372116448037104419e+00 2.926956544573897201e+00
1.820706991979616305e+02 8.237829068176163450e-01 1.371367515460633513e+00 2.940362888828715437e+00
1.823644726256036961e+02 8.242730841452845514e-01 1.370618753419421409e+00 2.953833207779969605e+00
1.826587200604702446e+02 8.247625673763079313e-01 1.369870174584775668e+00 2.967367824216084138e+00
1.829534422673780796e+02 8.252513551546726278e-01 1.369121791746465533e+00 2.980967062683914204e+00
1.832486400123780470e+02 8.257394461435131339e-01 1.368373617803854358e+00 2.994631249499290160e+00
1.835443140627569676e+02 8.262268390253381112e-01 1.367625665772948196e+00 3.008360712757695232e+00
1.838404651870397402e+02 8.267135325022172410e-01 1.366877948775936602e+00 3.022155782344967623e+00
1.841370941549911038e+02 8.271995252960079315e-01 1.366130480061656272e+00 3.036016789948058126e+00
1.844342017376183662e+02 8.276848161485673705e-01 1.365383272990357000e+00 3.049944069065981367e+00
1.847317887071723135e+02 8.281694038219592491e-01 1.364636341034838551e+00 3.063937955020622272e+00
1.850298558371499382e+02 8.286532870986560440e-01 1.363889697737477036e+00 3.077998784967829859e+00
1.853284039022962872e+02 8.291364647816481526e-01 1.363143357265926170e+00 3.092126897908429317e+00
1.856274336786065078e+02 8.296189356961091166e-01 1.362397328235601890e+00 3.106322634699834495e+00
1.859269459433277802e+02 8.301006986730694592e-01 1.361651575247378787e+00 3.120586338062159015e+00
1.862269414749613645e+02 8.305817524485897829e-01 1.360906034888330396e+00 3.134918352557742427e+00
1.865274210532647032e+02 8.310620956897027956e-01 1.360160688150017450e+00 3.149319024609984918e+00
1.868283854592533544e+02 8.315417270864026156e-01 1.359415548746255809e+00 3.163788702543105291e+00
1.871298354752030662e+02 8.320206453467899887e-01 1.358670629426342202e+00 3.178327736592061026e+00
1.874317718846517664e+02 8.324988491994660400e-01 1.357925943658074175e+00 3.192936478914821574e+00
1.877341954724016375e+02 8.329763373931801107e-01 1.357181504870595745e+00 3.207615283603892475e+00
1.880371070245212479e+02 8.334531086971788127e-01 1.356437326641980690e+00 3.222364506698075282e+00
1.883405073283473428e+02 8.339291619013802226e-01 1.355693422662398007e+00 3.237184506194237699e+00
1.886443971724871460e+02 8.344044958166194625e-01 1.354949806752529184e+00 3.252075642059296001e+00
1.889487773468202931e+02 8.348791092748598652e-01 1.354206492841512954e+00 3.267038276242169470e+00
1.892536486425008775e+02 8.353530011293966995e-01 1.353463494991729021e+00 3.282072772685828088e+00
1.895590118519595535e+02 8.358261702551201822e-01 1.352720827371285850e+00 3.297179497339478349e+00
1.898648677689055546e+02 8.362986155486656914e-01 1.351978504316093677e+00 3.312358818170736630e+00
1.901712171883287965e+02 8.367703359288237719e-01 1.351236540086119930e+00 3.327611105177989081e+00
1.904780609065019235e+02 8.372413303360404235e-01 1.350494947249217148e+00 3.342936730402650269e+00
1.907853997209822978e+02 8.377115977284996795e-01 1.349753694248192915e+00 3.358336067940427938e+00
1.910932344306142738e+02 8.381811369675096213e-01 1.349012713952333797e+00 3.373809493922247604e+00
1.914015658355310734e+02 8.386499468362490495e-01 1.348271981409425280e+00 3.389357386531340222e+00
1.917103947371569461e+02 8.391180261340396296e-01 1.347531508774636677e+00 3.404980126041585287e+00
1.920197219382093010e+02 8.395853736817826540e-01 1.346791310081243864e+00 3.420678094831711924e+00
1.923295482427006675e+02 8.400519883216743811e-01 1.346051399334783127e+00 3.436451677398085547e+00
1.926398744559407135e+02 8.405178689175368811e-01 1.345311790691994247e+00 3.452301260367663271e+00
1.929507013845390873e+02 8.409830143550107717e-01 1.344572498422166973e+00 3.468227232511108316e+00
1.932620298364062705e+02 8.414474235417853665e-01 1.343833536925785666e+00 3.484229984755879528e+00
1.935738606207565340e+02 8.419110954078334874e-01 1.343094920726798591e+00 3.500309910199501662e+00
1.938861945481098701e+02 8.423740289056338426e-01 1.342356664467388327e+00 3.516467404122908036e+00
1.941990324302940110e+02 8.428362230103840780e-01 1.341618782931845999e+00 3.532702864003802734e+00
1.945123750804465885e+02 8.432976767202896573e-01 1.340881291002233411e+00 3.549016689530284818e+00
1.948262233130172376e+02 8.437583890566565659e-01 1.340144203774343623e+00 3.565409282614320219e+00
1.951405779437697277e+02 8.442183590644991575e-01 1.339407536326234549e+00 3.581881047405638618e+00
1.954554397897838953e+02 8.446775858120044722e-01 1.338671294947516799e+00 3.598432390305219997e+00
1.957708096694584867e+02 8.451360683673559970e-01 1.337935429194885728e+00 3.615063719973838019e+00
1.960866884025122090e+02 8.455938056680785131e-01 1.337199874363705021e+00 3.631775447314911531e+00
1.964030768099866009e+02 8.460507966126891155e-01 1.336464622531593704e+00 3.648567985509601375e+00
1.967199757142478802e+02 8.465070401227260399e-01 1.335729688285937300e+00 3.665441750045343561e+00
1.970373859389892175e+02 8.469625351418009762e-01 1.334995086130902564e+00 3.682397158729826092e+00
1.973553083092328393e+02 8.474172806364274058e-01 1.334260830847142643e+00 3.699434631705487142e+00
1.976737436513321313e+02 8.478712755960726710e-01 1.333526937291708236e+00 3.716554591463920421e+00
1.979926927929737985e+02 8.483245190334238739e-01 1.332793420459665867e+00 3.733757462860432419e+00
1.983121565631800820e+02 8.487770099846212446e-01 1.332060295482506262e+00 3.751043673128673372e+00
1.986321357923108053e+02 8.492287475095026128e-01 1.331327577617912539e+00 3.768413651895434757e+00
1.989526313120656198e+02 8.496797306918291159e-01 1.330595282254307676e+00 3.785867831195467659e+00
1.992736439554861079e+02 8.501299586395351104e-01 1.329863424925406434e+00 3.803406645486449023e+00
1.995951745569579998e+02 8.505794304849876308e-01 1.329132021240639006e+00 3.821030531664080243e+00
1.999172239522133054e+02 8.510281453850575550e-01 1.328401087264182934e+00 3.838739929077197299e+00
2.002397929783325026e+02 8.514761025224061308e-01 1.327670635953836609e+00 3.856535279543199302e+00
2.005628824737467255e+02 8.519233010958322527e-01 1.326940636156905384e+00 3.874417027361587440e+00
2.008864932782398967e+02 8.523697402093933784e-01 1.326211016039678725e+00 3.892385619308096789e+00
2.012106262329509434e+02 8.528154188718123363e-01 1.325481746553350604e+00 3.910441504649663891e+00
2.015352821803760150e+02 8.532603361136824605e-01 1.324752841862846253e+00 3.928585135182279142e+00
2.018604619643706144e+02 8.537044909883746424e-01 1.324024316924578670e+00 3.946816965246824349e+00
2.021861664301518431e+02 8.541478825733986868e-01 1.323296187149026082e+00 3.965137451745245567e+00
2.025123964243005048e+02 8.545905099704027563e-01 1.322568468001236397e+00 3.983547054156520772e+00
2.028391527947634643e+02 8.550323723054467084e-01 1.321841175104736976e+00 4.002046234552731896e+00
2.031664363908556652e+02 8.554734687292719908e-01 1.321114324212430802e+00 4.020635457615409081e+00
2.034942480632624893e+02 8.559137984175080316e-01 1.320387931201821630e+00 4.039315190651743492e+00
2.038225886640419162e+02 8.563533605709312546e-01 1.319662012109802163e+00 4.058085903611103440e+00
2.041514590466267123e+02 8.567921544157549585e-01 1.318936583059212353e+00 4.076948069101642425e+00
2.044808600658264481e+02 8.572301792036955970e-01 1.318211660484394088e+00 4.095902162406850344e+00
2.048107925778305969e+02 8.576674342128807194e-01 1.317487260369262003e+00 4.114948661502616289e+00
2.051412574402094720e+02 8.581039187458270323e-01 1.316763397013346548e+00 4.134088047073668726e+00
2.054722555119172682e+02 8.585396321269356257e-01 1.316040033436593149e+00 4.153320802530327427e+00
2.058037876532941368e+02 8.589745735637522861e-01 1.315317095557702487e+00 4.172647414005818511e+00
2.061358547260683736e+02 8.594087421832188323e-01 1.314594559004262919e+00 4.192068370378279951e+00
2.064684575933587496e+02 8.598421371320288387e-01 1.313872437791587799e+00 4.211584163302321215e+00
2.068015971196766145e+02 8.602747575820226533e-01 1.313150747869030965e+00 4.231195287227194513e+00
2.071352741709282554e+02 8.607066027302431310e-01 1.312429505224599779e+00 4.250902239414336314e+00
2.074694896144168865e+02 8.611376717990967267e-01 1.311708725960897937e+00 4.270705519955209084e+00
2.078042443188458037e+02 8.615679640366260550e-01 1.310988426330368384e+00 4.290605631789110141e+00
2.081395391543192659e+02 8.619974787167702379e-01 1.310268622726425747e+00 4.310603080721209679e+00
2.084753749923456780e+02 8.624262151396093756e-01 1.309549331677544615e+00 4.330698375440684700e+00
2.088117527058396945e+02 8.628541726316122373e-01 1.308830569861811455e+00 4.350892027538945328e+00
2.091486731691243790e+02 8.632813505459236980e-01 1.308112354096692798e+00 4.371184551528062734e+00
2.094861372579335068e+02 8.637077482625761249e-01 1.307394701248085767e+00 4.391576464859276996e+00
2.098241458494139522e+02 8.641333651885299005e-01 1.306677629113664807e+00 4.412068287941612432e+00
2.101626998221277631e+02 8.645582007603388464e-01 1.305961137730264454e+00 4.432660544160977878e+00
2.105018000560546341e+02 8.649822543923074702e-01 1.305245165371616167e+00 4.453353759894397967e+00
2.108414474325940660e+02 8.654055253568244677e-01 1.304529648261905095e+00 4.474148464518644452e+00
2.111816428345678105e+02 8.658280128979692902e-01 1.303814584487099637e+00 4.495045190439014959e+00
2.115223871462219165e+02 8.662497162893919578e-01 1.303099991331691854e+00 4.516044473113573154e+00
2.118636812532293163e+02 8.666706348297934515e-01 1.302385884982641073e+00 4.537146851072178855e+00
2.122055260426918721e+02 8.670907678445101130e-01 1.301672282134404668e+00 4.558352865936145193e+00
2.125479224031428487e+02 8.675101146854626855e-01 1.300959199534190702e+00 4.579663062437997034e+00
2.128908712245492154e+02 8.679286747314641781e-01 1.300246654093825782e+00 4.601077988441330646e+00
2.132343733983138065e+02 8.683464473884856538e-01 1.299534662874521018e+00 4.622598194960769291e+00
2.135784298172778506e+02 8.687634320899267903e-01 1.298823243073002232e+00 4.644224236182220800e+00
2.139230413757231304e+02 8.691796282968362597e-01 1.298112412048567421e+00 4.665956669483029451e+00
2.142682089693743990e+02 8.695950354982646680e-01 1.297402187236002646e+00 4.687796055452476018e+00
2.146139334954016249e+02 8.700096532112374659e-01 1.296692586530980407e+00 4.709742957912316008e+00
2.149602158524224080e+02 8.704234809821874697e-01 1.295983620802417136e+00 4.731797943937556816e+00
2.153070569405042534e+02 8.708365183659977360e-01 1.295275242056732168e+00 4.753961583876796126e+00
2.156544576611669584e+02 8.712487647824447290e-01 1.294567375662836639e+00 4.776234451369832712e+00
2.160024189173849720e+02 8.716602195849877388e-01 1.293860005138867564e+00 4.798617123370516602e+00
2.163509416135896117e+02 8.720708821541925948e-01 1.293153147336624897e+00 4.821110180169982051e+00
2.167000266556713655e+02 8.724807518975009613e-01 1.292446819175665951e+00 4.843714205418367058e+00
2.170496749509829897e+02 8.728898282497761230e-01 1.291741037806332315e+00 4.866429786146388992e+00
2.173998874083406463e+02 8.732981106735064891e-01 1.291035820520392008e+00 4.889257512786943316e+00
2.177506649380271142e+02 8.737055986591145684e-01 1.290331184761726036e+00 4.912197979197256537e+00
2.181020084517938642e+02 8.741122917251875624e-01 1.289627148106319510e+00 4.935251782680826871e+00
2.184539188628635884e+02 8.745181894187409322e-01 1.288923728302734162e+00 4.958419524009674006e+00
2.188063970859323319e+02 8.749232913155436941e-01 1.288220943210717451e+00 4.981701807446809127e+00
2.191594440371721646e+02 8.753275970202243350e-01 1.287518810939218383e+00 5.005099240768824842e+00
2.195130606342333408e+02 8.757311061669880159e-01 1.286817349714510783e+00 5.028612435288501104e+00
2.198672477962467440e+02 8.761338184193344647e-01 1.286116569107662144e+00 5.052242005877800146e+00
2.202220064438260465e+02 8.765357334461070238e-01 1.285416416502357606e+00 5.075988570992158166e+00
2.205773374990710920e+02 8.769368507704686788e-01 1.284716816970330910e+00 5.099852752701134584e+00
2.209332418855688331e+02 8.773371698578175115e-01 1.284017758161553502e+00 5.123835176707553174e+00
2.212897205283966287e+02 8.777366902036487506e-01 1.283319257843913874e+00 5.147936472366925642e+00
2.216467743541245170e+02 8.781354113304683517e-01 1.282621333264842178e+00 5.172157272711270792e+00
2.220044042908175186e+02 8.785333327895225031e-01 1.281924002189498424e+00 5.196498214473024291e+00
2.223626112680381368e+02 8.789304541606479670e-01 1.281227282425334124e+00 5.220959938109084320e+00
2.227213962168487456e+02 8.793267750526443383e-01 1.280531191958743875e+00 5.245543087825072170e+00
2.230807600698139765e+02 8.797222951035299499e-01 1.279835748921641425e+00 5.270248311599771363e+00
2.234407037610031352e+02 8.801170139808021098e-01 1.279140971596234522e+00 5.295076261209722190e+00
2.238012282259927304e+02 8.805109313817169880e-01 1.278446878518252561e+00 5.320027592254075621e+00
2.241623344018687760e+02 8.809040470338406204e-01 1.277753487861673420e+00 5.345102964179486271e+00
2.245240232272293213e+02 8.812963606935886318e-01 1.277060819849339168e+00 5.370303040305475228e+00
2.248862956421868375e+02 8.816878721535997832e-01 1.276368864392452451e+00 5.395628487848740384e+00
2.252491525883707197e+02 8.820785811496490991e-01 1.275677548929706973e+00 5.421079977961032803e+00
2.256125950089295884e+02 8.824684872767299959e-01 1.274986816968748826e+00 5.446658185766204419e+00
2.259766238485339898e+02 8.828575901180830687e-01 1.274296673544313308e+00 5.472363790369429992e+00
2.263412400533786126e+02 8.832458892902158576e-01 1.273607137805129241e+00 5.498197474877370539e+00
2.267064445711848464e+02 8.836333844379161695e-01 1.272918227556829152e+00 5.524159926425320499e+00
2.270722383512032820e+02 8.840200752355524827e-01 1.272229961079801797e+00 5.550251836203340616e+00
2.274386223442161281e+02 8.844059613872370385e-01 1.271542356760164694e+00 5.576473899483193719e+00
2.278055975025396833e+02 8.847910426270637618e-01 1.270855433129554513e+00 5.602826815644943892e+00
2.281731647800267808e+02 8.851753187193995842e-01 1.270169208896277269e+00 5.629311288204091213e+00
2.285413251320694030e+02 8.855587894592035214e-01 1.269483702895286115e+00 5.655928024838813073e+00
2.289100795156009838e+02 8.859414546721882111e-01 1.268798934212554741e+00 5.682677737417446195e+00
2.292794288890990231e+02 8.863233142154713917e-01 1.268114921827873331e+00 5.709561142025937563e+00
2.296493742125875031e+02 8.867043679767424580e-01 1.267431675818670556e+00 5.736578958996101818e+00
2.300199164476392468e+02 8.870846158498532086e-01 1.266749139514104172e+00 5.763731912939122459e+00
2.303910565573792155e+02 8.874640575691119526e-01 1.266067236725803014e+00 5.791020732811902327e+00
2.307627955064857304e+02 8.878426928190767953e-01 1.265385957696253172e+00 5.818446151921300213e+00
2.311351342611938549e+02 8.882205213136710187e-01 1.264705320577377279e+00 5.846008907935023480e+00
2.315080737892976686e+02 8.885975427965939755e-01 1.264025343814182634e+00 5.873709742910564913e+00
2.318816150601528250e+02 8.889737570418577706e-01 1.263346046064270922e+00 5.901549403324223064e+00
2.322557590446790527e+02 8.893491638539627875e-01 1.262667446114619452e+00 5.929528640100502734e+00
2.326305067153626283e+02 8.897237630681980036e-01 1.261989562915005081e+00 5.957648208641562526e+00
2.330058590462589621e+02 8.900975545509192122e-01 1.261312415584143309e+00 5.985908868857060305e+00
2.333818170129949294e+02 8.904705381998602176e-01 1.260636023408324036e+00 6.014311385194127446e+00
2.337583815927722526e+02 8.908427139444130560e-01 1.259960405692254426e+00 6.042856526667601536e+00
2.341355537643686375e+02 8.912140817455043162e-01 1.259285582980510299e+00 6.071545066890644549e+00
2.345133345081414120e+02 8.915846415993816665e-01 1.258611565045384850e+00 6.100377784104148660e+00
2.348917248060296004e+02 8.919543935030933568e-01 1.257938300837622592e+00 6.129355461219426537e+00
2.352707256415566519e+02 8.923233373148091729e-01 1.257265712586786321e+00 6.158478885896553123e+00
2.356503379998329706e+02 8.926914728166581714e-01 1.256593783879225157e+00 6.187748850555903068e+00
2.360305628675584160e+02 8.930587998273328276e-01 1.255922534848650685e+00 6.217166152372114674e+00
2.364114012330248897e+02 8.934253181941653743e-01 1.255251983815014682e+00 6.246731593308655128e+00
2.367928540861189219e+02 8.937910277959734140e-01 1.254582149958878290e+00 6.276445980149102155e+00
2.371749224183242859e+02 8.941559285427856940e-01 1.253913052476718804e+00 6.306310124529619365e+00
2.375576072227244424e+02 8.945200203762618818e-01 1.253244710761691749e+00 6.336324842971622573e+00
2.379409094940052682e+02 8.948833032699486933e-01 1.252577144337919890e+00 6.366490956914523380e+00
2.383248302284575573e+02 8.952457772295123739e-01 1.251910372977363295e+00 6.396809292748678821e+00
2.387093704239796352e+02 8.956074422933166801e-01 1.251244416300323792e+00 6.427280681848674959e+00
2.390945310800799746e+02 8.959682985315193804e-01 1.250579295191528217e+00 6.457905960607237539e+00
2.394803131978797239e+02 8.963283460507266431e-01 1.249915012179144469e+00 6.488685970467200193e+00
2.398667177801153514e+02 8.966875849365883999e-01 1.249251500675427451e+00 6.519621557982164362e+00
2.402537458311412877e+02 8.970460151121435466e-01 1.248588690820042757e+00 6.550713574917361726e+00
2.406413983569324841e+02 8.974036364697113299e-01 1.247926580829698651e+00 6.581962878224612012e+00
2.410296763650870560e+02 8.977604489347784655e-01 1.247265190473854091e+00 6.613370330047893653e+00
2.414185808648288969e+02 8.981164524642224478e-01 1.246604538997189593e+00 6.644936797759530833e+00
2.418081128670102657e+02 8.984716470466940219e-01 1.245944645869712986e+00 6.676663153995304079e+00
2.421982733841144864e+02 8.988260327029775620e-01 1.245285530745377400e+00 6.708550276690131042e+00
2.425890634302584772e+02 8.991796094862646305e-01 1.244627213433659563e+00 6.740599049114125663e+00
2.429804840211955081e+02 8.995323774824461882e-01 1.243969713895012319e+00 6.772810359908507216e+00
2.433725361743177587e+02 8.998843368103447427e-01 1.243313052303847144e+00 6.805185103122332713e+00
2.437652209086589892e+02 9.002354876222168345e-01 1.242657249097419481e+00 6.837724178249058760e+00
2.441585392448969003e+02 9.005858301041099745e-01 1.242002322582493434e+00 6.870428490263360111e+00
2.445524922053568844e+02 9.009353644694539920e-01 1.241348245585186305e+00 6.903298949662966422e+00
2.449470808140130487e+02 9.012840908339152524e-01 1.240694934902421664e+00 6.936336472582492085e+00
2.453423060964919671e+02 9.016320091782121793e-01 1.240042350773364888e+00 6.969541980856176266e+00
2.457381690800751244e+02 9.019791195106600101e-01 1.239390510461817030e+00 7.002916401957961057e+00
2.461346707937014742e+02 9.023254218695672124e-01 1.238739433033970272e+00 7.036460669038720361e+00
2.465318122679701958e+02 9.026709163261531499e-01 1.238089138386385457e+00 7.070175720963459476e+00
2.469295945351433943e+02 9.030156029841343024e-01 1.237439646398343029e+00 7.104062502350896757e+00
2.473280186291486586e+02 9.033594819801950004e-01 1.236790977171267514e+00 7.138121963612660714e+00
2.477270855855816762e+02 9.037025534842568764e-01 1.236143150946872993e+00 7.172355060993009346e+00
2.481267964417097573e+02 9.040448176997201157e-01 1.235496188262231954e+00 7.206762756609050413e+00
2.485271522364731425e+02 9.043862748641871008e-01 1.234850109205581248e+00 7.241346018490489200e+00
2.489281540104886687e+02 9.047269252475215184e-01 1.234204936199148506e+00 7.276105820621771691e+00
2.493298028060522142e+02 9.050667691606889553e-01 1.233560659706427032e+00 7.311043142976677345e+00
2.497320996671413980e+02 9.054058068540913329e-01 1.232917204201385175e+00 7.346158971638674373e+00
2.501350456394183652e+02 9.057440384272472667e-01 1.232274511253081073e+00 7.381454298914988499e+00
2.505386417702323456e+02 9.060814639684678928e-01 1.231632587032891024e+00 7.416930123271754383e+00
2.509428891086226088e+02 9.064180836028514765e-01 1.230991452620855853e+00 7.452587449339224790e+00
2.513477887053209656e+02 9.067538974877227265e-01 1.230351127844187431e+00 7.488427287958359102e+00
2.517533416127546673e+02 9.070889058136382133e-01 1.229711632921635101e+00 7.524450656222989586e+00
2.521595488850489630e+02 9.074231088046251781e-01 1.229072988223606444e+00 7.560658577522976209e+00
2.525664115780300847e+02 9.077565067184822922e-01 1.228435214280580112e+00 7.597052081587831296e+00
2.529739307492277760e+02 9.080890998470450004e-01 1.227798331831309042e+00 7.633632204530543142e+00
2.533821074578781065e+02 9.084208885166269454e-01 1.227162361688215242e+00 7.670399988891660747e+00
2.537909427649262568e+02 9.087518730878949569e-01 1.226527324954986398e+00 7.707356483684257853e+00
2.542004377330292755e+02 9.090820539569332004e-01 1.225893218095052362e+00 7.744502744438080732e+00
2.546105934265588076e+02 9.094114314823177336e-01 1.225259965895020287e+00 7.781839833316337440e+00
2.550214109116038514e+02 9.097400058485991536e-01 1.224627504995169147e+00 7.819368819296762751e+00
2.554328912559736011e+02 9.100677772371026375e-01 1.223995842812428236e+00 7.857090778053855473e+00
2.558450355292001461e+02 9.103947458616621358e-01 1.223364999365912809e+00 7.895006791970952342e+00
2.562578448025412285e+02 9.107209119697758926e-01 1.222734995029895799e+00 7.933117950185978984e+00
2.566713201489832272e+02 9.110462758425798002e-01 1.222105850268917493e+00 7.971425348639088249e+00
2.570854626432436589e+02 9.113708377952344231e-01 1.221477585745333272e+00 8.009930090119864232e+00
2.575002733617741342e+02 9.116945981772065499e-01 1.220850222278386354e+00 8.048633284315316772e+00
2.579157533827631710e+02 9.120175573725580742e-01 1.220223780917422118e+00 8.087536047857975419e+00
2.583319037861389234e+02 9.123397158004129537e-01 1.219598282642664344e+00 8.126639504374740142e+00
2.587487256535720803e+02 9.126610739143889983e-01 1.218973749072802093e+00 8.165944784536455003e+00
2.591662200684783102e+02 9.129816322051347299e-01 1.218350162339447706e+00 8.205453026104589043e+00
2.595843881160221258e+02 9.133013910820481085e-01 1.217727441821807588e+00 8.245165374123677893e+00
2.600032308831183627e+02 9.136203508073473811e-01 1.217105538097030148e+00 8.285082981054037177e+00
2.604227494584355895e+02 9.139385116531585362e-01 1.216484464049472081e+00 8.325207006636622609e+00
2.608429449323992344e+02 9.142558739270962853e-01 1.215864240611836067e+00 8.365538617913781394e+00
2.612638183971939156e+02 9.145724379703669138e-01 1.215244888292090764e+00 8.406078989283452430e+00
2.616853709467666818e+02 9.148882041585068015e-01 1.214626427893790606e+00 8.446829302550526108e+00
2.621076036768296262e+02 9.152031729016107953e-01 1.214008880378742106e+00 8.487790746979154477e+00
2.625305176848626729e+02 9.155173446446653873e-01 1.213392266849496082e+00 8.528964519345212381e+00
2.629541140701164181e+02 9.158307198677160255e-01 1.212776608711010340e+00 8.570351823989348361e+00
2.633783939336158824e+02 9.161432990866864579e-01 1.212161927103124981e+00 8.611953872869955617e+00
2.638033583781617608e+02 9.164550828518689407e-01 1.211548237959959806e+00 8.653771885619354620e+00
2.642290085083344024e+02 9.167660717341983290e-01 1.210935491800455566e+00 8.695807089618837082e+00
2.646553454304964816e+02 9.170762661463404131e-01 1.210323606989959444e+00 8.738060720316598307e+00
2.650823702527957835e+02 9.173856664266425431e-01 1.209712566516827792e+00 8.780534021165601999e+00
2.655100840851679891e+02 9.176942729452304270e-01 1.209102390191219456e+00 8.823228243526008541e+00
2.659384880393398021e+02 9.180020861063670212e-01 1.208493098753478989e+00 8.866144646718252531e+00
2.663675832288316201e+02 9.183091063489184913e-01 1.207884713136536448e+00 8.909284498079090397e+00
2.667973707689607181e+02 9.186153341465435052e-01 1.207277254407927103e+00 8.952649073019347981e+00
2.672278517768436359e+02 9.189207700079981000e-01 1.206670743821405267e+00 8.996239655080758624e+00
2.676590273713996453e+02 9.192254144774618663e-01 1.206065202815352677e+00 9.040057535994369786e+00
2.680908986733533084e+02 9.195292681348552488e-01 1.205460653057116360e+00 9.084104015738768467e+00
2.685234668052374900e+02 9.198323315962837476e-01 1.204857115509412324e+00 9.128380402598875065e+00
2.689567328913963706e+02 9.201346055116049749e-01 1.204254572360241582e+00 9.172888013230254600e+00
2.693906980579880610e+02 9.204360904522912445e-01 1.203652942204826104e+00 9.217628172917271101e+00
2.698253634329880128e+02 9.207367868354026097e-01 1.203052176803112161e+00 9.262602215772952619e+00
2.702607301461915199e+02 9.210366950973516431e-01 1.202452291573990806e+00 9.307811484497420906e+00
2.706967993292167876e+02 9.213358157082520705e-01 1.201853307188684994e+00 9.353257330414713522e+00
2.711335721155080023e+02 9.216341491731782076e-01 1.201255244730646154e+00 9.398941113533243907e+00
2.715710496403380603e+02 9.219316960322072596e-01 1.200658125408381238e+00 9.444864202608274084e+00
2.720092330408118073e+02 9.222284568608404287e-01 1.200061970615479368e+00 9.491027975205266642e+00
2.724481234558687106e+02 9.225244322702137456e-01 1.199466802030201507e+00 9.537433817763220745e+00
2.728877220262858714e+02 9.228196229078203805e-01 1.198872640906301967e+00 9.584083125657514302e+00
2.733280298946812081e+02 9.231140294556093862e-01 1.198279510719885366e+00 9.630977303268963396e+00
2.737690482055160714e+02 9.234076526385739392e-01 1.197687403990812527e+00 9.678117764031297199e+00
2.742107781050986546e+02 9.237004931243901762e-01 1.197096245951797755e+00 9.725505930709161362e+00
2.746532207415862104e+02 9.239925514240041604e-01 1.196505978020468319e+00 9.773143235679453866e+00
2.750963772649895986e+02 9.242838280387714045e-01 1.195916607305889556e+00 9.821031120693715977e+00
2.755402488271742527e+02 9.245743235081075317e-01 1.195328155819424865e+00 9.869171036845509448e+00
2.759848365818644993e+02 9.248640384061144193e-01 1.194740644616331338e+00 9.917564444646382427e+00
2.764301416846462303e+02 9.251529733422100277e-01 1.194154095049725584e+00 9.966212814093296402e+00
2.768761652929698585e+02 9.254411289614661307e-01 1.193568528647347193e+00 1.001511762473692713e+01
2.773229085661533304e+02 9.257285059448685516e-01 1.192983967140207824e+00 1.006428036575164420e+01
2.777703726653853096e+02 9.260151050097500391e-01 1.192400432380054554e+00 1.011370253600504476e+01
2.782185587537278479e+02 9.263009269097970400e-01 1.191817946323453725e+00 1.016338564412909662e+01
2.786674679961197398e+02 9.265859724354452709e-01 1.191236502963647581e+00 1.021333120859124044e+01
2.791171015593790798e+02 9.268702423302853655e-01 1.190656026030410430e+00 1.026354075797752685e+01
2.795674606122075829e+02 9.271537371653357784e-01 1.190076456821316242e+00 1.031401583138750233e+01
2.800185463251917781e+02 9.274364575167896030e-01 1.189497806123654300e+00 1.036475797806681420e+01
2.804703598708071013e+02 9.277184039950466810e-01 1.188920094908780811e+00 1.041576875740958208e+01
2.809229024234210783e+02 9.279995772460749581e-01 1.188343344560507830e+00 1.046704973903002944e+01
2.813761751592958262e+02 9.282799779513631888e-01 1.187767576556780114e+00 1.051860250283793796e+01
2.818301792565914639e+02 9.285596068283229476e-01 1.187192812577904988e+00 1.057042863911416219e+01
2.822849158953691813e+02 9.288384646305807291e-01 1.186619074533382445e+00 1.062252974858681753e+01
2.827403862575940821e+02 9.291165521484369139e-01 1.186046384272913201e+00 1.067490744250821599e+01
2.831965915271384233e+02 9.293938702083239800e-01 1.185474763652337060e+00 1.072756334273381995e+01
2.836535328897846853e+02 9.296704196734381087e-01 1.184904189869484981e+00 1.078049908179949767e+01
2.841112115332286407e+02 9.299462013097483659e-01 1.184334582330393459e+00 1.083371630340067604e+01
2.845696286470823679e+02 9.302212157471720921e-01 1.183765899330410321e+00 1.088721666259672283e+01
2.850287854228773767e+02 9.304954636343047980e-01 1.183198156928028766e+00 1.094100182543682109e+01
2.854886830540678488e+02 9.307689456561913932e-01 1.182631376746485330e+00 1.099507346898920979e+01
2.859493227360335368e+02 9.310416625332511575e-01 1.182065580215294176e+00 1.104943328142686099e+01
2.864107056660828903e+02 9.313136150218540577e-01 1.181500789008623542e+00 1.110408296210953161e+01
2.868728330434563532e+02 9.315848039145561144e-01 1.180937024935701629e+00 1.115902422166571206e+01
2.873357060693293192e+02 9.318552300403387667e-01 1.180374310089973733e+00 1.121425878207674209e+01
2.877993259468152587e+02 9.321248942653105329e-01 1.179812666420730238e+00 1.126978837675948597e+01
2.882636938809689582e+02 9.323937974916390869e-01 1.179252108297077939e+00 1.132561475065604206e+01
2.887288110787894198e+02 9.326619406359887288e-01 1.178692582750954898e+00 1.138173966039618534e+01
2.891946787492233852e+02 9.329293244492614656e-01 1.178134012353893922e+00 1.143816487502165202e+01
2.896612981031680647e+02 9.331959496233189766e-01 1.177576386579858081e+00 1.149489217571172262e+01
2.901286703534744902e+02 9.334618168845424391e-01 1.177019726395428734e+00 1.155192335554568928e+01
2.905967967149506990e+02 9.337269269946716355e-01 1.176464053223298833e+00 1.160926021958967702e+01
2.910656784043648599e+02 9.339912807514157977e-01 1.175909388720356219e+00 1.166690458498530880e+01
2.915353166404480589e+02 9.342548789886134797e-01 1.175355754684460408e+00 1.172485828104015226e+01
2.920057126438986757e+02 9.345177225765769480e-01 1.174803173109467025e+00 1.178312314931892146e+01
2.924768676373838616e+02 9.347798124224052652e-01 1.174251666237069003e+00 1.184170104373490062e+01
2.929487828455439171e+02 9.350411494704948812e-01 1.173701255420382950e+00 1.190059383064248522e+01
2.934214594949949628e+02 9.353017346994297876e-01 1.173151921970656986e+00 1.195980338894428563e+01
2.938948988143324641e+02 9.355615690047854871e-01 1.172603586763671046e+00 1.201933161067105793e+01
2.943691020341340732e+02 9.358206531345074630e-01 1.172056205885382951e+00 1.207918040135612614e+01
2.948440703869630966e+02 9.360789878591172508e-01 1.171509796145983273e+00 1.213935167943755467e+01
2.953198051073715646e+02 9.363365739839706325e-01 1.170964378801727435e+00 1.219984737630641547e+01
2.957963074319031875e+02 9.365934123504290332e-01 1.170419975518143474e+00 1.226066943640064544e+01
2.962735785990977320e+02 9.368495038359914151e-01 1.169876608087633940e+00 1.232181981730460052e+01
2.967516198494924424e+02 9.371048493546172420e-01 1.169334298589092214e+00 1.238330048984885323e+01
2.972304324256265886e+02 9.373594498573427636e-01 1.168793068766262877e+00 1.244511343820806637e+01
2.977100175720441939e+02 9.376133063307172666e-01 1.168252942356502899e+00 1.250726066001080206e+01
2.981903765352973892e+02 9.378664198044516231e-01 1.167713916242973937e+00 1.256974416640571235e+01
2.986715105639497096e+02 9.381187912628893288e-01 1.167175920622867125e+00 1.263256598259413366e+01
2.991534209085791076e+02 9.383704215324231157e-01 1.166638896452241170e+00 1.269572814849036924e+01
2.996361088217814768e+02 9.386213114262487167e-01 1.166102849902927119e+00 1.275923271813990745e+01
3.001195755581737785e+02 9.388714617960968178e-01 1.165567803322574036e+00 1.282308175957839325e+01
3.006038223743973390e+02 9.391208735293058441e-01 1.165033778227098082e+00 1.288727735495356619e+01
3.010888505291209754e+02 9.393695475493151203e-01 1.164500796406628069e+00 1.295182160063142440e+01
3.015746612830445201e+02 9.396174848160600002e-01 1.163968879820004076e+00 1.301671660730403346e+01
3.020612558989018908e+02 9.398646863261721496e-01 1.163438050652075617e+00 1.308196450009927858e+01
3.025486356414645002e+02 9.401111531135141197e-01 1.162908331255039229e+00 1.314756741869032552e+01
3.030368017775443263e+02 9.403568862492299729e-01 1.162379725768005301e+00 1.321352751740734988e+01
3.035257555759975503e+02 9.406018867867038669e-01 1.161852168681889452e+00 1.327984696566472422e+01
3.040154983077276256e+02 9.408461556060088160e-01 1.161325594955542329e+00 1.334652794896498662e+01
3.045060312456885185e+02 9.410896935706402067e-01 1.160800008929072646e+00 1.341357266814395999e+01
3.049973556648882322e+02 9.413325015803625240e-01 1.160275432192520384e+00 1.348098333919079828e+01
3.054894728423920469e+02 9.415745805705424409e-01 1.159751886294543510e+00 1.354876219337008791e+01
3.059823840573256462e+02 9.418159315127627718e-01 1.159229393037549016e+00 1.361691147733777285e+01
3.064760905908786981e+02 9.420565554150455156e-01 1.158707974438129895e+00 1.368543345325943861e+01
3.069705937263081523e+02 9.422964533223331385e-01 1.158187652367359988e+00 1.375433039893045795e+01
3.074658947489413663e+02 9.425356263156440262e-01 1.157668450519395265e+00 1.382360460790346046e+01
3.079619949461797432e+02 9.427740755184993438e-01 1.157150366488622240e+00 1.389325838956871451e+01
3.084588956075017450e+02 9.430118020114661714e-01 1.156633333197532920e+00 1.396329406984297883e+01
3.089565980244665866e+02 9.432488067215387684e-01 1.156117292320686829e+00 1.403371399203846615e+01
3.094551034907170219e+02 9.434850905590533854e-01 1.155602249508774548e+00 1.410452051610365842e+01
3.099544133019840615e+02 9.437206544745407877e-01 1.155088227453234140e+00 1.417571601837811457e+01
3.104545287560885640e+02 9.439554994535601651e-01 1.154575247546290484e+00 1.424730289175739451e+01
3.109554511529456136e+02 9.441896265179923198e-01 1.154063331601264508e+00 1.431928354581462592e+01
3.114571817945677594e+02 9.444230367260918468e-01 1.153552501722515444e+00 1.439166040693139870e+01
3.119597219850683700e+02 9.446557311733747575e-01 1.153042779612860613e+00 1.446443591842391641e+01
3.124630730306651003e+02 9.448877109905866600e-01 1.152534187977380498e+00 1.453761254069231867e+01
3.129672362396830749e+02 9.451189773488336554e-01 1.152026710774862295e+00 1.461119275131694550e+01
3.134722129225585263e+02 9.453495313367759056e-01 1.151520272872403439e+00 1.468517904613998404e+01
3.139780043918416368e+02 9.455793739038014234e-01 1.151014831912561931e+00 1.475957393986104726e+01
3.144846119622015408e+02 9.458085060161990354e-01 1.150510403092539491e+00 1.483437996499230849e+01
3.149920369504275186e+02 9.460369286757743801e-01 1.150007007959175098e+00 1.490959967185529145e+01
3.155002806754338849e+02 9.462646429205784360e-01 1.149504668226200010e+00 1.498523562871739401e+01
3.160093444582630013e+02 9.464916498247557541e-01 1.149003405650091736e+00 1.506129042193575884e+01
3.165192296220887442e+02 9.467179504988822991e-01 1.148503242236074584e+00 1.513776665609944949e+01
3.170299374922200855e+02 9.469435460904433999e-01 1.148004200594186841e+00 1.521466695417075954e+01
3.175414693961041621e+02 9.471684377852611636e-01 1.147506295763832895e+00 1.529199395762091918e+01
3.180538266633301419e+02 9.473926267830751202e-01 1.147009485626313108e+00 1.536975032679663045e+01
3.185670106256324630e+02 9.476161141478981476e-01 1.146513696743568289e+00 1.544793874241331721e+01
3.190810226168943018e+02 9.478389008621027623e-01 1.146018913388616056e+00 1.552656190525054747e+01
3.195958639731510971e+02 9.480609879479000579e-01 1.145525157696283713e+00 1.560562253522817677e+01
3.201115360325939605e+02 9.482823764611743034e-01 1.145032450644976052e+00 1.568512337161530112e+01
3.206280401355733147e+02 9.485030674941706819e-01 1.144540814004813001e+00 1.576506717316280515e+01
3.211453776246020766e+02 9.487230621752883453e-01 1.144050269693252631e+00 1.584545671826307789e+01
3.216635498443594656e+02 9.489423616697918451e-01 1.143560839292149467e+00 1.592629480510177231e+01
3.221825581416942441e+02 9.491609671781353619e-01 1.143072546183702798e+00 1.600758425183360956e+01
3.227024038656284688e+02 9.493788799431839287e-01 1.142585379872343765e+00 1.608932789666939911e+01
3.232230883673607877e+02 9.495961011396514273e-01 1.142099270340622752e+00 1.617152859918644126e+01
3.237446130002699647e+02 9.498126318028945470e-01 1.141614171137007361e+00 1.625418924125613529e+01
3.242669791199185170e+02 9.500284729718349030e-01 1.141130093957144709e+00 1.633731272575102977e+01
3.247901880840562399e+02 9.502436257234325723e-01 1.140647060925402911e+00 1.642090197635874205e+01
3.253142412526236171e+02 9.504580911700952761e-01 1.140165093470841384e+00 1.650495993777747827e+01
3.258391399877550043e+02 9.506718704601998526e-01 1.139684213255350187e+00 1.658948957588086515e+01
3.263648856537837446e+02 9.508849647783398362e-01 1.139204442205027590e+00 1.667449387788749604e+01
3.268914796172433626e+02 9.510973753459358582e-01 1.138725802264616505e+00 1.675997585252847699e+01
3.274189232468728505e+02 9.513091034207464824e-01 1.138248303356704128e+00 1.684593853022852272e+01
3.279472179136194541e+02 9.515201502606311923e-01 1.137771890266321861e+00 1.693238496372045176e+01
3.284763649906425940e+02 9.517305169605313475e-01 1.137296497572606313e+00 1.701931823020266066e+01
3.290063658533172770e+02 9.519402045840691384e-01 1.136822124851732951e+00 1.710674142997090996e+01
3.295372218792377339e+02 9.521492142306406947e-01 1.136348793390425271e+00 1.719465768580024445e+01
3.300689344482208867e+02 9.523575470347361849e-01 1.135876524484046968e+00 1.728307014313785928e+01
3.306015049423101004e+02 9.525652041667077574e-01 1.135405339694443683e+00 1.737198197028040880e+01
3.311349347457785370e+02 9.527721868328778987e-01 1.134935260671682045e+00 1.746139635856079408e+01
3.316692252451330205e+02 9.529784962757381628e-01 1.134466309990330046e+00 1.755131652253698959e+01
3.322043778291175045e+02 9.531841337766492339e-01 1.133998502028134681e+00 1.764174570014770183e+01
3.327403938887166532e+02 9.533891006280678093e-01 1.133531795941053133e+00 1.773268715328955381e+01
3.332772748171596504e+02 9.535933979920666603e-01 1.133066122352374805e+00 1.782414416999588980e+01
3.338150220099234389e+02 9.537970269541995449e-01 1.132601467269523710e+00 1.791612006392444201e+01
3.343536368647366999e+02 9.539999886392318551e-01 1.132137852660889621e+00 1.800861817295763956e+01
3.348931207815834910e+02 9.542022842056362419e-01 1.131675299363905651e+00 1.810164185948227455e+01
3.354334751627062019e+02 9.544039148476747281e-01 1.131213828876298066e+00 1.819519451056479653e+01
3.359747014126108979e+02 9.546048817954012611e-01 1.130753462843131274e+00 1.828927953815760432e+01
3.365168009380687977e+02 9.548051863151542085e-01 1.130294222805787285e+00 1.838390037929525889e+01
3.370597751481212754e+02 9.550048297087997407e-01 1.129836126485770365e+00 1.847906049631729530e+01
3.376036254540832715e+02 9.552038133028073474e-01 1.129379135817544011e+00 1.857476337725487170e+01
3.381483532695468739e+02 9.554021382878654656e-01 1.128923180971469264e+00 1.867101253863981825e+01
3.386939600103849557e+02 9.555998057815646707e-01 1.128468246800366614e+00 1.876781152475907177e+01
3.392404470947550408e+02 9.557968169334910558e-01 1.128014353394064528e+00 1.886516390619726380e+01
3.397878159431027711e+02 9.559931729283361879e-01 1.127561521923325927e+00 1.896307328000519377e+01
3.403360679781657154e+02 9.561888749861611192e-01 1.127109773650317948e+00 1.906154326991666181e+01
3.408852046249771206e+02 9.563839243624568942e-01 1.126659130110056140e+00 1.916057752657196644e+01
3.414352273108693794e+02 9.565783223489827680e-01 1.126209612984439445e+00 1.926017972772928388e+01
3.419861374654780661e+02 9.567720702734131555e-01 1.125761237189635722e+00 1.936035357850021299e+01
3.425379365207454612e+02 9.569651694789299556e-01 1.125313961580104660e+00 1.946110281196330050e+01
3.430906259109241887e+02 9.571576211721470884e-01 1.124867718848236109e+00 1.956243119224623683e+01
3.436442070725811959e+02 9.573494264945325849e-01 1.124422498236526735e+00 1.966434251348304230e+01
3.441986814446013341e+02 9.575405866248370979e-01 1.123978321006234182e+00 1.976684059815891459e+01
3.447540504681909965e+02 9.577311027751911343e-01 1.123535207818804338e+00 1.986992929742486780e+01
3.453103155868820977e+02 9.579209761931990474e-01 1.123093179960505950e+00 1.997361249130117500e+01
3.458674782465353132e+02 9.581102081618202426e-01 1.122652258583002549e+00 2.007789408892528371e+01
3.464255398953453096e+02 9.582987999991138262e-01 1.122212466339988168e+00 2.018277802881003780e+01
3.469845019838423354e+02 9.584867530631813182e-01 1.121773809677051759e+00 2.028826827898362950e+01
3.475443659648975085e+02 9.586740686973005410e-01 1.121336236847582768e+00 2.039436883842103043e+01
3.481051332937261122e+02 9.588607481054023385e-01 1.120899689620728168e+00 2.050108374001001366e+01
3.486668054278914610e+02 9.590467924564550772e-01 1.120464167683621781e+00 2.060841704862004775e+01
3.492293838273087090e+02 9.592322029584819942e-01 1.120029693009655603e+00 2.071637285978099641e+01
3.497928699542484878e+02 9.594169808532597710e-01 1.119596286236628657e+00 2.082495530006407591e+01
3.503572652733408859e+02 9.596011274175463290e-01 1.119163968568955170e+00 2.093416852732131872e+01
3.509225712515792566e+02 9.597846439636491533e-01 1.118732760876810062e+00 2.104401673093665437e+01
3.514887893583239133e+02 9.599675318378606548e-01 1.118302685121307150e+00 2.115450413213682523e+01
3.520559210653059949e+02 9.601497924254421834e-01 1.117873731986492203e+00 2.126563498414211040e+01
3.526239678466312171e+02 9.603314270491126736e-01 1.117445836976912688e+00 2.137741357496638273e+01
3.531929311787839652e+02 9.605124369001046825e-01 1.117018960032055475e+00 2.148984422946909945e+01
3.537628125406308186e+02 9.606928231823925746e-01 1.116593114782062912e+00 2.160293130610541468e+01
3.543336134134245299e+02 9.608725871341875502e-01 1.116168321989789547e+00 2.171667919667842028e+01
3.549053352808079467e+02 9.610517300285014164e-01 1.115744602495851723e+00 2.183109232661264087e+01
3.554779796288177067e+02 9.612302531728479371e-01 1.115321977281382715e+00 2.194617515525378337e+01
3.560515479458878758e+02 9.614081579100388630e-01 1.114900467729512457e+00 2.206193217614138291e+01
3.566260417228552342e+02 9.615854456186617716e-01 1.114480088831896865e+00 2.217836791729418167e+01
3.572014624529609250e+02 9.617621176928802251e-01 1.114060804120072135e+00 2.229548694209244530e+01
3.577778116318558546e+02 9.619381754034936893e-01 1.113642549615178723e+00 2.241329385358354642e+01
3.583550907576041027e+02 9.621136199516735488e-01 1.113225313311886566e+00 2.253179329332528980e+01
3.589333013306869020e+02 9.622884525758290675e-01 1.112809116194966919e+00 2.265098993865818500e+01
3.595124448540066737e+02 9.624626745467667055e-01 1.112393978402906214e+00 2.277088850315918833e+01
3.600925228328906087e+02 9.626362871699507551e-01 1.111979920802696142e+00 2.289149373689406630e+01
3.606735367750948740e+02 9.628092917855389787e-01 1.111566963984387257e+00 2.301281042673918975e+01
3.612554881908084212e+02 9.629816897675318454e-01 1.111155129749022308e+00 2.313484339673300383e+01
3.618383785926568521e+02 9.631534825284135959e-01 1.110744408326354460e+00 2.325759750824551375e+01
3.624222094957063973e+02 9.633246714167507108e-01 1.110334738321398618e+00 2.338107766369401119e+01
3.630069824174680093e+02 9.634952576596256257e-01 1.109926081876437820e+00 2.350528880885410743e+01
3.635926988779009434e+02 9.636652424929628147e-01 1.109518451904932590e+00 2.363023592895192948e+01
3.641793603994171349e+02 9.638346271884029592e-01 1.109111869323442079e+00 2.375592404812567437e+01
3.647669685068848366e+02 9.640034130512548094e-01 1.108706354539663153e+00 2.388235822983820000e+01
3.653555247276326554e+02 9.641716014210108820e-01 1.108301928162291006e+00 2.400954357720423715e+01
3.659450305914537580e+02 9.643391936714783563e-01 1.107898611066048034e+00 2.413748523333533669e+01
3.665354876306094525e+02 9.645061912115245883e-01 1.107496411899774102e+00 2.426618838166800884e+01
3.671268973798330535e+02 9.646725954464383523e-01 1.107095281393412733e+00 2.439565824779419856e+01
3.677192613763353393e+02 9.648384076368878848e-01 1.106695164946359000e+00 2.452590010524980713e+01
3.683125811598062569e+02 9.650036290232819614e-01 1.106296065292099229e+00 2.465691927124402483e+01
3.689068582724204362e+02 9.651682608791746221e-01 1.105898002515459666e+00 2.478872110500604364e+01
3.695020942588408843e+02 9.653323045117051526e-01 1.105500996838600258e+00 2.492131100814421885e+01
3.700982906662227947e+02 9.654957612616159590e-01 1.105105068662851409e+00 2.505469442502299771e+01
3.706954490442179235e+02 9.656586325038288843e-01 1.104710238892039342e+00 2.518887684312258912e+01
3.712935709449781712e+02 9.658209196484677239e-01 1.104316521606051538e+00 2.532386379338561966e+01
3.718926579231600726e+02 9.659826241186771911e-01 1.103923881670198170e+00 2.545966085158294234e+01
3.724927115359284358e+02 9.661437472199128074e-01 1.103532259443909425e+00 2.559627364447495879e+01
3.730937333429607747e+02 9.663042901944224328e-01 1.103141644988681946e+00 2.573370784793227273e+01
3.736957249064510052e+02 9.664642543210419934e-01 1.102752058878650132e+00 2.587196918299621018e+01
3.742986877911136503e+02 9.666236409101932603e-01 1.102363520741619141e+00 2.601106341650744014e+01
3.749026235641881044e+02 9.667824513059826153e-01 1.101976050842949917e+00 2.615099636143084894e+01
3.755075337954423276e+02 9.669406868861137871e-01 1.101589669582153874e+00 2.629177387728080006e+01
3.761134200571771657e+02 9.670983490624281975e-01 1.101204393974967388e+00 2.643340187050833379e+01
3.767202839242305004e+02 9.672554392698793357e-01 1.100820195099913690e+00 2.657588629548449433e+01
3.773281269739811137e+02 9.674119588346655751e-01 1.100437013076771109e+00 2.671923316161965900e+01
3.779369507863525541e+02 9.675679090096922508e-01 1.100054832831574458e+00 2.686344853214106365e+01
3.785467569438187638e+02 9.677232910783812869e-01 1.099673673359575332e+00 2.700853851933959859e+01
3.791575470314058975e+02 9.678781063568314691e-01 1.099293554416817642e+00 2.715450928491244653e+01
3.797693226366979502e+02 9.680323561940563648e-01 1.098914496062661783e+00 2.730136704039584927e+01
3.803820853498403949e+02 9.681860419727250644e-01 1.098536518089076708e+00 2.744911804757575169e+01
3.809958367635446166e+02 9.683391651076268536e-01 1.098159637997014215e+00 2.759776861903811707e+01
3.816105784730916639e+02 9.684917270400901224e-01 1.097783827665352874e+00 2.774732511895798837e+01
3.822263120763367397e+02 9.686437291014817763e-01 1.097409027870980935e+00 2.789779397154819307e+01
3.828430391737131231e+02 9.687951725527359503e-01 1.097035224431692768e+00 2.804918165938969921e+01
3.834607613682364899e+02 9.689460586850072721e-01 1.096662435975758854e+00 2.820149471810205100e+01
3.840794802655089484e+02 9.690963888212061894e-01 1.096290681943173695e+00 2.835473973674228887e+01
3.846991974737231885e+02 9.692461643170269259e-01 1.095919982150007854e+00 2.850892335823566270e+01
3.853199146036669731e+02 9.693953865611245613e-01 1.095550356805233605e+00 2.866405227986171766e+01
3.859416332687267754e+02 9.695440569761869520e-01 1.095181819984190952e+00 2.882013325369168300e+01
3.865643550848926111e+02 9.696921769987775219e-01 1.094814339739514253e+00 2.897717308845133743e+01
3.871880816707616191e+02 9.698397479559528467e-01 1.094447859984484239e+00 2.913517865833800968e+01
3.878128146475428366e+02 9.699867711132631465e-01 1.094082371062540915e+00 2.929415690049006926e+01
3.884385556390609509e+02 9.701332477714664781e-01 1.093717892859331187e+00 2.945411480908724400e+01
3.890653062717603348e+02 9.702791792619444022e-01 1.093354444431952288e+00 2.961505943619044601e+01
3.896930681747109588e+02 9.704245669487291392e-01 1.092992045272239920e+00 2.977699789215218829e+01
3.903218429796100395e+02 9.705694122278673008e-01 1.092630715882478398e+00 2.993993734621146885e+01
3.909516323207880077e+02 9.707137165312362814e-01 1.092270464469947910e+00 3.010388502673941957e+01
3.915824378352121471e+02 9.708574812843727697e-01 1.091911249343411328e+00 3.026884822504239736e+01
3.922142611624912547e+02 9.710007077928166641e-01 1.091553021451545646e+00 3.043483430477481733e+01
3.928471039448794500e+02 9.711433973326842883e-01 1.091195781154056021e+00 3.060185069570675154e+01
3.934809678272808355e+02 9.712855512143082626e-01 1.090839548279291193e+00 3.076990488943719271e+01
3.941158544572533629e+02 9.714271707793883381e-01 1.090484341976207361e+00 3.093900444020157181e+01
3.947517654850135500e+02 9.715682574017611151e-01 1.090130181393305975e+00 3.110915696538358333e+01
3.953887025634404040e+02 9.717088124866503085e-01 1.089777086346202850e+00 3.128037014617929046e+01
3.960266673480800250e+02 9.718488374735264612e-01 1.089425053739887517e+00 3.145265172794990605e+01
3.966656614971496424e+02 9.719883337616649355e-01 1.089074031496238604e+00 3.162600952743350291e+01
3.973056866715420483e+02 9.721273026314061205e-01 1.088723983770705672e+00 3.180045144052386519e+01
3.979467445348299748e+02 9.722657453735455979e-01 1.088374922602270090e+00 3.197598543156983197e+01
3.985888367532703001e+02 9.724036633095811677e-01 1.088026866798827541e+00 3.215261953221867941e+01
3.992319649958084256e+02 9.725410577926569822e-01 1.087679835488870594e+00 3.233036184196802054e+01
3.998761309340826529e+02 9.726779302076361544e-01 1.087333847985064494e+00 3.250922052880392243e+01
4.005213362424284469e+02 9.728142819716421030e-01 1.086988920244039036e+00 3.268920382980439854e+01
4.011675825978824150e+02 9.729501145230419201e-01 1.086645029044575494e+00 3.287032005293565362e+01
4.018148716801884461e+02 9.730854292098530811e-01 1.086302120446816843e+00 3.305257758914630983e+01
4.024632051717993022e+02 9.732202273051417940e-01 1.085960179623270960e+00 3.323598491169688174e+01
4.031125847578829280e+02 9.733545101139237099e-01 1.085619225118534814e+00 3.342055056603830820e+01
4.037630121263263163e+02 9.734882789707001161e-01 1.085279275321681780e+00 3.360628317075713056e+01
4.044144889677398282e+02 9.736215352414601121e-01 1.084940348987856851e+00 3.379319141808122140e+01
4.050670169754616836e+02 9.737542803228533828e-01 1.084602466079104488e+00 3.398128407469139489e+01
4.057205978455622812e+02 9.738865156468168305e-01 1.084265628409411875e+00 3.417056998188166972e+01
4.063752332768486895e+02 9.740182426191206222e-01 1.083929790924685221e+00 3.436105806349171843e+01
4.070309249708690800e+02 9.741494625339641722e-01 1.083594914238346973e+00 3.455275733683600237e+01
4.076876746319169342e+02 9.742801766770410321e-01 1.083261005160238710e+00 3.474567690158379918e+01
4.083454839670358183e+02 9.744103863671487176e-01 1.082928082864782482e+00 3.493982593567312023e+01
4.090043546860235324e+02 9.745400929533337697e-01 1.082596165884751827e+00 3.513521369640436376e+01
4.096642885014366584e+02 9.746692978157589504e-01 1.082265272653330612e+00 3.533184952108943833e+01
4.103252871285949936e+02 9.747980023645518299e-01 1.081935419128512876e+00 3.552974282798292904e+01
4.109873522855861552e+02 9.749262080332107283e-01 1.081606579346498620e+00 3.572890311796386698e+01
4.116504856932697294e+02 9.750539161537431498e-01 1.081278702122290269e+00 3.592933999225506625e+01
4.123146890752820468e+02 9.751811280023607864e-01 1.080951777618338383e+00 3.613106314739820135e+01
4.129799641580401044e+02 9.753078448833605307e-01 1.080625823277841846e+00 3.633408236483485609e+01
4.136463126707477613e+02 9.754340681308129035e-01 1.080300857332076703e+00 3.653840751150256239e+01
4.143137363453976718e+02 9.755597991093495347e-01 1.079976898205131874e+00 3.674404854056334102e+01
4.149822369167775946e+02 9.756850392140172801e-01 1.079653963960026886e+00 3.695101549226962590e+01
4.156518161224743153e+02 9.758097898693042227e-01 1.079332047937896277e+00 3.715931849499012429e+01
4.163224757028781937e+02 9.759340524525357274e-01 1.079011100969182735e+00 3.736896777799898217e+01
4.169942174011878819e+02 9.760578282369829495e-01 1.078691094962323405e+00 3.757997368145183259e+01
4.176670429634145307e+02 9.761811185148356884e-01 1.078372044165007537e+00 3.779234663840727393e+01
4.183409541383866213e+02 9.763039246071059107e-01 1.078053966362858773e+00 3.800609717420442735e+01
4.190159526777543419e+02 9.764262478648610966e-01 1.077736879597068764e+00 3.822123590718753405e+01
4.196920403359942497e+02 9.765480896688003565e-01 1.077420802956112311e+00 3.843777354972176141e+01
4.203692188704137038e+02 9.766694514330011012e-01 1.077105739514081506e+00 3.865572090846003306e+01
4.210474900411554700e+02 9.767903345508746060e-01 1.076791648261405498e+00 3.887508889490373321e+01
4.217268556112024953e+02 9.769107403106688237e-01 1.076478491622765432e+00 3.909588854169408023e+01
4.224073173463821149e+02 9.770306699906786685e-01 1.076166275689047325e+00 3.931813098691186781e+01
4.230888770153709970e+02 9.771501249011939061e-01 1.075855018963011389e+00 3.954182746763019196e+01
4.237715363896995200e+02 9.772691063815638346e-01 1.075544739126144123e+00 3.976698932145099974e+01
4.244552972437564904e+02 9.773876158005659898e-01 1.075235454374706023e+00 3.999362798741578473e+01
4.251401613547932357e+02 9.775056545576833456e-01 1.074927174598997226e+00 4.022175500676578253e+01
4.258261305029300843e+02 9.776232240557313213e-01 1.074619865257773199e+00 4.045138202957831908e+01
4.265132064711581279e+02 9.777403255884750122e-01 1.074313483624337096e+00 4.068252083908613770e+01
4.272013910453460426e+02 9.778569604272115967e-01 1.074008030891036469e+00 4.091518333540800967e+01
4.278906860142437836e+02 9.779731298722452726e-01 1.073703524584743718e+00 4.114938152611836841e+01
4.285810931694875876e+02 9.780888352527876695e-01 1.073399982352839288e+00 4.138512752733650046e+01
4.292726143056045771e+02 9.782040779274656650e-01 1.073097421851343825e+00 4.162243356470616362e+01
4.299652512200171941e+02 9.783188592838563125e-01 1.072795855139702326e+00 4.186131197461568121e+01
4.306590057130482592e+02 9.784331807213496601e-01 1.072495252724365855e+00 4.210177520938755436e+01
4.313538795879252348e+02 9.785470435374991061e-01 1.072195570417079580e+00 4.234383586545089173e+01
4.320498746507852275e+02 9.786604489953516506e-01 1.071896805855431012e+00 4.258750666904386861e+01
4.327469927106795353e+02 9.787733983877069388e-01 1.071598976458517427e+00 4.283280046232785310e+01
4.334452355795784229e+02 9.788858930351231891e-01 1.071302099348940828e+00 4.307973020504692130e+01
4.341446050723757821e+02 9.789979342870060997e-01 1.071006192491495312e+00 4.332830897546735116e+01
4.348451030068937939e+02 9.791095235231866978e-01 1.070711267013848556e+00 4.357854997120571738e+01
4.355467312038878163e+02 9.792206621308175984e-01 1.070417295142760850e+00 4.383046651669349103e+01
4.362494914870508751e+02 9.793313514049430957e-01 1.070124234226568660e+00 4.408407209161015317e+01
4.369533856830187801e+02 9.794415926009825135e-01 1.069832080678679631e+00 4.433938031843029393e+01
4.376584156213744450e+02 9.795513870052626748e-01 1.069540852172849554e+00 4.459640494468985850e+01
4.383645831346523778e+02 9.796607359314544183e-01 1.069250565511083551e+00 4.485515984528235833e+01
4.390718900583454456e+02 9.797696407214202541e-01 1.068961238343035802e+00 4.511565902355363278e+01
4.397803382309065796e+02 9.798781027470467864e-01 1.068672880571739370e+00 4.537791661202403759e+01
4.404899294937555396e+02 9.799861233840132524e-01 1.068385461647721968e+00 4.564194688190579541e+01
4.412006656912834046e+02 9.800937039104749005e-01 1.068098941535026825e+00 4.590776427638039792e+01
4.419125486708569497e+02 9.802008455784112506e-01 1.067813320205459604e+00 4.617538339031496974e+01
4.426255802828239325e+02 9.803075496683695267e-01 1.067528614711136470e+00 4.644481895472532074e+01
4.433397623805175840e+02 9.804138174885672630e-01 1.067244841846331838e+00 4.671608583843701723e+01
4.440550968202614399e+02 9.805196503749966652e-01 1.066962018639515009e+00 4.698919904946896509e+01
4.447715854613742863e+02 9.806250496920770887e-01 1.066680151641321572e+00 4.726417373626694740e+01
4.454892301661750480e+02 9.807300167989635442e-01 1.066399205482866819e+00 4.754102520127685239e+01
4.462080327999873361e+02 9.808345529509520100e-01 1.066119144642470928e+00 4.781976893831733832e+01
4.469279952311446209e+02 9.809386593975389923e-01 1.065839975081416924e+00 4.810042059945769211e+01
4.476491193309949495e+02 9.810423374152020815e-01 1.065561713281567791e+00 4.838299598483071406e+01
4.483714069739057777e+02 9.811455883078282758e-01 1.065284375886221824e+00 4.866751104404330874e+01
4.490948600372688588e+02 9.812484134068069075e-01 1.065007979565962160e+00 4.895398187769642107e+01
4.498194804015051318e+02 9.813508140710414107e-01 1.064732522817394056e+00 4.924242473904178752e+01
4.505452699500697236e+02 9.814527916295617826e-01 1.064457965906058234e+00 4.953285605934182456e+01
4.512722305694560987e+02 9.815543473181881362e-01 1.064184282136920956e+00 4.982529247625497248e+01
4.520003641492032216e+02 9.816554823839583888e-01 1.063911482838193479e+00 5.011975079288513513e+01
4.527296725818972618e+02 9.817561981007385530e-01 1.063639584323482268e+00 5.041624797306818095e+01
4.534601577631786995e+02 9.818564957693768358e-01 1.063368603036451532e+00 5.071480114304691256e+01
4.541918215917464750e+02 9.819563767179672054e-01 1.063098554151565622e+00 5.101542759310965636e+01
4.549246659693633887e+02 9.820558422975917967e-01 1.062829423509356275e+00 5.131814478131718715e+01
4.556586928008604787e+02 9.821548937939010848e-01 1.062561169940636319e+00 5.162297037743896055e+01
4.563939039941424198e+02 9.822535324301466808e-01 1.062293780187701486e+00 5.192992226418096635e+01
4.571303014601922996e+02 9.823517594522888086e-01 1.062027269127156615e+00 5.223901849894792804e+01
4.578678871130765060e+02 9.824495761327808330e-01 1.061761652825225610e+00 5.255027731398270419e+01
4.586066628699499006e+02 9.825469837705503862e-01 1.061496947658270074e+00 5.286371711818662789e+01
4.593466306510605932e+02 9.826439836920171089e-01 1.061233162943608477e+00 5.317935649844888957e+01
4.600877923797552285e+02 9.827405772277719720e-01 1.060970269993504189e+00 5.349721423433191347e+01
4.608301499824835332e+02 9.828367656157183108e-01 1.060708233108016429e+00 5.381730935348041811e+01
4.615737053888038872e+02 9.829325500757168932e-01 1.060447054157066304e+00 5.413966109379953195e+01
4.623184605313877000e+02 9.830279318536799815e-01 1.060186749021340802e+00 5.446428888146487424e+01
4.630644173460250954e+02 9.831229122217942651e-01 1.059927333500127133e+00 5.479121233278756620e+01
4.638115777716293451e+02 9.832174924780515690e-01 1.059668823326319398e+00 5.512045125655895816e+01
4.645599437502419278e+02 9.833116739465193046e-01 1.059411213857401890e+00 5.545202565600420286e+01
4.653095172270391231e+02 9.834054579126195739e-01 1.059154466664494976e+00 5.578595577181571485e+01
4.660603001503344558e+02 9.834988455809126062e-01 1.058898561063870147e+00 5.612226211183500624e+01
4.668122944715853464e+02 9.835918381734171101e-01 1.058643509729336074e+00 5.646096539195254849e+01
4.675655021453982272e+02 9.836844369368138441e-01 1.058389328046359878e+00 5.680208653382748452e+01
4.683199251295330328e+02 9.837766431438258463e-01 1.058136032115271519e+00 5.714564666624540479e+01
4.690755653849087139e+02 9.838684580941229330e-01 1.057883631589447759e+00 5.749166712681571312e+01
4.698324248756081829e+02 9.839598830930155193e-01 1.057632102157185727e+00 5.784016947970400935e+01
4.705905055688833727e+02 9.840509193652282605e-01 1.057381408837500203e+00 5.819117558095281595e+01
4.713498094351604664e+02 9.841415681072943622e-01 1.057131550855501700e+00 5.854470754406781907e+01
4.721103384480448995e+02 9.842318305434279990e-01 1.056882544125528511e+00 5.890078770219222548e+01
4.728720945843265326e+02 9.843217079224924060e-01 1.056634403754287632e+00 5.925943861281064784e+01
4.736350798239849382e+02 9.844112015184797171e-01 1.056387145174994657e+00 5.962068305997930651e+01
4.743992961501941750e+02 9.845003126310836183e-01 1.056140760298603709e+00 5.998454405623663632e+01
4.751647455493283587e+02 9.845890425106216259e-01 1.055895212407904182e+00 6.035104490795036725e+01
4.759314300109666647e+02 9.846773923423864927e-01 1.055650485505793768e+00 6.072020923230497402e+01
4.766993515278983296e+02 9.847653633278882213e-01 1.055406592150120559e+00 6.109206089291139818e+01
4.774685120961281655e+02 9.848529566940673607e-01 1.055163547552638192e+00 6.146662399490005413e+01
4.782389137148813347e+02 9.849401736924930928e-01 1.054921367197039217e+00 6.184392288818257555e+01
4.790105583866085226e+02 9.850270156010385580e-01 1.054680056185134163e+00 6.222398216860474918e+01
4.797834481169927585e+02 9.851134836893169489e-01 1.054439584358078719e+00 6.260682671394615539e+01
4.805575849149516898e+02 9.851995791414541737e-01 1.054199923470605427e+00 6.299248176207826333e+01
4.813329707926450851e+02 9.852853031393488115e-01 1.053961079928740219e+00 6.338097283519845604e+01
4.821096077654792111e+02 9.853706568892188766e-01 1.053723068694125686e+00 6.377232571726492694e+01
4.828874978521122330e+02 9.854556416221719184e-01 1.053485904699755338e+00 6.416656645634603251e+01
4.836666430744594436e+02 9.855402585935724158e-01 1.053249599342052534e+00 6.456372136825551422e+01
4.844470454576986640e+02 9.856245090724595759e-01 1.053014132943644654e+00 6.496381705142789542e+01
4.852287070302751317e+02 9.857083942535742604e-01 1.052779471495341568e+00 6.536688048812330010e+01
4.860116298239072421e+02 9.857919152998457779e-01 1.052545612306403200e+00 6.577293900213769007e+01
4.867958158735913798e+02 9.858750733991992199e-01 1.052312570106550993e+00 6.618202019947436554e+01
4.875812672176075466e+02 9.859578697629981514e-01 1.052080359504088847e+00 6.659415197332376124e+01
4.883679858975244770e+02 9.860403056272251110e-01 1.051848993989551673e+00 6.700936250603491828e+01
4.891559739582050952e+02 9.861223822477667156e-01 1.051618463159684325e+00 6.742768027852687851e+01
4.899452334478116882e+02 9.862041008293099820e-01 1.051388732673785853e+00 6.784913416462160285e+01
4.907357664178112486e+02 9.862854625204644510e-01 1.051159791184090864e+00 6.827375344257805523e+01
4.915275749229808184e+02 9.863664684915538494e-01 1.050931652332565136e+00 6.870156770019065107e+01
4.923206610214128887e+02 9.864471199361231069e-01 1.050704330296412081e+00 6.913260683650173632e+01
4.931150267745202882e+02 9.865274180711475216e-01 1.050477839838549698e+00 6.956690106529157447e+01
4.939106742470433460e+02 9.866073641386756687e-01 1.050252176200501708e+00 7.000448091611762891e+01
4.947076055070523921e+02 9.866869593422326057e-01 1.050027306884203426e+00 7.044537733170412253e+01
4.955058226259551475e+02 9.867662048223134752e-01 1.049803215521478705e+00 7.088962170980305189e+01
4.963053276785015555e+02 9.868451017320627461e-01 1.049579913171328371e+00 7.133724579707073588e+01
4.971061227427891822e+02 9.869236512486700974e-01 1.049357414079622686e+00 7.178828167633689361e+01
4.979082099002687301e+02 9.870018545720954384e-01 1.049135732820104749e+00 7.224276177230974838e+01
4.987115912357492675e+02 9.870797129273957138e-01 1.048914868878455309e+00 7.270071885162241188e+01
4.995162688374036293e+02 9.871572275144797626e-01 1.048694791648813407e+00 7.316218611223213486e+01
5.003222447967742141e+02 9.872343994627533759e-01 1.048475481448804203e+00 7.362719726672929710e+01
5.011295212087778168e+02 9.873112299111300727e-01 1.048256947960453545e+00 7.409578641253347087e+01
5.019381001717116533e+02 9.873877200212882732e-01 1.048039205138138641e+00 7.456798801356659112e+01
5.027479837872585335e+02 9.874638709779828272e-01 1.047822267029459908e+00 7.504383690405147433e+01
5.035591741604922618e+02 9.875396839890565603e-01 1.047606135302885377e+00 7.552336829274815955e+01
5.043716733998833206e+02 9.876151602460835344e-01 1.047390780926434672e+00 7.600661784485244254e+01
5.051854836173041008e+02 9.876903008661402916e-01 1.047176182673410949e+00 7.649362180254964017e+01
5.060006069280346424e+02 9.877651069748107915e-01 1.046962349708792317e+00 7.698441682906292272e+01
5.068170454507680347e+02 9.878395797197535577e-01 1.046749295655899914e+00 7.747903998696942551e+01
5.076348013076157599e+02 9.879137202713098587e-01 1.046537034494576801e+00 7.797752874171391113e+01
5.084538766241129792e+02 9.879875298230399450e-01 1.046325567294388748e+00 7.847992096546597907e+01
5.092742735292259795e+02 9.880610095501330958e-01 1.046114866034713486e+00 7.898625503590831443e+01
5.100959941553545036e+02 9.881341605585097776e-01 1.045904910472472693e+00 7.949656995848265240e+01
5.109190406383394816e+02 9.882069839603976336e-01 1.045695709322444600e+00 8.001090520304585141e+01
5.117434151174682029e+02 9.882794808908220707e-01 1.045487276171115809e+00 8.052930067205070941e+01
5.125691197354796032e+02 9.883516525066161629e-01 1.045279624951490405e+00 8.105179670836193395e+01
5.133961566385698916e+02 9.884234999885089801e-01 1.045072754479861032e+00 8.157843409491312059e+01
5.142245279763983490e+02 9.884950244909760375e-01 1.044866636623737577e+00 8.210925419087720911e+01
5.150542359020926142e+02 9.885662271066343321e-01 1.044661254016773455e+00 8.264429903295037150e+01
5.158852825722545958e+02 9.886371089360656006e-01 1.044456615898980090e+00 8.318361116144480150e+01
5.167176701469657019e+02 9.887076711026211440e-01 1.044252735654936259e+00 8.372723358771908408e+01
5.175514007897927513e+02 9.887779147508038990e-01 1.044049626731066382e+00 8.427520980412575113e+01
5.183864766677936586e+02 9.888478410480936454e-01 1.043847284565345035e+00 8.482758378423412182e+01
5.192228999515226633e+02 9.889174511258143063e-01 1.043645680312693003e+00 8.538440016720166170e+01
5.200606728150363551e+02 9.889867460609721439e-01 1.043444800861834665e+00 8.594570432248491443e+01
5.208997974358991314e+02 9.890557269444636423e-01 1.043244656967090123e+00 8.651154215302452144e+01
5.217402759951889948e+02 9.891243948887969983e-01 1.043045261617862707e+00 8.708196007796739480e+01
5.225821106775031240e+02 9.891927510275040358e-01 1.042846627017297578e+00 8.765700504092097844e+01
5.234253036709629896e+02 9.892607965132285130e-01 1.042648743683457724e+00 8.823672452311659242e+01
5.242698571672221988e+02 9.893285324505983747e-01 1.042451582903140661e+00 8.882116678457011005e+01
5.251157733614692233e+02 9.893959599021036055e-01 1.042255137189386005e+00 8.941038085497702070e+01
5.259630544524347897e+02 9.894630799497742268e-01 1.042059418753979116e+00 9.000441632740738385e+01
5.268117026423974494e+02 9.895298936962182434e-01 1.041864440432163974e+00 9.060332336153832955e+01
5.276617201371890360e+02 9.895964022655627801e-01 1.041670211629934784e+00 9.120715268737211545e+01
5.285131091462006907e+02 9.896626067916195479e-01 1.041476716547549586e+00 9.181595566023437982e+01
5.293658718823883191e+02 9.897285083494167246e-01 1.041283928946086235e+00 9.242978454502762986e+01
5.302200105622785031e+02 9.897941079903966877e-01 1.041091847983352636e+00 9.304869238688701216e+01
5.310755274059740714e+02 9.898594067880953640e-01 1.040900486514601653e+00 9.367273283637817372e+01
5.319324246371603522e+02 9.899244058360854304e-01 1.040709857476940670e+00 9.430196016549962224e+01
5.327907044831101757e+02 9.899891062503003436e-01 1.040519964869417890e+00 9.493642926569339124e+01
5.336503691746905815e+02 9.900535091382444142e-01 1.040330786546292074e+00 9.557619579808752519e+01
5.345114209463677071e+02 9.901176155464556095e-01 1.040142302173080679e+00 9.622131644961544339e+01
5.353738620362133815e+02 9.901814265188013664e-01 1.039954517386831867e+00 9.687184867511230379e+01
5.362376946859102418e+02 9.902449431209219277e-01 1.039767444885001169e+00 9.752785059282675206e+01
5.371029211407583261e+02 9.903081664382746840e-01 1.039581097104473884e+00 9.818938100255584800e+01
5.379695436496801904e+02 9.903710975772783698e-01 1.039395469440933084e+00 9.885649938755764765e+01
5.388375644652264782e+02 9.904337376098515389e-01 1.039210535950132908e+00 9.952926622223151298e+01
5.397069858435842207e+02 9.904960875608335158e-01 1.039026285720410669e+00 1.002077430547881818e+02
5.405778100445791097e+02 9.905581484684612414e-01 1.038842728993131459e+00 1.008919921955717740e+02
5.414500393316834561e+02 9.906199213913100543e-01 1.038659878035105066e+00 1.015820766885088204e+02
5.423236759720221016e+02 9.906814074078115206e-01 1.038477742246868729e+00 1.022780603229575007e+02
5.431987222363774208e+02 9.907426076076051302e-01 1.038296306450774864e+00 1.029800076971005325e+02
5.440751803991961424e+02 9.908035230218179557e-01 1.038115546417429869e+00 1.036879846644556693e+02
5.449530527385946925e+02 9.908641546638918829e-01 1.037935462334189651e+00 1.044020580978910289e+02
5.458323415363653339e+02 9.909245035665951162e-01 1.037756066030851798e+00 1.051222956703037994e+02
5.467130490779818501e+02 9.909845707821500760e-01 1.037577369499558699e+00 1.058487658641615781e+02
5.475951776526057984e+02 9.910443573826105412e-01 1.037399373816242587e+00 1.065815379791491893e+02
5.484787295530923075e+02 9.911038644246812357e-01 1.037222055671463750e+00 1.073206823975741599e+02
5.493637070759961034e+02 9.911630929071015839e-01 1.037045399619273667e+00 1.080662709086630571e+02
5.502501125215774209e+02 9.912220438383180232e-01 1.036869414342163509e+00 1.088183762375135757e+02
5.511379481938079152e+02 9.912807182457649136e-01 1.036694111650831474e+00 1.095770719899056331e+02
5.520272164003768012e+02 9.913391171765780774e-01 1.036519500959457218e+00 1.103424326582319281e+02
5.529179194526967649e+02 9.913972416892370410e-01 1.036345570478715672e+00 1.111145337038749261e+02
5.538100596659098755e+02 9.914550927942553660e-01 1.036172296648601332e+00 1.118934520660049969e+02
5.547036393588939518e+02 9.915126714759180393e-01 1.035999677213112591e+00 1.126792660016779735e+02
5.555986608542676777e+02 9.915699787385081621e-01 1.035827723894726660e+00 1.134720547150067489e+02
5.564951264783987881e+02 9.916270156046851358e-01 1.035656448432291654e+00 1.142718983843141700e+02
5.573930385614073657e+02 9.916837831171543272e-01 1.035485850879467762e+00 1.150788781597124881e+02
5.582923994371733443e+02 9.917402822997178902e-01 1.035315909240125620e+00 1.158930765520407249e+02
5.591932114433427614e+02 9.917965141258210382e-01 1.035146609774528770e+00 1.167145777590754676e+02
5.600954769213331019e+02 9.918524795763373758e-01 1.034977960552168952e+00 1.175434671279001009e+02
5.609991982163400053e+02 9.919081796514047644e-01 1.034809973343726597e+00 1.183798310561325593e+02
5.619043776773430636e+02 9.919636153703914605e-01 1.034642656097730651e+00 1.192237570042435948e+02
5.628110176571120746e+02 9.920187877597426152e-01 1.034475994453259773e+00 1.200753336457454594e+02
5.637191205122127258e+02 9.920736977938945378e-01 1.034309967317312839e+00 1.209346515485484588e+02
5.646286886030134156e+02 9.921283464328410906e-01 1.034144575733989768e+00 1.218018027821051845e+02
5.655397242936909379e+02 9.921827346552491989e-01 1.033979830844600656e+00 1.226768805640705864e+02
5.664522299522366211e+02 9.922368634575721158e-01 1.033815743658124120e+00 1.235599792855829833e+02
5.673662079504625808e+02 9.922907338545260414e-01 1.033652309287390381e+00 1.244511945207720771e+02
5.682816606640080863e+02 9.923443468278402291e-01 1.033489505186935276e+00 1.253506237105093817e+02
5.691985904723452450e+02 9.923977033210986676e-01 1.033327323697903921e+00 1.262583662607080299e+02
5.701169997587854823e+02 9.924508042924208295e-01 1.033165774644203339e+00 1.271745228803331713e+02
5.710368909104861359e+02 9.925036507176276945e-01 1.033004869030264672e+00 1.280991955569643608e+02
5.719582663184552302e+02 9.925562435908419356e-01 1.032844610046595335e+00 1.290324875654666812e+02
5.728811283775605716e+02 9.926085838989262555e-01 1.032684978344150295e+00 1.299745038723717130e+02
5.738054794865325903e+02 9.926606725750328764e-01 1.032525958527457988e+00 1.309253518656573192e+02
5.747313220479722986e+02 9.927125105576668496e-01 1.032367557510951883e+00 1.318851404939725853e+02
5.756586584683575438e+02 9.927640988028859637e-01 1.032209786155362963e+00 1.328539801023247549e+02
5.765874911580492608e+02 9.928154382847186321e-01 1.032052651700269053e+00 1.338319824443525476e+02
5.775178225312970426e+02 9.928665299831757052e-01 1.031896140606022527e+00 1.348192609135228111e+02
5.784496550062464166e+02 9.929173748298311120e-01 1.031740233473101398e+00 1.358159315209688032e+02
5.793829910049444152e+02 9.929679737434918829e-01 1.031584931842644437e+00 1.368221123088597722e+02
5.803178329533458282e+02 9.930183276614453769e-01 1.031430246681338758e+00 1.378379228274253023e+02
5.812541832813201381e+02 9.930684375383398432e-01 1.031276187130970357e+00 1.388634841768296155e+02
5.821920444226572044e+02 9.931183043414628653e-01 1.031122745234370086e+00 1.398989191254330251e+02
5.831314188150739710e+02 9.931679290008113004e-01 1.030969900378295279e+00 1.409443531483003653e+02
5.840723089002207189e+02 9.932173124185500468e-01 1.030817648899301275e+00 1.419999142780824286e+02
5.850147171236870918e+02 9.932664555137205031e-01 1.030666001056033565e+00 1.430657322276064178e+02
5.859586459350090308e+02 9.933153592220335115e-01 1.030514967105773394e+00 1.441419384207656265e+02
5.869040977876745728e+02 9.933640244960841859e-01 1.030364543316409254e+00 1.452286660093735975e+02
5.878510751391307849e+02 9.934124522604037555e-01 1.030214709515803406e+00 1.463260509592065546e+02
5.887995804507889943e+02 9.934606434038220080e-01 1.030065458190165373e+00 1.474342322762338426e+02
5.897496161880338832e+02 9.935085988275736968e-01 1.029916798172962444e+00 1.485533509128563026e+02
5.907011848202264446e+02 9.935563194494594352e-01 1.029768740015242656e+00 1.496835496965933032e+02
5.916542888207125088e+02 9.936038062051810726e-01 1.029621283348660654e+00 1.508249733175178164e+02
5.926089306668286554e+02 9.936510600120841419e-01 1.029474409181602823e+00 1.519777693491845980e+02
5.935651128399085792e+02 9.936980817458404003e-01 1.029328107021228789e+00 1.531420889371805742e+02
5.945228378252899120e+02 9.937448722909384413e-01 1.029182384495470615e+00 1.543180854651592426e+02
5.954821081123201338e+02 9.937914325481373989e-01 1.029037251826594002e+00 1.555059143779155022e+02
5.964429261943635083e+02 9.938377634353194878e-01 1.028892711129174131e+00 1.567057331839939138e+02
5.974052945688072214e+02 9.938838658607090926e-01 1.028748744711720065e+00 1.579177023372163831e+02
5.983692157370682025e+02 9.939297406862683815e-01 1.028605339942714636e+00 1.591419864570859772e+02
5.993346922045993779e+02 9.939753887804850807e-01 1.028462503609716805e+00 1.603787527017382217e+02
6.003017264808961500e+02 9.940208110277095610e-01 1.028320245562554192e+00 1.616281705035432026e+02
6.012703210795031055e+02 9.940660083286065873e-01 1.028178569134070131e+00 1.628904115872702789e+02
6.022404785180206090e+02 9.941109815788594650e-01 1.028037457836035173e+00 1.641656507921232446e+02
6.032122013181108287e+02 9.941557316270295264e-01 1.027896897984646785e+00 1.654540676854098535e+02
6.041854920055051252e+02 9.942002593256531462e-01 1.027756895568472828e+00 1.667558447350285178e+02
6.051603531100098508e+02 9.942445655431005891e-01 1.027617460385499726e+00 1.680711669098156449e+02
6.061367871655132831e+02 9.942886511639018599e-01 1.027478595809498074e+00 1.694002217034280307e+02
6.071147967099915377e+02 9.943325170678707359e-01 1.027340286188973550e+00 1.707432000705094879e+02
6.080943842855178900e+02 9.943761640900682375e-01 1.027202517839214124e+00 1.721002982023655932e+02
6.090755524382650492e+02 9.944195930671265726e-01 1.027065296068940370e+00 1.734717156111400698e+02
6.100583037185148214e+02 9.944628048517137886e-01 1.026928630788916053e+00 1.748576545539728784e+02
6.110426406806640216e+02 9.945058003128027790e-01 1.026792524743086688e+00 1.762583200591869854e+02
6.120285658832307263e+02 9.945485803124582969e-01 1.026656962439119525e+00 1.776739211222284780e+02
6.130160818888615495e+02 9.945911456706599818e-01 1.026521930948547379e+00 1.791046725274468372e+02
6.140051912643376681e+02 9.946334972086793291e-01 1.026387435442757123e+00 1.805507927677811608e+02
6.149958965805819844e+02 9.946756357636397095e-01 1.026253485793858999e+00 1.820125033728926098e+02
6.159882004126657193e+02 9.947175621890118613e-01 1.026120083658042859e+00 1.834900289189269529e+02
6.169821053398145523e+02 9.947592773278062239e-01 1.025987213080043148e+00 1.849835986205601159e+02
6.179776139454162376e+02 9.948007819829870479e-01 1.025854862477444840e+00 1.864934481279822478e+02
6.189747288170267439e+02 9.948420769610474279e-01 1.025723037521856895e+00 1.880198170974871914e+02
6.199734525463770751e+02 9.948831630836738604e-01 1.025591747773432871e+00 1.895629485735652224e+02
6.209737877293798647e+02 9.949240411885377222e-01 1.025460993241722463e+00 1.911230889774954562e+02
6.219757369661364237e+02 9.949647120979301373e-01 1.025330757215215272e+00 1.927004902639519912e+02
6.229793028609434486e+02 9.950051765965477468e-01 1.025201030051903217e+00 1.942954115170928731e+02
6.239844880222996153e+02 9.950454354763396125e-01 1.025071818330161477e+00 1.959081160365975904e+02
6.249912950629117177e+02 9.950854895436256342e-01 1.024943131028521748e+00 1.975388709170308630e+02
6.259997265997042177e+02 9.951253396196458878e-01 1.024814965750010742e+00 1.991879470588747267e+02
6.270097852538220877e+02 9.951649865035909759e-01 1.024687305164661666e+00 2.008556221129584287e+02
6.280214736506401323e+02 9.952044309617061879e-01 1.024560142247537442e+00 2.025421814557662401e+02
6.290347944197693550e+02 9.952436737712068160e-01 1.024433484563815000e+00 2.042479148588728322e+02
6.300497501950634387e+02 9.952827157230866861e-01 1.024307340144787304e+00 2.059731163382422494e+02
6.310663436146262484e+02 9.953215576208187532e-01 1.024181703322938120e+00 2.077180843376714563e+02
6.320845773208176297e+02 9.953602002377490710e-01 1.024056556781488325e+00 2.094831256617469535e+02
6.331044539602615941e+02 9.953986443223717950e-01 1.023931896831527411e+00 2.112685551377934985e+02
6.341259761838520035e+02 9.954368906367101477e-01 1.023807731785382202e+00 2.130746922432679185e+02
6.351491466467603004e+02 9.954749399563984635e-01 1.023684068002694403e+00 2.149018611686434213e+02
6.361739680084417614e+02 9.955127930643320466e-01 1.023560895950595295e+00 2.167503915697704144e+02
6.372004429326429999e+02 9.955504507060880526e-01 1.023438199500560586e+00 2.186206233298185282e+02
6.382285740874084468e+02 9.955879136133533036e-01 1.023315978683513094e+00 2.205129042609646319e+02
6.392583641450877394e+02 9.956251825322894877e-01 1.023194242194222170e+00 2.224275872389527251e+02
6.402898157823419751e+02 9.956622582229204266e-01 1.023072993461937585e+00 2.243650303424314814e+02
6.413229316801513278e+02 9.956991414428747467e-01 1.022952219119360961e+00 2.263255989127153782e+02
6.423577145238218691e+02 9.957358329097995009e-01 1.022831905874681979e+00 2.283096702268062472e+02
6.433941670029920488e+02 9.957723333391814702e-01 1.022712057309945521e+00 2.303176290948316307e+02
6.444322918116398569e+02 9.958086434606000514e-01 1.022592681895275746e+00 2.323498659965539161e+02
6.454720916480919186e+02 9.958447640171554927e-01 1.022473778496078012e+00 2.344067772457426884e+02
6.465135692150263367e+02 9.958806957352439593e-01 1.022355330955633690e+00 2.364887692947573612e+02
6.475567272194831503e+02 9.959164393066111121e-01 1.022237330590087367e+00 2.385962614291707666e+02
6.486015683728700196e+02 9.959519954302520350e-01 1.022119783712696517e+00 2.407296800898774904e+02
6.496480953909695018e+02 9.959873648185894046e-01 1.022002697426614759e+00 2.428894581179094985e+02
6.506963109939459855e+02 9.960225481938298486e-01 1.021886064625505242e+00 2.450760354247990733e+02
6.517462179063530812e+02 9.960575462460404816e-01 1.021769868658793712e+00 2.472898658640137057e+02
6.527978188571405553e+02 9.960923596444644090e-01 1.021654106613823387e+00 2.495314156496848454e+02
6.538511165796610385e+02 9.961269890702417751e-01 1.021538786256314779e+00 2.518011582595073037e+02
6.549061138116777556e+02 9.961614352179423149e-01 1.021423911215151747e+00 2.540995742718748147e+02
6.559628132953712338e+02 9.961956987807514263e-01 1.021309468339950399e+00 2.564271542055926147e+02
6.570212177773465783e+02 9.962297804114775834e-01 1.021195443754550070e+00 2.587844059222921942e+02
6.580813300086406343e+02 9.962636807592070154e-01 1.021081839998714713e+00 2.611718481250464947e+02
6.591431527447289227e+02 9.962974004852895860e-01 1.020968664771771728e+00 2.635900075428922378e+02
6.602066887455331425e+02 9.963309402639040080e-01 1.020855915394349722e+00 2.660394189276423162e+02
6.612719407754278791e+02 9.963643007482004821e-01 1.020743574794323649e+00 2.685206323310879952e+02
6.623389116032484480e+02 9.963974825579892114e-01 1.020631635035897489e+00 2.710342160008276551e+02
6.634076040022968073e+02 9.964304863213385710e-01 1.020520102198588575e+00 2.735807478313052457e+02
6.644780207503517886e+02 9.964633126779429695e-01 1.020408981645232416e+00 2.761608147974583858e+02
6.655501646296719400e+02 9.964959622734541611e-01 1.020298262437790981e+00 2.787750144494804090e+02
6.666240384270060986e+02 9.965284357128473269e-01 1.020187927682400186e+00 2.814239662459463034e+02
6.676996449335993020e+02 9.965607335879428375e-01 1.020077976789252716e+00 2.841083053333103976e+02
6.687769869452002922e+02 9.965928565021777707e-01 1.019968416831034119e+00 2.868286768363564647e+02
6.698560672620689047e+02 9.966248050704316075e-01 1.019859246659052587e+00 2.895857360563643397e+02
6.709368886889831174e+02 9.966565798928148645e-01 1.019750448203922133e+00 2.923801555529137204e+02
6.720194540352465538e+02 9.966881815265747901e-01 1.019642009656308801e+00 2.952126328535833863e+02
6.731037661146956452e+02 9.967196105342726042e-01 1.019533935983872652e+00 2.980838781023600745e+02
6.741898277457069071e+02 9.967508674894398624e-01 1.019426231909164926e+00 3.009946127605048787e+02
6.752776417512044418e+02 9.967819529701286152e-01 1.019318884956192051e+00 3.039455715749230080e+02
6.763672109586671013e+02 9.968128675101711744e-01 1.019211874142456509e+00 3.069375162709529263e+02
6.774585382001361040e+02 9.968436116206071951e-01 1.019105195840893430e+00 3.099712300564218026e+02
6.785516263122218561e+02 9.968741858239501541e-01 1.018998856749021797e+00 3.130475084420298231e+02
6.796464781361120231e+02 9.969045906530575873e-01 1.018892851755026641e+00 3.161671597661018041e+02
6.807430965175782376e+02 9.969348266143480686e-01 1.018787153823268454e+00 3.193310148797872330e+02
6.818414843069842846e+02 9.969648941542180731e-01 1.018681744442346826e+00 3.225399362200692508e+02
6.829416443592916721e+02 9.969947937199590271e-01 1.018576627256152278e+00 3.257948025029853625e+02
6.840435795340712275e+02 9.970245257699621444e-01 1.018471803246029594e+00 3.290965063760875182e+02
6.851472926955052571e+02 9.970540907549646503e-01 1.018367242085787439e+00 3.324459585241964419e+02
6.862527867123980059e+02 9.970834890362892944e-01 1.018262902674905490e+00 3.358441049678119725e+02
6.873600644581830466e+02 9.971127209330036267e-01 1.018158774833409552e+00 3.392919178096501582e+02
6.884691288109298739e+02 9.971417867740052232e-01 1.018054863967336132e+00 3.427903847265932313e+02
6.895799826533519763e+02 9.971706868959713255e-01 1.017951141077901411e+00 3.463405096034393296e+02
6.906926288728141117e+02 9.971994215349562207e-01 1.017847534209067817e+00 3.499433292145886867e+02
6.918070703613396972e+02 9.972279907968353285e-01 1.017744000815127947e+00 3.535999182857976848e+02
6.929233100156186538e+02 9.972563947812741469e-01 1.017640541952459898e+00 3.573113711626964459e+02
6.940413507370147954e+02 9.972846335977335608e-01 1.017537145051392145e+00 3.610787996230032491e+02
6.951611954315729918e+02 9.973127073057150849e-01 1.017433738765248563e+00 3.649033423618331540e+02
6.962828470100273535e+02 9.973406157857631626e-01 1.017330251794192009e+00 3.687861854837129272e+02
6.974063083878085081e+02 9.973683588685772206e-01 1.017226670207946881e+00 3.727285431548633596e+02
6.985315824850509898e+02 9.973959363901155895e-01 1.017122996860052808e+00 3.767316495276910473e+02
6.996586722266009701e+02 9.974233481903601595e-01 1.017019234352119383e+00 3.807967611338155507e+02
7.007875805420243296e+02 9.974505941137653542e-01 1.016915385147058259e+00 3.849251849597613386e+02
7.019183103656132516e+02 9.974776740083592941e-01 1.016811453198442905e+00 3.891182692391539604e+02
7.030508646363947491e+02 9.975045877314335785e-01 1.016707440501249948e+00 3.933773853719937392e+02
7.041852462981373719e+02 9.975313351375624249e-01 1.016603511363427970e+00 3.977039273003371704e+02
7.053214582993614385e+02 9.975579166119264984e-01 1.016500077103501098e+00 4.020993346629952043e+02
7.064595035933425606e+02 9.975843333304827976e-01 1.016397411736761569e+00 4.065651047887034792e+02
7.075993851381224431e+02 9.976105865589215416e-01 1.016295548444304586e+00 4.111027633291290613e+02
7.087411058965154780e+02 9.976366775802320008e-01 1.016194603977965016e+00 4.157138615286610843e+02
7.098846688361165889e+02 9.976626080355947002e-01 1.016095074254280917e+00 4.203999891474124411e+02
7.110300769293089616e+02 9.976883808015972743e-01 1.015997437618807453e+00 4.251628076338505480e+02
7.121773331532717748e+02 9.977139990567404082e-01 1.015901802564712852e+00 4.300040166139882558e+02
7.133264404899880446e+02 9.977394660269733873e-01 1.015808272895810660e+00 4.349253447295590718e+02
7.144774019262519005e+02 9.977647852251360083e-01 1.015717602595032076e+00 4.399285554279933876e+02
7.156302204536771114e+02 9.977899623004496954e-01 1.015630803201474919e+00 4.450154896961727786e+02
7.167848990687042487e+02 9.978150040167842461e-01 1.015548230453077849e+00 4.501880435759062493e+02
7.179414407726086438e+02 9.978399171677608814e-01 1.015469811824914359e+00 4.554481452587722856e+02
7.190998485715084598e+02 9.978647082857926565e-01 1.015393489167763619e+00 4.607977581725843379e+02
7.202601254763719680e+02 9.978893775528664412e-01 1.015315389873194363e+00 4.662389226063969545e+02
7.214222745030258466e+02 9.979139190587499320e-01 1.015233584485031315e+00 4.717737551892371357e+02
7.225862986721627976e+02 9.979383267851177353e-01 1.015148067986956448e+00 4.774044093369553252e+02
7.237522010093495055e+02 9.979625948044805739e-01 1.015062059327647148e+00 4.831330763925900555e+02
7.249199845450335715e+02 9.979867274414665479e-01 1.014983851844590390e+00 4.889620215481931496e+02
7.260896523145546553e+02 9.980107454195966676e-01 1.014919004107014189e+00 4.948936071943854245e+02
7.272612073581476579e+02 9.980346709291206819e-01 1.014868144402498729e+00 5.009302408626935517e+02
7.284346527209537498e+02 9.980585267171667718e-01 1.014820497355231055e+00 5.070743715150150024e+02
7.296099914530274191e+02 9.980823003483187961e-01 1.014739119682417368e+00 5.133285207330712865e+02
7.307872266093444296e+02 9.981058958390365277e-01 1.014593066315683245e+00 5.196953260804205001e+02
7.319663612498097791e+02 9.981292012878172359e-01 1.014376583673765708e+00 5.261774839221872071e+02
7.331473984392657712e+02 9.981521021984472997e-01 1.014108247917192784e+00 5.327777360511341840e+02
7.343303412474997458e+02 9.981745463544506869e-01 1.013871370435026620e+00 5.394988961458851691e+02
7.355151927492523782e+02 9.981966870254851409e-01 1.013749650519002898e+00 5.463439063572872101e+02
7.367019560242251828e+02 9.982187410363531077e-01 1.013763638817636092e+00 5.533157842840554395e+02
7.378906341570890390e+02 9.982409277486730126e-01 1.013892365624997183e+00 5.604175978668117750e+02
7.390812302374919227e+02 9.982633966222224098e-01 1.014015207364991511e+00 5.676524896820369577e+02
7.402737473600669773e+02 9.982859793047926811e-01 1.013991524681841838e+00 5.750237509434919048e+02
7.414681886244406996e+02 9.983083731587669707e-01 1.013779102705029800e+00 5.825347697998867034e+02
7.426645571352405568e+02 9.983302740815013232e-01 1.013397817393070000e+00 5.901889915912800006e+02
7.438628560021036265e+02 9.983514432752235157e-01 1.012997194768104237e+00 5.979899376191229976e+02
7.450630883396845547e+02 9.983720572923542314e-01 1.012772990118719463e+00 6.059412860782761072e+02
7.462652572676623777e+02 9.983925066614399713e-01 1.012792442506906809e+00 6.140468285310058718e+02
7.474693659107524581e+02 9.984131841554043651e-01 1.013038647766279610e+00 6.223104220686999497e+02
7.486754173987093282e+02 9.984344260245399116e-01 1.013336187940240052e+00 6.307360053103459450e+02
7.498834148663382848e+02 9.984560611131129138e-01 1.013435462228244432e+00 6.393277028965808313e+02
7.510933614535026663e+02 9.984776231751143483e-01 1.013243110670373426e+00 6.480897797547994514e+02
7.523052603051322649e+02 9.984986408225895449e-01 1.012772249541740166e+00 6.570265765334792150e+02
7.535191145712308298e+02 9.985186898982472137e-01 1.012216032429478219e+00 6.661425206420548193e+02
7.547349274068849354e+02 9.985379200119369747e-01 1.011863802578773175e+00 6.754422325187024398e+02
7.559527019722719388e+02 9.985568373614922555e-01 1.011829116296212305e+00 6.849304853335708003e+02
7.571724414326681654e+02 9.985759567557502825e-01 1.012103080766337371e+00 6.946121384562652565e+02
7.583941489584569808e+02 9.985957558814566593e-01 1.012504525657277554e+00 7.044921481508949910e+02
7.596178277251375448e+02 9.986161670381678013e-01 1.012756478960454842e+00 7.145757037049892233e+02
7.608434809133323142e+02 9.986367772757077654e-01 1.012748850846037385e+00 7.248681780758211062e+02
7.620711117087960247e+02 9.986571648258665279e-01 1.012486482395161147e+00 7.353750423152882831e+02
7.633007233024236484e+02 9.986769322340872668e-01 1.012091850598153542e+00 7.461018760515090662e+02
7.645323188902584661e+02 9.986960515491346557e-01 1.011750138670322485e+00 7.570545078931862690e+02
7.657659016735009345e+02 9.987147208378885921e-01 1.011533056917414797e+00 7.682389615833892549e+02
7.670014748585165307e+02 9.987331427906851467e-01 1.011438351134529512e+00 7.796613705895101702e+02
7.682390416568442788e+02 9.987515082577546055e-01 1.011413212984280108e+00 7.913279937030309839e+02
7.694786052852041394e+02 9.987698501152194597e-01 1.011381162302768644e+00 8.032453816111035394e+02
7.707201689655088330e+02 9.987881132482311353e-01 1.011314530463550909e+00 8.154203022704034538e+02
7.719637359248672510e+02 9.988062415394985960e-01 1.011214338940135349e+00 8.278596462254391781e+02
7.732093093955960512e+02 9.988241831509985236e-01 1.011095511255462043e+00 8.405704508384180826e+02
7.744568926152272752e+02 9.988419299590829414e-01 1.010978102458011563e+00 8.535600835287486916e+02
7.757064888265167610e+02 9.988594946293918309e-01 1.010868591512462444e+00 8.668361405982092265e+02
7.769581012774525561e+02 9.988768898790408857e-01 1.010766366684492823e+00 8.804063547957448463e+02
7.782117332212634437e+02 9.988941264080236637e-01 1.010666518441212247e+00 8.942786351444036654e+02
7.794673879164273558e+02 9.989112011425222981e-01 1.010563135936536128e+00 9.084612677761006125e+02
7.807250686266795583e+02 9.989281057692568355e-01 1.010454587667027226e+00 9.229627761633482805e+02
7.819847786210217464e+02 9.989448319654444797e-01 1.010341920177779684e+00 9.377918358801425711e+02
7.832465211737301161e+02 9.989613747834680257e-01 1.010230794575363689e+00 9.529573393447506078e+02
7.845102995643636632e+02 9.989777441116421963e-01 1.010127119699063769e+00 9.684686027596756048e+02
7.857761170777733923e+02 9.989939540118499828e-01 1.010032222363861365e+00 9.843351822682615193e+02
7.870439770041101610e+02 9.990100186427720574e-01 1.009945460531980643e+00 1.000566804385776891e+03
7.883138826388336611e+02 9.990259500028630946e-01 1.009864130357982503e+00 1.017173469236227561e+03
7.895858372827208314e+02 9.990417535538425042e-01 1.009785851387732691e+00 1.034165643132713285e+03
7.908598442418744980e+02 9.990574336369476560e-01 1.009710302067105658e+00 1.051554031927059214e+03
7.921359068277309916e+02 9.990729946801314432e-01 1.009638804092446662e+00 1.069349534483696061e+03
7.934140283570723113e+02 9.990884452777999414e-01 1.009575111123012903e+00 1.087563399700717355e+03
7.946942121520295359e+02 9.991038019361424549e-01 1.009521914558263234e+00 1.106207369107429940e+03
7.959764615400948742e+02 9.991190819108752841e-01 1.009478643672991893e+00 1.125293423646261317e+03
7.972607798541295097e+02 9.991342998741373771e-01 1.009422359324616991e+00 1.144833768430583632e+03
7.985471704323723543e+02 9.991493992736648622e-01 1.009304434575824416e+00 1.164841058923950868e+03
7.998356366184483477e+02 9.991642383129545335e-01 1.009097096938603499e+00 1.185328452110684566e+03
8.011261817613776657e+02 9.991786710632380997e-01 1.008805726882201270e+00 1.206309349709347998e+03
8.024188092155841332e+02 9.991925730233929270e-01 1.008509724575105793e+00 1.227797424255936903e+03
8.037135223409037508e+02 9.992060537471295634e-01 1.008334455159001664e+00 1.249806892782389014e+03
8.050103245025939032e+02 9.992193921433467629e-01 1.008333106276950275e+00 1.272352441166893641e+03
8.063092190713418859e+02 9.992328689425276078e-01 1.008485044500503136e+00 1.295449013284051489e+03
8.076102094232735453e+02 9.992466966885991120e-01 1.008662644474043191e+00 1.319111903823719558e+03
8.089132989399620328e+02 9.992607454369279996e-01 1.008716405017821671e+00 1.343357076672207540e+03
8.102184910084367857e+02 9.992747466310083482e-01 1.008603844339177158e+00 1.368200939088703080e+03
8.115257890211925087e+02 9.992884335907494808e-01 1.008355839864634618e+00 1.393660182923082175e+03
8.128351963761973593e+02 9.993016370971825602e-01 1.008079010675828613e+00 1.419751960321003480e+03
8.141467164769023839e+02 9.993144335712849102e-01 1.007864400742619182e+00 1.446494127017001119e+03
8.154603527322492482e+02 9.993269467931386041e-01 1.007726014125637448e+00 1.473904931697509483e+03
8.167761085566826296e+02 9.993392982651833067e-01 1.007647479884326458e+00 1.502002953316794446e+03
8.180939873701536271e+02 9.993515590934253234e-01 1.007592976131945761e+00 1.530807394068174972e+03
8.194139925981326087e+02 9.993637355011228962e-01 1.007541303347807116e+00 1.560338170294267002e+03
8.207361276716168277e+02 9.993758303691636646e-01 1.007488862830541620e+00 1.590615570437867518e+03
8.220603960271396318e+02 9.993878383388535847e-01 1.007413516431370226e+00 1.621660296842321713e+03
8.233868011067791031e+02 9.993996910377043186e-01 1.007283112615368736e+00 1.653493843804037169e+03
8.247153463581672668e+02 9.994112796204290827e-01 1.007084298966219649e+00 1.686138355611445604e+03
8.260460352344988451e+02 9.994224927290693561e-01 1.006837402336259402e+00 1.719616357969671071e+03
8.273788711945405794e+02 9.994332869337495540e-01 1.006629166575748968e+00 1.753950929101790052e+03
8.287138577026396433e+02 9.994438300751657955e-01 1.006544047109400708e+00 1.789166029438162241e+03
8.300509982287331923e+02 9.994543505712144560e-01 1.006599758721677063e+00 1.825286174293960585e+03
8.313902962483571173e+02 9.994650733019464495e-01 1.006736860222645191e+00 1.862336307835488469e+03
8.327317552426551401e+02 9.994760353738570968e-01 1.006816839138991782e+00 1.900342156358879492e+03
8.340753786983877944e+02 9.994870158233269963e-01 1.006751803488896257e+00 1.939330367471921136e+03
8.354211701079417480e+02 9.994977688315276332e-01 1.006542911175984045e+00 1.979328091124272987e+03
8.367691329693382158e+02 9.995080771396285257e-01 1.006266915181640798e+00 2.020363014750492084e+03
8.381192707862431917e+02 9.995179419768855933e-01 1.006032195964962739e+00 2.062463784219099580e+03
8.394715870679751788e+02 9.995274949563603961e-01 1.005879461494259886e+00 2.105659827294234674e+03
8.408260853295147399e+02 9.995368683555651002e-01 1.005797629026346840e+00 2.149981071197396886e+03
8.421827690915160929e+02 9.995461581227329528e-01 1.005747091321154585e+00 2.195458208952234145e+03
8.435416418803117722e+02 9.995553690432456007e-01 1.005693243651876401e+00 2.242123066721704163e+03
8.449027072279246795e+02 9.995644856709970938e-01 1.005630169793221285e+00 2.290008153677817518e+03
8.462659686720768377e+02 9.995734937454356928e-01 1.005560638692259090e+00 2.339146553924033469e+03
8.476314297561984858e+02 9.995823867332704893e-01 1.005489342958298948e+00 2.389572350395312696e+03
8.489990940294370603e+02 9.995911654800473389e-01 1.005418699147412553e+00 2.441320621050374484e+03
8.503689650466667445e+02 9.995998312319707146e-01 1.005348157878415805e+00 2.494427053244145554e+03
8.517410463684975639e+02 9.996083830660725811e-01 1.005274482734421326e+00 2.548928103706792626e+03
8.531153415612844810e+02 9.996168118093079480e-01 1.005194196821321384e+00 2.604861459709513383e+03
8.544918541971369450e+02 9.996251053448090840e-01 1.005106406296363275e+00 2.662265664680847294e+03
8.558705878539281002e+02 9.996332516211270391e-01 1.005013341062749532e+00 2.721179913400922487e+03
8.572515461153037677e+02 9.996412456997787466e-01 1.004920019774544926e+00 2.781644502374540025e+03
8.586347325706924494e+02 9.996490916864956278e-01 1.004829508780403557e+00 2.843700963796653468e+03
8.600201508153137411e+02 9.996567945151318968e-01 1.004741894532799051e+00 2.907391570867403971e+03
8.614078044501886779e+02 9.996643585702190693e-01 1.004656132540276303e+00 2.972759434123261144e+03
8.627976970821481473e+02 9.996717854232034517e-01 1.004570974005218886e+00 3.039849028790262764e+03
8.641898323238430066e+02 9.996790754382600674e-01 1.004486054636799963e+00 3.108705853872565513e+03
8.655842137937521557e+02 9.996862290141337315e-01 1.004401545860673650e+00 3.179376160517360404e+03
8.669808451161956100e+02 9.996932470670835125e-01 1.004317833992445230e+00 3.251907392813839579e+03
8.683797299213385941e+02 9.997001312398441364e-01 1.004235174381847173e+00 3.326348379028990166e+03
8.697808718452047287e+02 9.997068832710356290e-01 1.004153589818542969e+00 3.402748811730506532e+03
8.711842745296842168e+02 9.997135048769894006e-01 1.004073015133144509e+00 3.481159332949815507e+03
8.725899416225435061e+02 9.997199975867155919e-01 1.003993369843101391e+00 3.561632102476888576e+03
8.739978767774347261e+02 9.997263628576039673e-01 1.003914637843081437e+00 3.644220438730063961e+03
8.754080836539054644e+02 9.997326021670104312e-01 1.003836842076907487e+00 3.728978527865373962e+03
8.768205659174077482e+02 9.997387170463871708e-01 1.003760019598757935e+00 3.815961906276010723e+03
8.782353272393080488e+02 9.997447090925920543e-01 1.003684198100927460e+00 3.905227625372033344e+03
8.796523712968964901e+02 9.997505799264315707e-01 1.003609388589211449e+00 3.996833709293880474e+03
8.810717017733966259e+02 9.997563311803875363e-01 1.003535590937190136e+00 4.090839291244635660e+03
8.824933223579749892e+02 9.997619644750449508e-01 1.003462803814272775e+00 4.187305186288024743e+03
8.839172367457506425e+02 9.997674814387798037e-01 1.003391035542335885e+00 4.286293456777889332e+03
8.853434486378044994e+02 9.997728837191507401e-01 1.003320293114029482e+00 4.387867166671673658e+03
8.867719617411895570e+02 9.997781729672213791e-01 1.003250578572533414e+00 4.492090945627855035e+03
8.882027797689401041e+02 9.997833508372990785e-01 1.003181898818638729e+00 4.599031024276006065e+03
8.896359064400813850e+02 9.997884190028342166e-01 1.003114261765858828e+00 4.708754701171547822e+03
8.910713454796392625e+02 9.997933791437805251e-01 1.003047664256428106e+00 4.821330605417179868e+03
8.925091006186493132e+02 9.997982329235800547e-01 1.002982104364946281e+00 4.936829199523454008e+03
8.939491755941696738e+02 9.998029820161391523e-01 1.002917590252309310e+00 5.055322237662833686e+03
8.953915741492857023e+02 9.998076281113298380e-01 1.002854120870779298e+00 5.176882649808195310e+03
8.968363000331230523e+02 9.998121728798398111e-01 1.002791688137676829e+00 5.301585183635389512e+03
8.982833570008567676e+02 9.998166179856544655e-01 1.002730295930177817e+00 5.429506205987236171e+03
8.997327488137208320e+02 9.998209651120829600e-01 1.002669947189588129e+00 5.560723256543811658e+03
9.011844792390180601e+02 9.998252159327295496e-01 1.002610630351227883e+00 5.695315500059094120e+03
9.026385520501298743e+02 9.998293720937907469e-01 1.002552341099089972e+00 5.833364017349205824e+03
9.040949710265261956e+02 9.998334352551054849e-01 1.002495085219834436e+00 5.974951201703780498e+03
9.055537399537747660e+02 9.998374070816307135e-01 1.002438852458453766e+00 6.120160876031592124e+03
9.070148626235519487e+02 9.998412892003054608e-01 1.002383630270287540e+00 6.269078900010311372e+03
9.084783428336514817e+02 9.998450832358087847e-01 1.002329422774437262e+00 6.421792703309558419e+03
9.099441843879955059e+02 9.998487908284624526e-01 1.002276224492106849e+00 6.578391051017900281e+03
9.114123910966432049e+02 9.998524135854158779e-01 1.002224017481239571e+00 6.738964668767487638e+03
9.128829667758017195e+02 9.998559530893182945e-01 1.002172799491745536e+00 6.903606155851544827e+03
9.143559152478355827e+02 9.998594109401856000e-01 1.002122570516348787e+00 7.072409477165921999e+03
9.158312403412769527e+02 9.998627887207391929e-01 1.002073311535241373e+00 7.245470379291564313e+03
9.173089458908349343e+02 9.998660879698529902e-01 1.002025011847308633e+00 7.422886721536245204e+03
9.187890357374055839e+02 9.998693102358784390e-01 1.001977674273803132e+00 7.604757869141796618e+03
9.202715137280846420e+02 9.998724570668706679e-01 1.001931282752138941e+00 7.791184807076603647e+03
9.217563837161726497e+02 9.998755299595405432e-01 1.001885819154267665e+00 7.982270723604912746e+03
9.232436495611883629e+02 9.998785304036553745e-01 1.001841284811234800e+00 8.178120535668148477e+03
9.247333151288778481e+02 9.998814599002967540e-01 1.001797669157440396e+00 8.378840695239494380e+03
9.262253842912248274e+02 9.998843199052912523e-01 1.001754949580117682e+00 8.584539802747787689e+03
9.277198609264602283e+02 9.998871118469702113e-01 1.001713122194814787e+00 8.795328436709876769e+03
9.292167489190726428e+02 9.998898371687279241e-01 1.001672182253514620e+00 9.011318715339019036e+03
9.307160521598185596e+02 9.998924972836829017e-01 1.001632106171200576e+00 9.232624768401316032e+03
9.322177745457319133e+02 9.998950935593444722e-01 1.001592883184002858e+00 9.459362910305680998e+03
9.337219199801348850e+02 9.998976273742333776e-01 1.001554512491566129e+00 9.691651076910684424e+03
9.352284923726473380e+02 9.999001000933473993e-01 1.001516972670287942e+00 9.929609073847508625e+03
9.367374956391977321e+02 9.999025130262767513e-01 1.001480246615301439e+00 1.017335899961444738e+04
9.382489337020326730e+02 9.999048674829931205e-01 1.001444334420739324e+00 1.042302471337608767e+04
9.397628104897274852e+02 9.999071647734496526e-01 1.001409218930803036e+00 1.067873184274037521e+04
9.412791299371963305e+02 9.999094061524250732e-01 1.001374878566366533e+00 1.094060831072707151e+04
9.427978959857022119e+02 9.999115928604297432e-01 1.001341311463875172e+00 1.120878396478678587e+04
9.443191125828676604e+02 9.999137261462923698e-01 1.001308505562974460e+00 1.148339037319629278e+04
9.458427836826834891e+02 9.999158072117365625e-01 1.001276437088563398e+00 1.176456132540473300e+04
9.473689132455235722e+02 9.999178372290641326e-01 1.001245100384494435e+00 1.205243268556469047e+04
9.488975052381488240e+02 9.999198173818353297e-01 1.001214488122514013e+00 1.234714203927140443e+04
9.504285636337214100e+02 9.999217488187900349e-01 1.001184576434297924e+00 1.264882908369955658e+04
9.519620924118145240e+02 9.999236326466697244e-01 1.001155355278115167e+00 1.295763569506265230e+04
9.534980955584221647e+02 9.999254699819033476e-01 1.001126820824083552e+00 1.327370550593175722e+04
9.550365770659701639e+02 9.999272619189453204e-01 1.001098950759114814e+00 1.359718415147567794e+04
9.565775409333256221e+02 9.999290095024025993e-01 1.001071731076535798e+00 1.392821948572582914e+04
9.581209911658085048e+02 9.999307137816464408e-01 1.001045159814566432e+00 1.426696117145083917e+04
9.596669317752008510e+02 9.999323757950098202e-01 1.001019217296743591e+00 1.461356078623258145e+04
9.612153667797581420e+02 9.999339965285271026e-01 1.000993886556898360e+00 1.496817210141370560e+04
9.627663002042191920e+02 9.999355769659111770e-01 1.000969165978403908e+00 1.533095074886061593e+04
9.643197360798169484e+02 9.999371180880317622e-01 1.000945039023463323e+00 1.570205421303742150e+04
9.658756784442883827e+02 9.999386208253677744e-01 1.000921486916467984e+00 1.608164209727292655e+04
9.674341313418860864e+02 9.999400860983371775e-01 1.000898507306828833e+00 1.646987589755374938e+04
9.689950988233873659e+02 9.999415148298832490e-01 1.000876086815424060e+00 1.686691892201721930e+04
9.705585849461060661e+02 9.999429078973606222e-01 1.000854205889027071e+00 1.727293649181856017e+04
9.721245937739023475e+02 9.999442661607615968e-01 1.000832860862374218e+00 1.768809581850765971e+04
9.736931293771934861e+02 9.999455904856564548e-01 1.000812041206245340e+00 1.811256589928813992e+04
9.752641958329634235e+02 9.999468816981517127e-01 1.000791727412433829e+00 1.854651762362418958e+04
9.768377972247773187e+02 9.999481406010128914e-01 1.000771914335018664e+00 1.899012372620816313e+04
9.784139376427862089e+02 9.999493680037840893e-01 1.000752593799006718e+00 1.944355870576413872e+04
9.799926211837417895e+02 9.999505646829336403e-01 1.000733746931928181e+00 1.990699882818096739e+04
9.815738519510057358e+02 9.999517313872302582e-01 1.000715367229076946e+00 2.038062211398080763e+04
9.831576340545607309e+02 9.999528688722169045e-01 1.000697448334904038e+00 2.086460832230469532e+04
9.847439716110208110e+02 9.999539778662062117e-01 1.000679972361922410e+00 2.135913885500597462e+04
9.863328687436422797e+02 9.999550590671523187e-01 1.000662931750412099e+00 2.186439673445869994e+04
9.879243295823343942e+02 9.999561131790341006e-01 1.000646321448584786e+00 2.238056668533811535e+04
9.895183582636701658e+02 9.999571408835463693e-01 1.000630124747658556e+00 2.290783495144163680e+04
9.911149589308967052e+02 9.999581428308701447e-01 1.000614333383055055e+00 2.344638922407129212e+04
9.927141357339465912e+02 9.999591196760976297e-01 1.000598943184741074e+00 2.399641884470166769e+04
9.943158928294482166e+02 9.999600720559915779e-01 1.000583938676754769e+00 2.455811454783188674e+04
9.959202343807370426e+02 9.999610005758106102e-01 1.000569311244362325e+00 2.513166830944354660e+04
9.975271645578657171e+02 9.999619058445829989e-01 1.000555057269593817e+00 2.571727368506098719e+04
9.991366875376155576e+02 9.999627884559298963e-01 1.000541162479294144e+00 2.631512548910808255e+04
1.000748807503507010e+03 9.999636489729163413e-01 1.000527618218711723e+00 2.692541954453737708e+04
1.002363528645811016e+03 9.999644879612996640e-01 1.000514421190928260e+00 2.754835316396164126e+04
1.003980855161558225e+03 9.999653059735372773e-01 1.000501558243286127e+00 2.818412477032146489e+04
1.005600791254554338e+03 9.999661035330306147e-01 1.000489020928853279e+00 2.883293354067526889e+04
1.007223341135385112e+03 9.999668811650450628e-01 1.000476806119422690e+00 2.949498003353802414e+04
1.008848509021430914e+03 9.999676393829154408e-01 1.000464901677787566e+00 3.017046574826988945e+04
1.010476299136877060e+03 9.999683786728198465e-01 1.000453299552191311e+00 3.085959266698558713e+04
1.012106715712724622e+03 9.999690995221688361e-01 1.000441996693098190e+00 3.156256402901289039e+04
1.013739762986801452e+03 9.999698024073274683e-01 1.000430981867339142e+00 3.227958381820058275e+04
1.015375445203772983e+03 9.999704877795287938e-01 1.000420247540205310e+00 3.301085621627808723e+04
1.017013766615153827e+03 9.999711560908844943e-01 1.000409790700814483e+00 3.375658652533480927e+04
1.018654731479318230e+03 9.999718077829343743e-01 1.000399600903165265e+00 3.451698056340227049e+04
1.020298344061511557e+03 9.999724432741500246e-01 1.000389671226002974e+00 3.529224405093000678e+04
1.021944608633860867e+03 9.999730629837790818e-01 1.000379998670268833e+00 3.608258368339606386e+04
1.023593529475386617e+03 9.999736673206498505e-01 1.000370573477539438e+00 3.688820640627656394e+04
1.025245110872013584e+03 9.999742566725805526e-01 1.000361389385943767e+00 3.770931876469795679e+04
1.026899357116581996e+03 9.999748314282334016e-01 1.000352443404153746e+00 3.854612812933437090e+04
1.028556272508858001e+03 9.999753919657998757e-01 1.000343726377650455e+00 3.939884181200003513e+04
1.030215861355546394e+03 9.999759386444632137e-01 1.000335232734869351e+00 4.026766641940662521e+04
1.031878127970300056e+03 9.999764718244674722e-01 1.000326959469475696e+00 4.115280923393139528e+04
1.033543076673731548e+03 9.999769918553220727e-01 1.000318897976740118e+00 4.205447711967823125e+04
1.035210711793427890e+03 9.999774990695574628e-01 1.000311043389956467e+00 4.297287593978561927e+04
1.036881037663955112e+03 9.999779938010191493e-01 1.000303392648675072e+00 4.390821208374469279e+04
1.038554058626874621e+03 9.999784763723774672e-01 1.000295937667942781e+00 4.486069110088329762e+04
1.040229779030752752e+03 9.999789470914395295e-01 1.000288674311377690e+00 4.583051727462165582e+04
1.041908203231172592e+03 9.999794062675606554e-01 1.000281599378013198e+00 4.681789525956135913e+04
1.043589335590744668e+03 9.999798541982398703e-01 1.000274705318133783e+00 4.782302837119852484e+04
1.045273180479118992e+03 9.999802911685145013e-01 1.000267988731138757e+00 4.884611845923110377e+04
1.046959742272995527e+03 9.999807174649388841e-01 1.000261446178683400e+00 4.988736756394425902e+04
1.048649025356136690e+03 9.999811333614769815e-01 1.000255070690855064e+00 5.094697580635847407e+04
1.050341034119377582e+03 9.999815391222376393e-01 1.000248859578277916e+00 5.202514173947426752e+04
1.052035772960638951e+03 9.999819350125189743e-01 1.000242809081555606e+00 5.312206386937553907e+04
1.053733246284936286e+03 9.999823212843302889e-01 1.000236912885156926e+00 5.423793813891339232e+04
1.055433458504393684e+03 9.999826981826263061e-01 1.000231168915433955e+00 5.537295894041682186e+04
1.057136414038253861e+03 9.999830659527443322e-01 1.000225573065108620e+00 5.652732027730799746e+04
1.058842117312889968e+03 9.999834248264045655e-01 1.000220119767618598e+00 5.770121293588721892e+04
1.060550572761817421e+03 9.999837750310239803e-01 1.000214807383144944e+00 5.889482628770357405e+04
1.062261784825705035e+03 9.999841167930397789e-01 1.000209631502912089e+00 6.010834880381866242e+04
1.063975757952386630e+03 9.999844503256680728e-01 1.000204587423468183e+00 6.134196518039161310e+04
1.065692496596871479e+03 9.999847758401989584e-01 1.000199673661427369e+00 6.259585890676151030e+04
1.067412005221360914e+03 9.999850935450751432e-01 1.000194885645669274e+00 6.387021182825792494e+04
1.069134288295251963e+03 9.999854036368618360e-01 1.000190219605428865e+00 6.516520170108666207e+04
1.070859350295154854e+03 9.999857063118609002e-01 1.000185673940904962e+00 6.648100523392108153e+04
1.072587195704902570e+03 9.999860017614874419e-01 1.000181244107807288e+00 6.781779656092959340e+04
1.074317829015563120e+03 9.999862901674008153e-01 1.000176927237134805e+00 6.917574570150743239e+04
1.076051254725450235e+03 9.999865717117790709e-01 1.000172721433045808e+00 7.055502164463892404e+04
1.077787477340136547e+03 9.999868465701802211e-01 1.000168622370438243e+00 7.195578979062500002e+04
1.079526501372464054e+03 9.999871149108469082e-01 1.000164627938829653e+00 7.337821166434370389e+04
1.081268331342556166e+03 9.999873769025451331e-01 1.000160735883127927e+00 7.482244754987070337e+04
1.083012971777829762e+03 9.999876327062526826e-01 1.000156942282956152e+00 7.628865319256133807e+04
1.084760427213007006e+03 9.999878824781117670e-01 1.000153245563069504e+00 7.777698090265539940e+04
1.086510702190126494e+03 9.999881263740217907e-01 1.000149643125041621e+00 7.928758123359712772e+04
1.088263801258555532e+03 9.999883645417615430e-01 1.000146131615565537e+00 8.082059947889090108e+04
1.090019728975002181e+03 9.999885971264271811e-01 1.000142709748160996e+00 8.237617802901260438e+04
1.091778489903526406e+03 9.999888242716526987e-01 1.000139374660648173e+00 8.395445670917649113e+04
1.093540088615552577e+03 9.999890461133237318e-01 1.000136123654101539e+00 8.555556966705582454e+04
1.095304529689881065e+03 9.999892627863755656e-01 1.000132955507069710e+00 8.717964868172614661e+04
1.097071817712699158e+03 9.999894744227619814e-01 1.000129867230953096e+00 8.882682188899196626e+04
1.098841957277597430e+03 9.999896811477926306e-01 1.000126856802580733e+00 9.049721174706578313e+04
1.100614952985574291e+03 9.999898830869047295e-01 1.000123922840884916e+00 9.219093871977755043e+04
1.102390809445053947e+03 9.999900803609587108e-01 1.000121062438211084e+00 9.390811832639685599e+04
1.104169531271895949e+03 9.999902730860293909e-01 1.000118274186206691e+00 9.564886100298602832e+04
1.105951123089407474e+03 9.999904613784422747e-01 1.000115556369564729e+00 9.741327510033179715e+04
1.107735589528355376e+03 9.999906453487426017e-01 1.000112906406684488e+00 9.920146278685884317e+04
1.109522935226978916e+03 9.999908251049434149e-01 1.000110323305307247e+00 1.010135222468030261e+05
1.111313164831000677e+03 9.999910007543978407e-01 1.000107804996332561e+00 1.028495487868667697e+05
1.113106282993639070e+03 9.999911723984509226e-01 1.000105349437490077e+00 1.047096308680374641e+05
1.114902294375621068e+03 9.999913401378812683e-01 1.000102955712918629e+00 1.065938541434884391e+05
1.116701203645193573e+03 9.999915040710787295e-01 1.000100621587080241e+00 1.085022998625294713e+05
1.118503015478135239e+03 9.999916642916264475e-01 1.000098345641163178e+00 1.104350428754719469e+05
1.120307734557770118e+03 9.999918208933400443e-01 1.000096126721018663e+00 1.123921557474866131e+05
1.122115365574977886e+03 9.999919739660902973e-01 1.000093962712071516e+00 1.143737050027440710e+05
1.123925913228207719e+03 9.999921235968821653e-01 1.000091852667537751e+00 1.163797520869508298e+05
1.125739382223489656e+03 9.999922698725339787e-01 1.000089795114035951e+00 1.184103556624859630e+05
1.127555777274446655e+03 9.999924128753014951e-01 1.000087788303972047e+00 1.204655674338204844e+05
1.129375103102306184e+03 9.999925526863834291e-01 1.000085831459728070e+00 1.225454354839186999e+05
1.131197364435917279e+03 9.999926893855256571e-01 1.000083922905560030e+00 1.246500037568117841e+05
1.133022566011755089e+03 9.999928230485293223e-01 1.000082061375451303e+00 1.267793094847905450e+05
1.134850712573938608e+03 9.999929537510643396e-01 1.000080245990830008e+00 1.289333871290881507e+05
1.136681808874241142e+03 9.999930815661018935e-01 1.000078475091413566e+00 1.311122654811224784e+05
1.138515859672103488e+03 9.999932065639607348e-01 1.000076747813182010e+00 1.333159677588076156e+05
1.140352869734645537e+03 9.999933288148327160e-01 1.000075063049735036e+00 1.355445143332887383e+05
1.142192843836679231e+03 9.999934483854737710e-01 1.000073419377258688e+00 1.377979188437681005e+05
1.144035786760720612e+03 9.999935653414900871e-01 1.000071816140007286e+00 1.400761909307849128e+05
1.145881703297002332e+03 9.999936797475215133e-01 1.000070252025579975e+00 1.423793363355220354e+05
1.147730598243486156e+03 9.999937916649486169e-01 1.000068725991695828e+00 1.447073540207242186e+05
1.149582476405875468e+03 9.999939011550526002e-01 1.000067237325310998e+00 1.470602402485441125e+05
1.151437342597627776e+03 9.999940082769280814e-01 1.000065784701746452e+00 1.494379856641354272e+05
1.153295201639966990e+03 9.999941130875709128e-01 1.000064367440700153e+00 1.518405755183273577e+05
1.155156058361896612e+03 9.999942156438997864e-01 1.000062984604483063e+00 1.542679923762298713e+05
1.157019917600210874e+03 9.999943159998815334e-01 1.000061635088059120e+00 1.567202119825739064e+05
1.158886784199509066e+03 9.999944142088829091e-01 1.000060318356190692e+00 1.591972067396886705e+05
1.160756663012207127e+03 9.999945103231399068e-01 1.000059033303386968e+00 1.616989448266416148e+05
1.162629558898550158e+03 9.999946043924616834e-01 1.000057779186136031e+00 1.642253882330469205e+05
1.164505476726624465e+03 9.999946964666910354e-01 1.000056555332776043e+00 1.667764966030923824e+05
1.166384421372374391e+03 9.999947865934727398e-01 1.000055360713304253e+00 1.693522236291111622e+05
1.168266397719607994e+03 9.999948748193283610e-01 1.000054194822041609e+00 1.719525188149314781e+05
1.170151410660015245e+03 9.999949611902787527e-01 1.000053056800425111e+00 1.745773284978888987e+05
1.172039465093178251e+03 9.999950457500760281e-01 1.000051945877203252e+00 1.772265928542180918e+05
1.173930565926584904e+03 9.999951285422542524e-01 1.000050861543513747e+00 1.799002494490518293e+05
1.175824718075641385e+03 9.999952096089372855e-01 1.000049802897137852e+00 1.825982310826901521e+05
1.177721926463685122e+03 9.999952889907479658e-01 1.000048769426484796e+00 1.853204657381788420e+05
1.179622196021996842e+03 9.999953667281525904e-01 1.000047760479901626e+00 1.880668789208136441e+05
1.181525531689814898e+03 9.999954428596894429e-01 1.000046775302507740e+00 1.908373904314977699e+05
1.183431938414346405e+03 9.999955174233876587e-01 1.000045813480028301e+00 1.936319170938658353e+05
1.185341421150780889e+03 9.999955904564461484e-01 1.000044874252580485e+00 1.964503720510393905e+05
1.187253984862303696e+03 9.999956619944522229e-01 1.000043957104026049e+00 1.992926633073571720e+05
1.189169634520107593e+03 9.999957320729434551e-01 1.000043061530959676e+00 2.021586968941933883e+05
1.191088375103407088e+03 9.999958007258789028e-01 1.000042186836708424e+00 2.050483736271050293e+05
1.193010211599450258e+03 9.999958679865622591e-01 1.000041332657929161e+00 2.079615912093276274e+05
1.194935149003532388e+03 9.999959338877759674e-01 1.000040498358885088e+00 2.108982444115829712e+05
1.196863192319008931e+03 9.999959984607698082e-01 1.000039683453906036e+00 2.138582229038216465e+05
1.198794346557306653e+03 9.999960617367700255e-01 1.000038887520531716e+00 2.168414146835871506e+05
1.200728616737942048e+03 9.999961237456672647e-01 1.000038109950764920e+00 2.198477030236393039e+05
1.202666007888527474e+03 9.999961845167243402e-01 1.000037350412185333e+00 2.228769681537092256e+05
1.204606525044787986e+03 9.999962440787649731e-01 1.000036608363188861e+00 2.259290877655310032e+05
1.206550173250574517e+03 9.999963024593030436e-01 1.000035883371310774e+00 2.290039348314261006e+05
1.208496957557875703e+03 9.999963596857671666e-01 1.000035175068205717e+00 2.321013806989234290e+05
1.210446883026831983e+03 9.999964157844934975e-01 1.000034482925912016e+00 2.352212925418772793e+05
1.212399954725748330e+03 9.999964707812003528e-01 1.000033806641113188e+00 2.383635345701611659e+05
1.214356177731107437e+03 9.999965247012596592e-01 1.000033145752240671e+00 2.415279687668377010e+05
1.216315557127583133e+03 9.999965775688924863e-01 1.000032499871394975e+00 2.447144527355249156e+05
1.218278098008052893e+03 9.999966294082173190e-01 1.000031868682526692e+00 2.479228425567691447e+05
1.220243805473612611e+03 9.999966802424486989e-01 1.000031251718155545e+00 2.511529905161558418e+05
1.222212684633587742e+03 9.999967300941969839e-01 1.000030648715437565e+00 2.544047460597507306e+05
1.224184740605548541e+03 9.999967789858250633e-01 1.000030059270557103e+00 2.576779567134138197e+05
1.226159978515322109e+03 9.999968269386448894e-01 1.000029483041998901e+00 2.609724657050331007e+05
1.228138403497006493e+03 9.999968739739182322e-01 1.000028919748729095e+00 2.642881151126708719e+05
1.230120020692983189e+03 9.999969201120515461e-01 1.000028368987386784e+00 2.676247431543246494e+05
1.232104835253931242e+03 9.999969653730137464e-01 1.000027830526505568e+00 2.709821856472629006e+05
1.234092852338840430e+03 9.999970097764580013e-01 1.000027304003651807e+00 2.743602763974443078e+05
1.236084077115023319e+03 9.999970533411857154e-01 1.000026789135517902e+00 2.777588451853094157e+05
1.238078514758133679e+03 9.999970960859410063e-01 1.000026285656986147e+00 2.811777207982674590e+05
1.240076170452172846e+03 9.999971380286720724e-01 1.000025793228815019e+00 2.846167280368898064e+05
1.242077049389507465e+03 9.999971791870275739e-01 1.000025311643639725e+00 2.880756897734251688e+05
1.244081156770882217e+03 9.999972195782884654e-01 1.000024840575861163e+00 2.915544264936163090e+05
1.246088497805433462e+03 9.999972592190525811e-01 1.000024379789920204e+00 2.950527550890967832e+05
1.248099077710702204e+03 9.999972981258467009e-01 1.000023929039798531e+00 2.985704913163095480e+05
1.250112901712648409e+03 9.999973363144751826e-01 1.000023488040824304e+00 3.021074468846862437e+05
1.252129975045663969e+03 9.999973738005393242e-01 1.000023056600639393e+00 3.056634318827040261e+05
1.254150302952586344e+03 9.999974105992380791e-01 1.000022634435481450e+00 3.092382536025132868e+05
1.256173890684713115e+03 9.999974467252458199e-01 1.000022221347080631e+00 3.128317159900985425e+05
1.258200743501814031e+03 9.999974821931338909e-01 1.000021817103970534e+00 3.164436218089115573e+05
1.260230866672146021e+03 9.999975170168228233e-01 1.000021421472411021e+00 3.200737693320897524e+05
1.262264265472466150e+03 9.999975512101328956e-01 1.000021034271412645e+00 3.237219558193148696e+05
1.264300945188046171e+03 9.999975847864042144e-01 1.000020655253592849e+00 3.273879747341992334e+05
1.266340911112684807e+03 9.999976177586556991e-01 1.000020284257516323e+00 3.310716169683180051e+05
1.268384168548723437e+03 9.999976501397098705e-01 1.000019921053990402e+00 3.347726713892987464e+05
1.270430722807057691e+03 9.999976819418524565e-01 1.000019565467482607e+00 3.384909225355391973e+05
1.272480579207152005e+03 9.999977131773299943e-01 1.000019217316548747e+00 3.422261539152811165e+05
1.274533743077057125e+03 9.999977438578504518e-01 1.000018876392005041e+00 3.459781444159063976e+05
1.276590219753417387e+03 9.999977739949907907e-01 1.000018542556517787e+00 3.497466710985728423e+05
1.278650014581488904e+03 9.999978036000074511e-01 1.000018215598174720e+00 3.535315077299401746e+05
1.280713132915152073e+03 9.999978326837971609e-01 1.000017895375549415e+00 3.573324243459193967e+05
1.282779580116926127e+03 9.999978612571598369e-01 1.000017581714018888e+00 3.611491893128693919e+05
1.284849361557983229e+03 9.999978893304373173e-01 1.000017274446236115e+00 3.649815658860830590e+05
1.286922482618160984e+03 9.999979169138842883e-01 1.000016973435322143e+00 3.688293160210500937e+05
1.288998948685978576e+03 9.999979440174027179e-01 1.000016678506199241e+00 3.726921968407420209e+05
1.291078765158648821e+03 9.999979706506814114e-01 1.000016389532902394e+00 3.765699628021132085e+05
1.293161937442093176e+03 9.999979968232181049e-01 1.000016106352632050e+00 3.804623651997940033e+05
1.295248470950955834e+03 9.999980225441768011e-01 1.000015828837604204e+00 3.843691505633231136e+05
1.297338371108617594e+03 9.999980478226458969e-01 1.000015556844573439e+00 3.882900637877758127e+05
1.299431643347209956e+03 9.999980726673226572e-01 1.000015290235296561e+00 3.922248438465855434e+05
1.301528293107628542e+03 9.999980970868601604e-01 1.000015028895631986e+00 3.961732280769477948e+05
1.303628325839549007e+03 9.999981210895753092e-01 1.000014772675058339e+00 4.001349484853949980e+05
1.305731747001439317e+03 9.999981446836463395e-01 1.000014521475804941e+00 4.041097338548572152e+05
1.307838562060575214e+03 9.999981678770677451e-01 1.000014275153716881e+00 4.080973093279991299e+05
1.309948776493052492e+03 9.999981906775585738e-01 1.000014033606476005e+00 4.120973947929559508e+05
1.312062395783806551e+03 9.999982130927844715e-01 1.000013796717212244e+00 4.161097079335224116e+05
1.314179425426618991e+03 9.999982351300836791e-01 1.000013564366327046e+00 4.201339600240971777e+05
1.316299870924136940e+03 9.999982567967364844e-01 1.000013336458778213e+00 4.241698602535880054e+05
1.318423737787886239e+03 9.999982780997772602e-01 1.000013112872693455e+00 4.282171117859930382e+05
1.320551031538285315e+03 9.999982990460966059e-01 1.000012893518942292e+00 4.322754143317385460e+05
1.322681757704660185e+03 9.999983196424364618e-01 1.000012678286566370e+00 4.363444631519671530e+05
1.324815921825258556e+03 9.999983398953324887e-01 1.000012467085980461e+00 4.404239480701862485e+05
1.326953529447263691e+03 9.999983598112365257e-01 1.000012259815775906e+00 4.445135559889533324e+05
1.329094586126810100e+03 9.999983793963578282e-01 1.000012056385003234e+00 4.486129670859713224e+05
1.331239097428996274e+03 9.999983986568586891e-01 1.000011856705441460e+00 4.527218590299977222e+05
1.333387068927900827e+03 9.999984175986582624e-01 1.000011660681138892e+00 4.568399028300808859e+05
1.335538506206595912e+03 9.999984362276149730e-01 1.000011468238426460e+00 4.609667661187651684e+05
1.337693414857161770e+03 9.999984545494097210e-01 1.000011279279078735e+00 4.651021110186098958e+05
1.339851800480702195e+03 9.999984725695847398e-01 1.000011093736702605e+00 4.692455947037101723e+05
1.342013668687357722e+03 9.999984902936007725e-01 1.000010911520803347e+00 4.733968703333148733e+05
1.344179025096321311e+03 9.999985077267145028e-01 1.000010732557711890e+00 4.775555846637525246e+05
1.346347875335852450e+03 9.999985248741516397e-01 1.000010556773304415e+00 4.817213814691448933e+05
1.348520225043292157e+03 9.999985417409287258e-01 1.000010384093002358e+00 4.858938975161039270e+05
1.350696079865075490e+03 9.999985583320223359e-01 1.000010214447229373e+00 4.900727666009828099e+05
1.352875445456752914e+03 9.999985746522347396e-01 1.000010047762771137e+00 4.942576160367378034e+05
1.355058327482995310e+03 9.999985907063042578e-01 1.000009883976872516e+00 4.984480692854240187e+05
1.357244731617615344e+03 9.999986064988352075e-01 1.000009723020411911e+00 5.026437444926842581e+05
1.359434663543580655e+03 9.999986220343287657e-01 1.000009564832453179e+00 5.068442548715315061e+05
1.361628128953028181e+03 9.999986373172087273e-01 1.000009409346148459e+00 5.110492094198428094e+05
1.363825133547278938e+03 9.999986523517556680e-01 1.000009256506473321e+00 5.152582115236577811e+05
1.366025683036853707e+03 9.999986671422131934e-01 1.000009106252491620e+00 5.194708609843962477e+05
1.368229783141486678e+03 9.999986816926671462e-01 1.000008958524176705e+00 5.236867519362120074e+05
1.370437439590141366e+03 9.999986960071710618e-01 1.000008813272415864e+00 5.279054750272994861e+05
1.372648658121024710e+03 9.999987100896438053e-01 1.000008670436272951e+00 5.321266157625019550e+05
1.374863444481602301e+03 9.999987239439550590e-01 1.000008529967999493e+00 5.363497558829988120e+05
1.377081804428613850e+03 9.999987375738617068e-01 1.000008391814390052e+00 5.405744728317513363e+05
1.379303743728087056e+03 9.999987509830602361e-01 1.000008255927241407e+00 5.448003400258001639e+05
1.381529268155353520e+03 9.999987641751640899e-01 1.000008122256531351e+00 5.490269272950253217e+05
1.383758383495063072e+03 9.999987771536943404e-01 1.000007990759058885e+00 5.532538006182435201e+05
1.385991095541199684e+03 9.999987899221313148e-01 1.000007861386620789e+00 5.574805226910556667e+05
1.388227410097095344e+03 9.999988024838407652e-01 1.000007734096470813e+00 5.617066530726685887e+05
1.390467332975445061e+03 9.999988148421661283e-01 1.000007608847226948e+00 5.659317480148861650e+05
1.392710869998326416e+03 9.999988270003378199e-01 1.000007485595233447e+00 5.701553616906874813e+05
1.394958026997207071e+03 9.999988389615622753e-01 1.000007364302746282e+00 5.743770448909123661e+05
1.397208809812964773e+03 9.999988507289425677e-01 1.000007244930202432e+00 5.785963474427860929e+05
1.399463224295902364e+03 9.999988623055637849e-01 1.000007127441676857e+00 5.828128159826243063e+05
1.401721276305761648e+03 9.999988736944086520e-01 1.000007011797606538e+00 5.870259970314728562e+05
1.403982971711739083e+03 9.999988848984370238e-01 1.000006897967068653e+00 5.912354347032833612e+05
1.406248316392501920e+03 9.999988959205323713e-01 1.000006785914138163e+00 5.954406733181427699e+05
1.408517316236201850e+03 9.999989067635346451e-01 1.000006675607437501e+00 5.996412563358183252e+05
1.410789977140491601e+03 9.999989174302351680e-01 1.000006567013770109e+00 6.038367271870290861e+05
1.413066305012539942e+03 9.999989279233596484e-01 1.000006460104941652e+00 6.080266306750044459e+05
1.415346305769046467e+03 9.999989382456092590e-01 1.000006354853212542e+00 6.122105109833223978e+05
1.417629985336257960e+03 9.999989483996202244e-01 1.000006251228569454e+00 6.163879163113567047e+05
1.419917349649983180e+03 9.999989583879972388e-01 1.000006149203727546e+00 6.205583936608622316e+05
1.422208404655608092e+03 9.999989682132922608e-01 1.000006048754130461e+00 6.247214966977905715e+05
1.424503156308111784e+03 9.999989778780294936e-01 1.000005949855676590e+00 6.288767778254409786e+05
1.426801610572081927e+03 9.999989873846788502e-01 1.000005852486083313e+00 6.330237982353982516e+05
1.429103773421730011e+03 9.999989967356954779e-01 1.000005756620794273e+00 6.371621187627188629e+05
1.431409650840905215e+03 9.999990059334732395e-01 1.000005662237072102e+00 6.412913103672752623e+05
1.433719248823116914e+03 9.999990149803952288e-01 1.000005569323093368e+00 6.454109455772974761e+05
1.436032573371539911e+03 9.999990238788041275e-01 1.000005477851573232e+00 6.495206077575397212e+05
1.438349630499036948e+03 9.999990326310079780e-01 1.000005387806595536e+00 6.536198845577244647e+05
1.440670426228172801e+03 9.999990412392991690e-01 1.000005299174517859e+00 6.577083748216887470e+05
1.442994966591229513e+03 9.999990497059328964e-01 1.000005211938059801e+00 6.617856849883960094e+05
1.445323257630222088e+03 9.999990580331470369e-01 1.000005126081305207e+00 6.658514328029367607e+05
1.447655305396915082e+03 9.999990662231539318e-01 1.000005041592430644e+00 6.699052474511670880e+05
1.449991115952836935e+03 9.999990742781494912e-01 1.000004958459157933e+00 6.739467693675495684e+05
1.452330695369296791e+03 9.999990822002994273e-01 1.000004876671027887e+00 6.779756546699173050e+05
1.454674049727399961e+03 9.999990899917743370e-01 1.000004796214852831e+00 6.819915706016868353e+05
1.457021185118063613e+03 9.999990976546975219e-01 1.000004717083811556e+00 6.859942047084097285e+05
1.459372107642032233e+03 9.999991051912124895e-01 1.000004639271537599e+00 6.899832553642195417e+05
1.461726823409895132e+03 9.999991126034238897e-01 1.000004562768026517e+00 6.939584462950963061e+05
1.464085338542099635e+03 9.999991198934429226e-01 1.000004487567821343e+00 6.979195117608741857e+05
1.466447659168969722e+03 9.999991270633615814e-01 1.000004413666829350e+00 7.018662162982185837e+05
1.468813791430720130e+03 9.999991341152725255e-01 1.000004341060503066e+00 7.057983354952989612e+05
1.471183741477473177e+03 9.999991410512524270e-01 1.000004269748387742e+00 7.097156789629427949e+05
1.473557515469273994e+03 9.999991478733928352e-01 1.000004199724571663e+00 7.136180693486387609e+05
1.475935119576105990e+03 9.999991545837536577e-01 1.000004130987690587e+00 7.175053657146857586e+05
1.478316559977912448e+03 9.999991611844243344e-01 1.000004063539108756e+00 7.213774428390936228e+05
1.480701842864603350e+03 9.999991676774658833e-01 1.000003997377916676e+00 7.252342141374354251e+05
1.483090974436077659e+03 9.999991740649614158e-01 1.000003932505478588e+00 7.290756108699691249e+05
1.485483960902238323e+03 9.999991803489819420e-01 1.000003868920884997e+00 7.329016055627422174e+05
1.487880808483007286e+03 9.999991865316060213e-01 1.000003806626864389e+00 7.367121900747332256e+05
1.490281523408343219e+03 9.999991926149113253e-01 1.000003745625235752e+00 7.405073997866418213e+05
1.492686111918256529e+03 9.999991986009865164e-01 1.000003685916453833e+00 7.442872913948516361e+05
1.495094580262826184e+03 9.999992044919061573e-01 1.000003627501882875e+00 7.480519651460726745e+05
1.497506934702215403e+03 9.999992102897673485e-01 1.000003570384251361e+00 7.518015454794790130e+05
1.499923181506688252e+03 9.999992159966532013e-01 1.000003514565833029e+00 7.555362002008297713e+05
1.502343326956626470e+03 9.999992216146628143e-01 1.000003460046173132e+00 7.592561235498415772e+05
1.504767377342544705e+03 9.999992271458817417e-01 1.000003406821178942e+00 7.629615486179318978e+05
1.507195338965108022e+03 9.999992325923998671e-01 1.000003354897216923e+00 7.666527352456402732e+05
1.509627218135146677e+03 9.999992379563160672e-01 1.000003304279744043e+00 7.703299943350491812e+05
1.512063021173674770e+03 9.999992432397416531e-01 1.000003254945113440e+00 7.739936652219246607e+05
1.514502754411904561e+03 9.999992484447011165e-01 1.000003206873770978e+00 7.776440867923205951e+05
1.516946424191264214e+03 9.999992535732353804e-01 1.000003160132564517e+00 7.812816223493792349e+05
1.519394036863412111e+03 9.999992586275922024e-01 1.000003114798801107e+00 7.849068249929079320e+05
1.521845598790260055e+03 9.999992636100583088e-01 1.000003070646471315e+00 7.885202956805261783e+05
1.524301116343979629e+03 9.999992685221514854e-01 1.000003027426373592e+00 7.921221778166855220e+05
1.526760595907026300e+03 9.999992733653610966e-01 1.000002986295839946e+00 7.957126260052002035e+05
1.529224043872153061e+03 9.999992781449299484e-01 1.000002948741894215e+00 7.992942900613503298e+05
1.531691466642428395e+03 9.999992828671402378e-01 1.000002912228410423e+00 8.028705572453343775e+05
1.534162870631251508e+03 9.999992875290583116e-01 1.000002872883669625e+00 8.064388014872175409e+05
1.536638262262370063e+03 9.999992921244971189e-01 1.000002832607606251e+00 8.099942306199548766e+05
1.539117647969896325e+03 9.999992966566427777e-01 1.000002795515683829e+00 8.135382981518355664e+05
1.541601034198324669e+03 9.999993011325694070e-01 1.000002761367341009e+00 8.170750823357831687e+05
1.544088427402546813e+03 9.999993055546888554e-01 1.000002728082108661e+00 8.206056110474363668e+05
1.546579834047870463e+03 9.999993099233683846e-01 1.000002695420789678e+00 8.241295605052107712e+05
1.549075260610034320e+03 9.999993142402503477e-01 1.000002663919985935e+00 8.276475006992187118e+05
1.551574713575226269e+03 9.999993185074322888e-01 1.000002633582425915e+00 8.311603303066621302e+05
1.554078199440099979e+03 9.999993227265635554e-01 1.000002604229848657e+00 8.346686933755759383e+05
1.556585724711790817e+03 9.999993268991720363e-01 1.000002575831331342e+00 8.381731651657072362e+05
1.559097295907934267e+03 9.999993310268017188e-01 1.000002548391876189e+00 8.416743766423908528e+05
1.561612919556681618e+03 9.999993351110009199e-01 1.000002521882379369e+00 8.451729746384311002e+05
1.564132602196717471e+03 9.999993391532128184e-01 1.000002496256456652e+00 8.486695744425674202e+05
1.566656350377275203e+03 9.999993431548458434e-01 1.000002471485458955e+00 8.521647834829716012e+05
1.569184170658160383e+03 9.999993471172448078e-01 1.000002447537099215e+00 8.556591965950385202e+05
1.571716069609757824e+03 9.999993510417155562e-01 1.000002424380454613e+00 8.591534036336372374e+05
1.574252053813055454e+03 9.999993549295030926e-01 1.000002401981873845e+00 8.626479731708063046e+05
1.576792129859659553e+03 9.999993587818056806e-01 1.000002380308615102e+00 8.661434654991340358e+05
1.579336304351812487e+03 9.999993625997601887e-01 1.000002359332029300e+00 8.696404209612880368e+05
1.581884583902409076e+03 9.999993663844769509e-01 1.000002339021193620e+00 8.731393695060423343e+05
1.584436975135014336e+03 9.999993701369896959e-01 1.000002319344730495e+00 8.766408206531977048e+05
1.586993484683879842e+03 9.999993738583056180e-01 1.000002300273536093e+00 8.801452720224724617e+05
1.589554119193962833e+03 9.999993775493747350e-01 1.000002281781689817e+00 8.836532017120631645e+05
1.592118885320940990e+03 9.999993812111090952e-01 1.000002263840087835e+00 8.871650740025594132e+05
1.594687789731231987e+03 9.999993848443707867e-01 1.000002246422354801e+00 8.906813358223808464e+05
1.597260839102009186e+03 9.999993884499870367e-01 1.000002229504843854e+00 8.942024183705707546e+05
1.599838040121220274e+03 9.999993920287389981e-01 1.000002213061179646e+00 8.977287377365282737e+05
1.602419399487603414e+03 9.999993955813750723e-01 1.000002197068624810e+00 9.012606932394527830e+05
1.605004923910705429e+03 9.999993991085996958e-01 1.000002181505351473e+00 9.047986712068575434e+05
1.607594620110899541e+03 9.999994026110913259e-01 1.000002166349986510e+00 9.083430401735656196e+05
1.610188494819401967e+03 9.999994060894865644e-01 1.000002151580247300e+00 9.118941581010697410e+05
1.612786554778288064e+03 9.999994095443939246e-01 1.000002137181581929e+00 9.154523647091761231e+05
1.615388806740516657e+03 9.999994129763931650e-01 1.000002123128979292e+00 9.190179905911368551e+05
1.617995257469938224e+03 9.999994163860250751e-01 1.000002109408796969e+00 9.225913491093546618e+05
1.620605913741317408e+03 9.999994197738182322e-01 1.000002096003754559e+00 9.261727451495483983e+05
1.623220782340350524e+03 9.999994231402595801e-01 1.000002082896571665e+00 9.297624675843064906e+05
1.625839870063683293e+03 9.999994264858222959e-01 1.000002070074060612e+00 9.333607973442230141e+05
1.628463183718926757e+03 9.999994298109522450e-01 1.000002057520305243e+00 9.369680009986620862e+05
1.631090730124676838e+03 9.999994331160672045e-01 1.000002045222572633e+00 9.405843368581602117e+05
1.633722516110531387e+03 9.999994364015762915e-01 1.000002033169494098e+00 9.442100514527403284e+05
1.636358548517107465e+03 9.999994396678557607e-01 1.000002021346062975e+00 9.478453823585058562e+05
1.638998834196060216e+03 9.999994429152698761e-01 1.000002009743184317e+00 9.514905577496883925e+05
1.641643380010099236e+03 9.999994461441672478e-01 1.000001998346760956e+00 9.551457962704193778e+05
1.644292192833007675e+03 9.999994493548660657e-01 1.000001987150426430e+00 9.588113092522334773e+05
1.646945279549659745e+03 9.999994525476891827e-01 1.000001976145540539e+00 9.624872987947360380e+05
1.649602647056037767e+03 9.999994557229288095e-01 1.000001965316641872e+00 9.661739611049885862e+05
1.652264302259251963e+03 9.999994588808628349e-01 1.000001954660547199e+00 9.698714805217685644e+05
1.654930252077556133e+03 9.999994620217687036e-01 1.000001944169525814e+00 9.735800388217448490e+05
1.657600503440367447e+03 9.999994651459026551e-01 1.000001933834482770e+00 9.772998179479301907e+05
1.660275063288281899e+03 9.999994682535108259e-01 1.000001923632680700e+00 9.810309799543262925e+05
1.662953938573099322e+03 9.999994713447746264e-01 1.000001913568667078e+00 9.847736472006839467e+05
1.665637136257831344e+03 9.999994744199581787e-01 1.000001903693373606e+00 9.885280159039180726e+05
1.668324663316725946e+03 9.999994774794080943e-01 1.000001893840817502e+00 9.922943394440686097e+05
1.671016526735284287e+03 9.999994805228443751e-01 1.000001883747700049e+00 9.960723954817351187e+05
1.673712733510279122e+03 9.999994835497765244e-01 1.000001873781002359e+00 9.998617958397776820e+05
1.676413290649771852e+03 9.999994865610990491e-01 1.000001864460045908e+00 1.003663407459674054e+06
1.679118205173131855e+03 9.999994895580036625e-01 1.000001855380560301e+00 1.007478374338145019e+06
1.681827484111054673e+03 9.999994925400710333e-01 1.000001846029590524e+00 1.011306322759726318e+06
1.684541134505579294e+03 9.999994955068469693e-01 1.000001836677711253e+00 1.015146781047525816e+06
1.687259163410107931e+03 9.999994984587841085e-01 1.000001827592768677e+00 1.018999962074060808e+06
1.689981577889422397e+03 9.999995013962900137e-01 1.000001818676537368e+00 1.022866102405260783e+06
1.692708385019705020e+03 9.999995043194994659e-01 1.000001809849891288e+00 1.026745329725318821e+06
1.695439591888554560e+03 9.999995072285646769e-01 1.000001801115558919e+00 1.030637764832897577e+06
1.698175205595006219e+03 9.999995101236368589e-01 1.000001792481725715e+00 1.034543533601918840e+06
1.700915233249549146e+03 9.999995130048822123e-01 1.000001783952939149e+00 1.038462781826343969e+06
1.703659681974146224e+03 9.999995158724785949e-01 1.000001775535565685e+00 1.042395669401215739e+06
1.706408558902250661e+03 9.999995187266036423e-01 1.000001767233243299e+00 1.046342370938422973e+06
1.709161871178826459e+03 9.999995215674496452e-01 1.000001759049155226e+00 1.050303070220763795e+06
1.711919625960363646e+03 9.999995243952080060e-01 1.000001750989667926e+00 1.054277960160802584e+06
1.714681830414905335e+03 9.999995272100837829e-01 1.000001743065240589e+00 1.058267257054196671e+06
1.717448491722054314e+03 9.999995300123120101e-01 1.000001735285877658e+00 1.062271204562449362e+06
1.720219617072999881e+03 9.999995328021233920e-01 1.000001727661583573e+00 1.066290070366996573e+06
1.722995213670534895e+03 9.999995355797898222e-01 1.000001720204636513e+00 1.070324145091924816e+06
1.725775288729073054e+03 9.999995383455781983e-01 1.000001712925495667e+00 1.074373752763046417e+06
1.728559849474669363e+03 9.999995410997906120e-01 1.000001705836893962e+00 1.078439244370536646e+06
1.731348903145037866e+03 9.999995438427402572e-01 1.000001698948835838e+00 1.082521003996750806e+06
1.734142456989570746e+03 9.999995465747584245e-01 1.000001692271325737e+00 1.086619444637626875e+06
1.736940518269357199e+03 9.999995492961956112e-01 1.000001685816641839e+00 1.090735010599437403e+06
1.739743094257202301e+03 9.999995520074143052e-01 1.000001679587057879e+00 1.094868174604081316e+06
1.742550192237645888e+03 9.999995547087839887e-01 1.000001673593033047e+00 1.099019434362866450e+06
1.745361819506981419e+03 9.999995574006946830e-01 1.000001667838660069e+00 1.103189312300010817e+06
1.748177983373275310e+03 9.999995600835225318e-01 1.000001662322119955e+00 1.107378348595777759e+06
1.750998691156385348e+03 9.999995627576624413e-01 1.000001657046141190e+00 1.111587098764035851e+06
1.753823950187980017e+03 9.999995654234914433e-01 1.000001652005721553e+00 1.115816128567266976e+06
1.756653767811557373e+03 9.999995680813926757e-01 1.000001647196768317e+00 1.120066011760271853e+06
1.759488151382465048e+03 9.999995707317295146e-01 1.000001642608822294e+00 1.124337320205453783e+06
1.762327108267915946e+03 9.999995733748506810e-01 1.000001638232333789e+00 1.128630622752661351e+06
1.765170645847015749e+03 9.999995760110886867e-01 1.000001634054115129e+00 1.132946474087638315e+06
1.768018771510771330e+03 9.999995786407502862e-01 1.000001630060523894e+00 1.137285417073402088e+06
1.770871492662116680e+03 9.999995812641226944e-01 1.000001626233370189e+00 1.141647975205013296e+06
1.773728816715929952e+03 9.999995838814553784e-01 1.000001622555828362e+00 1.146034646871660370e+06
1.776590751099054387e+03 9.999995864929817069e-01 1.000001619008799025e+00 1.150445904369342839e+06
1.779457303250315817e+03 9.999995890988915281e-01 1.000001615572273295e+00 1.154882185459949076e+06
1.782328480620542450e+03 9.999995916993478229e-01 1.000001612228061276e+00 1.159343898868607823e+06
1.785204290672585330e+03 9.999995942944811533e-01 1.000001608950697118e+00 1.163831411210021935e+06
1.788084740881336302e+03 9.999995968843827798e-01 1.000001605724264664e+00 1.168345055246648146e+06
1.790969838733748475e+03 9.999995994691235346e-01 1.000001602529664524e+00 1.172885126467178343e+06
1.793859591728854411e+03 9.999996020487333936e-01 1.000001599342340342e+00 1.177451877595153637e+06
1.796754007377787730e+03 9.999996046232086933e-01 1.000001596147740202e+00 1.182045525752076181e+06
1.799653093203800154e+03 9.999996071925302266e-01 1.000001592928583705e+00 1.186666245273937238e+06
1.802556856742283117e+03 9.999996097566321573e-01 1.000001589662588231e+00 1.191314172849120572e+06
1.805465305540785948e+03 9.999996123154355487e-01 1.000001586339749338e+00 1.195989402595023625e+06
1.808378447159036341e+03 9.999996148688340414e-01 1.000001582946879353e+00 1.200692000177505426e+06
1.811296289168959902e+03 9.999996174167030683e-01 1.000001579467607371e+00 1.205422002341739833e+06
1.814218839154697207e+03 9.999996199588969681e-01 1.000001575890564709e+00 1.210179398668340640e+06
1.817146104712631995e+03 9.999996224952418800e-01 1.000001572205746925e+00 1.214964153287129011e+06
1.820078093451398900e+03 9.999996250255649421e-01 1.000001568408151797e+00 1.219776208278956590e+06
1.823014812991911640e+03 9.999996275496761955e-01 1.000001564484591654e+00 1.224615472433539340e+06
1.825956270967379623e+03 9.999996300673584804e-01 1.000001560432792758e+00 1.229481828473149333e+06
1.828902475023329316e+03 9.999996325784188400e-01 1.000001556249117129e+00 1.234375147397188470e+06
1.831853432817622661e+03 9.999996350826247937e-01 1.000001551927198307e+00 1.239295275534672663e+06
1.834809152020477995e+03 9.999996375797606252e-01 1.000001547463398310e+00 1.244242027178221149e+06
1.837769640314489607e+03 9.999996400695846388e-01 1.000001542855898151e+00 1.249215218722400721e+06
1.840734905394647967e+03 9.999996425518770105e-01 1.000001538112428534e+00 1.254214661333308322e+06
1.843704954968359061e+03 9.999996450264189152e-01 1.000001533232989459e+00 1.259240137568399077e+06
1.846679796755465077e+03 9.999996474929927492e-01 1.000001528219854663e+00 1.264291417743531521e+06
1.849659438488264414e+03 9.999996499513812420e-01 1.000001523065748188e+00 1.269368267258880660e+06
1.852643887911531692e+03 9.999996524013469168e-01 1.000001517770670034e+00 1.274470455005821772e+06
1.855633152782537081e+03 9.999996548426774989e-01 1.000001512384187663e+00 1.279597746764967917e+06
1.858627240871068580e+03 9.999996572752904989e-01 1.000001506917215011e+00 1.284749895229293033e+06
1.861626159959449296e+03 9.999996596990036180e-01 1.000001501306996943e+00 1.289926651886912296e+06
1.864629917842560417e+03 9.999996621135424091e-01 1.000001495533069829e+00 1.295127771363045787e+06
1.867638522327859619e+03 9.999996645186520761e-01 1.000001489650458097e+00 1.300353013187690638e+06
1.870651981235400399e+03 9.999996669142368066e-01 1.000001483803316660e+00 1.305602148796494119e+06
1.873670302397859587e+03 9.999996693005066550e-01 1.000001478457306803e+00 1.310874970244899858e+06
1.876693493660546437e+03 9.999996716788676077e-01 1.000001473976681154e+00 1.316171180881178705e+06
1.879721562881430827e+03 9.999996740507015591e-01 1.000001469144535804e+00 1.321490455812940141e+06
1.882754517931160990e+03 9.999996764134934102e-01 1.000001462902218918e+00 1.326832671550279483e+06
1.885792366693085341e+03 9.999996787652145613e-01 1.000001456194695493e+00 1.332197694345800672e+06
1.888835117063271582e+03 9.999996811063953661e-01 1.000001449661795050e+00 1.337585279755809810e+06
1.891882776950528296e+03 9.999996834370653565e-01 1.000001443042037863e+00 1.342995214915525634e+06
1.894935354276424277e+03 9.999996857569153352e-01 1.000001436300863134e+00 1.348427308503338834e+06
1.897992856975310815e+03 9.999996880658661436e-01 1.000001429514213669e+00 1.353881368000045419e+06
1.901055292994340789e+03 9.999996903638487256e-01 1.000001422672085027e+00 1.359357208718402078e+06
1.904122670293489819e+03 9.999996926507533912e-01 1.000001415758561052e+00 1.364854655544182518e+06
1.907194996845577634e+03 9.999996949264580159e-01 1.000001408795014868e+00 1.370373542412040289e+06
1.910272280636287633e+03 9.999996971909240751e-01 1.000001401823283231e+00 1.375913710290649906e+06
1.913354529664188476e+03 9.999996994441676668e-01 1.000001394609626004e+00 1.381475008671788499e+06
1.916441751940754784e+03 9.999997016853865439e-01 1.000001386800704495e+00 1.387057299442442134e+06
1.919533955490387143e+03 9.999997039134677079e-01 1.000001378466549795e+00 1.392660446824200219e+06
1.922631148350434387e+03 9.999997061278365074e-01 1.000001370170139126e+00 1.398284306978648528e+06
1.925733338571211561e+03 9.999997083291820577e-01 1.000001362498096569e+00 1.403928763629441150e+06
1.928840534216028345e+03 9.999997105188275226e-01 1.000001355225776933e+00 1.409593722410449991e+06
1.931952743361199509e+03 9.999997126967388184e-01 1.000001347891156911e+00 1.415279085574914003e+06
1.935069974096072428e+03 9.999997148627519650e-01 1.000001340543803963e+00 1.420984763382537989e+06
1.938192234523047318e+03 9.999997170169886429e-01 1.000001333241471002e+00 1.426710677396089071e+06
1.941319532757597472e+03 9.999997191594715007e-01 1.000001325950961473e+00 1.432456750050580129e+06
1.944451876928290176e+03 9.999997212902167476e-01 1.000001318682734563e+00 1.438222922746401746e+06
1.947589275176808997e+03 9.999997234092781184e-01 1.000001311415417149e+00 1.444009160310253035e+06
1.950731735657973786e+03 9.999997255166058752e-01 1.000001304156285187e+00 1.449815337614580290e+06
1.953879266539762057e+03 9.999997276122779555e-01 1.000001297085418628e+00 1.455641457886397140e+06
1.957031876003331490e+03 9.999997296968221594e-01 1.000001290637101192e+00 1.461487806694698753e+06
1.960189572243038583e+03 9.999997317717143064e-01 1.000001284683094127e+00 1.467353485543215415e+06
1.963352363466463203e+03 9.999997338370743005e-01 1.000001276973307540e+00 1.473237042656281032e+06
1.966520257894427004e+03 9.999997358871238751e-01 1.000001267444076802e+00 1.479138255902055884e+06
1.969693263761016624e+03 9.999997379217744342e-01 1.000001259338660020e+00 1.485058062267292524e+06
1.972871389313604368e+03 9.999997399457072333e-01 1.000001252623405890e+00 1.490997840246011037e+06
1.976054642812869815e+03 9.999997419587194347e-01 1.000001245644398296e+00 1.496957525937545579e+06
1.979243032532821417e+03 9.999997439601606697e-01 1.000001238582171936e+00 1.502936925971678458e+06
1.982436566760815367e+03 9.999997459504157415e-01 1.000001231654550793e+00 1.508936152976164827e+06
1.985635253797585847e+03 9.999997479295335001e-01 1.000001224746029038e+00 1.514955230221094331e+06
1.988839101957255025e+03 9.999997498975303767e-01 1.000001217866611114e+00 1.520994168267420959e+06
1.992048119567360800e+03 9.999997518544785358e-01 1.000001211031758430e+00 1.527053006191585446e+06
1.995262314968878854e+03 9.999997538004530284e-01 1.000001207627261968e+00 1.533131781102854293e+06
